step,candidates,well_formed,chosen_score,best_score,chosen,best
1,530,138,1.0,1.0,"Zeig mir mal alles, was du bei den Ministerin rausgefunden hast.","Hauptsache, dass du an dich glaubst und alles dafür tust."
2,347,85,1.0,1.0,"Wir wollen doch nicht, dass Herr Kunze sauer wird.",Letztes Mal bei Like Germans Wir haben Herrn Polnikova zurückgebracht.
3,451,110,1.0,1.0,"„Compton Model Agency, Dünkirchen, 73899.“ Das ist alles was wir brauchen.",Ich brauche für die nächste Stunde eure ganze Aufmerksamkeit.
4,338,101,1.0,1.0,"Zweitens, da komme ich wieder auf die Energiefragen zu sprechen.","Es ist sehr wichtig, dass ich mit ihr spreche."
5,256,100,1.0,1.0,"Wow, das sind sogar 5 Tage mehr, als ich zurzeit habe.","Wow, das sind sogar 5 Tage mehr, als ich zurzeit habe."
6,292,94,1.0,1.0,"Ähh nein, daran habe ich noch gar nicht gedacht.","Aber das kann gar nicht sein, wegen der Quantenmechanik, oder?"
7,265,122,1.0,1.0,„Der unebene Saum wurde aus dem Jahr 203 zurückgebracht.,Dann kommst du bis zu 10 Jahre ins Gefängnis.
8,309,72,1.0,1.0,"Wenn mir etwas passiert, Du wärst alles, was ihnen noch bleibt.","Du kannst mir glauben, dass so etwas nicht noch einmal passiert."
9,262,67,1.0,1.0,"Ähm nichts, ich dachte nur du bist noch krank!",Ich will nichts mehr mit dir zu tun haben.
10,242,80,1.0,1.0,"Wie meine Frau sieht, weiß ich schon nicht mehr.","Als ich betrunken war, habe ich eine junge Frau kennengelernt."
11,258,64,1.0,1.0,"Zusammen bekommen wir das Geld schnell, aber ich brauche dich, Schatz.","Wenn sie noch einen Verweis bekommt, muss sie gehen."
12,269,89,1.0,1.0,"Wusstest du, dass Frauen mehr Vergewaltigungsfantasien haben als Männer?",Ich habe mit meinem Mann Günther immer den Weihnachtsbaum geschmückt.
13,229,95,1.0,1.0,"Zwei Infos, die ich zu dieser Zeit nicht hatte.","Zwei Infos, die ich zu dieser Zeit nicht hatte."
14,327,83,1.0,1.0,"Wir sind in der Bibliothek, hier darf man nicht reden.","Wir sind in der Bibliothek, hier darf man nicht reden."
15,260,87,1.0,1.0,"Wie stehe ich denn da, wenn du dich drückst?",Langsam stehen wir da wie ein Haufen gottverdammter Barbaren.
16,292,50,1.0,1.0,"Wie Quasare Galaxien killen Okay, “killen” ist etwas übertrieben.","Okay, sag Bescheid wenn die Würstchen auf den Grill können."
17,282,64,1.0,1.0,Wir können den Opfern eines Atomangriffs nicht wirklich helfen.,"Jemma, sie hat mir geholfen, es klar zu sehen."
18,244,55,1.0,1.0,"Wir sind noch zwei Jahre in der Schule, Leute.","Die Leute sehen lieber einen Liberalen, der bei Oiley gedemütigt wird."
19,257,68,1.0,1.0,Wie sieht es bei dir mit einem Städtetrip aus?,Und das sah mir doch mehr nach Heimarbeit aus.
20,185,70,1.0,1.0,Wollen Sie nicht noch ein bisschen davon übrig lassen?,Und jetzt muss ich mich nur noch taufen lassen.
21,253,95,1.0,1.0,Wisst ihr was: Ich treffe sie später noch mal wieder.,Dann treffen wir uns doch um 20:00 Uhr vor dem Kino.
22,266,97,1.0,1.0,"Wollen Sie uns noch etwas erzählen, das Ihnen wichtig ist?","Es gibt da etwas, dass ich dir unbedingt erzählen muss, Melanie."
23,254,41,1.0,1.0,"Wenn ihr zu spät kommt, rastet mein Papa aus.","Mein Papa sagt, ich darf nicht mit Fremden mitgehen."
24,234,78,1.0,1.0,"„Hallo, Lisa, mein Vater und ich brauchen deine Hilfe.","„Hallo, Lisa, mein Vater und ich brauchen deine Hilfe."
25,245,85,1.0,1.0,Zu Hause gibt es eine kleine Überraschung für euch!,Ich werde schnell aufessen und danach nach Hause fahren.
26,245,56,1.0,1.0,Wir könnten noch nach Saint-Germain fahren und was essen.,"Ich hatte gerade eine Fehlgeburt, ich darf so was nicht essen."
27,258,72,1.0,1.0,Wir kennen uns jetzt schon so lange Zeit nicht.,Und die und die hast du auch nicht gekannt.
28,175,57,1.0,1.0,Wir haben in den letzten Tagen viel zusammen gelernt.,Wir haben in den letzten Tagen viel zusammen gelernt.
29,261,110,1.0,1.0,"„Möchten Sie auch ein belegtes Brötchen essen?“, frage ich ihn.","Ich frage mich, was Herr Polnikova von mir will."
30,230,63,1.0,1.0,"Ähm naja, also Herr Polnikova und ich sind gute Freunde.","Also, wenn ein Freund dich fragt, warum bist du hier?"
31,221,61,1.0,1.0,"Oh mein Gott, was sollen wir jetzt nur machen?","Oh mein Gott, du hast ja ein blaues Auge!"
32,208,71,1.0,1.0,Wir nehmen ihn auf jeden Fall mit nach Hause.,Die Körpergröße wird dann noch mal zum Quadrat genommen.
33,130,63,1.0,1.0,"Ähm nein, aber ich hab noch ein paar alte Kaugummis.","Ein paar Insider im Pentagon, ein paar in der CIA."
34,235,44,1.0,1.0,"Leah: Ach, du bist erst seit diesem Schuljahr hier?","Ach so, ich dachte, da gibt es vielleicht noch einen anderen."
35,252,87,1.0,1.0,"„Titelseite, London Times, heute” „Tut mir leid, ignorier das einfach.","Es tut mir leid, aber das kann ich nicht tun."
36,232,77,1.0,1.0,"Wie der mit Rosa verwandt ist, verstehe ich nicht.","Bei einem Jahr, zwei oder drei könnte ich das noch verstehen."
37,179,73,1.0,1.0,Wir haben vor kurzem ein Kind mit nach Deutschland genommen.,Mein Mann und ich können leider keine Kinder bekommen.
38,191,68,1.0,1.0,Wir bringen Ihr Gepäck direkt zu Ihnen in das Hotel.,Also habe ich es eingepackt und zu Samuel gebracht.
39,236,46,1.0,1.0,"Ähh warten Sie kurz Frau Schneider, ich finde meine Hausaufgaben nicht.","Ja, vielleicht wartet er nur auf den richtigen Zeitpunkt."
40,127,65,1.0,1.0,Viele Menschen gehen in jedes Gespräch mit einem Hintergedanken.,Mein Opa war schon immer ein sehr wichtiger Mensch für mich.
41,189,52,1.0,1.0,"Was meinen Sie, wie sollte man seiner gedenken, Miss Kennedy?","Ich meine, du bist jetzt schon 80 Jahre alt."
42,206,102,1.0,1.0,"Wusstest du eigentlich, dass Klara auf unsere Schule wollte?",Aber wir müssen morgen früh in die Schule gehen.
43,190,95,1.0,1.0,"Wir waren uns nicht sicher, ob du hier bist.","Und ganz sicher unschädlich bist du nur, wenn du tot bist."
44,153,33,1.0,1.0,"Wir hatten am Anfang eine Ü50- Mannschaft, da hat er angefangen.","Wenn er anfängt, frech zu sein, ist Ilshat satt."
45,188,50,1.0,1.0,"Wir wollen ja nicht, dass andere es auch hören.","Denn manchmal hören wir einfach nicht, was wir falsch sagen."
46,114,52,1.0,1.0,"Ähm da hat, glaube ich, der Deutsche Anwaltverein einen Punkt.","Also Samuel, wie hast du so schnell Deutsch gelernt?"
47,187,54,1.0,1.0,"Wie Sie wissen, haben wir heute unsere Klassenarbeit geschrieben.","Wie Sie wissen, haben wir heute unsere Klassenarbeit geschrieben."
48,142,60,1.0,1.0,Stattdessen bahnt sich der Dübel selbst seinen Weg in die Rigipswand.,"Ja, deswegen bist du auch so selbst zu Hause."
49,217,68,1.0,1.0,Zur neuen Ausrüstung gehören 55 neue Panzer und 20 gepanzerte Lastwagen.,Ich habe gehört es soll dort richtig schön sein.
50,179,58,1.0,1.0,Wir wollen unbedingt ein Kind adoptieren und Eltern werden.,Ich werde jetzt zu meinen Eltern fahren und mit ihnen sprechen.
51,208,62,1.0,1.0,Wir werden Kansas New York in 15 Millisekunden oder weniger schaffen.,"Wenn die nicht geschaffen werden, wird es nicht passieren."
52,175,66,1.0,1.0,"Wir können nur hoffen, dass die Referenten uns kein Mist erzählen.","Ich hoffe, ihr habt schon angefangen, für die Klassenarbeit zu lernen."
53,174,54,1.0,1.0,"Wir werden versuchen, eine neue Schule für Lisa zu finden.","Am besten, ich gehe einfach ins Bett und versuche, zu schlafen."
54,125,53,1.0,1.0,Wir haben hier ja eine Aufforderung in einer Frage.,Wir haben hier ja eine Aufforderung in einer Frage.
55,220,46,1.0,1.0,"Wir sehen uns nicht oft, aber ich liebe meinen Opa.","Ich liebe euch auch, aber ihr seid nicht meine richtigen Eltern."
56,220,58,1.0,1.0,Über das wollte ich schon lange mal mit dir reden.,"Wir dürfen nicht wieder so lange warten, bis wir uns sehen."
57,150,51,1.0,1.0,Yaras ganze Familie hasst mich und sie fliegt von der Schule.,Jetzt verlass bitte mit deinem Automechaniker-Freund das Haus der Familie Ruan!
58,152,53,1.0,1.0,"Und ich zeige dir, wie du mit Variablen rechnest.","Komm mit, ich zeige dir, wie ich das gemacht habe!"
59,166,90,1.0,1.0,Wir machen folgendes: Ich werde dir eine Woche Zeit geben.,Der Karl hat seit zwei Wochen nicht mit mir geredet.
60,153,53,1.0,1.0,"„Willst du auch ein Bier, Christian?“ Oh, sehr gerne, Georg.","Wenn du gerne atmest, sind Narben auf der Lunge schlecht."
61,133,51,1.0,1.0,"Wie viel Geld hast du in deinem Sparschwein, Lisa?","Deshalb hast du es getan, Du hast es für Geld getan."
62,167,48,1.0,1.0,Zu deinen Eltern: Wo genau ist denn das Problem?,"Kommen Sie einfach zu mir, wenn Sie ein Problem haben."
63,151,58,1.0,1.0,Zu Hause gibt es genug Essen für euch alle.,"Genau, jemand wie du ist nicht mal zum Betteln gut genug!"
64,165,42,1.0,1.0,"Wir warten, bis uns jemand anruft, aber nichts, keine Scheiß-Informationen.","Ich habe jetzt den S-Bahn-Lokführer, der draußen steht, angerufen."
65,113,58,1.0,1.0,Warum lässt du dich nicht einmal im Leben gehen?,"Ich muss Lisa zeigen, dass ich noch am Leben bin."
66,176,27,1.0,1.0,Meine Mama hat es selbst gemacht nur für Sie.,Ich glaube Mama und Papa sind auch schon dort.
67,143,30,1.0,1.0,Was finden denn alle so toll an diesen Dingern?,"Ich meine, du siehst toll aus mit grauen Haaren."
68,152,45,1.0,1.0,"Wir können noch ein bisschen spielen, bevor du weggehst.","War hat nie was zum Spielen bekommen, nur diese Marker."
69,171,66,1.0,1.0,"Äh ja, ich habe einen Mann, der jeden Abend kommt.","Das wohnmt dich also, dass ich dir deinen Abend verdorben habe."
70,167,60,1.0,1.0,„Gott schaute auf sie und ehrte sie.“ Ist das nicht schön?,Hör auf durch die Denkweise eines Sünders zu schauen.
71,163,54,1.0,1.0,"Woher sollte der Verbrecher sonst wissen, wo ihr seid?",Sonst hätten wir noch zwei Legislaturperioden lang Reformstau gehabt.
72,182,46,1.0,1.0,Wir müssen vom reinen Wissen zum echten Können kommen.,"Schau doch mal rein, sonst muss ich mit ihm reden."
73,157,67,1.0,1.0,Zum Jugendamt gehen und andere Eltern für Samuel suchen.,Ich werde nach einer neuen Schule für dich suchen.
74,146,42,1.0,1.0,Über die Kriegsursachen und den Nationalsozialismus verlor er kein Wort.,"Sie müssen sie bestrafen, sonst verliert unsere Gu-Firma das Gesicht!"
75,144,28,1.0,1.0,Und niemand weiß genau: Wer hat was zu sagen?,"Aber wird das Essen nicht weggeworfen, wenn niemand es haben möchte?"
76,133,68,1.0,1.0,"Wenn Deutschland eins kann, dann ist es, Sachen zu regulieren.",Als nächstes werde ich die anderen Sachen aus ihrem Spind klauen.
77,120,63,1.0,1.0,Über Shadowing habe ich schon in einem anderen Video gesprochen.,Auf seinem Laptop war das Video von einer Überwachungskamera.
78,129,52,1.0,1.0,"Wie schaffst du es, dich so fit zu halten, Opa?",Ich will Ziegen halten und jetzt habe ich eine neue Chance.
79,146,51,1.0,1.0,Wir sind erst mal zwei Stunden mit der Limousine gefahren.,Nach sieben Stunden bergauf kommt endlich das Karwendelhaus in Sicht.
80,121,54,1.0,1.0,"Und wie man sieht, ist das nicht der Fall!",In diesem Fall haben wir eine Fuhre Därme aus China.
81,134,22,1.0,1.0,"Vielen Dank, dass sie so schnell Zeit für uns gefunden haben.",Vielen Dank Laura und ich muss jetzt auf Arbeit.
82,150,56,1.0,1.0,Wir haben allein 100 000 neue Asylanträge und Familiennachzug.,"Ja, aber am liebsten bin ich doch alleine mit dir."
83,200,81,1.0,1.0,Wir können uns auf ein ruhiges und normales Schuljahr freuen.,Ich würde mich über ein paar Tage Sonne freuen.
84,140,60,1.0,1.0,"Und nun wir Oh, ich weiß, wer ihr seid.","Nun ja, das könntest du Schreiben Sie Ihrem Kongressabgeordneten."
85,110,45,1.0,1.0,"Tracy: Schon witzig, wie man Dinge dann doch wieder findet.","Und diese beiden Dinge werden bei Platon kurzgeschlossen, ähm bei Aristoteles."
86,117,38,1.0,1.0,"Wenn wir zusammen wohnen, dann sieht es ein wenig anders aus.","Es ist keine Frage von besser, nur von anders."
87,146,41,1.0,1.0,"Wow, jetzt ist sie schon 45 Minuten zu spät.","Und wenn ich meine 40 Minuten nicht geschafft habe, ist Schluss."
88,155,25,1.0,1.0,Unsere Nachbarin Frau Hölzel hat eine Tochter in deinem Alter.,"Dass man jemanden hat, der auch im Alter noch da ist."
89,144,56,1.0,1.0,"Wollen wir das nächste Mal draußen treffen, wenn es warm ist?","Einige Leute sagen, dass das 39 Mal passiert ist."
90,142,81,1.0,1.0,"Würde man den Mondfisch im Tiererfinderkurs vorstellen, wären alle richtig sauer.","Hier gibt es Probleme, die wir uns gar nicht vorstellen können."
91,154,50,1.0,1.0,"Waco, hol aus dem Panzer Messbecher und ein Seil.",Können wir noch einen Eilrahm holen auf dem Rückweg?
92,151,25,1.0,1.0,"Wir sind heute hier mit, äh, wie war dein Name nochmal?",Hier muss ich dem Ganzen noch einen Namen geben.
93,135,59,1.0,1.0,Zu Lauras Mutter habe ich ein sehr gutes Vethältnis.,"Ja, liegt es daran, dass du keine Mutter hattest?"
94,96,38,1.0,1.0,"Wer von euch hat schon mal das Wort ""labern"" gehört?","Wenn ein Wort sehr wichtig ist, schaue ich es nach."
95,143,36,1.0,1.0,"Wenn du weiter mit ihm streitest, wird alles nur noch schlimmer.","Ich meine, viel schlimmer als jetzt, kann es nicht mehr werden."
96,151,36,1.0,1.0,"Wenn ich den Tigern Essen gebe, mögen sie mich.","Nicht so oft, aber ich mag die Atmosphäre hier."
97,119,35,1.0,1.0,"Wir müssen hier irgendwie raus, so schnell wie nur möglich.","Wenn es ihr irgendwie schlecht geht, bring sie sofort ins Krankenhaus."
98,127,34,1.0,1.0,Weil ich einen Jungen da drin hatte hat oder wie?,Das ist aber ein komischer Name für einen Jungen.
99,145,47,1.0,1.0,"Sie wollte doch nur erklären, warum ich heute spät dran bin.","Dinge, die wirklich passieren sind immer schwer zu erklären."
100,122,47,1.0,1.0,"Tja, wir sind wohl zum ersten Mal in der Überzahl.","Tja, dann bin ich wohl nicht mehr von nöd."
101,131,51,1.0,1.0,"Wenn du da bist, fühle ich mich einfach besser.","Ich fühle mich als Anette, weil du mich als Anette siehst."
102,137,37,1.0,1.0,"Und vergesst nicht, diesem Video einen Daumen nach oben zu geben.","Ja, so vergessen wir den Stress mit unseren Eltern."
103,124,41,1.0,1.0,Yongzhi will sich mit uns zusammentun und es kaufen.,"Dann haben wir genug Zeit, um noch etwas Popcorn zu kaufen."
104,131,48,1.0,1.0,Wir werden oft grillen und viele leckere Cocktails trinken.,"Ja, das passiert manchmal, wenn ich zu viel trinke."
105,93,49,1.0,1.0,"Sie fährt mit der U-Bahn zur Arbeit, zum World Trade Center.","Er war krank, doch er ist zur Arbeit gegangen."
106,88,33,1.0,1.0,"Wir wollten draußen essen, aber es begann zu regnen.",Ich finde einen großen Baum und beginne ein Kanu zu machen.
107,128,41,1.0,1.0,"Zweitens, um 19 Uhr bist du zu Hause zum Abendessen.",Es ist schon 07:00 Uhr Sie muss in die Schule.
108,94,52,1.0,1.0,"Worüber die Welt staunt, darüber sollte ich nicht staunen.","In einer Welt, die tendenziell immer mehr Ablenkungen schafft."
109,123,34,1.0,1.0,Und wer war dieser Typ der bei ihr war?,"Seitdem der Typ von Pizza geredet hat, hab ich echt Hunger."
110,124,39,1.0,1.0,"Wir haben auch keine Ahnung, warum ihr überhaupt hier seid.",Außerdem weißt du doch überhaupt nichts über diesen Burschen.
111,106,42,1.0,1.0,"„Bist du nicht auch ein Charismatiker, Pastor?“ Charismatisch bedeutet was?","Also sporadisch bedeutet, dass man ab und zu etwas tut."
112,120,39,1.0,1.0,Zwischen 15 und 45 Mio.Menschen sterben bis 1962 an den Folgen.,"Ich fragte mich, warum werden die Menschen krank und sterben?"
113,103,35,1.0,1.0,Willst du etwa Iss doch alle diese Klamotten auf.,Hast du etwa noch nicht mit dem Lernen angefangen?
114,114,47,1.0,1.0,„Die nächste Frage hat Anne Höhn vom ZDF gestellt.,Stellt euch mal auf den Balkon und trinkt einen Schnaps.
115,146,57,1.0,1.0,Vor ein paar Tagen hat mich meine beste Freundin Nina angerufen.,"Ich glaube, sie ist meine Freundin und ich bin ihr Freund."
116,126,31,1.0,1.0,"Viel Geld verdienen und Fame sein, so wie Sahide.",Ich meine du wirst 3 Jahre lang kein Geld verdienen.
117,130,19,1.0,1.0,Hoffentlich hat der Weihnachtsmann genug Platz auf seinem Schlitten.,Hoffentlich benimmt er sich beim Flug und kotzt nicht alles voll.
118,109,33,1.0,1.0,"Wie wahrscheinlich ist es, dass wir unsere Errettung unterschätzt haben?",Er hat wahrscheinlich auch zum ersten Mal seit langem Urlaub.
119,158,31,1.0,1.0,"Wow, wenn Herr Kunze das sagt, meint er es ernst.","Herr und Frau Peters, ich muss ernst mit Ihnen reden."
120,126,46,1.0,1.0,Wir werden es Dein Auto von meinem Papa ist teuer.,"Das ist auch bekannt, dass da auch schon Autos gebrannt haben."
121,129,47,1.0,1.0,"Wir müssen umdenken und lernen, andere Ideen zu tolerieren.","Wir müssen umdenken und lernen, andere Ideen zu tolerieren."
122,117,43,1.0,1.0,"Wisst ihr schon, ob es ein Junge oder Mädchen wird?","Ja, das dachte ich auch, aber es ist ein Mädchen."
123,120,40,1.0,1.0,"Warum Arzt werden, wenn man doch der nächste Bachelor sein kann?","Ich hoffe, dass er Arzt gleich zu mir kommt."
124,110,25,1.0,1.0,"Wir wissen, dass Jesus für unsere Heilung bezahlt hat, oder?","Wir wissen, dass Jesus für unsere Heilung bezahlt hat, oder?"
125,89,49,1.0,1.0,"Witzig, damals nach dem Abendessen habe ich an dich gedacht.","Schmeckt genau wie damals, du bist der Beste Mustafa!"
126,132,39,1.0,1.0,Wir haben alle getanzt und so viel Spaß gehabt.,Ich habe dich lieb und viel Spaß mit deinem Kormoran.
127,82,29,1.0,1.0,"werden Eigenes legcht eure und gehen euch, dann werdet ihr verschorten.",Das ganze Dashboard kann ich an meine eigenen Bedürfnisse.
128,123,23,1.0,1.0,"Tja, nur eines stimmt nicht an Ihrem Plan, Sergeant.","Du weißt nicht, was mit der alten Bande nicht mehr stimmt."
129,106,40,1.0,1.0,"Was passiert, wenn es halt nicht gut gelaufen ist?","Dein Baba weiß halt, was gut für Dich ist."
130,112,40,1.0,1.0,"Wir hatten keinen Plan, aber alles hat gut funktioniert.",Meine Bremse hat nicht richtig funktioniert und ich hatte einen Unfall.
131,134,34,1.0,1.0,Sind die Jungs nett zu dir oder war das eine Schnapsidee?,Sind die Jungs nett zu dir oder war das eine Schnapsidee?
132,117,31,1.0,1.0,Ansonsten sieht es schlecht für dich und deine Familie aus!,"Ansonsten schaffen meine Mutter und ich es nicht, alles zu bezahlen."
133,109,31,1.0,1.0,"Und der soll nicht viel schwerer sein, aber egal.","Egal, ich muss jetzt los, damit ich nicht zu spät komme."
134,68,18,1.0,1.0,"Wir in Deutschland lieben ja die Frage, wer ist schuld?","Ich weiß nicht, vielleicht ist meine Mutter daran schuld."
135,99,20,1.0,1.0,Nach dem Update hat die App wieder perfekt funktioniert.,Das Perfekt kennst du vielleicht auch als vollendete Gegenwart.
136,81,32,1.0,1.0,"Wir können es benutzen, um Herr Kunze zu helfen.",In diesen Fällen benutzen wir gern und nicht gerne.
137,125,27,1.0,1.0,Zwei Tropfen davon und Abdul schläft wie ein Baby.,"Du wagst es noch, von unserem Baby zu reden?"
138,103,50,1.0,1.0,"Wer weiß, ob er danach überhaupt einen Job findet.","Ich bin mir sicher, dass ich einen guten Job finden werde."
139,117,57,1.0,1.0,"Um ehrlich zu sein war es kein er, sondern eine sie.","Lass uns doch mal ehrlich sein, alles total falsch verstanden!"
140,67,31,1.0,1.0,"Zum Beispiel, wenn die Einberufung der Gesellschafterversammlung fehlerhaft ist.",Ihr alle solltet euch ein Beispiel an Klara und Jonas nehmen.
141,108,46,1.0,1.0,"Wir müssen entscheiden, wo Yara und Riton Flitterwochen machen.","Deshalb habe ich mich entschieden, mit der U-Bahn zu fahren."
142,130,44,1.0,1.0,"Ähm ja, ich freue mich ja so sie kennenzulernen.",Ich bleibe geduldig und ich freue mich über jeden kleinen Fortschritt.
143,139,40,1.0,1.0,"Über das Finanzielle musst du dir keine Sorgen machen, Mama.","Also, Sie brauchen sich da gar keine Sorgen machen."
144,122,36,1.0,1.0,Wir müssen uns umziehen und dann zur Party gehen.,Ich werd eine richtig krasse Party vor der Schule machen!
145,111,28,1.0,1.0,"Weißt du überhaupt, wie schwer es mein Bruder gestern hatte?",Dein Bruder und Deine Mutter Samuel und Mama sind hier?
146,120,30,1.0,1.0,"Wenn ihr uns rauskriegt, dann wird euch nichts passiert, versprochen.","Wenn ihr uns rauskriegt, dann wird euch nichts passiert, versprochen."
147,96,21,1.0,1.0,"Wow, das klingt gar nicht nach der alten Klara.","Ich weiß, klingt ein bisschen komisch, aber sei dein bester Freund."
148,102,37,1.0,1.0,"Weißt du, viele Menschen schauen nie in die Einstellungen ihres Handys.",Dein Handy hört ja gar nicht auf zu vibrieren.
149,119,47,1.0,1.0,"Und ich wünsche mir das auch für ihn, aber nicht dafür.","Und ich wünsche mir das auch für ihn, aber nicht dafür."
150,123,37,1.0,1.0,"Wären Sie dann nicht traurig, wenn wir Samuel mitnehmen?",Er nimmt oft sein Mittagessen von zu Hause mit.
151,68,28,1.0,1.0,Von dir habe ich noch keinen einzigen Kill gesehen.,Taylor V ist nicht die einzige auf dieser Welt.
152,77,39,1.0,1.0,Zwei Monate Psychiatrie und du bist reif für die Klapse.,Dort arbeitet er se Monate bei Jaggers Child Doro.
153,116,32,1.0,1.0,"Wir werden alles Mögliche tun, um Sarah zu retten.","Ich bin dabei, sie aus der Teenagerhölle zu retten."
154,68,40,1.0,1.0,Würden Sie in Ihrem Land vor so einer Minischranke halten?,Sie hoffen auf ein bisschen Frieden in einem anderen Land.
155,76,29,1.0,1.0,Stattdessen lese ich oder telefoniere kurz mit meiner Familie.,Genau zu lesen ist für die schnelle Worterkennung deshalb so wichtig.
156,88,37,1.0,1.0,"Wir wollen nur das tun, was eben vorgelebt wird.",Ich habe gerade eben 1000 x 1 Cent verdient.
157,87,42,1.0,1.0,Wir sind jetzt ein großer Mann in dieser Stadt.,Vielleicht kannst du mir mal ein bisschen die Stadt zeigen.
158,72,37,1.0,1.0,Wir geben uns Mühe und es soll bis zum Ende sein.,Am Ende der Kosten- und Leistungsrechnung steht dann das Betriebsergebnis.
159,111,34,1.0,1.0,Sechs Wochen später heiraten sie und bekommen eine Tochter.,Sechs Wochen später heiraten sie und bekommen eine Tochter.
160,85,35,1.0,1.0,Sie hat mir eine Geschichte erzählt und weiter nichts.,"Dies ist eine Geschichte darüber, wie ich geboren wurde."
161,87,34,1.0,1.0,Wir werden uns das Video noch ein paar mal anschauen.,"Ich schaue mir an, okay, wie sehen die aus?"
162,83,24,1.0,1.0,"Wenn jeder von uns 50 Euro bezahlt, haben wir das Geld.","Wenn jeder mir nur 1 Euro, 1 Euro geben würde."
163,117,58,1.0,1.0,Wie viele Chancen willst du dem Jungen denn geben?,Denn ich werde dir nicht die Chance dazu geben.
164,71,32,1.0,1.0,"Wir führen hier ein einfaches Leben, Gott zum Wohlgefallen.",Von Ueckermünde führt ein neuer Fernradweg bis zur Elbe.
165,92,42,1.0,1.0,"Wenn nicht, dann solltest du dir dieses unbedingt merken.","Hör zu, French, selbst Julius merkt, dass das nicht stimmt."
166,99,73,1.0,1.0,Wir hätten die Zeit lieber mit Lisa verbringen sollen.,Ab jetzt wirst du keine Zeit mehr mit den beiden verbringen.
167,91,28,1.0,1.0,"Zum Zwischenruf der AfD, „Migration“: Ich halte das für ziemlich erbärmlich.","Ja, aber Charlotte hat ein ziemlich tollen Busen, oder?"
168,105,35,1.0,1.0,Weil unsere Präsidentengattin die älteste Tochter der Familie Ruan ist.,"Das ist die Tochter der Familie Ruan, eine echte High-Society-Dame!"
169,91,41,1.0,1.0,Wir trocknen Obst und bereiten Materialien für das Schiff vor.,"Ich glaube, dass wir alle sehr gut vorbereitet sind."
170,74,29,1.0,1.0,Wir sind nicht gleich Ich werde es der Polizei sagen.,"Ja, ich musste es tun, als die Polizei kam."
171,84,24,1.0,1.0,Wir könnten dich auf eine viel bessere Schule schicken.,Könnte die Mafia Oswald nach Russland schicken und wieder rausholen?
172,72,29,1.0,1.0,Wie immer in der Geschichte war das Ende auch ein Anfang.,Ich habe gewusst von Anfang an hat immer gute gespür.
173,99,35,1.0,1.0,"Zur Wahrheit gehört noch, dass unsere Mitarbeitenden auch die Grundsicherung bekommen.","Papa, glaubst du, der Junge hat die Wahrheit gesagt?"
174,67,34,1.0,1.0,„Das ist ein Teil einer Hexenjagd auf queere Menschen!,Dann haben wir vielleicht schon genug Stoff für einen zweiten Teil.
175,114,31,1.0,1.0,"Wow, du hast wirklich alle eingeladen, die mir wichtig sind!","Vielen Dank, dass Sie mich zur Wohnungsbesichtigung eingeladen haben."
176,94,35,1.0,1.0,Zu mir gehört er und ich liebe ihn wie einen Sohn.,Zu mir gehört er und ich liebe ihn wie einen Sohn.
177,98,25,1.0,1.0,Vielleicht werden Sie dann auch mal ein guter Lehrer.,Den ersten Alleinflug habe ich gemacht nach 80 Flügen mit Lehrer.
178,67,44,1.0,1.0,"Wie ihr wisst, ist der Klimawandel ein sehr wichtiges Thema.",Verzichtet ihr drauf oder ist das für euch eh kein Thema?
179,93,21,1.0,1.0,Kannst du mir ein paar Snacks von oben mitbringen?,Kannst du mir ein paar Snacks von oben mitbringen?
180,95,29,1.0,1.0,"Zum Arbeiten, Essen und Schlafen, aber auch, um Geschichten zu erzählen.","Du Idiot, wie kann man nur das Essen zu Hause vergessen?"
181,79,46,1.0,1.0,Wir sehen uns im nächsten Video von Dankekast Deutsch.,"Germany Ah cool, ich kann ein bisschen Deutsch sprechen."
182,91,38,1.0,1.0,"Wir haben nicht mehr lang, bis die Nacht einbricht!",Wir können die ganze Nacht die Videos von Like Germans schauen!
183,91,32,1.0,1.0,"Und ich freue mich auch, wenn die Türkei gewinnt.","Die Chancen, dass man Geld gewinnt, stehen aber sehr schlecht."
184,93,30,1.0,1.0,"Wir sollten auch daran denken, dass Fehler beim Lernen normal sind.","Ich bin sicher, du wirst auch einen Fehler bei ihm finden."
185,69,28,1.0,1.0,Salke 04 wird der Meister mer und bitte sind nicht würdig.,"Die, mit denen man am meisten Profit machen kann."
186,77,26,1.0,1.0,"Wie Wasser, das in die Bratpfanne tropft: Ein Zischen, dann nichts.","Wenn er dürstig ist, gib ihm Wasser zu trinken."
187,94,30,1.0,1.0,"Wenn nicht bald aufhört, hängt er sich noch im Treppenhaus auf.",Uff Aber warum hören Raucher dann nicht einfach auf?
188,101,37,1.0,1.0,"Wir müssen ein paar Wochen durchhalten, dann ist er wieder gesund.",Er ist aber sehr fit und gesund für sein Alter.
189,69,24,1.0,1.0,"Wir müssen etwas ändern, bevor es zu spät ist.",Wir sind so runter runter und haben nicht geändert die Richtung.
190,9,1,0.76,0.76,Es gibt bestimmt eine Erklärung dafür.,Es gibt bestimmt eine Erklärung dafür.
191,126,26,1.0,1.0,"Wenn Gu Yan das sieht, wird er bestimmt wieder eifersüchtig.",Ritualisierte Floskeln wie die sogenannte „Chancengleichheit“ bestimmen das Handeln.
192,120,24,1.0,1.0,Wir werden dich alle wirklich sehr vermissen Das werde ich auch!,Wir werden dich alle wirklich sehr vermissen Das werde ich auch!
193,91,27,1.0,1.0,Wir brauchen eigentlich erstmal nur von links nach rechts zu lesen.,So jung und schon Ministerin muss man erstmal schaffen.
194,65,40,1.0,1.0,"War klar, dass du dich auf Yaras Seite stellst.","Komm auf unsere Seite, oder wir sind keine Freunde mehr."
195,98,37,1.0,1.0,"Sie hat mich für Tommy verlassen, weil der coolere Spielzeug hatte.",Man sollte ihn auch darauf kannst du dich verlassen.
196,59,18,1.0,1.0,"Sie wissen, dass die Balkanregion mir am Herzen liegt.","Sie wissen, dass die Balkanregion mir am Herzen liegt."
197,100,43,1.0,1.0,Zum Glück war ich am dritten Tag wieder fit.,Zum Glück hat Frau Meschke mir eine Chance gegeben.
198,80,15,1.0,1.0,"Wenn Sie es kaufen möchten, kostet das Auto 80.000 Euro.",Eine neue Weiche kostete vor den Generalsanierungen 83.500 Euro.
199,71,34,1.0,1.0,"Äh ja, ich werde mich auf den Weg machen.",Und genau damit beginnt mein Weg zu besserem Deutsch.
200,74,28,1.0,1.0,"Wow, das Schlafzimmer ist noch schöner als auf den Bildern.","Und erzähl mal, ist dein Leben in Bildern an dir vorbeigezogen?"
201,92,34,1.0,1.0,Wie groß die Angst gewesen ist vor weiteren Anschlägen.,Aber Sie sollten keine Angst vor Lisa und Herrn Peters haben.
202,93,30,1.0,1.0,Vielleicht ist sie irgendwo da oben und sieht uns.,"Es war auf einem Laptop, der irgendwo unter Wasser liegt."
203,84,29,1.0,1.0,"So, damit er besser zu den anderen Clips passt.",Jetzt gehst du es zu einfach zu mir passen.
204,64,22,1.0,1.0,"Riton hat mehr als nur ein blaues Auge, Yara.",Ich möchte gerne unter vier Augen mit dir sprechen.
205,73,35,1.0,1.0,"Weißt du, wie die erkennen, dass sie nicht gefälscht sind?","Als damals hier reinkamst, habe ich dich wieder erkannt."
206,89,26,1.0,1.0,"Wenn du bei etwas Hilfe brauchst, sag es mir einfach.","Die Idee, Herr Polnikova nach Hilfe zu fragen, war super."
207,92,40,1.0,1.0,"Wir wissen nur, wie die Diebe in ihr Zimmer gekommen sind.",Sie ist aber schon den ganzen Tag in ihrem Zimmer eingesperrt.
208,54,24,1.0,1.0,Wir treffen uns manchmal nach dem Unterricht lernen gemeinsam.,"Heute lernen wir gemeinsam die zehn wichtigsten Präfixverben mit ""gehen""."
209,77,30,1.0,1.0,"Wenn ich dich treffen würde, wärst du einen Kopf kürzer.","Es war so, als stündne die Welt auf dem Kopf."
210,74,41,1.0,1.0,"Wenn er einen Grund hätte, Lass ihn es erzählen.",Genau aus dem Grund habe ich das damals gemacht.
211,84,35,1.0,1.0,Wir kriegen ein köstliches Abendessen in der Glut gebraten.,"Was muss man hier tun, um was zu essen zu kriegen?"
212,68,32,1.0,1.0,"Wir müssen gucken, wie du schon am Anfang gesagt hast.","Dass er eben gucken kann, wie ausgeprägt ist die Adipositas."
213,56,28,1.0,1.0,"Und zwar, ich habe angefangen, mit Muttersprachlern zu reden.","Ihr seid zwar in dem Krankenhaus, aber es ist das falsche."
214,81,30,1.0,1.0,"Sie wollte früher gehen, aber der Chef brauchte ihre Hilfe.",Meinen Chef und meine Arbeitskollegen werde ich sehr vermissen.
215,74,30,1.0,1.0,Und ich wäre auch irgendwann einfach zu erschöpft gewesen für alles.,Menschen kommen in unser Leben und irgendwann gehen sie wieder.
216,73,31,1.0,1.0,"Vielleicht versteht sie, dass dies unser letzter Moment zusammen ist.","Ach, Felix, das doch nicht der Moment für einen Ehekrach."
217,67,41,1.0,1.0,"Wow, das war der beste Kuchen, den ich je gegessen habe!","Oh je, mir geht es heute aber gar nicht gut."
218,97,31,1.0,1.0,"Wenn ihr nicht mehr rauskommt, ruft am Fenster um Hilfe.","Ich bin nicht hier, um die Polizei zu rufen."
219,79,23,1.0,1.0,"Und es ist, als würdest du dich verbeugen, nicht wahr?","Es hört sich an Ein schöner Routinefall, nicht wahr?"
220,83,23,1.0,1.0,"Wenn es nach dir ginge, wärst du niemals so weit.","Einmal daran erkrankt, wird es nur schlimmer und niemals besser."
221,99,31,1.0,1.0,Sollten sich beide Seite nach mehr als 75 Jahren entschuldigen?,Du gehst jetzt sofort zu ihm und entschuldigst dich.
222,87,40,1.0,1.0,"Wir sind nur hier, um die Wahrheit zu erfahren.","Ich bin gleich da und werde erfahren, worum es geht."
223,91,24,1.0,1.0,"Wenn Sie eine Menschen in alles nehmen, dann wird er gefährlich.",Andere Labore gehen noch weiter und machen Viren gefährlicher.
224,88,26,1.0,1.0,Wo haben wir uns denn die ganze Zeit versteckt?,"Mit einem Kumpel füllt er Benzin ab, versteckt den Kanister."
225,86,23,1.0,1.0,Wir feiern heute die Liebe von Yara und Riton.,Eine 4- in Mathe ist kein Grund zum Feiern.
226,59,40,1.0,1.0,Tom versteht Geschichte sehr gut und ich bin stark in Sprachen.,"Es ist wichtig, dass du in Deutschland die deutsche Sprache sprichst."
227,75,10,1.0,1.0,"Wenn sie an der Laterne vorbei ist, reicht das.","Wenn sie an der Laterne vorbei ist, reicht das."
228,66,24,1.0,1.0,"Tan, du bist unwürdig, den Gürtel des Meisters hier zu tragen.","Tan, du bist unwürdig, den Gürtel des Meisters hier zu tragen."
229,1,0,0.34,0.34,Nennt mich Dr. Ronaldo Bibi.,Nennt mich Dr. Ronaldo Bibi.
230,119,46,1.0,1.0,"Wir fliegen an den Ort, der am meisten genannt wird.",Könnten Sie mir bitte Ihren Namen noch einmal nennen?
231,59,25,1.0,1.0,"Weißt du, wie viele Kinder ihre Hände verlieren wegen deinem Zeug?","Aber woher kommt dieses Eigenleben der Hände, wenn wir aufgeregt sind?"
232,69,32,1.0,1.0,"Was war so wichtig, dass du es uns persönlich erzählen musstest?","Nun ja, ich wollte lieber persönlich darüber mit Ihnen sprechen."
233,79,27,1.0,1.0,"„Jesus, ruf mich sofort an, wenn du angekommen bist, ja?“ Piep.","Aber alle haben sie irgendwann erkannt, worauf es ankommt."
234,66,31,1.0,1.0,Zuerst geht ihr aufs Klo und direkt danach duschen.,Dann gehen wir zuerst geradeaus und danach nach links.
235,86,22,1.0,1.0,"Wir machen Kürbiskompott, kochen Ente, dann Kartoffelsalat , Suppe und Reisig.",Das können wir jetzt nicht mehr auf kleiner Flamme kochen.
236,54,35,1.0,1.0,Zum Erreichen der Klimaziele müssen sehr viele Industrieanlagen umgebaut werden.,"Es geht aber auch um andere Kriterien, die erreicht werden."
237,78,30,1.0,1.0,"Wir lieben dich genauso, wie unser eigenes Kind, Johannes.","Aktivurlauber kommen hier voll auf ihre Kosten, genauso wie Ruhesuchende."
238,67,21,1.0,1.0,Wir haben uns einfach verändert und passen nicht mehr zusammen.,Du hast dich in den letzten Tagen wirklich verändert.
239,50,25,1.0,1.0,"Wenn du fünf Punkte hast, passiert etwas richtig Schlimmes.","Wenn du fünf Punkte hast, passiert etwas richtig Schlimmes."
240,64,28,1.0,1.0,"War er auch in dieser Bleikugel, die Jack getötet hat?","Tikan, ich brauche nur einen Finger, um sie zu töten."
241,54,24,1.0,1.0,Wir haben sie seit drei Jahren hier an der Stelle stehen.,In zwei Monaten wird bei uns eine Stelle als Teamleiter frei.
242,87,20,1.0,1.0,Über Pläne wie Einkaufen brauchen wir Brot bis hin zum Abendessen.,Wir haben 16 Minuten Zeit zum Umsteigen.“ So der Plan.
243,54,28,1.0,1.0,Und tatsächlich habe ich dann das gerade mal gegoogelt.,"Ich kann es nicht glauben, ich werde tatsächlich Vater."
244,72,18,1.0,1.0,Wie kann man süchtig nach so einem Spiel werden?,Aber über das Spiel gegen Paraguay reden wir nicht.
245,56,23,1.0,1.0,"Nervt es dich, wenn du von Deutschen berichtigt wirst?",Ein Deutscher ohne einen Ordner voller Zertifikate fühlt sich nackt.
246,67,34,1.0,1.0,"Wenn du einen Satz oft sprichst, wird er leichter.",Du kannst mit einem Muster viele neue Sätze machen.
247,75,33,1.0,1.0,"Wie lange brauche ich, um dieses Stück zu lernen?","Ah, seitlich gesehen kann da unten noch ein Stück rein."
248,60,32,1.0,1.0,Und was ist neben dem rollenden „R“ sonst noch besonders?,"Ich merke es auch ganz besonders, weil ich immer hibbeliger werde."
249,54,28,1.0,1.0,Und äh sie braucht nur einen Hebel hier zu ziehen.,"Du hast diese großen Werbeverträge an Land gezogen, Mann."
250,68,20,1.0,1.0,Wir haben auch Laptops mit über 100 Filmen für Sie.,"Weißt du, um wie viel Uhr der Film beginnt?"
251,67,21,1.0,1.0,"Wenn Sie die Polizei rufen, wird Samuel hart bestraft.","Wenn Sie die Polizei rufen, wird Samuel hart bestraft."
252,71,20,1.0,1.0,"Und dann war es Zeit, nach vorne zu schauen.","Oh, guck mal, da vorne sieht's richtig dunkel aus."
253,56,32,1.0,1.0,"Wenn das Übergewicht gravierend ist, gilt es als krankhaft.","Wenn das Übergewicht gravierend ist, gilt es als krankhaft."
254,41,24,1.0,1.0,"Man sagt damit, aus welchen oder wievielen Teilen etwas besteht.","Dann haben Sie gute Chancen, die Klausur zu bestehen."
255,86,19,1.0,1.0,"K ist weg, aber er hat uns ein Geschenk dagelassen.",Ich bin Yaras Opa und mein Geschenk ist viel besser.
256,90,14,1.0,1.0,"Oh nein, Samuel und Yara, das ist alles meine Schuld.","Das ganze wäre nur gut, wenn ihr Schulden habt."
257,75,42,1.0,1.0,Wir können meine Familie besuchen und auf Partys gehen.,Josh kann schon sprechen und du hast ihn nie besucht.
258,76,25,1.0,1.0,"Und so zieht man sich an, wenn etwas Trauriges passiert ist.",Du du zieht den Scheiß an und geht mit Avni.
259,92,18,1.0,1.0,Und er hat sogar einen süßen Kosenamen für dich.,Und er hat sogar einen süßen Kosenamen für dich.
260,46,22,1.0,1.0,"Und zwar sah er schon, dass Hitler Krieg wollte.","Wür der Krieg ist verloren, das Biest ist besiegt."
261,69,40,1.0,1.0,Zum Beispiel: Ich gehe ohne den Schlüssel aus der Wohnung.,Ich seh noch kein Bedürfnis nach einer eigenen Wohnung.
262,77,22,1.0,1.0,"Wen bringst du mit, jetzt weiter mit dem Unterricht machen?",Dann hat er keine Lust mehr auf Unterricht mit uns.
263,78,22,1.0,1.0,Wir sind im Krankenwagen auf dem Weg ins Krankenhaus.,"Wir müssen seinen Opa anrufen, er soll ins Krankenhaus kommen."
264,59,30,1.0,1.0,"Was, wenn du in deiner Garage eine Atombombe bauen könntest?","Komm, wir bauen jetzt die krasseste Sandburg aller Zeiten!"
265,81,28,1.0,1.0,Wir sollten aber so schnell wie möglich von hier verschwinden.,Wir sollten aber so schnell wie möglich von hier verschwinden.
266,64,22,1.0,1.0,Wieso hast du ihn mit der Spritze nicht außer Gefecht gesetzt?,Kannst du dich nicht 5 Minuten zu mir setzen?
267,51,22,1.0,1.0,Manchmal finde ich sogar bessere Erklärungen als in meinem Buch.,Sie hat mein Tagebuch und hat meine Bücher geklaut.
268,77,32,1.0,1.0,"Wir werden mit Ihnen ein paar Tests machen, Frau Müller.","Ja, aber warte mal, der Test wurde vor 5 Jahren gemacht."
269,80,36,1.0,1.0,"Und ich kann mich nicht daran erinnern, was passiert ist.",Gestern konntest du dich aber noch an meinen Namen erinnern.
270,71,30,1.0,1.0,Wir melden uns im Laufe der nächsten Woche bei Ihnen.,"Und wenn ihr Fragen habt, dann meldet euch einfach."
271,83,16,1.0,1.0,Warum möchtet ihr denn so dringend mit mir sprechen?,Warum möchtet ihr denn so dringend mit mir sprechen?
272,51,13,1.0,1.0,"Weil ich dich dann vor die Tür setze, du Schmock.","Weil ich dich dann vor die Tür setze, du Schmock."
273,70,32,1.0,1.0,Wir werden die Schüler von Frau Kunze bald treffen.,Ich habe noch nie von meinen Schülern ein Geschenk bekommen.
274,72,33,1.0,1.0,"Wir haben uns viel Zeit genommen, die Entscheidung zu treffen.","Ich habe Angst davor, dass du die falschen Entscheidungen triffst."
275,39,24,1.0,1.0,Mit meinen Kollegen verstehe ich mich auch sehr gut.,"Ihr Kollege hat gesagt, dass es sehr stark ist."
276,73,24,1.0,1.0,"Sorry, Schwester, du bist nicht cool genug für unsere Party.","Sorry, Schwester, du bist nicht cool genug für unsere Party."
277,79,22,1.0,1.0,Vielleicht kommt sie dann ja automatisch wieder zu mir zurück.,"Aber haben Sie nicht gesagt, dass Samuel nie wieder zurückkommen darf?"
278,47,17,1.0,1.0,Mit einer Durchwahlnummer kann dein Gegenüber direkt bei der Person anrufen.,Ihr müsst einen Lebenslauf über die andere Person schreiben.
279,74,15,1.0,1.0,"Zwei Schuljahre hat Leonie versäumt, war sie raus aus ihrem Teenagerleben.",Dort können wir zum Balkon raus das hört niemand.
280,61,21,1.0,1.0,"Wann der Pool offen hat, weißt du ja schon oder?",Oder er hatte einen Schlüssel oder der Safe stand offen.
281,52,33,1.0,1.0,"Wenn du mit Freunden sprichst, lerne Wörter für Gespräche.","Sag mir gerne, wie das Gespräch mit Matthias war."
282,80,33,1.0,1.0,"Wir müssen schauen, ob das die richtige Klasse für dich ist.",Eigentlich wollte ich mit einem Mädchen aus der Klasse gehen.
283,71,31,1.0,1.0,Wir haben wirklich lange überlegt und mit vielen Leuten darüber gesprochen.,"Aber habt ihr schon mal überlegt, was ihr werden wollt?"
284,56,40,1.0,1.0,Wir müssen auf den höchsten Punkt von der Insel gehen.,"Das heißt, wir können endlich von dieser Insel verschwinden?"
285,54,18,1.0,1.0,"Überall erzählt erum, dass er noch in Taylor verliebt ist.","Ich kann nicht schneller fahren, hier ist überall Polizei."
286,80,24,1.0,1.0,"Okay, dann passt bitte auf und macht nichts kaputt.",Aber auch hier musst du bei unregelmäßigen Verben aufpassen.
287,49,31,1.0,1.0,"Was hältst du davon, wenn wir eine ""offene"" Beziehung haben?",Aber das kann doch nicht das Ende von unserer Beziehung sein.
288,61,35,1.0,1.0,Wir treffen uns heute Abend um über die Zukunft zu sprechen.,In der Zukunft werdet ihr wahrscheinlich nicht alleine arbeiten.
289,51,24,1.0,1.0,Wir werden dem öffentlich-rechtlichen Rundfunk nämlich den Stecker ziehen.,Ich bin nämlich kein Freund von Gerichtsprozessen und Anwaltsschreiben.
290,85,24,1.0,1.0,"Oh Mann, ich und Preston, wir hätten uns fast geküsst.","Hammerplan Lisa Boah, du kannst so gut küssen, Thailand!"
291,51,19,1.0,1.0,Tilman König und Sandy Schwarz über ihre neue Liebe.,"Du bist nicht mal würdig, von Liebe zu reden."
292,63,40,1.0,1.0,Wir waren so glücklich miteinander und jetzt ist einfach alles vorbei.,Wir sind aber immer noch zusammen und verbringen Zeit miteinander.
293,55,21,1.0,1.0,Zum Beispiel so plötzlich ist man dann in Königsindisch drin.,"Während sie das Essen vorbereiten, kippt Eriks Stimmung plötzlich."
294,77,52,1.0,1.0,"Wir sind sehr froh, dass du wieder da bist!","Dann ist er richtig froh, wenn er sieht, es gibt einen."
295,66,37,1.0,1.0,"Wisst ihr noch, wer 1963 sein Büro hier hatte?","Wir wissen, was drüben bei euch im Büro vor sich geht."
296,50,25,1.0,1.0,Trotzdem möchte ich mein Ziel erreichen und Kilos verlieren.,Trotzdem möchte ich mein Ziel erreichen und Kilos verlieren.
297,74,18,1.0,1.0,"Niemand kann mich verletzen, weil Gott bei mir ist.“ Amen.","Es tut mir nur wirklich leid, dass ich dich verletzt habe."
298,56,23,1.0,1.0,Und was erwartet euch in der nächsten Folge von DeutschBlitz Podcast?,"Ja, Daddy Cheer, ich erwarte, dass du ein guter Autofahrer wirst."
299,63,19,1.0,1.0,"Wir kamen hier rüber, um uns das alles mal anzusehen.","Was bedeutet es, wenn ich jemanden als etwas oder jemanden ansehe?"
300,63,18,1.0,1.0,"Wir freuen uns sehr darüber, dass Sie Teil unseres Teams sind.",Das ganze Team durfte vorne essen und ich musste hinten essen.
301,51,23,1.0,1.0,"Stimmt, aber ich habe auch eher an sowas wie Schauspielerei gedacht.","Stimmt, aber ich habe auch eher an sowas wie Schauspielerei gedacht."
302,72,21,1.0,1.0,Ob ich verrückt bin unter Verfolgungsfahrenleide lässt sich leicht rausfinden.,Aber so eine verrückte Sache wird er bestimmt nicht vergessen.
303,66,30,1.0,1.0,"Sag bloß, du bist auch in Ken auf penne gegangen.",Aber Lesen ist mehr als das bloße Erkennen von Wörtern.
304,53,15,1.0,1.0,UNSERE PARTY LIMOUSINE Habe ich extra für uns gemietet.,UNSERE PARTY LIMOUSINE Habe ich extra für uns gemietet.
305,80,14,1.0,1.0,"Nein, das habe ich ehrlich gesagt noch nicht probiert.","Nein, das habe ich ehrlich gesagt noch nicht probiert."
306,47,23,1.0,1.0,Und zum Schluss legst du alles auf den Pizzateig.,Jetzt nimmst du diese Überbrückungskabel und legst sie auf den Boden.
307,62,19,1.0,1.0,"Und gut, manche Lerner wissen schon was ihnen fehlt.","Also, da waren einzelne Körperteile, aber das Wichtigste hat irgendwie gefehlt."
308,58,15,1.0,1.0,Was bist du für Wer könnte kann uns schlagen?,Was bist du für Wer könnte kann uns schlagen?
309,57,28,1.0,1.0,Über welche schwierigen Wörter möchtet ihr als nächstes ein Video sehen?,"Woher genau der Champignon kommt, das ist natürlich sehr schwierig."
310,58,29,1.0,1.0,"Taiker, ist dir denn völlig egal, was mit Gerdio wird?",Das ist was völlig anderes als Spekulation und viel sexier.
311,78,27,1.0,1.0,"Sag mal hast du Lust auf ein Eis, Lisa?",Ich würde nach der Schule gerne ein Eis essen gehen.
312,67,34,1.0,1.0,Warum hast du mir das nicht schon vorher gezeigt?,"Schöne Idee, aber vorher musst du mich noch wohin bringen."
313,67,36,1.0,1.0,"Wir müssen viel lernen, damit du die Prüfung bestehst.","Die Prüfung wird nicht einfach, aber ich werde mein Bestes geben."
314,50,23,1.0,1.0,"Und er könnte sogar meinen Nachnamen annehmen, Ibrahim Belgim Solovatovich.","Deshalb habe ich mich dazu entschieden, eine neue Stelle anzunehmen."
315,51,20,1.0,1.0,Sie fängt dieses Semester an in München zu studieren.,Ich möchte BWL an der Universität in Bayreuth studieren.
316,37,21,1.0,1.0,"Wir nutzen erstmal den Powerschaum, um die Fahrzeugvorreinigung zu machen.",Serena nutzt eins für ihre Hobbys und so'n sche%ß.
317,59,22,1.0,1.0,"Weil du normalerweise versuchst, mir an der Tür die Klamotten auszuziehen.",Normalerweise steht hier die Seriennummer in der oberen rechten Ecke.
318,70,12,1.0,1.0,"Noch 10 Stunden Ich weiß gar nicht mehr, wie Essen schmeckt.","Das Essen sieht einfach aus, doch es schmeckt sehr gut."
319,69,25,1.0,1.0,Wollt ihr die Hochzeit von Yara und Rito sehen?,"Doch schon, aber die Hochzeit ist erst in ein paar Stunden."
320,59,25,1.0,1.0,Wir werden Sie für lange Zeit ins Gefängnis bringen.,"Dann reicht es uns, wenn er ein Jahr ins Gefängnis geht."
321,60,32,1.0,1.0,Während meines Urlaubs werde ich hier bleiben und mich entspannen.,"Ich muss meinen Chef fragen, ob ich Urlaub bekomme."
322,53,29,1.0,1.0,Wir haben viel zusammen erlebt und eine schöne Zeit miteinander gehabt.,In Berlin erlebt er den Studienalltag anders als erwartet.
323,37,19,1.0,1.0,"Und sie sehen, wie es scheint, dass er ein Dinar ist.","Und sie sehen, wie es scheint, dass er ein Dinar ist."
324,62,29,1.0,1.0,"Würden Sie sagen, hier sind ein paar Menschen unterwegs?","Die suchen nach einem Mann, der allein unterwegs ist."
325,70,25,1.0,1.0,"Was als Traum begonnen habe, sei zum Albtraum geworden, sagen sie.",Denkst du immer noch das hier ist ein Traum?
326,77,18,1.0,1.0,Yara ist zu Hause und weint die ganze Zeit.,Hast du hier einen erwachsenen Mann weinen sehen am Telefon?
327,68,15,1.0,1.0,So eine Nachricht und du sagst es mir nicht früher!,Ich habe sein Handy geklaut und die Nachricht geschrieben.
328,4,1,1.0,1.0,"Du kannst mir vertrauen Jan, mach dir keine Sorgen.","Du kannst mir vertrauen Jan, mach dir keine Sorgen."
329,75,21,1.0,1.0,Wir vertrauen auf unsere überragende Kraft und werden siegreich sein.,"Du weißt doch, dass man ihm nicht vertrauen kann!"
330,48,23,1.0,1.0,Was wenn du auch klare Regeln für Gespräche hättest?,Die wichtigsten Regeln eines Landes stehen in seiner Verfassung.
331,41,21,1.0,1.0,Und weshalb haben Sie gerade China als Ziel gewählt?,"Trotzdem soll keiner Angst haben, dass er den Notruf wählt."
332,45,23,1.0,1.0,"Wer Hotelkomfort erwartet, der ist in Berghütten am falschen Ort.",Weil wir zur rechten Zeit am rechten Ort sind.
333,69,24,1.0,1.0,Ruhe da hinten und ich schmeiße dich aus dem Fenster.,Ich würde da gern in Ruhe mit dir drüber reden.
334,57,21,1.0,1.0,Wir haben lange darüber nachgedacht und viel miteinander gesprochen.,"Und über was denkst du nach, wenn du hier bist?"
335,65,27,1.0,1.0,"Özlan, du glaubst nix, was Lisa und Yara uns geschenkt haben.",So ein Ballon hast du doch kleinen Elsmann geschenkt.
336,45,23,1.0,1.0,Wir haben auch viel über die Arbeit und meine Aufgaben gesprochen.,Es ist meine Aufgabe euch auf das Schlimmste vorzubereiten.
337,66,18,1.0,1.0,Wir haben es extra für Sie aus Italien bestellt.,"Weißt du, ich habe dieses gestrickte für 2.500 bestellt."
338,42,22,1.0,1.0,Während seiner größten Ausdehnung leben dort etwa 100 Millionen Menschen.,"Also bis zu, ich glaube, einer Million Menschen sind da unterwegs."
339,56,22,1.0,1.0,Unter Kollegen wird bei uns jeden Morgen kurz geplaudert.,"Guten Morgen, ja, aber ich habe eine kleine Frage."
340,44,21,1.0,1.0,"Überlege mal, welche Situationen du bei der Arbeit immer wieder erlebst.","Er wird es in eure Situation bringen, wo ihr es braucht."
341,56,28,1.0,1.0,Wir wollen einfach nur die letzten Tage von unserem Urlaub genießen.,Aber jetzt lehn dich zurück und genieße die zweite Lektion.
342,55,21,1.0,1.0,"Willst du vielleicht damit sagen, dass die Bestie strafrei ausgehen soll?","Ich gehe davon aus, sie haben alle Ihr Handy aus."
343,41,18,1.0,1.0,Kurz vor der OP hatten wir sie bereits einmal getroffen.,Diese Menschenform gehört also bereits mit in unseren Stammbaum.
344,52,25,1.0,1.0,"Wie viel Autounfälle, bevor man erfährt, was dahinter steckt?","Ich habe das Gefühl, in genau dieser Findungsphase steckt Anna gerade."
345,71,19,1.0,1.0,"Okay, shuts Die Sachen da hätte ich sowieso gemacht.","Du weißt, Lisa, ohne Yara will ich sowieso nicht leben."
346,51,30,1.0,1.0,"Wie man erste Hilfe leistet, habe ich in meinem Medizinstudium gelernt.","Ich kann es mir leisten, in den Urlaub zu fahren."
347,51,20,1.0,1.0,Wir vier kämpfen gegen ein Bataillon und leben immer noch.,17 Millionen Soldaten kämpfen im Zweiten Weltkrieg in der deutschen Wehrmacht.
348,53,23,1.0,1.0,Und da reden wir eigentlich schon wieder komplett anders.,Die Pupille ist dabei komplett mittig von der Iris.
349,59,27,1.0,1.0,Steinhaus kann sich selbst erinnern an Zeiten mit wenig Geld.,An den Tag kann ich mich überhaupt nicht erinnern.
350,61,22,1.0,1.0,"Unser Thema ist, wir planen einen Wochenendausflug mit dem Deutschkurs.","Aber Markus sagt, er hat was richtig Krasses geplant."
351,45,14,1.0,1.0,"Scheiße, das mögen Frauen doch, wenn man sich ihnen öffnet.",Ich habe alles geöffnet und halte das ganze Haus voller Süßigkeiten.
352,54,22,1.0,1.0,"Vorher dachte ich, ich müsste sofort auf alles eine Antwort haben.","Vorher dachte ich, ich müsste sofort auf alles eine Antwort haben."
353,72,18,1.0,1.0,"Wollt ihr mir denn nicht sagen, was die Überraschung ist?","Wenn ich es dir sage, ist es doch keine Überraschung."
354,74,19,1.0,1.0,Wir haben in Game ein paar blöde Sachen gesagt.,"Ich lasse die Leute rein, außer die sind blöd."
355,50,24,1.0,1.0,Was dir vielleicht auch auffällt es wird oft nach Vorlieben gefragt.,Mir fallen so viele interessante Dinge an dir auf.
356,65,17,1.0,1.0,"Wenn wir ihn kriegen, Die Sioux werden kalt sein.",Es ist nicht zu warm und nicht zu kalt.
357,57,26,1.0,1.0,Wir dürfen sogar eine ganze Woche in dem Hotel bleiben.,Ich wünsche Ihnen noch einen schönen Aufenthalt in unserem Hotel.
358,70,27,1.0,1.0,Wer kümmert sich um alles hier in diesem Haushalt?,"Hör zu, Keish und Jackie kümmern sich um Haare und Make-up."
359,58,20,1.0,1.0,Letztes Mal bei Like Germans Du musst Sarah das Herz brechen.,Ich habe dich gemacht und ich kann dich brechen.
360,45,14,1.0,1.0,"Vergiss nicht sie mitzunehmen, dann können wir unsere Musik hören.","Vergiss nicht sie mitzunehmen, dann können wir unsere Musik hören."
361,66,16,1.0,1.0,"Sie kann noch ganz andere Sachen, wovon ihr keine Ahnung habt.","Keine Ahnung, aber ich kann dir beim Suchen helfen."
362,45,29,1.0,1.0,"Und hier sind die fünf Schritte, wie du es bekommst.",Die Wiederentdeckung Amerikas ist einer der wichtigsten Schritte hin zum Anthropozän.
363,49,24,1.0,1.0,Und jetzt habe ich dir von meinen Gefühlen erzählt.,"Auch ein Gefühl zu bekommen, es könnte auch anders sein."
364,46,22,1.0,1.0,Und um wieder selbst das Kommando im Kopf zu übernehmen.,Ich habe mich wohl etwas übernommen mit der Sache.
365,36,9,1.0,1.0,Ohne Shiloh an meiner Seite hat alles keinen Sinn mehr.,Ohne Shiloh an meiner Seite hat alles keinen Sinn mehr.
366,39,22,1.0,1.0,Wie kannst du deinen Sohn nur bei so etwas unterstützen?,"Ich habe gehofft, dass ihr mich dabei etwas unterstützt."
367,50,22,1.0,1.0,"Wer kein Geld hat, zahlt weniger oder gar nichts.",Dann zahlen Sie ohne Grund zurück seine Freundschaft mit einer Kugel.
368,44,20,1.0,1.0,"Welche Möglichkeiten haben wir nun, um einen neuen Qualitätssprung zu machen?","Doch statt der Möglichkeit, die Schulden zu tilgen, dann der Schock."
369,63,30,1.0,1.0,Wollen Sie mit mir am Wochenende etwas essen gehen?,"Oh man, am Wochenende ist mir etwas sehr schlechtes aufgefallen."
370,59,28,1.0,1.0,"Wenn Sie rauswollen, schnell einen Kaffee trinken wollen, er steht bereit.","Sie können hier gerne so viel Kaffee trinken, wie Sie möchten."
371,68,10,1.0,1.0,"Ähm, es hört sich vielleicht dumm an, aber egal, was soll's.","Natürlich hört sich das erst mal viel an, 2.200 Euro."
372,36,19,1.0,1.0,Wir sehen uns kaum noch und sprechen sehr wenig miteinander.,"Das Wasser ist weit weg, wir können es kaum sehen."
373,50,17,1.0,1.0,Lisa du kannst dich gerne auf den freien Platz setzen.,"Ich wollte eigentlich Maja, wir müssen dir einen urschönen Platz zeigen."
374,50,19,1.0,1.0,Versuchen Sie doch mal mit einer Klimaanlage zu schlafen.,Versuchen Sie die Raumschiffe zum Waffenystem des Permiter K6 zu lozen.
375,61,18,1.0,1.0,"Und was ist, wenn die mich gleich hier behalten?",Dann behalten wir dich hier bis wir es bekommen.
376,50,18,1.0,1.0,Was ist unsere Staatsbürgerschaft mehr noch unser Leben wert?,Natürlich legst du als Aktionär kein Wert darauf da irgendwie mitzureden.
377,52,20,1.0,1.0,"Und reich soll er auch sein, sagt mein Baba immer.",Dass man mit so einem Scheiß so reich werden kann.
378,30,16,1.0,1.0,"Zuerst hieß es, dass Exilkubaner den Präsidenten ermordet haben sollen.",Sowas gibt nichts her für den Wahlkampf des Präsidenten.
379,46,12,1.0,1.0,"Weil der Donnerstein einzeln bewegt wurde, nicht in Serie.","Ja, er sagt nichts und er bewegt sich auch nicht."
380,41,23,1.0,1.0,"Wenn der Körper schon kalt ist, das Herz noch.","Wenn der Körper schon kalt ist, das Herz noch."
381,49,19,1.0,1.0,"Wir kommen gleich."" Das ging so bis halb sieben.","Hier steht, wir müssen dich jede halbe Stunde anrufen."
382,50,20,1.0,1.0,Vielleicht muss ich es den Leuten als Gemüseeintopf verkaufen.,Aber wir müssen aufhören mit diesen Dingen zu verkaufen.
383,58,11,1.0,1.0,"Pass auf, du sagst, deiner M hätte dich angefasst.","Pass auf, du sagst, deiner M hätte dich angefasst."
384,54,30,1.0,1.0,Über eine gute Note hätte ich mich sehr gefreut.,Ähm und äh Noten und Durchfallen muss man auch können.
385,65,13,1.0,1.0,"Wir sind stolz darauf, jemanden wie dich großgezogen zu haben.",Wir haben heute über den Stolz auf das Wissen gesprochen.
386,51,23,1.0,1.0,"Wo der startet, am Oderhaff, liegt die Wahlheimat von Reinder Luinge.","Bevor wir aber starten, habe ich eine kleine Bitte an dich."
387,48,19,1.0,1.0,"Und nun gefällt mir der Gedanke, dass es nicht so ist.","Und nun gefällt mir der Gedanke, dass es nicht so ist."
388,50,29,1.0,1.0,"Wenn mein Bruder was passiert, dann wird das üble Folgen haben.",Aber wie viele Kinder haben in der Folge ihren verloren?
389,50,19,1.0,1.0,"Was kann ich tun, damit du deine Meinung änderst?","Was kann ich tun, damit du deine Meinung änderst?"
390,53,32,1.0,1.0,"Wir werden sehen, wie Schwarz das Problem später löst.",Hier müsstest du das sogar im Kopf lösen können.
391,48,24,1.0,1.0,So schnell schießen die Preußen nun auch wieder nicht.,Ihr geht jetzt da raus und schießt ein paar Tore.
392,45,25,1.0,1.0,Wofür bist du schon mal auf die Straße gegangen?,Sie können zum Beispiel Straßen bauen zu exorbitanten Preisen.
393,30,14,1.0,1.0,"Wir haben sehr deutlich gemacht, was unsere Interessenlage ist.","Was sagst du, wenn du deine Meinung deutlich machen willst?"
394,52,28,1.0,1.0,Sie müsste entweder auf den Namen Peters oder Polnikova laufen.,Marie also entweder du willst mich als Freund oder eben nicht.
395,52,17,1.0,1.0,"Wenn ich ihnen das Fleisch gebe, werden sie mich mögen!","Ich töte einen Vogel, aber das Fleisch ist nicht gut."
396,59,17,1.0,1.0,"Zeig es mir nochmal, ich werde ihn eigenhändig umbringen.","Zeig es mir nochmal, ich werde ihn eigenhändig umbringen."
397,38,22,1.0,1.0,"Wir fragen Winfried Kluth, Verfassungsrichter an der Universität Halle.",Ich hab keine Lust auf dieses Kantinenessen in der Uni.
398,32,19,1.0,1.0,Warum sollten wir es in diesem Fall nicht auch einsetzen?,"Jetzt machen wir uns daran, den Metall-Hohlraumdübel in unsere Demoplatte einzusetzen."
399,65,29,1.0,1.0,"Wir müssen sichergehen, dass so etwas nicht noch einmal vorkommt.","Kommt mir so vor, als hätte ich was vergessen."
400,34,17,1.0,1.0,"Prima, jetzt weißt du bestens über das Gradnetz der Erde Bescheid.",Aber nur die obersten 30 cm davon sind wirklich fruchtbare Erde.
401,36,13,1.0,1.0,Und so habe ich insgesamt 40 Tage Urlaub im Jahr.,Insgesamt lebte er aber nur 172 Tage auf seinem Märchenschloss.
402,63,22,1.0,1.0,Wir reden hier immerhin über die Leben der Männer.,Wir reden hier immerhin über die Leben der Männer.
403,63,25,1.0,1.0,Wenigstens warten wir nicht durch das Blut von anderen Leuten.,"Ich treffe wenigstens Entscheidungen, was man von dir nicht sagen kann."
404,60,12,1.0,1.0,"Weißt du, wir hatten einen sehr anstrengenden Tag, Evely.",Das habe ich mir nach dem anstrengenden Tag verdient.
405,60,29,1.0,1.0,"Wir haben etwas sehr wichtiges mit dir zu besprechen, mein Sohn.",Das und vieles mehr bespreche ich heute mit York.
406,50,22,1.0,1.0,Mit den Lösungen werdet ihr eine gute Note schreiben.,"Es sollte aber kein Problem sein, dafür eine Lösung zu finden."
407,33,13,1.0,1.0,"Oh, was für ein Gericht du da zubereitet hast.",Das Gericht trifft sich heute im Fall Meyer gegen Müller.
408,45,19,1.0,1.0,"Wenn wir bleiben, werde ich den anderen ins Gefängnis folgen.","Deine Zusammenfassung folgt immer dem gleichen Aufbau: Einleitung, Hauptteil und Schluss."
409,32,14,1.0,1.0,Und die können wir jetzt als hochgestellte Zahl über 5s hinschreiben.,Jedes Mal stand das Kästchen für eine andere Zahl.
410,49,24,1.0,1.0,"Wir werden den Meister bitten, seinen Kopf zu rasieren.",Wir bitten Sie nun sich wieder hinzusetzen und sich anzuschnallen.
411,54,22,1.0,1.0,Zwei Karten für den neuen James Bond Streifen bitte.,Zwei Karten für den neuen James Bond Streifen bitte.
412,43,22,1.0,1.0,"Übrigens, von da an änderte sich dieser Feldwebel total.",Und er hat übrigens die Das Apfelmännchen kennt das jemand?
413,46,17,1.0,1.0,Wir wurden in einer Welt geboren kontrolliert durch Angst und Regeln.,"Nein, ich glaube, sie wollten nur das Leben ihres Sohnes kontrollieren."
414,60,25,1.0,1.0,"Naja, wie du weißt, sind Melanie und ich nicht verheiratet.","Naja, wie du weißt, sind Melanie und ich nicht verheiratet."
415,35,20,1.0,1.0,"Weil es ein bayerischer Fall ist, der für Aufsehen gesorgt hat.","Also muss ich dafür sorgen, dass sie noch einen Verweis bekommt?"
416,50,26,1.0,1.0,"Wenn Sie Geld für die Reise brauchen, könnte ich Ihnen aushelfen.","Ihr müsst mir nur sagen, wohin ihr reisen möchtet."
417,65,23,1.0,1.0,"Und was sind normalerweise die Gründe dafür, dass Sie sich streiten?",Er hat sich heute Morgen auch mit Lisa gestritten.
418,55,28,1.0,1.0,"Wir haben uns getrennt, weil du alleine verreisen wolltest.","Aber wenn es um das Leben geht, sind wir getrennt?"
419,50,10,1.0,1.0,"Nicht ""Entschuldigung, es tut mir leid, Herr Goman, was passiert ist"".","Entschuldigung, aber sie wissen selber, dass das nicht geht."
420,56,43,1.0,1.0,"Und wer Lust hat, kann einen Abstecher nach Luckow machen.",Hast du Lust heute Abend zusammen einen Film zu sehen?
421,51,18,1.0,1.0,"Wenn ihr kein Video verpassen wollt, abonniert uns einfach.","Wenn ihr kein Video verpassen wollt, abonniert uns einfach."
422,44,21,1.0,1.0,Sie können das nicht mehr nach guten Art machen.,Ist es die Art Job an die ich denke?
423,39,21,1.0,1.0,Wir sehen anders aus und sprechen ganz unterschiedliche Sprachen.,Wie jedes Paar haben Emily und Erik auch unterschiedliche Bedürfnisse.
424,50,23,1.0,1.0,"Yara meint, du hast einen fetten Pickel in deinem Gesicht.","Yara meint, du hast einen fetten Pickel in deinem Gesicht."
425,54,27,1.0,1.0,"So lange, bis ich die Kinder im Bett habe.",Ich will gar nicht mehr aus dem Bett aufstehen.
426,57,15,1.0,1.0,"Und danke mir bloß nicht, ich mache das nicht für dich.","Und danke mir bloß nicht, ich mache das nicht für dich."
427,49,19,1.0,1.0,"Zuerst einmal, das Land hat ungefähr 82 Millionen Einwohner.","Zuerst einmal, das Land hat ungefähr 82 Millionen Einwohner."
428,49,18,1.0,1.0,"Weißt du, dass es einen Hund gibt, der reanimieren kann?","Wo hast du nicht kleine Perl verschart, du Hund?"
429,46,14,1.0,1.0,Wir haben leider erst um Viertel vor acht einen Tisch frei.,Und hier auf diesem Tisch sehen wir die Gettisburg Rede.
430,56,18,1.0,1.0,"Was fällt dir einfach ein, meine Tochter zu schlagen?","Was fällt Ihnen ein, so mit unserer Tochter zu reden?"
431,53,24,1.0,1.0,"Wusstest du, dass sie 14 Tage ohne Wasser überleben können?","Wenn Clarkson kein Wasser kriegt, überlebt er keinen Tag mehr."
432,46,17,1.0,1.0,"Spare nicht nur Zeit, sondern auch Geld beim Deutschlernen!",Hier haben Sie einen und können viel Zeit sparen.
433,47,18,1.0,1.0,"Und was, wenn ich gar kein Anwalt werden möchte?","Und hörst du, sagt nichts, bevor die Anwälte da sind."
434,36,17,1.0,1.0,Wurde meine Liebe zu dir durch deinen Schmerz noch tiefer?,"Wenn sie noch tiefer hineingehen, dann könnten wir sie verlieren."
435,41,22,1.0,1.0,Sie redet wenig mit mir und ist immer beschäftigt.,"Ich wollte früher anfangen, aber ich war noch beschäftigt."
436,54,16,1.0,1.0,Weil er in letzter Zeit so streng zu uns war.,Zum einen das gemilderte Niederstwertprinzip und zum anderen das strenge Niederstwertprinzip.
437,37,24,1.0,1.0,Optional könnt ihr natürlich einen Eimer verwenden mit Autoshampoo.,"Du musst nur kopieren, was du hörst und Bilder verwenden."
438,39,25,1.0,1.0,"Wie war es möglich, Mike, dass das eine Schiff entkommen konnte?",Wir dürfen auf dem Schiff mitfahren und wir sind sehr glücklich.
439,46,8,1.0,1.0,Vielen Dank fürs Zuhören und bis zum nächsten Mal.,"Die hören nie zu und machen, was sie wollen."
440,37,16,1.0,1.0,"Jetzt muss ich nur wissen, wo der Raum ist.","Jetzt muss ich nur wissen, wo der Raum ist."
441,44,23,1.0,1.0,Warum fühlen sich die Menschen im Leben leer und elend?,"Ich hoffe, ihr geht beim nächsten Länderfinanzausgleich leer aus!"
442,34,17,1.0,1.0,Während Weiß erst mal seinen Damenflügel entwickelt im Damengambit.,"Alles Anzeichen, die sich bei ihrem Bruder bereits entwickeln."
443,62,13,1.0,1.0,"Ich bin hier, um mit Doktor Müller zu sprechen.",Der Doktor wartet in seinem Büro schon auf Lisa.
444,49,18,1.0,1.0,"Wir haben endlich herausgefunden, was ihr letztes Mal gegessen habt.","Nur so werde ich herausfinden, was mich wirklich glücklich macht."
445,63,20,1.0,1.0,Wer macht in der gleichen Straße noch einen Döner auf?,"Also liebe Schüler, bitte macht euer Buch auf Seite 12 auf."
446,33,15,1.0,1.0,Das Wort Risiko fällt in dem rund 15-minütigen Gespräch nicht einmal.,Das Wort Risiko fällt in dem rund 15-minütigen Gespräch nicht einmal.
447,25,12,1.0,1.0,Während der Schneeschmelze oder nach Starkregen kann das Wasser schnell steigen.,Der Strombedarf in Deutschland steigt gegenüber heute auf ungefähr das Doppelte.
448,41,20,1.0,1.0,Wie kannst du mich gleichzeitig lieben und so verletzen?,"Man kann gleichzeitig verstehen, dass die Mutter es nicht versteht."
449,50,16,1.0,1.0,"Zweiter Grund für unsere Skepsis, was den Beitritt der Westbalkan-Staaten angeht.","Das eine ist das Rettungsdienstliche, was die Arbeit angeht."
450,46,25,1.0,1.0,Sie können also einen kleinen Teil eines Unternehmens kaufen.,"Das Unternehmen, in dem ich arbeite, ist wirklich toll."
451,50,28,1.0,1.0,Wir waren fast jeden Tag in einem anderen Restaurant essen.,Heute Abend werde ich mit Linda in ein Restaurant gehen.
452,39,25,1.0,1.0,"Zu ihrer Information, ich treffe mich hier mit jemandem.","Das heißt, für Sie ist, Diese Person hat zu viel Information."
453,44,22,1.0,1.0,"Wir müssen etwas tun, mit dem sie nicht rechnet.","Das sieht man doch, wieso muss man da rechnen?"
454,50,18,1.0,1.0,"Wenn das Skript keine Zeitstempel hat, teile es in Abschnitten.","Gemma, ich habe versprochen, das mit niemandem zu teilen."
455,35,21,1.0,1.0,"Wir haben noch andere Bewerber, die um einiges mehr Erfahrung mitbringen.","Bürokratie, wirklich präsent, aber mit unterschiedlichen Gründen und Erfahrungen."
456,50,25,1.0,1.0,Natürlich schätze ich 20 Jahre macht einen großen Unterschied.,"Die Kinder können sich so glücklich schätzen, dass sie dich hören."
457,40,21,1.0,1.0,Meistens sind dies bei einer großen Wohnung rund 3000 Euro.,Mathematiker verwenden statt Kästchen für Variablen meistens kleine Buchstaben.
458,47,13,1.0,1.0,"Wir gehen jetzt ins Café, aber ich wechsle zuerst meine Bluse.","Wir gehen jetzt ins Café, aber ich wechsle zuerst meine Bluse."
459,44,16,1.0,1.0,Wie wir es bereits vorhin mit dem Lohnsteuerbescheid gemacht haben.,Ich habe dich nicht gefunden vorhin in deinem Körper.
460,47,16,1.0,1.0,"Wer das Ding ist Nummer zu groß für euch, versteht ihr?","Seine Hand zitterte, als er die Nummer der Polizei wählte."
461,48,24,1.0,1.0,Wichtig bei der Kletterei: schön konzentriert und ruhig bleiben.,Ich kann mich nur in Ihrer Nähe nicht richtig konzentrieren.
462,46,26,1.0,1.0,Zu Kriegsbeginn ist Amerikas wichtigstes Flugzeug die P40 Whawk.,"Ist ja so, als wollte man aus dem Flugzeug gucken."
463,48,20,1.0,1.0,"Wenn wir wirklich früh dran sind, ist das eine unglaubliche Chance.","Was den Unimog besonders macht, ist seine unglaubliche Geländegängigkeit."
464,49,15,1.0,1.0,Thomas' Fall zeigt die zerstörerische Macht dieser neuen Betrugsform.,Thomas' Fall zeigt die zerstörerische Macht dieser neuen Betrugsform.
465,34,17,1.0,1.0,"Sir, die Erde hätte zerstört werden können, während wir sie suchten.","Wenn wir sie nach K6 lotzen, werden unsere Verteidigungssatelliten sie zerstören."
466,57,17,1.0,1.0,Wie kann so etwas aus einem kleinen Mädchen rauskommen?,Und er kommt erst in zehn Jahren wieder raus.
467,33,15,1.0,1.0,Ist Tanzen für dich auch verbunden mit dem Thema Partnerschaft?,Ist Tanzen für dich auch verbunden mit dem Thema Partnerschaft?
468,31,17,1.0,1.0,"Hier unten in der sogenannten Timeline, da entsteht dein Video.","Dabei dauert es Jahrtausende, bis aus festem Gestein neue Erde entsteht."
469,48,16,1.0,1.0,"Wir müssen es schaffen, auf der Insel zu landen.","Landen Sie jetzt sofort das Flugzeug, bevor es zu spät ist."
470,39,17,1.0,1.0,Und mit nackten Füßen kommt man da nicht weit.,Und mit nackten Füßen kommt man da nicht weit.
471,49,31,1.0,1.0,"Wir haben super viele Zuschauer, die den Kanal nicht abonniert haben.","Wir haben super viele Zuschauer, die den Kanal nicht abonniert haben."
472,29,10,1.0,1.0,Wir nehmen heute einen neuen Schüler in die Klasse auf.,"Klar, die nimmt man dann in den Verteiler auf."
473,32,18,1.0,1.0,Wenn die den Präsidenten der Vereinigten Staaten töten können.,"Ich weiß nicht, ob das bei einem Staats überhaupt möglich ist."
474,47,18,1.0,1.0,"Wir haben dir das Angebot gemacht, gemeinsam zu arbeiten.","Ich würde dein Angebot annehmen, wenn du gerade ausgehen könntest."
475,54,15,1.0,1.0,"Ja, ich finde er ist Deine Meinung zählt nicht.","Ja, ich finde er ist Deine Meinung zählt nicht."
476,45,20,1.0,1.0,"Ja, aber nur für ein paar Tage, den Rest macht Santa.","Ja, aber nur für ein paar Tage, den Rest macht Santa."
477,47,27,1.0,1.0,Würden Sie sich nicht auch einen früheren Termin wünschen?,Bei formellen Terminen spielt Pünktlichkeit in Deutschland tatsächlich eine große Rolle.
478,35,19,1.0,1.0,"Nur wenn er für dich aussagt, können wir den Prozess gewinnen.","Das ist die Frage, die sich vor dem Prozess gestellt hat."
479,37,17,1.0,1.0,Wir bauen dich zu Leidfigur einer neuen Politikergeneration auf.,"Die zweite Fertigkeit, die Leseflüssigkeit, baut also auf der Worterkennung auf."
480,49,20,1.0,1.0,"Ich frage ihn nach dem Geld, aber er antwortet nicht.",Ahmed Habibi antwortet auch nicht mehr auf meine Memes.
481,37,22,1.0,1.0,Über 300 km Wanderwege gibt es rund um Garmisch zu entdecken.,"Ein Kalksteinblock, entdeckt erst 2014 im Steinbruch von Baalbek."
482,34,21,1.0,1.0,Über welches Wort soll ich als nächstes ein Video drehen?,"Ich bin mir sicher, dass Felix dran gedreht hat."
483,55,16,1.0,1.0,Wie soll ich alles in nur zwei Tagen wiederholen?,Wie soll ich alles in nur zwei Tagen wiederholen?
484,59,16,1.0,1.0,"Was ist denn schlimm daran, ein hübsches kleines Dummchen zu sein?","Ja man, wir haben gar keine Hübsche in der Klasse."
485,50,22,1.0,1.0,"Übers Festnetz wird im Stellwerk angerufen, wenn alles erledigt ist.","Übers Festnetz wird im Stellwerk angerufen, wenn alles erledigt ist."
486,43,29,1.0,1.0,"Wenn ihr allein nicht produktiv seid, sucht eine Gruppe.",Ich habe keine Chance gegen eine Gruppe von Kannibalen.
487,33,10,1.0,1.0,"Tja, ich bin mir sicher, dass du absolut alles erreichen kannst.","Tja, ich bin mir sicher, dass du absolut alles erreichen kannst."
488,30,14,1.0,1.0,"Wir haben sie mal gefragt, wie Igor so gewirkt hat.","Wenn man richtig hinsieht, wirkt das, was früher ganz normal war."
489,39,16,1.0,1.0,"Wie auch immer, such den Pass aus, der die ähnlich sieht.","Na ja, er sieht ihm eigentlich nur ein kleines bisschen ähnlich."
490,33,17,1.0,1.0,"Es melden sich bei uns vor allem Mütter, häufig alleinerziehende Mütter.","Daran sollten Sie sich halten, denn hier wird häufig geblitzt."
491,43,12,1.0,1.0,"Oder scheinen Menschen so schwach zu sein, dass sie sofort hinterherlaufen.","Oder scheinen Menschen so schwach zu sein, dass sie sofort hinterherlaufen."
492,40,11,1.0,1.0,"Lisas Eltern haben ihr verboten, mit mir zu spielen!","Er hat mir verboten, Samuel nach Hause zu bringen."
493,48,22,1.0,1.0,Wir können uns einen Döner holen und im Park essen.,Wir können uns einen Döner holen und im Park essen.
494,29,19,1.0,1.0,"Wir müssen auch schauen, warum wird diese Partei gewählt eigentlich?","Wir müssen auch schauen, warum wird diese Partei gewählt eigentlich?"
495,42,30,1.0,1.0,Wirst du direkt nach dem Studium mit der Arbeit beginnen?,Wirst du direkt nach dem Studium mit der Arbeit beginnen?
496,55,9,1.0,1.0,"Wenn er dort etwas anstellt, dann müssen Sie dafür ins Gefängnis.",Stellt ihr keinen Blödsinn an und blamiert mich nicht.
497,27,12,1.0,1.0,"Was ich allerdings, ehrlich gesagt für unehrlich und unredlich halte.","Was ich allerdings, ehrlich gesagt für unehrlich und unredlich halte."
498,51,29,1.0,1.0,"Was meinst du damit, dass ich mich anders verhalte?","Ich hoffe, dass er sich bald wieder so verhält wie früher."
499,41,21,1.0,1.0,"Und wo viel Menge ist, fällt auch öfter mal was auf.",Er muss eine Menge Geld im Spiel gewesen sein.
500,33,16,1.0,1.0,"Zweitens, es gab praktisch keine Planung für einen Rückzug dieser Art.","Das ist zwar super praktisch, aber in Sachen Ressourcenschonung eher bedenklich."
501,39,15,1.0,1.0,"Ja, ich lasse meine Tochter keine Sekunde länger hier!",Das ist nur der Bruchteil einer Sekunde z.B eine 50 Sekunde.
502,25,12,1.0,1.0,"Ich gehe gern auf Kritik ein, wenn sie konstruktiv ist.","Es gibt jede Menge Geheimdienstinformationen, auf die ich nicht eingehen möchte."
503,48,18,1.0,1.0,"Warum könnt ihr mich nicht so akzeptieren, wie ich bin?",Ich bin jetzt weniger traurig und habe meine Situation akzeptiert.
504,56,14,1.0,1.0,Wieso warst du nicht einfach vorsichtiger und hast dich damit verschont?,"Der Schütze ist noch auf freiem Fuß, also seid vorsichtig."
505,46,21,1.0,1.0,"Wir werden viel Geld ausgeben, aber es wird sich lohnen!",Dann hast du eben gerade Das ganze Geld ausgegeben.
506,15,6,1.0,1.0,Für uns ist völlig klar: Wir müssen die politischen Prozesse kennen.,Für uns ist völlig klar: Wir müssen die politischen Prozesse kennen.
507,40,16,1.0,1.0,Wir sind entweder mit dem Auto oder Zug gefahren.,"Der Zug war voll, doch wir haben einen Sitzplatz gefunden."
508,29,18,1.0,1.0,So herbft das herber kaum der Tod mischien auch schön.,Sie gibt sich immer noch die Schuld an seinem Tod.
509,37,22,1.0,1.0,Und in den Weinbergen Norditaliens wachsen Köstlichkeiten am Wegesrand.,"Du kannst da hin gehen, wo der Pfeffer wächst!"
510,29,16,1.0,1.0,Was hast Du während dieser Zeit getan?“ Er handelt.,"Hätten Sie nicht so schnell gehandelt, wäre es anders ausgegangen."
511,51,17,1.0,1.0,"Warte mal, ich weiß, von wem der Brief ist.",Sie wird niemals einen Brief an den Weihnachtsmann schreiben.
512,48,20,1.0,1.0,"Sie müssen das, was ich Ihnen jetzt sage, absolut vertraulich behandeln.","Ich hatte das Gefühl, ich hätte euch alle schlecht behandelt."
513,51,22,1.0,1.0,"Willst du Yara zwingen, mit dir zusammen zu sein?","Willst du Yara zwingen, mit dir zusammen zu sein?"
514,52,22,1.0,1.0,Will sonst noch jemand rumheulen oder können wir weitermachen?,"Und bevor wir weitermachen, ist es Zeit für unsere Vokabelübersicht."
515,48,27,1.0,1.0,Wir werden viel am Strand liegen und viele Cocktails trinken.,Wir werden viel am Strand liegen und viele Cocktails trinken.
516,28,9,1.0,1.0,Sie haben ein sehr schönes Büro mit viel Licht bekommen.,Sie haben ein sehr schönes Büro mit viel Licht bekommen.
517,48,18,1.0,1.0,Wir kochen normalerweise abends so Spaghetti in einem großen Topf.,"Ach ja, ich bin abends immer so gerne nach Hause gekommen."
518,55,25,1.0,1.0,"Wir wollen doch nicht, dass jemand dein Geheimnis erfährt.","Ich habe versucht, das Geheimnis von unseren Eltern zu lüften."
519,38,17,1.0,1.0,"Unsere Ur-Ur-Ur-Urahnen müssen irgendeinen triftigen Grund gehabt haben, um weiterzuziehen.",Das Thema ist Haiti und sie redet über irgendeine kleine Party.
520,49,25,1.0,1.0,Und in der Küche gab es auch teure Dinge!,Dann lassen Sie als letztes noch in die Küche gehen.
521,32,19,1.0,1.0,"Wenn wir uns verstecken können, Können die Gefallenen dasselbe tun?","Gern und gerne bedeuten dasselbe, allein und alleine auch."
522,51,7,1.0,1.0,"Keine Ahnung, aber er hat gesagt, es wird heftig.","Keine Ahnung, aber er hat gesagt, es wird heftig."
523,37,25,1.0,1.0,"Sobald ihr weg seid, geht mein lanweiliges Leben weiter.","Sobald der Teig fertig ist, kommt er in den Backofen."
524,48,22,1.0,1.0,Wir werden mit dem Bus an die Ostsee fahren.,"Hey Ahmed, ich brauche kurz die Schlüssel von dem Bus, bitte."
525,48,11,1.0,1.0,Ich kann doch sie anfassen und dann hier riechen oder nicht?,"Der Rauch, den ich auspust riecht nach Hugo Boss Botte."
526,39,23,1.0,1.0,Wie würdet ihr diese beiden Parteien noch näher zusammenbringen?,Hier hat auch jemand nahe des Tatorts einen roten Kleinwagen gesehen.
527,47,23,1.0,1.0,"Wenn er da ist, hat man immer was zu lachen.","Bald lacht ihr mich nicht mehr, wenn ich Sexback habe."
528,33,14,1.0,1.0,Und schließlich können einige der beschädigten Schiffe schnell repariert werden.,"Entschuldige bitte, mit einer Therapeutin kann ich schließlich über alles reden."
529,44,11,1.0,1.0,Wo spürt man diese Seele deutlicher als hier in Straßburg?,Du wirst Dinge spüren Das wird Ihr Urteilsvermögen trüben.
530,35,12,1.0,1.0,Unsere Sonne entstand direkt am Ende dieses kosmischen Totentanzes.,Unsere Sonne entstand direkt am Ende dieses kosmischen Totentanzes.
531,36,21,1.0,1.0,Übrigens wird das Gewinn­ und Verlustkonto auf dem Eigenkapitalkonto abgeschlossen.,Damit ist Stage 12 abgeschlossen und es geht nach Grainau.
532,40,15,1.0,1.0,"Und vor 7000 Jahren passiert aber dann plötzlich etwas Spannendes, Unerwartetes.","Ja, ich denke, heute haben wir ein spannendes Gespräch vor uns."
533,38,15,1.0,1.0,"Ja, ich habe sogar Fotos von der Party hochgeladen.","Ansonsten macht die Fotos von hier, sieht auch schön aus."
534,31,14,1.0,1.0,Sie schließen das hier und beginnen dann zu feuern.,Der Sark wird doch geschlossen sein bei der Trauberfeier.
535,40,24,1.0,1.0,Und das ist eine erste Zäsur auf unserer Route Richtung Venedig.,"Sie haben nicht versucht, das in eine Richtung zu kämmen."
536,34,21,1.0,1.0,Lasst uns das zu einem echten deutsch-französischen Projekt machen.,"Ich glaube, ich bin bereit für dieses neue Projekt."
537,29,13,1.0,1.0,"Und ich erinnere mich, wir hatten immer extrem viel Spaß.","Und extrem schnell, bis zu über 30 % Lichtgeschwindigkeit."
538,30,13,1.0,1.0,"Überfahre sie."" Hier werden Anleitungen geteilt für den Bau von Waffen.",Trotzdem will ich sie zu und bei der Waffe.
539,42,22,1.0,1.0,Während der Prüfung darf ich leider keine Fragen beantworten.,"Ihr denkt dran, die Frage des Tages zu beantworten."
540,33,20,1.0,1.0,Und zwar indem ich diesen Bereich hier kleiner ziehe.,Jetzt suche ich nach einem Job in diesem Bereich in Dresden.
541,30,17,1.0,1.0,"Xiao Li, schau mir noch mal nach, Gu Yanchuans aktuellen Terminplan.",Aktuell weiß man aber noch nicht so viel über Corona.
542,47,17,1.0,1.0,Wir haben die Koffer auf jeden Fall in ihr Zimmer gebracht.,"Okay, aber nur wenn du dann die Koffer trägst."
543,30,17,1.0,1.0,Ähm relativ ruhig geblieben im Vergleich zum letzten Jahr.,Ähm relativ ruhig geblieben im Vergleich zum letzten Jahr.
544,36,16,1.0,1.0,Wir leben ja in einer Gesellschaft der ständigen Erreichbarkeit.,"Was ist zum Beispiel, wenn sich Prioritäten im Job ständig ändern?"
545,43,14,1.0,1.0,"Stauffenberg ist überzeugt, dass der Diktator nicht überlebt haben kann.","Ich weiß nicht, ob die Ideenlehre Sie besonders überzeugt."
546,40,9,1.0,1.0,"Nur ist es noch ein bisschen kalt, acht Grad.",Da geht es grad weiter mit Wirtschaftsbegriffen ganz einfach erklärt.
547,47,23,1.0,1.0,"Während Leute, die ohne Pass hierher kommen, eine Rundumversorgung kriegen.",Und sie werden es herausfinden Ich bin hierher zurückgekommen.
548,40,10,1.0,1.0,"Ich hatte zuerst den Eindruck, dass meine Kollegin sehr streng ist.","Dann kommen zur Linksfraktion , Kollegin Mohamed Ali (Rednerwechsel) Danke schön."
549,22,12,1.0,1.0,Und genau da befinden sich die meisten von uns heute.,Und der Kugelscheiber befindet sich immer noch in der Hannröhre.
550,28,17,1.0,1.0,"Wir tragen Masken, denn es grassieren Krankheiten wie Tuberkulose.","Ich habe nur Vermutungen, was die Krankheit sein könnte."
551,43,23,1.0,1.0,Wir haben uns in letzter Zeit einfach zu selten gesehen.,"Ganz selten gibt es Menschen im Autismus Spektrum, die das können."
552,42,13,1.0,1.0,"Richard, du bist ein kluger Kerl, klüger als ich.","Oh, sie hat sich also einen Kerl von der Straße geangelt."
553,36,17,1.0,1.0,Und Kennedy wollte den kalten Krieg beenden in seiner zweiten Amtszeit.,"Nachdem wir die Schule beendet haben, wollte ich auch verreisen."
554,42,19,1.0,1.0,Wir waren bald spießiger als unsere Eltern das jemals waren.,Sie hat eine Viertelmillion geerbt ohne jemals Chicago zu verlassen.
555,48,18,1.0,1.0,"Wetter passt, jetzt mache ich eine Radtour von Zell nach Mayrhofen.","Das Wetter war kalt, doch die Kinder spielten draußen."
556,51,23,1.0,1.0,Ruan Jiaojiao ist doch von einem anderen Kerl schwanger!,"Die Frau, die du liebst, ist von einem anderen schwanger."
557,39,14,1.0,1.0,Währenddessen arbeitet dein Gehirn gleichzeitig in drei verschiedenen Zeitebenen.,Stell dir das vor wie ein Fitnessprogramm für dein Gehirn.
558,34,18,1.0,1.0,"Jetzt könnte man ja sagen: Na ja, die Banane, schade drum.","Darum geht es dir, dass ein Ansehen Schaden nehmen könnte?"
559,36,24,1.0,1.0,"Oh nein, ich habe schon wieder eine Absage erhalten.",Vor ein paar Monaten hat sie ein Jobangebot in München erhalten.
560,49,20,1.0,1.0,Wir wollen ihn überraschen und Zuckerfest im Krankenhaus feiern!,"Dass Ben Bett gefesselt ist, kann ich ihn gut überraschen."
561,41,15,1.0,1.0,Wir müssen die Operation in ein paar Stunden anfangen.,Wir müssen die Operation in ein paar Stunden anfangen.
562,42,22,1.0,1.0,Warum möchten Sie denn bei uns die Ausbildung machen?,In ein paar Wochen werde ich meine Ausbildung beenden.
563,38,15,1.0,1.0,"Ich werde versuchen, so viele Reden wie möglich zu halten.","Ich habe gar keine Rede vorbereitet, aber ich will etwas sagen."
564,30,15,1.0,1.0,"Wäre er erfolgreich, wä der Verräter kein dreckiger Hund.",Arbeitsteilung führte zur Spezialisierung und ließ Zellen gemeinsam erfolgreicher werden.
565,41,14,1.0,1.0,"Ich verstehe die Erklärung, aber sie ist etwas kompliziert.","Ich verstehe die Erklärung, aber sie ist etwas kompliziert."
566,39,18,1.0,1.0,Willkommen meine Damen und Herren zu einer neuen Folge Meinungsfreiheit.,Also die Dame nicht zu früh ins Spiel bringen.
567,47,4,1.0,1.0,"Ruhig, tut mir leid, dass es gerade dein Gefängnis war.","Es tut mir leid, Lisa, aber das ist zu teuer."
568,31,18,1.0,1.0,Wie bei einem Gartenschlauch kann man die Form des Wasserstrahls verändern.,Sie bekommen zum Beispiel Abgaben in Form von Getreide.
569,51,12,1.0,1.0,"Sie wollte wissen, wann Familie Müller Samuel abholen kann.",Ich habe diese beiden abgeholt Dort oben am Lagerfeuer.
570,35,16,1.0,1.0,Die erste Nacht für Florian und seinen Vater unter freiem Himmel.,Die erste Nacht für Florian und seinen Vater unter freiem Himmel.
571,32,15,1.0,1.0,"Über Freunde, die Arbeit oder eben den Sinn des Lebens.","Oh, das ist noch nicht einmal der Fall Pferd Sinn machen."
572,27,13,1.0,1.0,"„Greiß Godd“, das heißt auf Hochdeutsch quasi „Grüß Gott“.","„Greiß Godd“, das heißt auf Hochdeutsch quasi „Grüß Gott“."
573,41,19,1.0,1.0,Willst du nicht meine Pause machen und dich ein bisschen hinlegen?,Vielleicht habe ich etwas zu hart trainiert nach der langen Pause.
574,52,7,1.0,1.0,Was habt ihr alle eigentlich vor nach dem Bachelor?,"Das hatte auch keiner vor, also die meisten nicht."
575,29,11,1.0,1.0,Vor etwa 300.000 Jahren erscheint eine neue Spezies auf der Erde.,Vor etwa 300.000 Jahren erscheint eine neue Spezies auf der Erde.
576,33,15,1.0,1.0,Sie bekommen heute Abend eine Nachricht mit Ihrem Ergebnis.,Sie bekommen heute Abend eine Nachricht mit Ihrem Ergebnis.
577,30,16,1.0,1.0,Vielleicht hat sich jemand in der Regierung kaufen lassen.,Da steckt die Mafia dahinter und nicht die Regierung.
578,32,18,1.0,1.0,Ohne wirklichen Kontakt zueinander tun Menschen auf allen Kontinenten Ähnliches.,"Leider haben wir es nicht geschafft, den Kontakt zu halten."
579,39,20,1.0,1.0,Wir sind aus London gereist und wollen Geschäfte machen.,"Ich weiß nicht, was Herr Polnikova für Geschäfte macht."
580,34,14,1.0,1.0,Wir haben inzwischen acht Menschen mit Beeinträchtigungen bei uns beschäftigt.,"Manchmal habe ich inzwischen mehr Geld als meine Mutter, denke ich."
581,23,12,1.0,1.0,"Sarah, du hast die beste Arbeit der gesamten Schule geschrieben.",Alle Klassen der gesamten Schule haben die gleiche Arbeit geschrieben.
582,42,16,1.0,1.0,"Und was hast du mit deinen Haaren gemacht, Lisa?","Und was hast du mit deinen Haaren gemacht, Lisa?"
583,33,11,1.0,1.0,Wir bauen in unserem Kopf ein riesiges Monster auf.,"Ich glaube an dich, aber das ist eine riesige Chance."
584,36,17,1.0,1.0,"Wir empfehlen, die Operation so schnell wie möglich zu planen.","Wir empfehlen, die Operation so schnell wie möglich zu planen."
585,46,13,1.0,1.0,"Mal gucken, steht da was drauf, wo es herkommt?","Mal gucken, steht da was drauf, wo es herkommt?"
586,44,19,1.0,1.0,"Wir sind sehr gespannt darauf, was du zu erzählen hast.","Wir sind sehr gespannt darauf, was du zu erzählen hast."
587,33,12,1.0,1.0,"„Also, der Zug endet in Nienburg, kam gerade eine Durchsage.","Erwischt dein Immunsystem irgendwann einmal alle Tumorzellen, endet die Geschichte."
588,45,18,1.0,1.0,Wollen wir nicht erst mal das mit Yara und Riton klären?,Bevor wir so richtig loslegen lasst uns kurz die Begrifflichkeiten klären.
589,28,13,1.0,1.0,Überall im Land bilden die jungen Chinesen sogenannte Rote Garden.,Überall im Land bilden die jungen Chinesen sogenannte Rote Garden.
590,35,17,1.0,1.0,Und von vier bis halb fünf übt sie Flöte.,"Der hat das gegen eine Aufwandsentschädigung gemacht, damit er üben kann."
591,31,21,1.0,1.0,Vielleicht sollte ich den Prüfungen etwas weniger Bedeutung geben.,Hier seht ihr noch einmal die Wechselpräpositionen und ihre Bedeutung.
592,32,6,1.0,1.0,Und die brauchen eben unser aktuelles Lagebild am Boden.,Und die brauchen eben unser aktuelles Lagebild am Boden.
593,45,20,1.0,1.0,Während des Fluges wird Ihnen auf jeden Fall nicht langweilig.,In seinem Traum hat er seinen Flug nach Mallorca verpasst.
594,33,19,1.0,1.0,"Und was können Eltern tun, um ihre Kinder zu schützen?","Und dann bin ich froh, wenn ich geschützt werde."
595,19,13,1.0,1.0,Werden andere europäische Freunde wie die Deutschen sich anders positionieren?,Erst heute ändert sich mit deren Rückgabe auch das europäische Selbstverständnis.
596,28,8,1.0,1.0,Zwölf Kilometer Asphalt liegen vor ihnen und die erste Landesgrenze.,Etwa 80 Kilometer liegen hinter ihm und seinem Vater.
597,36,19,1.0,1.0,"Oh, wir hätten es nicht geglaubt Sie jedenfalls, Jack.","Na, jedenfalls im Spätzummer war der ganze Zauber vorbei."
598,32,15,1.0,1.0,In diesem Fall möchte ich dir meinen Kurs empfehlen.,In diesem Fall möchte ich dir meinen Kurs empfehlen.
599,35,19,1.0,1.0,So kommt das rote Boot hinter dem Blauen durch.,"Er will für das Boot bezahlen, was sehr nett ist."
600,44,12,1.0,1.0,Und ansonsten waren das eigentlich soweit die Zusatzleistungen während des Studiums.,"So, das funktioniert soweit ganz gut auf die Maße."
601,42,16,1.0,1.0,"Stört es euch, wenn ich hier kurz meinen Burger esse?","Du, ich störe ungern, es ist hier in Downtown stark bewölkt."
602,33,17,1.0,1.0,Wie viele Soldaten sind mit einer posttraumatischen Belastungsstörung nach Hause gekommen?,Wie viele Soldaten sind mit einer posttraumatischen Belastungsstörung nach Hause gekommen?
603,26,13,1.0,1.0,"Um Luft zu filtern, ist das einfach nicht machbar.",Aus der Luft lassen sich die Umrisse des Kastells gut erkennen.
604,36,19,1.0,1.0,"Wir müssen alle daran arbeiten, diese Situation zu verbessern.",So kannst du dein Deutsch Schritt für Schritt verbessern.
605,38,10,1.0,1.0,"Nur noch ein Tor, dann sind wir in Führung!",Die Iberische Halbinsel ist das perfekte Tor zum Nordatlantik.
606,46,14,1.0,1.0,"Sie war eine tolle Frau, lustig und so wunderschön.","Herzlich willkommen bei ""Unser Urlaub"" und in den wunderschönen Alpen."
607,31,11,1.0,1.0,"Obwohl Jesus in Johannes 10 sagt, dass du seine Stimme kennst.","Obwohl Jesus in Johannes 10 sagt, dass du seine Stimme kennst."
608,41,16,1.0,1.0,Wollen wir in dein Zimmer gehen und an dem Vortrag arbeiten?,Ich muss vor der ganzen Klasse den Vortrag halten.
609,32,15,1.0,1.0,"Sie suchen mich schon seit Jahren, aber ohne Erfolg.","Sie suchen mich schon seit Jahren, aber ohne Erfolg."
610,24,15,1.0,1.0,"Wir stellen heute fest, dass das Integrationsproblem, die Erfolge stehen bleibt.","Und das, was wir in Europa feststellen, gilt auch für anderswo."
611,30,13,1.0,1.0,"Und das Community-Portal, da können die Kunden miteinander kommunizieren?","Die gibt es in der Ukraine, da bin ich sogar Kunde."
612,26,12,1.0,1.0,Ich bin mir nicht sicher was im Vertrag steht.,"Claudia Midolo sagt, für sie sei so ein Vertrag Standard."
613,39,16,1.0,1.0,"Und Ordnung ist, wie wir wissen, das halbe Leben.","In Ordnung, wir haben Brot, Marmelade und frisches Obst."
614,40,9,1.0,1.0,Sie hat von meinen Augen aufgegeben und das hatte was Tragisches.,"Also würden Sie mit mir ausgehen, wenn ich meinen Job aufgebe?"
615,41,12,1.0,1.0,"Okay, Elif ist so dick, sie hat ihre eigene Postleitzahl.","Deine Mama ist so dick, sie hat die Blutgruppe Nutella."
616,40,14,1.0,1.0,"Jetzt schau mal, du packst eine Tasche für mich, Schatz, oder?",Das packen wir noch dazu und vervollständigen den Buchungssatz.
617,47,16,1.0,1.0,"Wenn sie nicht aufwacht, haben wir ein Problem, mein Freund.","Wenn sie nicht aufwacht, haben wir ein Problem, mein Freund."
618,40,13,1.0,1.0,Seit 50 Jahren kauft er in China Nahrungsmittel ein.,"Gar kein Bock, aber Lisa, nimm Papa mit und geht einkaufen."
619,31,18,1.0,1.0,Kannst habe ich ihm einfach die Platinkarte auf den Tisch geworfen.,Aber es wird trotzdem so in den Raum geworfen.
620,27,12,1.0,1.0,Was für ein komischer Move von so einem Tier.,Sie sind immer noch nur Tiere unter vielen anderen.
621,35,25,1.0,1.0,"Was müssen wir denn noch tun, um Samuels Unschuld zu beweisen?","Bleiben Sie bei den Fakten, die sich vor Gericht beweisen lassen."
622,39,20,1.0,1.0,Wie soll es weitergehen mit dem Sozialismus in der DDR?,Wie soll es weitergehen mit dem Sozialismus in der DDR?
623,41,17,1.0,1.0,"Ich möchte nicht, dass die Mülltonne vor meinem Laden steht.","Ich möchte nicht, dass die Mülltonne vor meinem Laden steht."
624,46,16,1.0,1.0,"Sie hat anscheinend jemanden gefunden, der besser zu ihr passt.","Anscheinend ist mein Boot gekippt, aber ich weiß nicht wie."
625,30,18,1.0,1.0,"Manchmal dauert das etwas länger, bis die Transkription erstellt wird.",Ich werde lieber TikToker und erstelle den ganzen Tag Brain-Lots.
626,29,15,1.0,1.0,"Und wenn ein Text hier generiert wird, da muss stehen: KI-generiert.",Ich habe den Text gestern in die Busuu Community geschickt.
627,23,14,1.0,1.0,Nach Aussagen ihrer Freunde hatten sie keine Waffen im Auto.,Die Aussage des ganzen Satzes wird ein bisschen schwächer und ungenauer.
628,27,8,1.0,1.0,"Wir sind bewusst so zusammengezogen, also nicht auf 2 Etagen.","Das musst du dir bewusst machen, während du das Abendmahl nimmst."
629,29,22,1.0,1.0,"Wenn es so weitergeht, besteht die Gefahr von multiplem Organsagen.","Nein, Sarah würde niemals ihre Freunde in Gefahr bringen."
630,18,6,1.0,1.0,"Liebe Lernende, das Wort Pech bedeutet Bad Luck auf Englisch.",Ein englischer Akzent auf Deutsch klingt für viele deutsche charmant.
631,37,22,1.0,1.0,Wie erschießen Sie?Alfred kämpft gut und tötet schnell einem verwundeten Kannibalen.,"Hab ich schon gehört, ein Mann hat den Präsidenten erschossen."
632,35,19,1.0,1.0,Zum Schluss ein Blick in die Glaskugel von Ihnen.,Das ist nicht ganz einfach auf den ersten Blick zu verstehen.
633,38,20,1.0,1.0,"Wie würden Sie reagieren, wenn ihr Kind sich nicht richtig verhält?","Ich habe Angst davor, wie mein Vater reagieren wird."
634,29,10,1.0,1.0,"Wir brauchen Maßnahmen, die Übergewicht von Anfang an verhindern.",Das eine: Ich will das für mich auf jeden Fall verhindern.
635,38,9,1.0,1.0,"Was kein Problem ist, solange es noch Nikotin im Blut gibt.",Pumpt wie Blut durch die Adern dieser ganzen Stadt.
636,38,15,1.0,1.0,"Wenn man kurbeln tut, gehen die automatisch mit zurück.",Der geht dann aber häufig nur auf eine Person zurück.
637,48,20,1.0,1.0,"Natürlich hassen die Anderen dich, wenn du sie so behandelst.","Ich hasse das Gefühl, ein krankes Kind zu haben."
638,32,13,1.0,1.0,"Ich habe kein wirkliches Recht um dich zu fragen, schätze ich.","Die werden schon dafür sorgen, dass dir Recht wird."
639,36,10,1.0,1.0,"Sie würden anfangen, über eine andere Bank nachzudenken, weitere 350.000 Dollar.","Danach habe ich angefangen, in einer Bank in Frankfurt zu arbeiten."
640,23,9,1.0,1.0,Es wird zu einem grandiosen Wohlstandsverlust für die ganze Gesellschaft führen.,Es wird zu einem grandiosen Wohlstandsverlust für die ganze Gesellschaft führen.
641,30,13,1.0,1.0,Und oft musst du erst einmal die Sprache des Systems lernen.,"Und es war immer an dem System gefeilt, zu ihren Gunsten."
642,26,13,1.0,1.0,Und dann habe ich angefangen einfach öffentlich drüber zu reden.,"Es war ihre Idee, das Hearing öffentlich zu machen."
643,29,18,1.0,1.0,"Wer auch immer gewinnt, wird das Universum unterhaltsam zerstören.",Jetzt hat das Universum noch den Bruchteil einer Sekunde.
644,30,13,1.0,1.0,"Ist es also möglich, ein schwarzes Loch zu zerstören?",Also entweder versenken oder vergraben und ich will keine Löcher graben.
645,30,18,1.0,1.0,Was ist denn nun an diesem Tag wirklich geschehen?,"Hier geschieht irgendwas und ich muss herausfinden, was es ist."
646,41,17,1.0,1.0,"Wenn wir ruhig sind, wird er sich vielleicht auch beruhigen.","Ein völlig sinnloses Verhalten, aber es mindert Stress und beruhigt."
647,37,20,1.0,1.0,Und was ist jetzt der größte Unterschied von Schule zu Studium?,Schreibt mir doch unter das Youtube Video was die Unterschiede sind.
648,39,16,1.0,1.0,"Um nicht geschlagen zu werden, muss ich zuerst angreifen.","Immunzellen haben einen Aus-Schalter, um sie zu deaktivieren, bevor sie angreifen."
649,39,25,1.0,1.0,Weil einfach mein Sport mir nicht die Möglichkeiten dazu gibt.,Ein bisschen Sport tut wirklich gut nach so einem langen Arbeitstag.
650,35,15,1.0,1.0,In unserem Geschäft können wir uns keine Fehler erlauben.,"Ich denke, dass ich die Justizier ein VA erlaubt hat."
651,36,13,1.0,1.0,Wolltest du vor der Abschussprüfung nicht noch 10 Pund abnehmen?,"Vielleicht solltest Meine Mama hat immer gesagt, ich soll abnehmen."
652,39,10,1.0,1.0,"Sie haben zugelassen, dass ich mit ihnen über seinen Penis rede.","Wenn wir beides erlauben würden, wenn wir mehr Diversität zulassen würden."
653,42,17,1.0,1.0,"Na gut, lass uns die Sachen auspacken und losgehen.","Dass es so schnell losgeht, hätte ich jetzt nicht gedacht."
654,33,12,1.0,1.0,Warum wollte der Polizist es dir jetzt nicht zeigen?,Warum wollte der Polizist es dir jetzt nicht zeigen?
655,33,17,1.0,1.0,Und den Herrn Schaible bitte ich selber drauf zu achten.,"Sie haben doch gesagt, dass ich darauf achten soll, oder?"
656,39,18,1.0,1.0,Wir fangen mehr Ziegen und haben jetzt 50 Ziegen.,"Wenn du je anfängst zu baden, fange ich anzuklopfen."
657,31,14,1.0,1.0,Und auch die Frage der Zölle muss wieder eine Rolle spielen.,"Niemand bricht zusammen, weil er eine Rolle nicht bekommt."
658,34,22,1.0,1.0,Überhaupt find ich die gesamte Geschichte und Natur Nordeuropas extrem interessant.,Dann können wir auch ein bisschen die Natur genießen.
659,27,18,1.0,1.0,"Manuel, ich habe uns allen einen neuen Ausdruck mitgebracht.",Ein sehr häufig verwendeter Ausdruck ist “Das passt schon”.
660,26,15,1.0,1.0,Zum Einsatz kommt auch hier das dreckige Wasser aus dem Fluss.,Zum Einsatz kommt auch hier das dreckige Wasser aus dem Fluss.
661,34,9,1.0,1.0,"Wir müssen unbedingt dieses Ei finden, ansonsten kommt Papa ins Gefängnis.","Wir müssen unbedingt dieses Ei finden, ansonsten kommt Papa ins Gefängnis."
662,33,19,1.0,1.0,"Stoffwechsel, Hormonhaushalt und das Hungergefühl stellen sich darauf ein.",Stellt euch auf 6 Uhr früh am Montag ein.
663,40,22,1.0,1.0,Waren Sie jemals ein offizieller Agent der Central Intelligence Agency?,"Er ist offiziell der Torschütze, verstehe das, wer will."
664,28,15,1.0,1.0,"Lass uns zur nächsten Regel kommen, die mindestens genauso wichtig ist.",In Odessa wurden zwei Menschen getötet und mindestens elf verletzt.
665,39,12,1.0,1.0,Mach dich am besten auf ein langes Schuljahr gefasst.,"Ich fasse es nicht, dass sie so weit gegangen ist."
666,27,15,1.0,1.0,"Kontrolliere diese Emotionen, oder der Kampf kann nicht gewonnen werden.","Kontrolliere diese Emotionen, oder der Kampf kann nicht gewonnen werden."
667,38,23,1.0,1.0,Zum Schluss werden dann alle Artikel zusammengefasst von den Grafikern.,Hier zeige ich euch eine Tabelle der Artikel im Dativ.
668,44,11,1.0,1.0,Wir sehen uns doch erst in 2 Wochen wieder.,Wir sehen uns doch erst in 2 Wochen wieder.
669,38,15,1.0,1.0,Ich komme nächste Woche vorbei um den Vertrag zu unterschreiben.,"Ich habe vielleicht dann auch den Fehler gemacht, das zu unterschreiben."
670,28,12,1.0,1.0,"Valenty wüsste gern, wie wir mit dem Tod des Präsidenten umgehen.","Valenty wüsste gern, wie wir mit dem Tod des Präsidenten umgehen."
671,46,20,1.0,1.0,Und ich liebe es auch ins Kino zu gehen.,Hast du Lust heute Abend mit mir ins Kino zu gehen?
672,33,15,1.0,1.0,"„Cool, ich studiere auch Informatik, dann sieht man sich bestimmt regelmäßig!",Wir müssen es nur regelmäßig jeden Tag tun und nicht sporadisch.
673,29,16,1.0,1.0,Wie beim Fahrradfahren ist auch hier das richtige Equipment entscheidend.,"Entscheidend dafür ist der ""BMI"", der Body Mass Index."
674,30,10,1.0,1.0,Die Farbe des Kuro ist die Farbe der Willenskraft.,Die Farbe des Kuro ist die Farbe der Willenskraft.
675,38,16,1.0,1.0,"Oder willst du, dass diese Schante ewig auf mir lastet?","Danke, dass du gut bist und deine Barmherzigkeit ewig wird."
676,22,13,1.0,1.0,Und genauso viele werden rund um jeden Stern im Universum leben.,"Bilden sich neue Sterne, explodieren darauf normalerweise massereiche Sterne als Supernovae."
677,34,12,1.0,1.0,"Wie wäre es, wenn wir alle eine Runde Verstecken spielen?",John Bir Society weiter rechts als Attila der Runde.
678,42,10,1.0,1.0,"Weil es mir sehr peinlich ist, dass ich nicht schwimmen kann.","Ja, es wäre sehr peinlich, wenn du es nicht hinbekommen würdest."
679,40,9,1.0,1.0,"Vielen lieben Dank, dass ihr immer liebe Kommentare schreibt.","Vielen lieben Dank, dass ihr immer liebe Kommentare schreibt."
680,36,18,1.0,1.0,Wir sollen einfach so feste Brumpfzeiten ausmachen wie bei den Tieren.,"Am besten funktionierts, wenn ich den Kopf einfach ausmache."
681,48,13,1.0,1.0,"Wenn man hässlich googelt, kommt ein Bild von dir.","Wenn Sie das trinken, sind Sie nicht mehr so hässlich."
682,19,11,1.0,1.0,Viele Historiker setzen auf dieses Datum den Beginn des Reiches.,Trotzdem ist Karl nur in zehn Prozent seines Reiches persönlich unterwegs.
683,22,16,1.0,1.0,Nun betrifft Sie das auch ganz persönlich in Ihrem Amt.,"Und was Sie beide betrifft, machen Sie draußen weiter."
684,21,9,1.0,1.0,"Ich wusste, dass nur du die Kraft hast ein Anführer sein.",Die deutschen und die alliierten Kräfte sind etwa gleichstark.
685,23,12,1.0,1.0,Zu ihrer eigenen Sicherheit bringen wir sie in den Isolationsraum.,Seine Entschlossenheit und Unberechenbarkeit vereiteln jegliches Gefühl von Sicherheit und Optimismus.
686,27,20,1.0,1.0,"Wie Sie wissen, ist die Lage in den letzten Tagen eskaliert.",Aber die veränderte politische Lage sorgte für eine neue Situation.
687,32,13,1.0,1.0,Sie hat schließlich ihr ganzes Geld zum Fenster rausgeworfen.“ Oh nein!,Sie hat schließlich ihr ganzes Geld zum Fenster rausgeworfen.“ Oh nein!
688,31,14,1.0,1.0,"Mein Tag war bisher schon ziemlich produktiv, ich habe einiges erledigt.","Mein Tag war bisher schon ziemlich produktiv, ich habe einiges erledigt."
689,21,12,1.0,1.0,"Wir haben nichts einzuwenden, solange Laura dich ebenfalls heiraten möchte.",Jos und die Fitz will Mädchen werden ebenfalls Brautjungfern sein.
690,24,15,1.0,1.0,Während einiger Wochen kopiert sich die fehlerhafte Zelle immer wieder selbst.,"INTRO Krebs entsteht, wenn beschädigte Zellen sich unkontrolliert vermehren."
691,23,8,1.0,1.0,München-Venedig ist zumindest für dieses Jahr jetzt für uns vorbei.,München-Venedig ist zumindest für dieses Jahr jetzt für uns vorbei.
692,29,19,1.0,1.0,"Zu einem Zeitpunkt, man außergerichtlich nicht mehr hätte viel erreichen können.",Der Zeitpunkt liegt auf jeden Fall relativ weit in der Vergangenheit.
693,28,14,1.0,1.0,Wie soll ich das Kanoe aus dem Wald zum Strand bringen?,"Nie Wald weiß, dass sie seinen Namen genannt haben."
694,35,16,1.0,1.0,Kinder bitte putzt euch die Zähne und geht dann ins Bett.,"Das Klo putzen zum Beispiel, den Müll rausbringen oder einkaufen gehen."
695,25,8,1.0,1.0,"Nicht er hat mich vergewaltigt, sondern sozusagen ich ihn.","Nicht er hat mich vergewaltigt, sondern sozusagen ich ihn."
696,40,22,1.0,1.0,"Und die Tore, da wird nachher auch eine Stange reingezogen.",Bekomme ich nachher noch ein Stück von der Pizza?
697,34,14,1.0,1.0,Wir gehen dann immer noch mal drüber und diskutieren einzelne Punkte.,"Liebe Damen, wenn ihr gerne diskutiert, heiratet einen Anwalt."
698,31,20,1.0,1.0,Wir haben beide nach einem Partner gesucht und hatten viele Gemeinsamkeiten.,Und bei der Geschäftside sollen sie mein Partner sein.
699,38,11,1.0,1.0,"Sollen wir vielleicht warten, bis die Polizei den Kerl erwischt hat?","Sollen wir vielleicht warten, bis die Polizei den Kerl erwischt hat?"
700,40,22,1.0,1.0,"Oh, und die Show heißt jetzt Abby on the Road.",Die Show ist vorbei und dann kehrt endlich wieder Ruhe ein.
701,40,17,1.0,1.0,Wir bereiten gemeinsam leckere Mahlzeiten zu und probieren neue Rezepte aus.,Da könnt ihr auch ruhig ein bisschen rumspielen und euch ausprobieren.
702,17,11,1.0,1.0,"Ein weiterer Punkt dazu, was Schadensersatzansprüche gegen Unternehmen angeht.","Das Fremdkapital sind alle Schulden, die das Unternehmen hat."
703,24,16,1.0,1.0,"Übrigens, auch der Mehrheitsgesellschafter hat kein Weisungsrecht gegenüber Mitarbeitern.","Das ist aber kein Grund, alles an den Mitarbeitern auszulassen."
704,25,13,1.0,1.0,"Wow, das ist wirklich ein heißer Beruf für einen Mann.","Wow, das ist wirklich ein heißer Beruf für einen Mann."
705,16,13,1.0,1.0,"Wer faul ist, wird die Klausur jedoch nicht bestehen.","Sie sind extrem anpassungsfähig, oft jedoch ohne es selbst zu merken."
706,24,11,1.0,1.0,Und das genau ist im letzten Jahr ein Stück weit gelungen.,"Es ist am Anfang schwierig, aber am Ende gelingt es mir."
707,30,6,1.0,1.0,"Sir H würden Sie nicht zustimmen, dass die weitermachen sollen?","Sir H würden Sie nicht zustimmen, dass die weitermachen sollen?"
708,25,14,1.0,1.0,Von daher: Es hat Krisensitzungen hier in Berlin gegeben.,"Der Kalender ist besser, daher sieht jeder sofort die Zeit."
709,26,14,1.0,1.0,Zunächst lebten die meisten Deutschen als Bauern auf dem Land.,Zunächst lebten die meisten Deutschen als Bauern auf dem Land.
710,29,13,1.0,1.0,Man merkt's aber auf jeden Fall in den Beinen.,Ich werde ein Bein nehmen und das Fleisch kleinhacken.
711,35,14,1.0,1.0,"Überleg dir, auf welcher Seite du stehst, Onkel Willly.","Hey Steve, würdest du mit Onkel Will mal ein Moment rauskommen?"
712,38,7,1.0,1.0,"Wenn es diesmal nicht klappt, dann halt beim nächsten Mal.","Wenn es diesmal nicht klappt, dann halt beim nächsten Mal."
713,25,12,1.0,1.0,"Wir haben noch genug Zeit, eine Familie zu gründen.",Eine Familie gründen ist für Emily und Erik kein Thema.
714,26,9,1.0,1.0,Unser Korrespondent in London Christoph Prössl hat die Demos verfolgt.,Unser Korrespondent in London Christoph Prössl hat die Demos verfolgt.
715,32,14,1.0,1.0,"Äh, die Bohrarbeiten in den Bergen waren ein Albtraum, ehrlich gesagt.","Ich glaube, ich habe eine Lösung für die Berge."
716,26,10,1.0,1.0,Sogar auf frischer Tat ertappt und immer noch uneinsichtig!,Sogar auf frischer Tat ertappt und immer noch uneinsichtig!
717,26,17,1.0,1.0,"Was soll das heißen, dass der Präsident entfernt bin?","Der Laden ist weit entfernt, doch wir fahren trotzdem hin."
718,34,16,1.0,1.0,Und dann wäre ich noch mal deutlich über 3.000 Meter.,Und dann wäre ich noch mal deutlich über 3.000 Meter.
719,38,10,1.0,1.0,Und die original türkische Wampe hast du auch dazu.,Und die original türkische Wampe hast du auch dazu.
720,29,16,1.0,1.0,"War es falsch, alle Beamten rauszuschicken, nur einen am Telefon zurückzulassen?","Am Telefon hat sie mir nicht erzählt, worum es geht."
721,35,19,1.0,1.0,"Und wie Klara zugegeben hat, dass sie nicht gekommen ist.","Ich gebe zu, ich habe dafür eine kleine Schwäche."
722,26,17,1.0,1.0,"Zeit, die man im Alltag normalerweise nicht so wirklich hat.","Siehst du Matthias, manchmal muss man einfach aus seinem Alltag rauskommen."
723,38,13,1.0,1.0,Schließlich wollen wir uns entspannen und keinen Stress haben.,"Deutsch ohne Stress heißt nicht, dass alles einfach ist."
724,24,10,1.0,1.0,"Nur nicht auf eine Weise, die du verstehen kannst.","Nur nicht auf eine Weise, die du verstehen kannst."
725,32,14,1.0,1.0,Wir können Ihnen 60.000 Euro pro Jahr und einen Firmenwagen anbieten.,Wir können Ihnen 60.000 Euro pro Jahr und einen Firmenwagen anbieten.
726,23,16,1.0,1.0,Wir werden Eigenverantwortung fordern und mehr Eigenleistung von jedem abfordern müssen.,"Die einen wollen mehr Demokratie, die anderen fordern Gehorsam der Untertanen."
727,20,5,1.0,1.0,Wie fast alle anderen Mitglieder des Politbüros und deren Familien.,"Es war ja eine Frau dabei, ein Mitglied des Disziplinarausschüsses."
728,33,15,1.0,1.0,"Wirt, sind bei dir Gäste untergekommen, die eine Mönchskutte tragen?",Einmal die Woche öffnen wir unsere Brücke für unsere Gäste.
729,23,15,1.0,1.0,Stress scheint in der modernen Arbeitswelt allgegenwärtig zu sein.,Stress scheint in der modernen Arbeitswelt allgegenwärtig zu sein.
730,23,14,1.0,1.0,Stattdessen soll sie sich hier von Nazis zusammenschlagen lassen.,Deutschland unter den Nationalsozialisten konnte nicht länger ignoriert werden.
731,32,15,1.0,1.0,"Wollen Sie einen Professor bestrafen, wenn er seine Studentin verbessert?",Die Professoren sind jetzt wieder Klerus vor der Reformation.
732,35,16,1.0,1.0,Trotzdem gilt wie immer in Mathe: Übung macht den Meister.,Trotzdem gilt wie immer in Mathe: Übung macht den Meister.
733,29,10,1.0,1.0,"Schau, wie schön das Licht durch die Bäume fällt.","Ja, standfest zu sein wie ein tief verwurzelter Baum."
734,24,10,1.0,1.0,"Wo ist der andere Brunnen, den du erwähnt hast?",Pontius Pilatus und Tiberius werden auch im Lukasevangelium namentlich erwähnt.
735,19,10,1.0,1.0,Wegen ihrer kurzen Flugzeit müssen die Maschinen objektnah stationiert werden.,Wegen ihrer kurzen Flugzeit müssen die Maschinen objektnah stationiert werden.
736,19,12,1.0,1.0,Ziel ist der Angriff durch den Wald auf die erkannte Feindstellung.,Paul Harber war der erste Angriff auf die Vereinigten Staaten.
737,37,14,1.0,1.0,"Vielen Dank für den Tipp, Herr und Frau Kunze!",Tipp drei: Du hast deine Gestik in der Hand.
738,30,11,1.0,1.0,Meine Abzüge wurden überprüft mit denen auf dem Gewehr.,"Sie sind die Vorhut, die den Brunnen überprüfen soll."
739,31,4,1.0,1.0,Und da bin ich als vollkommen auf ihrer Seite.,"Ach, meine Liebe, es ist vollkommen egal, was du sagst."
740,39,13,1.0,1.0,"Ich musste nach draußen gehen, um telefonieren zu können.",Das Telefonieren fällt uns meistens schwerer als das persönliche Gespräch.
741,19,14,1.0,1.0,"Unsere Armeen sind jetzt Investia, Dali, Laos und Dufan.","Unsere Armeen sind jetzt Investia, Dali, Laos und Dufan."
742,28,13,1.0,1.0,Wir können zusammen in die Moschee gehen und beten.,"Viele von uns beten, als ob wir es wüssten."
743,26,5,1.0,1.0,Zumindest im dritten Jahrhundert wird sie in einem Teilgebiet zurückgenommen.,Zumindest im dritten Jahrhundert wird sie in einem Teilgebiet zurückgenommen.
744,22,10,1.0,1.0,"Mit jeder neuen Generation Sterne, gibt es immer mehr Rote Zwerge.",Doch von Generation zu Generation dringt er weiter vor.
745,21,12,1.0,1.0,Wir sammeln als Erstes Wörter für eine bestimmte Situation.,"Tausende unserer Männer versuchen, sich in el-Alamein zu sammeln."
746,35,23,1.0,1.0,Tomy die Fresse schon morgens so dicke weiße Wurste.,"Die Luft war morgens frisch, und die Straßen waren ruhig."
747,20,8,1.0,1.0,"Was sie aber nicht können, sind sinnlose Bewegungen, die wir aneinanderreihen.","In ungefähr 12 Stunden kriegt ihr ein bisschen Bewegung, Jungs."
748,18,10,1.0,1.0,Und auf der anderen Seite kürzen wir im sozialen Bereich.,Stellt sich die soziale Frage auch noch in unserem Jahrhundert?
749,16,8,1.0,1.0,Und on paper erfüllt China die Vorgaben für das Projekt auch.,In einer nahen Zukunft werden sie die Kopenhagen-Kriterien erfüllen.
750,16,7,1.0,1.0,Durch den Geist erlebte er die Liebe des Vaters.,"Dort ist der Ort, an den mein Geist gehört."
751,32,7,1.0,1.0,"Und sie verhindern, dass normale Zellen sich wie wild vermehren.","Ich sehe keine Menschen auf der Insel, nur wilde Tiere."
752,32,16,1.0,1.0,Wie viele von den roten Pflanzen habt ihr Sarah denn gegeben?,"Was Sarah braucht, ist mehr von der roten Pflanze."
753,24,8,1.0,1.0,Man sieht also nur die positiven Seiten des anderen.,"Diese Gespräche hier, die wirken ja durchweg positiv, also lösungsorientiert, harmonisch."
754,24,17,1.0,1.0,Und das ist für mich ein schönes Ergebnis einer Diskussion.,"Aber die Diskussion, die politische Diskussion ist im Raum."
755,21,10,1.0,1.0,Knapp 40.000 Personen können hier pro Stunde befördert werden.,Knapp 40.000 Personen können hier pro Stunde befördert werden.
756,29,18,1.0,1.0,Und dann habe ich die Hälfte von meinem Boot gegeben.,"Wenn die Hälfte des Hühnchen mag, kommt auf die Karte."
757,25,14,1.0,1.0,"Wir sehen: Österreich ist ein Land, in dem viele Völker leben.","Wir sehen: Österreich ist ein Land, in dem viele Völker leben."
758,30,12,1.0,1.0,Sie sind angesprochen wurden hier im Raum von verschiedenen Kollegen.,"Als ich ihn darauf angesprochen habe, hat er gelogen."
759,38,14,1.0,1.0,Scheint mir doch nicht so ganz ordentlich zu sein.,Das wird sie dann natürlich mit einer ordentlichen Portionpörung dementieren.
760,29,12,1.0,1.0,"Sag mal, muss das sein mitten in der Nacht?","Sag mal, muss das sein mitten in der Nacht?"
761,27,15,1.0,1.0,"Oberstdorf bietet auch Wintersportlern viele Möglichkeiten, den Skisprung-Fans und der Eislaufelite.","Der Skylift bietet nicht nur unglaubliche Höhe, sondern auch Präzision."
762,35,17,1.0,1.0,"Wenn es dich interessiert, dann bleib auf jeden Fall dabei.","Das interessiert dir doch keinen Menschen, wie sich einer nennt."
763,29,11,1.0,1.0,"Wenn nicht, können Sie ihn in der Leichenhalle abgeben.",Du brauchst den Kopf nur in der Fotte abzugeben.
764,29,17,1.0,1.0,"Zwei von 100 Deutschen sind vielleicht Juden, wenn es hochkommt.","Man denkt dann, okay, die Juden sind schuld, die einfache Lösung."
765,31,18,1.0,1.0,Über mehrere Monate begleiten wir Strafverteidiger Alexander Stevens mit der Kamera.,Wollen Sie uns bis zur Landesgrenze begleiten oder was?
766,29,13,1.0,1.0,Zuerst müsst ihr euch das Auge als Kugel vorstellen.,Deshalb sehen schwarze Löcher aus wie schwarze Kugeln aus Nichts.
767,30,14,1.0,1.0,Über die Beweise müssen Sie sich keine Sorgen machen.,"Ich weiß auch nicht, was es für neue Beweise geben soll."
768,23,16,1.0,1.0,Wir können jetzt Filme über Antennen an Bildröhren schicken und darstellen.,Warum soll man es hier nicht als Angriff darstellen?
769,30,21,1.0,1.0,"Und Bier, das ist ein Grundnahrungsmittel in der Zeit.","Ich sehe aber, einige haben hier auch schon ein Bier getrunken."
770,36,25,1.0,1.0,"Was es auch sei, ich traue diesen Verbesserungen nicht.",Ich traue Bild schon eine Weile nicht mehr über den Weg.
771,28,12,1.0,1.0,"Sie haben mir gezeigt, dass ein Video über “treten” nicht reicht.","Das bedeutet, dass man eine Tür öffnet, indem man dagegen tritt."
772,16,5,1.0,1.0,"Wenn ihr zum Beispiel sagt: ""Ich spreche sehr gut Französisch"".","Wenn ihr zum Beispiel sagt: ""Ich spreche sehr gut Französisch""."
773,33,8,1.0,1.0,Weil der Furz in meinem Bauch zu gefährlich ist.,"Mein Bauch tut so weh, aua, was ist das?"
774,31,13,1.0,1.0,"Je öfter ich sie benutze, desto leichter werden sie.","Je öfter ich sie benutze, desto leichter werden sie."
775,31,23,1.0,1.0,Sie unterstützen den Hydrolipidmantel der Haut und wirken entzündungshemmend.,Deine Haut altert rapide und du siehst schneller alt aus.
776,27,16,1.0,1.0,"Und diese Transformation wird bis Mitte der 20er, 30er Jahre andauern.",Sie nennen es das Gehirn der Schweizer Eisenbahn: Die Betriebszentrale Mitte.
777,28,15,1.0,1.0,Trotz der Gefahr verschickt und verteilt er sechs Flugblätter.,Früher waren die Mitarbeiter in tausenden Stellwerken über’s ganze Land verteilt.
778,32,13,1.0,1.0,"Wir sind auf Befehl des Abdtes hier, um ihm daraus hinzubringen.","Ich muss meine eigenen Fehler machen und daraus lernen, Papa."
779,34,14,1.0,1.0,Wir werden mit der Schule von Frau Kunze zusammenarbeiten.,Wir werden mit der Schule von Frau Kunze zusammenarbeiten.
780,29,13,1.0,1.0,"Wissen Sie, ob jemand in der Nähe wegziehen will?",Ich baue ein kleines Zelt in der Nähe des Strandes.
781,28,8,1.0,1.0,"Wenn es Probleme gibt, wird das festgehalten in den Auditberichten.",Methan hält etwa 28 mal mehr Wärme fest als CO2.
782,19,10,1.0,1.0,"Rosas Gerichte zu kochen, ich weiß nicht, hat mir Energie gegeben.","Entropie und Dunkle Energie hören nicht auf, bis sie fertig sind."
783,27,11,1.0,1.0,Wir kommen aus Westzia und bringen die heilige Frau.,"Gut, ich mache dich mit der heiligen Frau bekannt."
784,38,13,1.0,1.0,"Wolltest du, dass sie in Chansutra nicht für uns stehlen?","Bin ich jetzt schuld, dass du die Unterlagen gestohlen hast?"
785,36,11,1.0,1.0,Wir verabschieden uns in Deutschland immer weiter vom Selbstversorgungsgrad.,Ich verabschiede mich von meiner Frau und wir gehen.
786,41,10,1.0,1.0,"Wenn du lügst, haben wir ein großes Problem, Aschkem.","Eigentlich sollte man besser lügen, aber das kann ich nicht."
787,21,11,1.0,1.0,"Spannend wird sein, wenn repräsentative Daten nach der Pandemie kommen.","Spannend wird sein, wenn repräsentative Daten nach der Pandemie kommen."
788,36,13,1.0,1.0,"Y, bitte tu mir den allerletzten gefallen in meinem Leben.","Ich bin mir sicher, dass es Fabian gefallen wrid."
789,28,14,1.0,1.0,"Wenn ich in ihr zuwerfe, sie nur auf den Ball.",Vielleicht kommt der Ball hierhin oder dorthin oder doch dahin.
790,25,19,1.0,1.0,"Und Samuel, wie ist dein erster Eindruck von Deutschland?",Ich habe einen sehr guten Eindruck von ihm bekommen.
791,18,9,1.0,1.0,Es gibt von Platon relativ wenig konkrete Aussagen zur Theologie.,"Auf der Seite ""languagetool.org"" habe ich dafür auch konkrete Zahlen gefunden."
792,31,21,1.0,1.0,Wenn ihr mehr dazu wissen wollt klickt auf den Link.,Den Link findest du auch direkt unter diesem Video.
793,31,8,1.0,1.0,"Manche nehmen das Thema sehr ernst, andere deutlich lockerer.","Manche nehmen das Thema sehr ernst, andere deutlich lockerer."
794,29,17,1.0,1.0,Weil sie da schon längst über die Auswanderung nachgedacht hatte.,"Was Martin hier misst, das wissen wir Autofahrer schon längst."
795,27,19,1.0,1.0,Und sind sie wirklich die Vorfahren der heutigen Deutschen?,Und mitten in der Altstadt ist die heutige Via Dolorosa.
796,31,16,1.0,1.0,"Wenn wir keinen Druck machen, wird das nicht passieren.","Der politische Druck der AfD im ""Blauen Land"" wirkt."
797,26,18,1.0,1.0,Wie vielen Medien gibt er damals auch uns bereitwillig ein Interview.,In Stevens' Augen wurde Mockridge von den Medien vorverurteilt.
798,27,10,1.0,1.0,"Nein, wir hatten einen kleinen Unfall mit unserem Wagen.",Der letzte Wagen kam 7 bis 10 Minuten vor der Schießerei.
799,29,16,1.0,1.0,"Sie hat gesagt, dass ich ihr nächstes Opfer bin.",Arte war das erste Opfer dessen und hat hierunter gelitten.
800,33,15,1.0,1.0,"Äh nein, ich hatte sie gewarnt, dass das passiert.","Ich muss Sie aber warnen, er ist kein normaler Arzt."
801,34,18,1.0,1.0,Sie machen schreckliche Geräusche und der Junge hat große Angst.,"Es tut mir schrecklich leid, dass ich sie nicht vorgestellt habe."
802,33,14,1.0,1.0,Unter Kollegen oder Nachbarn wird aber ganz normal geredet.,Mit Kollegen und Nachbarn gibt es bei mir ganz normalen Smalltalk.
803,37,13,1.0,1.0,"Ich habe Angst, dass ihr enttäuscht von mir seid.","Ich war so enttäuscht, dass ich es verpasst habe."
804,19,9,1.0,1.0,Und Vitruv beschreibt für jede dieser Vorrichtungen die praktischen Grenzen.,Ich erzähle Alfred meine Geschichte und beschreibe ihm England und Europa.
805,27,13,1.0,1.0,"Ich kann nicht mehr tun, als die Täter zu suchen.","Ich kann nicht mehr tun, als die Täter zu suchen."
806,30,10,1.0,1.0,"Wir beobachten ja Phänomene, die nicht ganz neu sind.","Wir beobachten ja Phänomene, die nicht ganz neu sind."
807,34,6,1.0,1.0,"Halt noch kurz durch, wir sind gleich am Krankenhaus.","Halt noch kurz durch, wir sind gleich am Krankenhaus."
808,20,9,1.0,1.0,Zusätzlich werden die Stimmen lauter ein geeinigtes Deutschland zu schaffen.,Zusätzlich werden die Stimmen lauter ein geeinigtes Deutschland zu schaffen.
809,28,15,1.0,1.0,Osw wurde mit ihm im letzten Sommer häufig gesehen.,Die Sonne geht im Winter früher unter als im Sommer.
810,30,12,1.0,1.0,"Vizepräsidentin Delcy Rodríguez hat erklärt, dass Maduro weiterhin Präsident ist.",Der Dübel aber sitzt weiterhin fest an seinem Platz.
811,24,15,1.0,1.0,"Um genau zu sein, er hat sich von selbst hergestellt.","Kontakt hergestellt, Kommander, wir kriegen kein einziges Signal von der Magelan."
812,21,12,1.0,1.0,Wir reden mittlerweile schon seit 2 Jahren nicht mehr miteinander.,Wir reden mittlerweile schon seit 2 Jahren nicht mehr miteinander.
813,22,10,1.0,1.0,Wir können uns Sie sehr gut in dieser Position vorstellen.,Wir können uns Sie sehr gut in dieser Position vorstellen.
814,26,12,1.0,1.0,Zum Beispiel organisieren wir in der Region Occitanie eine Veranstaltung.,"Es ist ein gutes Gefühl, den Tag organisiert zu starten."
815,24,17,1.0,1.0,"Vater, selbst für diejenigen, die online zuschauen, danke ich dir.","Derjenige, der mich aufgerichtet hat heute Abend zum Abendessen."
816,20,13,1.0,1.0,"Wir fragen Yudashkin, ob er von Brunels Verbindung zu Epstein wusste.","Wir fragen Yudashkin, ob er von Brunels Verbindung zu Epstein wusste."
817,34,12,1.0,1.0,Menschen mit Long-Covid sind dann müde und können schlechter atmen.,Wir alle atmen die gleiche Luft und wir sind alle sterblich.
818,27,11,1.0,1.0,"Soll das heißen, ihr seid raus aus dem Rennen?","Ich renne hinaus und sehe, dass der Boden zu beben beginnt."
819,27,8,1.0,1.0,"Ted: Verzeihung, ich werde mal kurz auf die Gleise springen.","Ted: Verzeihung, ich werde mal kurz auf die Gleise springen."
820,37,11,1.0,1.0,"Es tut mir leid, ich bin ein bisschen nervös.","Wenn ich nervös bin, dazu muss ich besser drauf sein."
821,34,12,1.0,1.0,"Und wir wollen ihm nur dabei helfen, die Schulden loszuwerden.","Und wir wollen ihm nur dabei helfen, die Schulden loszuwerden."
822,19,12,1.0,1.0,Wir haben die Gegner gerade 7 zu 1 weggeballert.,"Ich weiß nicht, so ein Gegner ist mir neu."
823,34,6,1.0,1.0,Ruf sie einfach an und geh wieder in deine Wohnung zurück.,Mein Ruf als Lehrer an dieser Schule steht auf dem Spiel.
824,34,12,1.0,1.0,Und diese kleinen Neutrino Scheißkerle lassen sich durch nichts aufhalten.,"Schön, wir brauchen uns nicht lange bei der Vorräder aufzuhalten."
825,21,7,1.0,1.0,In einigen Milliarden Jahren wird die Milchstraße mit Andromeda zusammenwachsen.,In einigen Milliarden Jahren wird die Milchstraße mit Andromeda zusammenwachsen.
826,26,13,1.0,1.0,Was ist eigentlich der Unterschied zwischen den Begriffen “Kollege” und “Mitarbeiter”?,"Ein Begriff, der hier oft genannt wird, ist die Work-Life-Balance."
827,35,18,1.0,1.0,"Es heißt doch eigentlich ""der Schlüssel"" und nicht ""den Schlüssel"".","Die Schlüssel, Alex, ich dachte, du hast sie mitgenommen."
828,22,13,1.0,1.0,"Und ich weiß, dass du da die Grenze ziehst.","Und ich weiß, dass du da die Grenze ziehst."
829,25,8,1.0,1.0,"Sie hängen ihn für etwas, was er nicht getan hat.","Sie hängen ihn für etwas, was er nicht getan hat."
830,29,13,1.0,1.0,Warum hat dieser Idiot schon wieder so ein teuren Computer gekauft?,"Der Computer ist alt, doch er funktioniert noch gut."
831,36,18,1.0,1.0,"Vielleicht wäre es besser, wenn wir uns scheiden lassen.",Das würde sich jetzt hier bei Aristoteles nicht scheiden.
832,27,14,1.0,1.0,Privat ist es meiner Erfahrung nach aber viel entspannter.,Privat ist es meiner Erfahrung nach aber viel entspannter.
833,24,12,1.0,1.0,"Vielleicht liegt es daran, dass mein Party Outfit zu eng ist.","Vielleicht liegt es daran, dass mein Party Outfit zu eng ist."
834,29,9,1.0,1.0,"Kannst überhaupt nicht fassen, dass ich diesen Schwachsinn mitgemacht habe.","Ja, und zu Hause könnt ihr das jetzt auch alle mitmachen."
835,27,16,1.0,1.0,Sie ist eine geologisch aktive Senke mit ausgeprägten Karststrukturen im Untergrund.,Hier sind noch zwei Supermethoden für die aktive Anwendung.
836,36,11,1.0,1.0,"Ich frage mich, was für eine Milch das ist?","Einen großen Kaffee mit Milch und ein Stück Schokoladenkuchen, bitte."
837,35,15,1.0,1.0,Vielleicht musste sie kacken und ist in den Garten gegangen.,"Natürlich, dort haben Sie eine schöne Aussicht auf den Garten."
838,26,16,1.0,1.0,Mit ihnen kann man einen Grund für eine Sache angeben.,Deine Angestellten-Einkünfte musst du auch in deiner Einkommensteuererklärung angeben.
839,40,8,1.0,1.0,Hier kommt jetzt noch das Wetter und der Witz von Mia.,"Wenn das ein Witz ist, hast du ein Problem."
840,31,12,1.0,1.0,"Man muss seinen Kindern beibringen, gemeinsam eine Lösung zu finden.",Ich möchte Alfred Englisch beibringen und möchte das schnell machen.
841,25,13,1.0,1.0,Nach Heinrichs Tod wird sein Sohn Otto zum ostfränkischen König gewählt.,"Weiß entwickelt den Läufer, macht Platz für den König."
842,31,15,1.0,1.0,"Weißt du, was mich heute Abend wahnsinnig gemacht hat?",Da hast du dir aber was wahnsinnig originelles ausgedacht.
843,33,13,1.0,1.0,Viele schöne Kleider und Schmuck gibt's in San Francisco.,Eines Tages kam dieser Kleid und nahm sie mit.
844,33,13,1.0,1.0,"Wisst ihr, es hat ihn viel Mühe gekostet, hierher zu kommen.",Simon und ich haben uns aber auch keine Mühe gegeben.
845,7,3,1.0,1.0,"Ich habe Kabelbinder besorgt, die ein bisschen was halten.","Ich habe Kabelbinder besorgt, die ein bisschen was halten."
846,30,16,1.0,1.0,"Vor allem, wenn man ein Rezept für Medikamente braucht.","Vor allem, wenn man ein Rezept für Medikamente braucht."
847,27,8,1.0,1.0,Mit diesen kleinen Armen und Beinen ist nicht schnell.,Mit diesen kleinen Armen und Beinen ist nicht schnell.
848,26,13,1.0,1.0,"Man weiß nie, wer sich so im Internet rumtreibt.",Ein paar Tage ohne Internet wird aber schon schwer.
849,28,11,1.0,1.0,"Ich verlange, dass man mich vor ein ordliches Gericht stellt.","Ich kann von dir auch nicht verlangen, dass du mir verzeihst."
850,32,13,1.0,1.0,"Wenn ich auf den Knopf drücke, ist Delara tot.",Der hat mir dieses Rohr mindestens 5 cm rüber gedrückt.
851,21,11,1.0,1.0,Wichtig ist aber: Man muss den Netto-Lohn genau betrachten.,"Hmm, so habe ich das noch gar nicht betrachtet."
852,18,11,1.0,1.0,"Nicht bei Josephus, dessen Antiquitates Judaicae die Region kennt.",Die eine Lesart würde die etablierte Chronologie der Region unbeschadet lassen.
853,29,15,1.0,1.0,"Wichtig ist, dass du Feedback bekommst und den nötigen Wortschatz lernst.",Also das ist Warum haben nötig auf andere Parteien abzuschauen?
854,23,11,1.0,1.0,"Wir wissen nicht, was diese Energie ist oder warum sie existiert.","Allein, dass du existierst, ist schon eine Beleidigung für mich."
855,31,14,1.0,1.0,"Sie behauptet, Ruby hat Oswald schon seit Jahren gekannt.","Sie behaupten, dass der Kerl sich im Hause versteckt hat."
856,30,9,1.0,1.0,"Schreib mir einfach, wenn ich noch etwas besorgen soll.","Es wird doch dauern, die ganzen Hilfsmittel zu besorgen."
857,19,12,1.0,1.0,"Wir müssen noch zwei Tests machen, um das Ergebnis zu prüfen.","Dann prüfen wir, was daran stimmt und was zu pauschal ist."
858,24,10,1.0,1.0,"Es könnte sein, dass ich mich missverständlich ausgedrückt habe.","Es kann sein, dass ich mich nicht richtig ausgedrückt habe."
859,30,6,1.0,1.0,Sie haben die Menschlichkeit verloren und sind mehr Teufel als Mensch.,Sie haben die Menschlichkeit verloren und sind mehr Teufel als Mensch.
860,19,13,1.0,1.0,„Nach dem Ersten Weltkrieg gibt es innerhalb der Rechtswissenschaft eine Debatte.,"Im zweiten Weltkrieg war ich in Rumänien, Griechenland und Jugoslawien."
861,28,8,1.0,1.0,"Weißt du, ich konnte dir nie für die Kamera danken.",Samira ist mir vor und hinter der Kamera eine große Hilfe.
862,16,9,1.0,1.0,"Weiter Folgen sind, dass auch unsere Ersparnisse an Wert verlieren.",Also es war jedes Mal eine Variable mit einem anderen Wert.
863,29,9,1.0,1.0,So werden sie dir dann auch am Computer angezeigt.,Ich werde die Polizei anrufen und diesen Dieb anzeigen!
864,20,13,1.0,1.0,Herr Hitler scheint die Feinde mehr im eigenen Land zu suchen.,Dann aus den Feinden am Himmel werden später Freunde fürs Leben.
865,28,11,1.0,1.0,Wie könnt ihr in der Hochfrequenz Financial Engineering einsteigen?,Wie könnt ihr in der Hochfrequenz Financial Engineering einsteigen?
866,25,8,1.0,1.0,Typische Quasare verzehren zwischen einer und hundert Erdmassen Gas pro Minute!,"Aber es gibt noch weniger neuro typische, die das können."
867,31,21,1.0,1.0,Wie kann man sich also vor all diesen Risiken schützen?,"Je länger der Krieg dauert, desto höher das politische Risiko."
868,23,9,1.0,1.0,"Jetzt heißt es aber warten, dass der Wind aufhört.","Es ist gerade nicht möglich, weil wir Wind haben."
869,22,15,1.0,1.0,Und nicht links oder rechts über die Felder drüber fährt.,Und nicht links oder rechts über die Felder drüber fährt.
870,21,12,1.0,1.0,"Tägliche Immersion klingt erstmal kompliziert, aber was heißt das eigentlich?","Da konnte man täglich zuschauen, wie der Gletscher kleiner wird."
871,32,6,1.0,1.0,Hilfe ich werde entführt Bitte irgendjemand muss mir helfen.,"Das war keine Bitte um Erlaubnis, sondern nur ein Gespräch."
872,27,18,1.0,1.0,Sie können doch unmöglich das letzte Wort in Punkto Führerscheine sein.,"Ich sag dir, das Kind kann unmöglich von ihm sein!"
873,26,15,1.0,1.0,Zufällig einfach mal dazwischen rufen Blau habe ich gehört.,Hat der zufällig vor langer Zeit in Walsen gelebt?
874,33,17,1.0,1.0,"Woher kommen Sie, wo haben Sie gearbeitet, was sind Ihre Hobbys?","Tja, aus diesem Hobby könntest du viel mehr machen."
875,29,14,1.0,1.0,Ich habe ein lahmes Pferd und wir werden tauschen.,"Oh, ich ich will nur nach dem Pferd sehen."
876,15,7,1.0,1.0,Ihr wollt doch die Verlobung mit unserer Familie Ruan auflösen!,Auch die Verträge von anderen Academy-Teilnehmerinnen seien aufgelöst worden.
877,34,8,1.0,1.0,Was kann man von einem Schwein anderes erwarten als grunzen?,"Jeder, der Schwein ist, bekommt bei mir eine Eins."
878,31,7,1.0,1.0,"Denkst du echt, mit ein paar Blumen wird alles wieder gut?","Denkst du echt, mit ein paar Blumen wird alles wieder gut?"
879,20,12,1.0,1.0,Vielen Dank für Ihr Interesse und bis zum nächsten Mal.,Vielen Dank für Ihr Interesse und bis zum nächsten Mal.
880,25,11,1.0,1.0,Wir haben ein wichtiges Projekt mit einer Firma aus China.,"Jede Firma, die ich auditiere, versucht, sich im besten Licht darzustellen."
881,20,13,1.0,1.0,Wir leben immer noch in Deutschland und Kultur eine große Geschichte.,"Kultur, Zivilisation und die Raumfahrt entwickelten sich dann allerdings superschnell."
882,35,15,1.0,1.0,Normalerweise schmeißen wir Leute bei einem Vergehen schon aus unserem Hotel!,"Ja, mal etw türkische Musik an, dann vergeht die Zeit schneller."
883,23,17,1.0,1.0,"Warum sollte ich mich auf das richten, was im Himmel zählt?","Nein, ich wollte ihn schon vor Jahren richten lassen."
884,33,10,1.0,1.0,Wir machen eine Pause zum Frühstück in ein paar Minuten.,"Jetzt zwei Minuten warten, dann ist das Frühstück fertig."
885,27,10,1.0,1.0,Von mir aus kannst du die Gläser mit ins Bett nehmen.,Ein Glas Whisky und Lockenwickler und du könntest meine Mom sein.
886,22,7,1.0,1.0,"Schaut, was er hier in Kolosser Kapitel 2 sagt.","Beginnen sie überall, ein neues Kapitel der Menschheitsgeschichte aufzuschlagen."
887,25,15,1.0,1.0,"Wir verschenken als Gesellschaft so viel, und viele Menschen leiden unnötig.","Ich möchte nicht, dass Ihre Beziehung zu Sarah wegen mir leidet."
888,31,10,1.0,1.0,Mit leerem Magen kann ich sowieso nicht klar denken.,"An deinem Schmuck habe ich gesehen, dass du diese Farbe magst."
889,29,9,1.0,1.0,"Tja, ihr Signore singt für ihren Meister und das bedeutet was?","Nun singt der Zuckerspiegel im Blut aber, neue Kohlenhydrate werden gebraucht."
890,26,13,1.0,1.0,Ich nehme einen Topf und mache ein Feuer um ihn herum.,Ich besuchte Kunstgalerien und stöberte in verstaubten Antiquariaten herum.
891,25,9,1.0,1.0,"Weißt du, es ist komisch, dass du gerade jetzt auftauchst.","Aliens könnten nicht nur auftauchen, sondern uns auch ziemlich schnell umzingeln."
892,29,15,1.0,1.0,"Wenn er deine Romane kauft, die Welt gehört in mute Gedanke.",Also ein guter Roman ist für mich wie Netflix.
893,25,9,1.0,1.0,"Wir verstehen unter Deflation, den Rückgang des allgemeinen Preisniveaus.","Im Allgemeinen drückt er aus, dass etwas in Ordnung ist."
894,29,11,1.0,1.0,"Zweimal rausgeworfen werden, dass es mehr als man verlangen kann.","Am Telefon sagten Sie zweimal so schnell, nicht viermal."
895,32,12,1.0,1.0,Er hatte sich mit ein paar Antikastroanern geprügelt und wurde verhaftet.,Er hatte sich mit ein paar Antikastroanern geprügelt und wurde verhaftet.
896,35,13,1.0,1.0,"Wie war denn das Leben als du noch jung warst, Oma?","Wie war denn das Leben als du noch jung warst, Oma?"
897,24,13,1.0,1.0,"Ich frage den spanischen Mann, warum er auf diesen Inseln ist.",Dann gehen wir etwas in einem spanischen Restaurant essen.
898,29,10,1.0,1.0,"Sobald wir wissen, wo Lisa ist, werden wir sie befreien.",Er hat mich aus der Macht der Finsternis befreit.
899,21,9,1.0,1.0,"Wie heiß wird das, wenn man ins Feuer rein geht?","Und es gibt eine schwarze Stelle, wo ein Feuer gewesen ist."
900,31,15,1.0,1.0,Sonst muss ich das ganze Zeug noch mal machen.,"Du weißt doch, wie viel Kalorien das Zeug hat."
901,21,13,1.0,1.0,Und ich muss nicht den ganzen Tag Unterhosen waschen.,Und ich muss nicht den ganzen Tag Unterhosen waschen.
902,35,7,1.0,1.0,"Wie wär es, wenn wir toll essen gehen und spazieren?","Wie wär es, wenn wir toll essen gehen und spazieren?"
903,22,10,1.0,1.0,"Komm, ich helfe dir ein paar passende Schuhe dafür zu finden.",Ich kann mir die Schuhe mit dem Haken drauf leisten.
904,26,10,1.0,1.0,Wir beide gehen uns jetzt mal ein paar schöne Antipasti aussuchen.,"Ich kann mir oft nicht aussuchen, worüber ich nachdenke."
905,24,9,1.0,1.0,Wie hat mein Lehrer damals immer gesagt: Ohne Fleiß keinen Preis!,Die Preise sahen gut aus und die Autos auch.
906,22,14,1.0,1.0,"Kannst du mir später zeigen, wie ich Programme selbst schließe?","Das Programm aus Ernährungstherapie, Bewegungsprogramm und Verhaltenstherapie hat er mitentwickelt."
907,23,16,1.0,1.0,Und deswegen bezeichne ich ADHS als eine Art Diabetes im Kopf.,Pershing bezeichnete ihn als den besten Frontgeneral des Krieges.
908,23,12,1.0,1.0,"Wir wollen diese beiden Männer hängen, aber streng nach dem Gesetz.",Auch alle anderen Gesetze müssen damit in Einklang stehen.
909,17,9,1.0,1.0,Und das war der soziale Vergleich mit anderen Menschen.,Im Vergleich zu meiner Stadt gibt es hier mehr Radwege.
910,18,11,1.0,1.0,"Schnell Jungs, ihr wisst, dass es 78er Gebiet ist.",In diesem Gebiet ist nur ein kleiner Asteroid angezeigt.
911,30,15,1.0,1.0,"Versteh nicht, was das mit Patienten zu tun hat.","Versteh nicht, was das mit Patienten zu tun hat."
912,20,10,1.0,1.0,Wir wurden zu Beginn des Prozesses mit Visitenkarten überschüttet.,Wir wurden zu Beginn des Prozesses mit Visitenkarten überschüttet.
913,18,9,1.0,1.0,Vor allen weil mein Vater grundsätzlich dagegen war gegen ihn.,Und deswegen gehen die grundsätzlich anders um mit China.
914,31,7,1.0,1.0,"Ich habe am Tee gerochen, wie deine Matrjoschka riecht.","Ich habe am Tee gerochen, wie deine Matrjoschka riecht."
915,26,13,1.0,1.0,Ich kann nicht mit meinem Kanu aufs Meer hinausfahren.,Ich kann nicht mit meinem Kanu aufs Meer hinausfahren.
916,19,11,0.94,0.94,"Als wir nach Hause kommen, sagt der Kapitän, benutze ein größeres Boot.","Als wir nach Hause kommen, sagt der Kapitän, benutze ein größeres Boot."
917,18,11,1.0,1.0,"Sie müssen versuchen, die Situation unter Kontrolle zu kriegen.","Deswegen kann man sagen: Kontrolle, Kurs und klare Kante zeigen Wirkung."
918,28,7,1.0,1.0,"Scheiße, ich habe Schüsse gehört, die kamen von da drüben.","Scheiße, ich habe Schüsse gehört, die kamen von da drüben."
919,21,12,1.0,1.0,Zntausende sterben im Granatfeuer und werden in zusammenstürzenden Gebäuden begraben.,"Und in diesem Gebäude, das den Namen von Louise Weiß trägt."
920,24,10,1.0,1.0,"Lacht weiter, ihr werdet mich bald im Fernsehen sehen.","Dann erzähle ich, ich war zu Hause und habe Fernsehen geguckt."
921,24,8,1.0,1.0,Und lässt sich im Jahr 800 zum Kaiser krönen.,"Aber man darf den Diktator, den kommunistischen Kaiser Chinas nicht verniedlichen."
922,23,6,1.0,1.0,Kann ich bei Ihnen den Antrag stellen für eine Terminierung?,Kann ich bei Ihnen den Antrag stellen für eine Terminierung?
923,24,9,1.0,1.0,"Vielen Dank, Lena, für diese klaren und praxisnahen Erklärungen.",Und Modelwerk hat mir auch keine Erklärung wirklich geben können.
924,14,9,1.0,1.0,Britische Kommandeure der achten Armee freuen sich über einen Sieg.,Britische Kommandeure der achten Armee freuen sich über einen Sieg.
925,19,14,1.0,1.0,Er hat den amerikanischen Bürgerkrieg gewonnen und die Sklaverei abgeschafft.,Die amerikanischen und philippinischen Streitkräfte sind schlecht ausgerüstet und unerfahren.
926,29,13,1.0,1.0,Nur ein Jahr nach Beginn unserer Ehe begann Richard zu husten.,Nur ein Jahr nach Beginn unserer Ehe begann Richard zu husten.
927,32,13,1.0,1.0,Wie weit wollen Sie in der Blechdose da reinkommen?,Wie weit wollen Sie in der Blechdose da reinkommen?
928,24,12,1.0,1.0,"Ich denke, dass die Blätter nicht noch mal überarbeitet werden sollten.","Bitte denken Sie daran, auf jedes Blatt Ihren Namen zu schreiben!"
929,28,16,1.0,1.0,Wir nehmen den Zug heute Nachmittag nach San Francisco.,"Mittags gibt es eine Pause, und am Nachmittag geht es weiter."
930,23,15,1.0,1.0,Wollen Sie bei Ihrer eigenen Hochzeit der Missachtung verurteilt werden?,"Verurteilt, der Gerichtspodcast mit Heike Borufka und Basti Red."
931,30,17,1.0,1.0,"Wir sind auf dem Weg, den Planeten Erde zu erobern.",Unser Planet hat einen Durchmesser von mehr als 12.000 Kilometern.
932,29,12,1.0,1.0,"Ja, ich hätte mir niemals träumen lassen, dass es soweit kommt.",Die AfD träumt von Atomkraftwerken und will keine neuen Windräder genehmigen.
933,33,10,1.0,1.0,Hört also gut zu und lasst euch nicht ablenken!,"Du musst ihn irgendwie ablenken, damit ich mit Yara reden kann."
934,33,14,1.0,1.0,Wie kann man seiner Tochter so etwas nur antun.,"Ich weiß nicht, wie er mir das antun konnte."
935,17,9,1.0,1.0,"Daher kommt das, wenn man die Politik so einteilt.","Daher kommt das, wenn man die Politik so einteilt."
936,13,7,1.0,1.0,"Welche Herausforderung für alle anderen, die nichts gegen Hitler gemacht haben.",Für die Baubehörden ist der Elfenglaube eine besondere Herausforderung.
937,28,11,1.0,1.0,"Und zum Schluss wollen die Hunde immer kuscheln, das ist großartig.",Und in dieser Herrlichkeitszone fühlst du dich plötzlich großartig.
938,27,14,1.0,1.0,"Ja, also er hat sich in die Hose gemacht.","Ja, also er hat sich in die Hose gemacht."
939,21,11,1.0,1.0,Sie dürfen nicht darüber berichten in den nächsten zwei Stunden.,"Eure Majestät, ich kann berichten, der Premierminister hat einen Adoptivsohn."
940,18,10,1.0,1.0,"Und die Vorstellung ist, so ist das mit dem Leben.","Und die Vorstellung ist, so ist das mit dem Leben."
941,23,12,1.0,1.0,"Ich weiß noch, als wir die Wahl gewonnen hatten.","Damit wartet er, bis er die Wahl gewonnen hat."
942,21,11,1.0,1.0,"Wer viel Geld hat, der hat Einfluss und Vorteile.","Wer viel Geld hat, der hat Einfluss und Vorteile."
943,19,11,1.0,1.0,"Live ist das, die Aufnahme wird noch geschnitten und redigiert.","Live ist das, die Aufnahme wird noch geschnitten und redigiert."
944,25,16,1.0,1.0,Und von diesem Augenblick an hatte ich keine Angst mehr.,In diesem Augenblick hat Oswald vielleicht zum ersten Mal Angst gehabt.
945,27,13,1.0,1.0,"Meine Ärztin hat gesagt, dass ich mich mal untersuchen lassen sollte.",Dann untersucht der Archäologe Antoine Muller die Kugeln mit einem Laserscan.
946,22,10,1.0,1.0,"Waco, sag allen, sie können sich die Beine vertreten.","Ich vertrete nicht nur die Täterseite, sondern auch die Opferseite."
947,27,11,1.0,1.0,Leah: Hat sich schon mal jemand einen Finger gebrochen?,Leah: Hat sich schon mal jemand einen Finger gebrochen?
948,28,7,1.0,1.0,"Immer wenn Papa kacken geht, muss ich die Luft anhalten!","Immer wenn Papa kacken geht, muss ich die Luft anhalten!"
949,32,16,1.0,1.0,Wie soll ich noch zwei Jahre mit denen aushalten?,"Ich wundere mich tatsächlich, wie sich so lange ausgehalten hat."
950,29,10,1.0,1.0,"Wenn Sie nicht still sind, höre ich gar nichts.","Wenn Sie nicht still sind, höre ich gar nichts."
951,27,11,1.0,1.0,Wir haben einen Termin mit Herrn Freundlich um 16:00 Uhr.,"Ich kenne ihn nicht gut, aber er wirkt freundlich."
952,22,12,1.0,1.0,"Zum Beispiel ein Zeuge, der schon einen Mitwirkungsvertrag unterschrieben hat.","Tommi, ma che belle ragazze, voll die geilen Zeugen."
953,20,12,1.0,1.0,"Wasserstoff soll eingesetzt werden, die Anlagen sollen dafür ertüchtigt werden.","Wasserstoff soll eingesetzt werden, die Anlagen sollen dafür ertüchtigt werden."
954,26,13,1.0,1.0,Sie ist so wertvoll und die höchste Maxime im Leben.,Ich breche gerne in Häuser ein und stehle wertvolle Sachen.
955,25,14,1.0,1.0,"Wenn Sie Brot oder Nudeln essen, dann lieber am Mittag.",Also lieber ein leichter Salat oder ein belegtes Brot.
956,30,13,1.0,1.0,So können Back-Fans zusammen mit den Omas backen lernen.,So können Back-Fans zusammen mit den Omas backen lernen.
957,26,5,1.0,1.0,Dann lassen Sie uns gleich mit dem Wohnzimmer anfangen.,Dann lassen Sie uns doch gleich ins Wohnzimmer gehen.
958,24,11,1.0,1.0,Warum hast du sie nicht an die Wand geschmissen?,"Es ist natürlich schon was Besonderes, an dieser Wand zu sitzen."
959,25,15,1.0,1.0,Wir müssen gemeinsam ein Thema für die Präsentation auswählen.,In filmic pro kannst du das Mikrofon bewusst auswählen.
960,30,12,1.0,1.0,"Wenn wir einen Unfall haben, dann muss ich deine Beerdigung bezahlen.",Mittlerweile gehört zur Arbeitssicherheit mehr als nur die Verhinderung von Unfällen.
961,22,18,1.0,1.0,"Und darauf, mit anderen Menschen möglichst oft gemeinsam zu sein.","Ich will, dass du möglichst schnell möglichst viele Videos fertig bekommst."
962,21,7,1.0,1.0,"Und du sagst, sie hätten deine lutherische Kirche hier geschlossen.","Es ist nicht so, dass jede Kirche gleich ist."
963,14,9,1.0,1.0,"Und, dass sie die Kosten über ihre ersten Jobs begleichen könne.",Nach den Anwaltsschreiben steigen die Kosten sogar auf rund 3.500 Euro.
964,24,12,1.0,1.0,"So, wie viele Personen besitzen einen Schlüssel für den Safe?","So, wie viele Personen besitzen einen Schlüssel für den Safe?"
965,22,12,1.0,1.0,Wünschen Sie sich eher einen Jungen oder ein Mädchen?,Wir freuen uns über Ihre Fragen und Wünsche in den Kommentaren.
966,22,12,1.0,1.0,Zur Erinnerung: Franzi möchte gerne in die Modelkartei aufgenommen werden.,"Dann ist mir aufgefallen, dass die besten Geschenke Erinnerungen sind."
967,28,9,1.0,1.0,Er hat allen Schülern von früher eine E-Mail geschrieben.,Er hat allen Schülern von früher eine E-Mail geschrieben.
968,19,7,1.0,1.0,"Wichtig ist nur, ihren Zustand im Auge zu behalten.",Solche Fragen und auch dieses ständige Abfragen von Zuständen.
969,15,4,1.0,1.0,Wie konnte es aus seiner Sicht zu der Radikalisierung kommen?,Und diese Sicht der Dinge hat sich eigentlich bis heute gehalten.
970,27,15,1.0,1.0,"Seltsam, denn ich höre keine Beschwerden von den anderen.",Den ganzen Tag über hast du diese seltsamen Schwingungen.
971,25,8,1.0,1.0,"Sie geben möglicherweise einen Hinweis darauf, welche Zeremonien zum Spiel gehörten.",Und dann und dann möglicherweise wurde jedes Wort aufgezeichnet.
972,29,9,1.0,1.0,"Man fragt natürlich, soll ich da hingehen oder blockieren.","Man fragt natürlich, soll ich da hingehen oder blockieren."
973,29,14,1.0,1.0,"„Partisanen werden in den Gebieten gebraucht, wo sie aufgewachsen sind.","Auch ich habe nicht vergessen, wie ich aufgewachsen bin."
974,27,10,1.0,1.0,Werden unsere Noten gelöscht und wir starten wieder bei null?,Werden unsere Noten gelöscht und wir starten wieder bei null?
975,28,12,1.0,1.0,Wollen wir noch kurz zu mir gehen und einen Wein trinken?,"Wir haben Musik gehört, Wein getrunken und Spiele gespielt."
976,29,13,1.0,1.0,"Wir gehen wieder."" Das wäre Musik in meinen Ohren und Taschen.","Ich würde gleich damit anfangen, meine Tasche zu packen."
977,27,11,1.0,1.0,"Hey, du mit den Schamharen, greift dir die Pizza.",Das kann man doch gar nicht richtig auch greifen.
978,23,12,1.0,1.0,Warum geht ihr nicht einfach zum Flughafen und entscheidet dann spontan?,"Hier entwickelt man, lässt Dinge runterfallen und Kinder helfen spontan."
979,29,13,1.0,1.0,"Weil es ihr sehr unangenehm ist, darüber zu sprechen.","Ich muss sagen, dass mir das Ganze etwas unangenehm ist."
980,24,11,1.0,1.0,"Und ich schlage sofort vor, das wir gehen wieder Textblöcke.","Ich schlage vor, wir machen hier eine kurze Pause."
981,34,9,1.0,1.0,"Wenn Samuel die Chips sieht, frisst er sie alle weg.",Kann ich auch ein paar von den Chips haben?
982,28,14,1.0,1.0,"Und bevor wir mit Mythos 4 weitermachen, ein kurzer Rückblick.","Aber auch dieser Mythos zeigt, wie alte Bilder weiterleben."
983,32,9,1.0,1.0,Zwei Tickets in die Türkei für dich und Mama.,"Bitte gebt es mir, damit ich die Tickets kaufen kann."
984,29,13,1.0,1.0,"Lassen Sie mich raten, es geht um meinen Mann.","Ich würde Ihnen dazu raten, Ihre Entscheidung noch einmal zu überdenken."
985,30,6,1.0,1.0,"Naja, nicht jeder kann so ein guter Lehrer sein wie ich.","Naja, dann ist es meistens das Falsche, was man sagen will."
986,18,7,1.0,1.0,Kurz darauf hat Trump einen Militäreinsatz der USA bestätigt.,"Jesus sagte: ""Zwei oder drei Zeugen bestätigen jedes Wort."
987,18,8,1.0,1.0,"Millatu-Ibrāhīm ist eine Organisation, die in Deutschland verboten worden ist.","Wenn ich allein lerne, verschwende ich keine Zeit mit Organisationen."
988,22,11,1.0,1.0,Lisa ist gerade richtig doll auf den Rücken gefallen.,"Ein gebrochener Mann mit grauen Haaren, krummem Rücken und zittriger Stimme."
989,28,15,1.0,1.0,Wir haben sogar eine Flasche Champagner für Sie geöffnet.,"Ja, eine Flasche und Sie sehen zehn Jahre jünger aus."
990,23,16,1.0,1.0,In Thomas' ehemaliger Kanzlei hängt heute eine kleine Gedenktafel.,Zwei so reizende Kinder und eine so wunderbare ehemalige Frau.
991,25,12,1.0,1.0,Wir sind mit der Bohrung wahrscheinlich auf eine Ader gestoßen.,In Fällen wie diesen stoßen Lebens- mittelkontrollen an ihre Grenzen.
992,20,14,1.0,1.0,Es geht um die Einsetzung einer Arbeitsgruppe Außen- und Sicherheitspolitik.,"Aber ich verstehe, warum das von außen natürlich so aussieht."
993,16,9,1.0,1.0,"Jetzt haben wir noch was, um von innen zu wärmen.",Wir sind spendenfinanziert und unsere Dauerspender innen nennen wir liebevoll Hartz-Breaker.
994,27,10,1.0,1.0,Unten der Schlegeis-Stausee und oben gibt es einen berühmten Foto-Hotspot.,Unten der Schlegeis-Stausee und oben gibt es einen berühmten Foto-Hotspot.
995,20,9,1.0,1.0,"Ich möchte definitiv keine Festanstellung, weil du weiterhin Workshops leiten möchtest.",Ich habe unser Geschäft aber auf einen anderen Weg geleitet.
996,27,13,1.0,1.0,"Jetzt wird versucht, die Ausbreitung von Ebola zu stoppen.","Bösartige Websites werden blockiert, Webtracker gestoppt und lästige Werbepop-ups ausgeblendet."
997,24,14,1.0,1.0,"Warum sollte ich mir Gedanken darüber machen, ob du sie bemerkst?","Die haben wahrscheinlich nicht einmal bemerkt, dass Ihnen etwas fehlt."
998,18,8,1.0,1.0,Die Nachricht löste bei den Mitarbeitern große Unsicherheit aus.,Aber auch dort kann ein gemeinsames Problem Smalltalk auslösen.
999,23,10,1.0,1.0,"In alter Basis wird es einfach sein, das herauszukriegen.",Es ist die Basis für das berühmte „Made in Germany“.
1000,15,9,1.0,1.0,"Wusstet ihr, dass viele Tonnen Plastik im Meer schwimmen?",Für achthundert Tonnen gibt es in Vitruvs System keine Maschine.
1001,20,10,1.0,1.0,"Das stimmt technisch, aber so ist es nicht gemeint, Opa.",Aber aber technisch gesehen bin ich noch eine Jungfrau.
1002,21,7,1.0,1.0,"Wir haben Marokko vergessen, Herr Schaible, steht die Leitung?","Wir haben Marokko vergessen, Herr Schaible, steht die Leitung?"
1003,19,10,1.0,1.0,"Wir würden lieber aufgeben, als AI Slop zu produzieren.","In der Wohnung haben wir Rauch-Maschinen, die Theaternebel produzieren."
1004,27,9,1.0,1.0,Ich werde jetzt zu ihm gehen und ihn nach Rat fragen.,"Das muss nicht die OP sein, aber definitiv sich Rat holen."
1005,28,12,1.0,1.0,Wir gehen regelmäßig zusammen Fußball spielen oder auch ins Kino.,Wir gehen regelmäßig zusammen Fußball spielen oder auch ins Kino.
1006,28,7,1.0,1.0,Damit kannst du schnelle Notizen aufschreiben oder auch aufsprechen.,Damit kannst du schnelle Notizen aufschreiben oder auch aufsprechen.
1007,28,14,1.0,1.0,"Samuel, als erstes möchte ich dir deinen Test zurückgeben.","Ich dachte, ich könnte dir irgendwie etwas zurückgeben, aber was nur?"
1008,26,8,1.0,1.0,"Und wenn wir am Flughafen sind, versuch bitte dich zu entspannen.","Nein, es ist sogar so laut wie auf einem Flughafen!"
1009,20,12,1.0,1.0,Zu Hause kennt kaum jemand die Herkunft der Lebensmittel.,Zu Hause kennt kaum jemand die Herkunft der Lebensmittel.
1010,18,10,1.0,1.0,Ein Kernproblem aber bleibt: Nur 59 Prozent Pünktlichkeit im Fernverkehr.,Also der Transformator hat so einen Wirkungsgrad von 98 Prozent.
1011,24,6,1.0,1.0,"Willst du mir etwa erzählen, dass Michelle mich betrügt?","Willst du mir etwa erzählen, dass Michelle mich betrügt?"
1012,21,16,1.0,1.0,„Ist das die neue Transparenz bei der Bahn?” Kein Kommentar.,Ist die Deutsche Bahn im direkten Vergleich wirklich schlechter?
1013,28,15,1.0,1.0,Zum Glück habe ich schnell eine gute Lehrerin gefunden.,"Ich tue einfach so, als wäre ich Lehrerin und Single."
1014,20,10,1.0,1.0,Terroranschläge wie diese hat es noch nie zuvor gegeben.,Einen Tag zuvor: Nach dem CSD kommt es zum Streit.
1015,17,10,1.0,1.0,Seitdem wurde im Ruhrgebiet unter schweren Arbeitsbedingungen viel Bergbau betrieben.,"Sie betrieben Handel, aber sie plünderten und raubschatzten auch."
1016,19,8,1.0,1.0,Sie haben sich dann ja auch radikalisiert sehr schnell offenbar.,Offenbar wollten die beiden bei dem Angriff auch selbst sterben.
1017,21,10,1.0,1.0,Jugendliche lieben deine Mutter doller als dir lieb ist.,Jugendliche lieben deine Mutter doller als dir lieb ist.
1018,23,8,1.0,1.0,"Was sind das für Fälle, bei denen Helena Steinhaus finanziell einspringt?","Ein „finanzielles Polster“ ist also Geld, das man gespart hat."
1019,26,13,1.0,1.0,Zivile Gruppen trainieren den Einsatz von Waffen gegen die Eindringlinge.,Ich habe seit langem mal wieder im Fitnesstudio trainiert.
1020,17,6,1.0,1.0,Mit Unterstützung der Luftwaffe schlägt das Afrikaor die Briten zurück.,"Die Sozialpädagogen sollen helfen, wenn die beiden Unterstützung brauchen."
1021,24,16,1.0,1.0,Sie müssen uniformähnliche Kleidung und ihre Waffen offen tragen.,"Oder die Nähnadel, mit der sie sich wärmende Kleidung anfertigen."
1022,21,11,1.0,1.0,Nun ist ganz roher Besuch von dort zu uns gekommen.,Ich war auf dem Rückweg vom Besuch meines Bruders im Armeelazarett.
1023,18,4,1.0,1.0,"Es ist auf jeden Fall weniger gefährlich, als unser Angebot abzulehnen.","Es ist auf jeden Fall weniger gefährlich, als unser Angebot abzulehnen."
1024,19,10,1.0,1.0,Um unseren Planeten für die kommenden Generationen zu sichern.,"Um ihren Erfolg zu sichern, bauen die Smorpianer 1000 Raketen."
1025,21,10,1.0,1.0,"Würdest du, Herr unsere Sünden beachten, oh Herr, wer stehen?","Wir sprühen das ganze Auto ein, beachten die Einwirkzeit."
1026,24,15,1.0,1.0,"Was denkt ihr, wo verläuft da für euch die Grenze?","Als ich neu war, habe ich mich auch oft verlaufen."
1027,22,11,1.0,1.0,Wenig später kennen sie auch die Bezeichnung des geheimnisvollen Objekts.,"Es ist ein Objekt, dann zwei und dann drei."
1028,21,12,1.0,1.0,Ich muss dann ja auch die Verantwortung für alles tragen.,"Du wolltest keine Verantwortung übernehmen für das, was du getan hast."
1029,18,5,1.0,1.0,"Konkrete Vorschläge, die wir machen im Hinblick auf eine Entschließung.","Ich meine, den Vorschlag dazu hat ja Honecker gemacht."
1030,14,1,1.0,1.0,Seit Dezember letzten Jahres werden Straftäter auch in diese Länder abgeschoben.,Seit Dezember letzten Jahres werden Straftäter auch in diese Länder abgeschoben.
1031,17,9,1.0,1.0,Seine Truppen kommen aus allen Ecken des ostfränkischen Reiches.,Die englischen Truppen überqueren die Grenze zur Niederländisch Borneo.
1032,17,3,1.0,1.0,"Lolli plus Döner, mir geht es mehr als gut.","Lolli plus Döner, mir geht es mehr als gut."
1033,20,9,1.0,1.0,Wir stellen uns in zwei Reihen auf und los.,Wir stellen uns in zwei Reihen auf und los.
1034,18,5,1.0,1.0,Und so stehen sich die politischen Lager immer unversöhnlicher gegenüber.,Und so stehen sich die politischen Lager immer unversöhnlicher gegenüber.
1035,19,4,1.0,1.0,"Er führt einen Lebensstil nach Pippi-Langstrumpf-Art, statt Pferd mit Fahrrad.","Er führt einen Lebensstil nach Pippi-Langstrumpf-Art, statt Pferd mit Fahrrad."
1036,23,7,1.0,1.0,"Wir können das Boot benutzen, um Fische zu fangen.",Der alte Fischer schaffte es einen riesigen Fisch zu fangen.
1037,22,9,1.0,1.0,"Nein, wer weiß nicht mal, wie man das ausspricht.",Nur Pontius Pilatus und nur die Römer konnten das Todesurteil aussprechen.
1038,28,13,1.0,1.0,Sie hat mir jedes Jahr Gläser zu meinem Geburtstag geschickt.,Früher haben wir seinen Geburtstag zusammen mit der Familie gefeiert.
1039,20,9,1.0,1.0,"Was sie in diesem Haus umgesetzt haben, wird nachwirken.","Wenn das so umgesetzt werden würde, wie der Vorschlag der EU-Kommission."
1040,16,7,1.0,1.0,Es gilt immer noch das alte Prinzip des Verursacherprinzips.,Es gilt immer noch das alte Prinzip des Verursacherprinzips.
1041,19,16,1.0,1.0,Sie müssen sich mal die Realitäten vor Ort anschauen!,"Aber das ist kein Problem, das ist die Realität."
1042,19,7,1.0,1.0,"WISO Steuer gehört zu Buhl, deswegen musst du einen Buhl-Account erstellen.","WISO Steuer gehört zu Buhl, deswegen musst du einen Buhl-Account erstellen."
1043,10,5,1.0,1.0,"Ich habe zuerst die Lautstärke erhöht, aber das hat nichts geholfen.","Das macht wenig aus in diesem Bewusstsein, dass wir erhöhen müssen."
1044,27,11,1.0,1.0,"Ohne Liste verliere ich den Überblick So, das ist klug.",Julius und ich haben eine Liste mit Ideen vorbereitet.
1045,27,11,1.0,1.0,Ich habe nämlich einen kostenlosen Kurs für dich vorbereitet.,"Das ist am Anfang, das heißt im Winter 2022/23 kostenlos."
1046,23,12,1.0,1.0,"Guckt euch mal das hier an, was macht Warren?","Dann können wir uns ein Film angucken, schöne Sachen machen."
1047,25,13,1.0,1.0,"Wird sich nicht lohnen, ihn auszu Halt dein verdammtes Maul.","Ich hoffe nur, dass es sich für mich lohnt."
1048,27,14,1.0,1.0,"Was für ein Mist, dass sie nicht geladen war.","Was für ein Mist, dass sie nicht geladen war."
1049,15,5,1.0,1.0,Der Kunde hat das Produkt im letzten Moment umgewählt.,Bei manchen Produkten kann man sich das Geld sparen.
1050,20,11,1.0,1.0,Wir verkaufen es ja auch in unseren Verträgen als chinesische Ware.,Die Stadt war lange politisch freier als das chinesische Festland.
1051,14,8,1.0,1.0,"Auf dessen Verpackungen steht klar, welche Zutaten woher stammen.",Der Kalkstein der Podestbasis stammt aus dem Steinbruch neunhundert Meter entfernt.
1052,17,8,1.0,1.0,"Vielen Dank für Ihre Aufmerksamkeit, Tschüss und bis zum nächsten Mal.","Vielen Dank für Ihre Aufmerksamkeit, Tschüss und bis zum nächsten Mal."
1053,19,7,1.0,1.0,Warum gehe ich hier nach einem festen Workflow vor?,Warum gehe ich hier nach einem festen Workflow vor?
1054,14,10,1.0,1.0,Wie willst du denn das hier alles mit deinen Mitteln nutzen?,"Ein Mittel, wie du mit Stress besser umgehen kannst, ist Dankbarkeit."
1055,14,5,1.0,1.0,"Ich meine, die ausgesetzte Belohnung ist auch viel zu gering.","Da war es so, dass der Strafrahmen eben sehr gering war."
1056,24,13,1.0,1.0,"Ist doch klar, damit die Spur zu ihm führt.",Eine peinlich genaue Durchsuchung seines Besitztums nach irgendwelchen Spuren durchzuhören.
1057,18,9,1.0,1.0,Und eine direkte Folge der Anschläge in den USA.,Und eine direkte Folge der Anschläge in den USA.
1058,19,11,1.0,1.0,Wir haben gestern eine Reihe Tests mit Sarah gemacht.,"Aber in der ersten Reihe, die sind immer so unbeliebt."
1059,19,12,1.0,1.0,"Weil er in der Ebene endete, nicht auf sieben Metern.","Lass uns mal auf der technischen, plastischen Ebene des Rechts bleiben."
1060,24,9,1.0,1.0,Vielen Dank für die schöne Zeit und bis Montag!,Sie kommt jeden Montag und Donnerstagmorgen zu mir nach Hause.
1061,21,9,1.0,1.0,"Wir haben das dann durchgeführt, mit kleinen Schränken, wie man sieht.",In drei Bereichen können wir eine gemeinsame Industrie-Politik durchführen.
1062,22,13,1.0,1.0,Schließlich muss ich nächsten Monat wieder die Miete bezahlen.,"Meine Miete zahlte ich mit Gebrauchtwagenhandel, Fahrrädern, allem möglichen Kram."
1063,26,17,1.0,1.0,Und ganz langsam wird die Sprache normal für euren Mund.,Und ganz langsam wird die Sprache normal für euren Mund.
1064,20,6,1.0,1.0,"Und ich sagte ihm auch, ich könnte mir das durchaus vorstellen.","Und ich sagte ihm auch, ich könnte mir das durchaus vorstellen."
1065,23,16,1.0,1.0,Wir sind dann für alles was er tut verantwortlich.,"Ich mache Sie dafür verantwortlich, dass der Junge unversehrt bleibt."
1066,20,12,1.0,1.0,Und dadurch ist dann die Welt in Bewegung geraten.,Sie können entweder mitkommen oder in deutsche Gefangenschaft geraten.
1067,14,7,1.0,1.0,"Was sagst du, wenn du eine pauschale Aussage vermeiden willst?","Ich habe versucht das zu vermeiden, aber es geht nicht anders."
1068,21,8,1.0,1.0,"Was im Kopf vorgeht, fließt durch den ganzen Körper.",Aber ein Überfluss fließt aus mir heraus auf andere über.
1069,21,8,1.0,1.0,Und im Laufe der Zeit hat sich das verbessert.,Und im Laufe der Zeit hat sich das verbessert.
1070,25,6,1.0,1.0,"Ich möchte nur nicht, dass du dir zu große Hoffnungen machst.","Ich möchte nur nicht, dass du dir zu große Hoffnungen machst."
1071,22,7,1.0,1.0,Du solltest deine Haare nicht hinter die Ohren stecken.,Du solltest deine Haare nicht hinter die Ohren stecken.
1072,24,10,1.0,1.0,Tippst du wieder daneben um zum Hauptmenü Einstellung zurückzukommen.,Du erinnerst dich dass wir vorhin in den Einstellungen waren.
1073,21,8,1.0,1.0,Er war etwas besonderes und jetzt soll ich ihn einfach ersetzen?,Er war etwas besonderes und jetzt soll ich ihn einfach ersetzen?
1074,28,14,1.0,1.0,Morgens bin ich dann aufgestanden und mir war so übel.,Morgens bin ich dann aufgestanden und mir war so übel.
1075,20,11,1.0,1.0,Ich habe das letzte Boot von der Nase weggekauft.,Die machen dir die Haare und Nase wieder schön.
1076,16,8,1.0,1.0,Süden ist der einzige Weg und dahin gehen wir.,Süden ist der einzige Weg und dahin gehen wir.
1077,10,4,1.0,1.0,Die letzten japanischen Flugzeuge drehen um 9.45 Uhr bei.,Die letzten japanischen Flugzeuge drehen um 9.45 Uhr bei.
1078,20,11,1.0,1.0,Wir haben uns hier zurückgezogen in den Hof zum Rauchen.,Wir haben uns hier zurückgezogen in den Hof zum Rauchen.
1079,17,6,1.0,1.0,Und für nur 29€ beschließt sie: Sie probiert's einfach aus!,"Was dazu im Wahlprogramm der AfD steht, hat der Landesparteitag beschlossen."
1080,23,12,1.0,1.0,Was die Psychiater bilden nenne es „zum Scheitern verurteilte Beziehungen“.,Was die Psychiater bilden nenne es „zum Scheitern verurteilte Beziehungen“.
1081,16,5,1.0,1.0,"Meine Quelle hat eine Tonaufnahme der Übergabe mitgeschnitten, um sich abzusichern.","Jetzt existiert eine ""solide"" Quelle mit Fehlinformation über Braune Zwerge."
1082,20,12,1.0,1.0,Wir müssen seine Familie anrufen und die Botschaft übermitteln.,"Es sei denn, die Tat war als Botschaft gedacht."
1083,25,7,1.0,1.0,Oder du siehst gleich aus wie ein Schweizer Käse.,Ob Käse bei Döner extra kosten darf zum Beispiel.
1084,24,12,1.0,1.0,Wir haben schönes Vieh mit braunen Gesichtern und weißem Hals.,Ich habe starke Kopfschmerzen und mein Hals tut weh.
1085,21,11,1.0,1.0,"Und viele Erwachsene haben ADHS, ohne es zu wissen.","Und viele Erwachsene haben ADHS, ohne es zu wissen."
1086,21,10,1.0,1.0,"Liebe Damen und Herren, bitte begrüßen Sie Timo Grün.","Dann darf ich Sie begrüßen zur mittwöchlichen, mittäglichen Brückenöffnung."
1087,20,12,1.0,1.0,"Wenn du Details wissen willst, erzähle ich sie dir.","Ich dachte zuerst, überall in Deutschland gelten hundertprozentig dieselben Details."
1088,28,11,1.0,1.0,Wir werden in viele Bars gehen und viel Spaß haben.,Wir werden in viele Bars gehen und viel Spaß haben.
1089,17,9,1.0,1.0,"Und ganz praktisch, China hat auch Bock, ordentlich was zu investieren.","Und ganz praktisch, China hat auch Bock, ordentlich was zu investieren."
1090,19,11,1.0,1.0,Zum anderen können Sie die Aktie später wieder verkaufen.,Ist es nicht besser eine einzelne Aktie zu kaufen?
1091,28,9,1.0,1.0,Oder es geht nach rechts und lässt dich dein Zimmer aufräumen.,Oder es geht nach rechts und lässt dich dein Zimmer aufräumen.
1092,24,8,1.0,1.0,"Kein Zufall kann das sein, dass Holländer Fahrradfahren und Holzschuhe tragen.","Kein Zufall kann das sein, dass Holländer Fahrradfahren und Holzschuhe tragen."
1093,26,13,1.0,1.0,"Woche vorher bescheid weiß, lege ich ihn um im Weißen Haus.","Woche vorher bescheid weiß, lege ich ihn um im Weißen Haus."
1094,23,11,1.0,1.0,"Kein Wunder, dass du so einen beeindruckenden Eindruck machst.","Kein Wunder, dass du so einen beeindruckenden Eindruck machst."
1095,20,11,1.0,1.0,"Mit dem Studentenausweis zeigt man, dass man Student oder Studentin ist.","Ich frage mich, ob die anderen Studenten mich akzeptieren."
1096,21,11,1.0,1.0,"Oder wissen Sie, wir fangen an all diese Ausreden zu erfinden.","Oder wissen Sie, wir fangen an all diese Ausreden zu erfinden."
1097,17,8,1.0,1.0,Ich brauche einen Kredit in Höhe von 10.000€ Verstehe!,Ich brauche einen Kredit in Höhe von 10.000€ Verstehe!
1098,21,13,1.0,1.0,Zwischen 200 und 300 Millionen Container sind weltweit unterwegs.,Und lösen damit die nächste große und weltweite Migrationsbewegung aus.
1099,21,13,1.0,1.0,"Typisches Beispiel: Was passiert mit den Piloten, die hinterfeindlichen Linien landen?",Die komischen Linien auf dem Globus sind das Gradnetz der Erde.
1100,16,10,1.0,1.0,"Herzlich willkommen aus Berlin, das zweite Mal vor unseren besorgten Bürgern.","Auch die deutschen Bürger möchten mitreden, was im Staat passiert."
1101,21,10,1.0,1.0,"Und Dave, ist es dir wichtig, dass deine Kinder jüdisch sind?","Ja, ich bestimmt der einzige jüdische Arzt weit und breit."
1102,23,11,1.0,1.0,Ukrainische Partisanen kundschaften hinter den russischen Linien feindliche Stellungen aus.,Russische Verkehrswege sind unter guten Wetterbedingungen schon eine Herausforderung.
1103,1,0,0.7,0.7,"Ich sehe von einer Anzeige bei der Polizei ab, aber ich spreche natürlich mit seinen Eltern.","Ich sehe von einer Anzeige bei der Polizei ab, aber ich spreche natürlich mit seinen Eltern."
1104,30,18,1.0,1.0,Offenbar hatte er es auch auf die Waffensammlung seines Kumpels abgesehen.,Offenbar hatte er es auch auf die Waffensammlung seines Kumpels abgesehen.
1105,18,8,1.0,1.0,Wie wir beispielsweise im Sommer um die Mittagszeit haben.,Beispielsweise hast du vor ein paar Wochen eine Klausur geschrieben.
1106,18,9,1.0,1.0,Zum Glück treibe ich regelmäßig Sport und habe Muskeln.,"Tja, was wohl dieser Kerl da auf dem Feld treibt?!"
1107,21,11,1.0,1.0,"Wenn der Pilot recht hat, hält die Deutschen nichts mehr auf.",Der Pilot sitzt in einer gepanzerten Kabine mit kugelsicherer Windschutzscheibe.
1108,21,15,1.0,1.0,Wie viel sollten wir für den Kurs und Materialien ausgeben?,"Da steht das Material, das vorher von Ihnen ausgewählt wurde."
1109,21,14,1.0,1.0,Waren Sie in den letzten paar Wochen im Ausland?,"Es lohnt sich immer, Erfahrung im Ausland zu sammeln."
1110,19,9,1.0,1.0,"Was sagst du, wenn die Antwort von der Situation abhängt?","Deine Handyrechnung hängt also davon ab, wie viele Datenpakete du kaufst."
1111,22,16,1.0,1.0,"Selbst die Freizeit wirkt hier so klar durchgeplant, fast abgehetzt arbeitet.",Selbst die Freizeit wird hier so klar durchgeplant und fast abgearbeitet.
1112,26,9,1.0,1.0,"Wir haben bereits Umweltmanagementsysteme mit ISO 14.001, ein freiwilliges System.",Aber wer geht freiwillig für 10 Jahre ins Gefängnis?
1113,23,15,1.0,1.0,Viel zu sagen hat der Deutsche Bund allerdings nicht.,Viel zu sagen hat der Deutsche Bund allerdings nicht.
1114,21,12,1.0,1.0,"Und lässt sich das feststellen, ob einer Prolut eingenommen hat?",Samuel darf es bis zu 3 Mal täglich einnehmen.
1115,23,9,1.0,1.0,"Okay, liebe Zuschauer, wir näheren uns dem Ende unserer Diskussion.","Mir ist nur wichtig, dass unsere Zuschauer den Kanal abonnieren."
1116,22,11,1.0,1.0,"Ja, ich kann es mir momentan einfach nicht vorstellen.","Es tut mir leid, aber wir werden Sie momentan nicht einstellen."
1117,16,8,1.0,1.0,"Wow, da fällt mir wirklich ein Stein vom Herzen.","Wow, da fällt mir wirklich ein Stein vom Herzen."
1118,26,10,1.0,1.0,"Im Wohnzimmer, dem sogenannten Baðstofa, kommt die ganze Großfamilie zusammen.","Im Wohnzimmer, dem sogenannten Baðstofa, kommt die ganze Großfamilie zusammen."
1119,17,5,1.0,1.0,Goldene Regel Nummer zwei Schwarz tut es ihm gleich.,"Du musst mir helfen, das goldene Ei zu finden."
1120,21,8,1.0,1.0,"Verbreitet auf Social Media mit den Hashtags „homos, kassiert, lustig“.","Verbreitet auf Social Media mit den Hashtags „homos, kassiert, lustig“."
1121,20,10,1.0,1.0,"Ah ja, einmal etwas gegen Übelkeit und etwas gegen die Schmerzen.","Ah ja, einmal etwas gegen Übelkeit und etwas gegen die Schmerzen."
1122,22,10,1.0,1.0,Wir tauchen nun ein in die Welt der Präpositionen.,"Bald sind die Pflanzen hoch, aber eine neue Gefahr taucht auf."
1123,25,9,1.0,1.0,"Leah: Ja, du hast es dir voll gemütlich gemacht.",Das ist ja alles sehr klein und so gemütlich.
1124,23,14,1.0,1.0,"Und was wäre, wenn ich Ihnen das Gegenteil beweisen könnte?",Du bist der Doppelgänger und du kannst dich das Gegenteil beweisen.
1125,19,10,1.0,1.0,Und “auftreten” ist mehr ein Synonym von “erscheinen” oder “auftauchen”.,Eine weitere Bedeutung von “auftreten” kennt ihr mit Sicherheit.
1126,18,13,1.0,1.0,Sie wurde vor Kurzem erst renoviert und ist sehr modern eingerichtet.,Sie wurde vor Kurzem erst renoviert und ist sehr modern eingerichtet.
1127,20,11,1.0,1.0,Nicht mehr viel Zeit für seinen Kampf um die Demokratie.,"Eine illiberale Demokratie, und die möchte ich hier nicht."
1128,16,12,1.0,1.0,Wir können “anpassen” auch reflexiv benutzen: “sich an etwas anpassen”.,"Das Verb “anpassen” bedeutet einfach, dass man etwas passend macht."
1129,20,12,1.0,1.0,Und der Kurshaltepflichtige muss auch noch seine Geschwindigkeit beibehalten.,Bei hohen Geschwindigkeiten ist sie jedoch kraftlos und träge.
1130,20,15,1.0,1.0,"Und du sagst immer wieder, ich kann dich nicht versorgen.","Wir versorgen sie und hoffen, dass sie wieder aufwacht."
1131,23,7,1.0,1.0,"Ja, wir können uns ja vor den offenen Kühlschrank setzen.","Guck mal ein Stück, damit sich Che setzen kann."
1132,24,18,1.0,1.0,"Wir müssen wie verheiratet tun, um unsere Karrieren nicht zu ruinieren.","Ich sagte, sie hätten hätten Karriere als Ansagerin machen können."
1133,16,10,1.0,1.0,Zu einer Frage darf ich Lukas Benner das Wort erteilen.,Zu einer Frage darf ich Lukas Benner das Wort erteilen.
1134,21,7,1.0,1.0,"Reiches L Bewahrung und man ergebt euch, dann werdet ihr beschort.",Den Rest mal sechs ergibt auch zwölf in Ordnung.
1135,24,7,1.0,1.0,Lisa zieht bald aus und nimmt ihre Sachen mit.,Lisa zieht bald aus und nimmt ihre Sachen mit.
1136,22,8,1.0,1.0,"Und möge die Seele, deren Körper uns nun verlässt, gesegnet sein.",Resilienz klingt fast wie ein Schutzschild für die Seele.
1137,16,14,1.0,1.0,Wir werden auf das Verhältnis von Platon und Sokrates gleich eingehen.,"Vielleicht sollte man fragen, wer das deutsch-amerikanische Verhältnis trübt?"
1138,19,3,1.0,1.0,Die Zeit vergeht schnell und bald ist es wieder September.,Die Zeit vergeht schnell und bald ist es wieder September.
1139,23,9,1.0,1.0,"Wenn ich rauche, verfolgst du mich mit einem Aschenbecher.","Wenn ich rauche, verfolgst du mich mit einem Aschenbecher."
1140,16,5,1.0,1.0,"Wir werden, meine Damen und Herren, Leistungen des Staates kürzen.","Wir werden, meine Damen und Herren, Leistungen des Staates kürzen."
1141,19,10,1.0,1.0,Welche historischen Begebenheiten fandet ihr am spannendsten und warum?,Welche historischen Begebenheiten fandet ihr am spannendsten und warum?
1142,15,6,1.0,1.0,"Nun, wie soll ich eine Deutsche von einer Tatarischen unterscheiden?",Aber Achtung: Du musst zwischen regelmäßigen und unregelmäßigen Verben unterscheiden.
1143,15,9,1.0,1.0,"Wenn sich Erdplatten bewegen, verändern sie das Gesicht der Kontinente.",Auf keinem anderen Kontinent gibt es so viele Unabhängigkeitsbewegungen.
1144,14,7,1.0,1.0,Tatsächlich festigen die beiden Staaten damit ihre militärische Zusammenarbeit.,Tatsächlich festigen die beiden Staaten damit ihre militärische Zusammenarbeit.
1145,13,6,1.0,1.0,"Ja, einfach durch das Internet passiert halt immer, immer wesentlich mehr.","Ja, einfach durch das Internet passiert halt immer, immer wesentlich mehr."
1146,13,6,1.0,1.0,Auch er fühlt sich an die 90er im Osten erinnert.,Und die Wehrmacht kämpft gegen die Slawen im Osten.
1147,18,13,1.0,1.0,Vielleicht hat er ja sogar Norden mit Süden verwechselt.,Nach Norden und Süden hin werden die Breitenkreise immer kleiner.
1148,27,13,1.0,1.0,"Und jetzt ganz wichtig, fern ist mit einem Punkt.",Und du hältst dich in Zukunft von ihm fern!
1149,21,10,1.0,1.0,"Hier ist auch ein Anschlusskabel dabei, die beide Einheiten miteinander verbindet.","Hier ist auch ein Anschlusskabel dabei, die beide Einheiten miteinander verbindet."
1150,18,10,1.0,1.0,Das würde bestimmt mir und anderen Anfängern als Orientierungshilfe sehr dienen.,"Doch bei dir ist Vergebung, damit man den Heerfeucht dir dient."
1151,26,5,1.0,1.0,"Wir müssen sie sofort operieren, ansonsten wird es gefährlich.",Du hattest einen Autounfall und wurdest vor kurzem operiert.
1152,25,8,1.0,1.0,"Nein, ich muss die Demo doch erst noch ganz offiziell anmelden.",Ich habe mich am Wochenende bei einem Datingportal angemeldet.
1153,17,8,1.0,1.0,Waffen und Munition sollen jetzt ohne sofortige Bezahlung geliefert werden.,Dann liefern wir mehr Material und Beweise wie Servelatwurst.
1154,19,7,1.0,1.0,So viele meiner unumgesetzten Ideen werden dank Ihres Projekts nun Wirklichkeit.,So viele meiner unumgesetzten Ideen werden dank Ihres Projekts nun Wirklichkeit.
1155,13,3,1.0,1.0,"Endlich, nach etwa einem Monat Ich habe meinen ersten Auftrag bekommen.","Endlich, nach etwa einem Monat Ich habe meinen ersten Auftrag bekommen."
1156,19,10,1.0,1.0,"Nein, die ganze Gegend spricht nur von diesem Bchen Smith.","Nein, die ganze Gegend spricht nur von diesem Bchen Smith."
1157,21,5,1.0,1.0,"Wir haben in Marxloh im Asylheim gelebt, das ist doppelt Pech.","Wir haben in Marxloh im Asylheim gelebt, das ist doppelt Pech."
1158,21,10,1.0,1.0,Jeder Schüler der Harison High stellt sich vermutlich nur eine Frage.,"Er war Komm, lass vermutlich war er beim Nachrichtendienst."
1159,20,8,1.0,1.0,Vielleicht können Sie mir deswegen nach vier Minuten einen Hinweis geben.,Vielleicht können Sie mir deswegen nach vier Minuten einen Hinweis geben.
1160,23,11,1.0,1.0,Zweitens: Mit dem Präteritum kann ich nur über die Vergangenheit sprechen.,Zweitens: Mit dem Präteritum kann ich nur über die Vergangenheit sprechen.
1161,19,7,1.0,1.0,Solche analytischen Prozesse werden durch entsprechende Übung schnell automatisiert.,Entsprechendes muss es ja auch dann für Europa geben.
1162,19,9,1.0,1.0,Nur so kannst du deine Ziele wirklich erreichen und motiviert bleiben.,"Ich finde, Teamarbeit motiviert mich oft und bringt neue Ideen."
1163,21,11,1.0,1.0,Ich war mächtiger als alle anderen der vor mir gekommen war.,Ich war mächtiger als alle anderen der vor mir gekommen war.
1164,27,9,1.0,1.0,Letztes Mal bei Like Germans: Sie schulden mir einen Gefallen.,Letztes Mal bei Like Germans: Sie schulden mir einen Gefallen.
1165,22,16,1.0,1.0,"Wir sind durch Liebe, Spaß und gegenseitige Unterstützung miteinander verbunden.","Es dreht sich viel um gemeinsame Sachen, um gegenseitige Hilfe."
1166,21,10,1.0,1.0,Ich habe eine Überraschung für Sie und keine angenehme.,Aber ich finde auch die Assoziation zu simpel ganz angenehm.
1167,19,13,1.0,1.0,Und hier kann ich jetzt den gewünschten Bereich festlegen.,"Ich lege mich nicht fest, wann ich etwas mache."
1168,17,9,1.0,1.0,Und frisch gestärkt machen wir uns wieder auf den Weg.,Ich muss auch an der Stelle wieder die Kinder stärken.
1169,17,8,1.0,1.0,Und hier müssen wir einen kleinen Faktenpunkt sauber formulieren.,Also ich würde es andersherum formulieren: Was kostet uns ADHS?
1170,17,10,1.0,1.0,Ich muss meine Anschrift bei den Behörden dringend ändern.,Hätten die deutschen Behörden und die Polizei das Fiasko verhindern können?
1171,19,7,1.0,1.0,"Es ist auch eine gute Gelegenheit, um meine Eltern zu sehen.","Es ist, als hätte es nur auf eine Gelegenheit gewartet."
1172,16,7,1.0,1.0,"Ich weiß, Habibi, deshalb musst du ihm seinen Frieden geben.","Ich dachte, es wäre langsam mal Frieden im mittleren Osten."
1173,22,11,1.0,1.0,"Wenn dir das Menü nicht gefällt, kannst du jederzeit umwählen.","Ruf mich jederzeit an, wenn ich dir irgendwie helfen kann."
1174,25,5,1.0,1.0,Knapp 15 Minuten dauert die einfache Fahrt im Schritttempo.,Du und Kenner fahrt morgen und eure Crew kommt dann nach.
1175,27,10,1.0,1.0,Dieses System kannst du heutzutage in unterschiedlichen Büchern finden.,Dieses System kannst du heutzutage in unterschiedlichen Büchern finden.
1176,22,16,1.0,1.0,"Zumindest laut dem Lager, das an freien Willen glaubt.",Was um Gottes Willen ist denn bitte hier los?
1177,24,14,1.0,1.0,Nach dem Urlaub möchte er in seine Heimat zurückgehen.,"Ja, die sehen genauso wie in meiner Heimat aus."
1178,20,12,1.0,1.0,Zum Abschluss beige gehe ich auf jeden Fall mit dir.,Nach seinem Abschluss in Westpin erster Auftrag auf die Philippinen.
1179,22,9,1.0,1.0,"Was ist, wenn mich jemand zwingt, meinen Freund zu verraten?","Dann verratet mir, was haben wir in der Hand?"
1180,18,10,1.0,1.0,"Die Generäle wissen, dass ihre Beweglichkeit der Schlüssel zum Erfolg ist.","Die Generäle wissen, dass ihre Beweglichkeit der Schlüssel zum Erfolg ist."
1181,30,11,1.0,1.0,Wir wollten später einen Spaziergang in der Stadt machen.,Wir wollten später einen Spaziergang in der Stadt machen.
1182,25,7,1.0,1.0,"Ich werde sie jetzt wecken und fragen, wie es ihr geht.","Du hast damals geschlafen, deshalb habe ich dich nicht geweckt."
1183,22,9,1.0,1.0,"Man beschreibt, wie jemand mit seinem Fuß den Boden berührt.","Nach Jesus sind wir diejenigen, die die Welt zu berühren versucht."
1184,25,1,1.0,1.0,"Na ja, warte ab, bis wir die Diskussion um Lea weiterführen.","Na ja, warte ab, bis wir die Diskussion um Lea weiterführen."
1185,16,8,1.0,1.0,Im Süden und Westen allerdings expandiert eine andere Macht.,Im Süden und Westen allerdings expandiert eine andere Macht.
1186,12,6,1.0,1.0,"Äthiopien braucht neue Anbauflächen, um die wachsende Bevölkerung zu ernähren.","Äthiopien braucht neue Anbauflächen, um die wachsende Bevölkerung zu ernähren."
1187,22,10,1.0,1.0,"Wir müssen wettbewerbsfähig sein, sonst geht die gesamte Technik weg.",Besonders die Technik ist bei uns allen schlechter geworden.
1188,21,14,1.0,1.0,"Wenn ein Verständnisproblem aufgetaucht sein sollte, könntest du folgende Phrasen anwenden.",Das gemilderte Niederstwertprinzip wird bei Vermögengegenständen des Anlagevermögens angewandt.
1189,21,8,1.0,1.0,"Und China scheut nicht davor zurück, auch auf extreme Methoden zurückzugreifen.","Und China scheut nicht davor zurück, auch auf extreme Methoden zurückzugreifen."
1190,21,5,1.0,1.0,Seit Ende Januar droht Donald Trump auch anderen Öllieferanten mit Strafzöllen.,Seit Ende Januar droht Donald Trump auch anderen Öllieferanten mit Strafzöllen.
1191,28,6,0.94,0.94,"Wenn wir aussteigen, möchte ich, dass du gehst zu Charley's, einer Garage.","Wenn wir aussteigen, möchte ich, dass du gehst zu Charley's, einer Garage."
1192,21,10,1.0,1.0,Wir können nur von einem Beispiel ausgehen: Die Menschheit.,"Außer, dass die Menschheit vor hat, dieses Spiel zu gewinnen."
1193,19,13,1.0,1.0,Nach einer gewissen Trauerphase wird das sicherlich auch so sein.,Hes an den sich ihre Töchter sicherlich erinnern werden.
1194,18,10,1.0,1.0,Über Milliarden von Jahren wurde die Geschichte des Lebens immer komplexer.,Damit einher gehen komplexe und heute schon sehr langwierige Genehmigungsverfahren.
1195,25,5,1.0,1.0,Mein schöner Planet wird schon lange keine Babys schreien.,"Es stinkt nicht, kein Schreien, keine Kotze auf mir."
1196,23,10,1.0,1.0,"Und wie wollen Sie kontrollieren, ob wir schieben oder nicht?",Diese Keder können Sie in die Kederleiste oder Multischiene schieben.
1197,15,8,1.0,1.0,Und haben die menschliche Erfolgsgeschichte überhaupt erst möglich gemacht.,Aber er ist doch so menschlich und er fühlt wie wir.
1198,17,5,1.0,1.0,"Selbst wenn es besser wäre, die Kugel zu entfernen.","Der Chirurg jedenfalls hat gesagt, das müsse entfernt werden."
1199,19,7,1.0,1.0,Die FDP ist die Partei der Freiheit und Selbstbestimmung.,Die FDP ist die Partei der Freiheit und Selbstbestimmung.
1200,24,9,1.0,1.0,"Wir gehen jetzt in einen Bereich rein, wo es brennt.","Stellt euch mal vor, in eurem Hinterhof brennt die Garage."
1201,17,8,1.0,1.0,Als Tankflugzeug ist eine ME 264 oder ein Dornier Flugboot vorgesehen.,"Du solltest dich mir vorsehen, wenn du Seide trägst."
1202,23,3,1.0,1.0,"Alter, so ein schlechtes Zeugnis hatte ich noch nie.","Alter, so ein schlechtes Zeugnis hatte ich noch nie."
1203,21,12,1.0,1.0,Salomos Problem im Buch Prediger: „Ich habe mir Weinberge angelegt.,"Du weißt wohl nicht, mit wem du dich angelegt hast."
1204,20,7,1.0,1.0,"Ich sage Ihnen, sie sollen auf weitere Befehle warten.",Denn Polizei und Armee Unternehmen auf Mao's Befehl nichts dagegen.
1205,18,7,1.0,1.0,Eine weitere Regel lautet Entwickle die Dame nicht zu früh.,"Achte auf gegnerische Drohungen, lautet meine siebte und letzte goldene Regel."
1206,18,11,1.0,1.0,Wir möchten eine ganz eindeutige Botschaft an unsere Regierungen aussenden.,Ich habe in den letzten Monaten eindeutig zu viel Geld ausgegeben.
1207,20,14,1.0,1.0,Und hinten das Tor noch mal am Rande hier.,"Sie erreichen nie die Erdoberfläche, sondern zerbersten am Rand der Erdatmosphäre."
1208,18,4,1.0,1.0,"Egal, wo du in L bist, es dauert maximal 20 Minuten.","Egal, wo du in L bist, es dauert maximal 20 Minuten."
1209,21,12,1.0,1.0,So kann ich die Strecke auch viel besser genießen.,Müsst weniger oft an die Oberfläche und die Strecke wird kürzer.
1210,23,9,1.0,1.0,Wir können den Brunnen verteidigen und die Deutschen aufhalten.,Wir können den Brunnen verteidigen und die Deutschen aufhalten.
1211,14,11,1.0,1.0,"Werden Antimaterie und Materie vermischt, löschen sie sich gegenseitig aus.",Inzwischen sei er der ganzen Materie jedoch überdrüssig geworden.
1212,22,12,1.0,1.0,Was regt Sie zum Nachdenken an Ich habe fünf?,Morgen kommt vor allem im Nordosten viel Regen runter.
1213,25,14,1.0,1.0,Wollt ihr zwei Spieler oder einen von uns nehmen?,"Wenn ich die Latte treffe, dürfen wir ’nen Spieler wählen."
1214,18,8,1.0,1.0,"Ja, die muss ich gleich noch mal bisschen ausrichten.","Ja, die muss ich gleich noch mal bisschen ausrichten."
1215,23,14,1.0,1.0,"Ich wäre dir ungeheuer dankbar, wenn du jetzt nicht aufräumen würdest.","Hey, du solltest uns im Grunde dankbar dafür sein."
1216,22,9,1.0,1.0,"Ist die Ehe etwas, woran man heute noch glauben kann?","Aber ich brauche irgendwas, woran ich mich festhalten kann."
1217,27,12,1.0,1.0,"Wenn ich die Prüfung nicht bestehe, war alles umsonst.","Aber wenn du jetzt brichst, dann ist der Tag einfach umsonst."
1218,15,9,1.0,1.0,In der kurzen Zeit hat Manuela schon einiges an Gewicht verloren.,Wie sollte er das Gewicht einer echten Verlobten wie mir haben?
1219,20,13,1.0,1.0,"Und es ist mein Glück, euch im Glauben folgen zu können.",Ich habe einfach den Glauben an schlechte Menschen wiedergefunden.
1220,21,13,1.0,1.0,"Jan Schulte von der Republik, sie erinnern sich ungern.",Ein normaler Morgen an dieser Schule in der Demokratischen Republik Kongo.
1221,19,7,1.0,1.0,"Wir haben auch eine Deutsche, die in unserem Dorf wohnt.",Ich habe die Leute in Ihrem Dorf nicht getötet.
1222,21,10,1.0,1.0,"Wenn Murmeln durch Pfützen laufen, hinterlassen sie eine saubere Wasserspur.","Wenn Murmeln durch Pfützen laufen, hinterlassen sie eine saubere Wasserspur."
1223,17,7,1.0,1.0,Müssen wirklich eine spezielle Playlist nur für dieses Date erstellen?,Müssen wirklich eine spezielle Playlist nur für dieses Date erstellen?
1224,22,9,1.0,1.0,Weißt du denn was ich auf dem Konto haben?,Und ich habe im Moment 310 € auf dem Konto.
1225,15,5,1.0,1.0,Bei fast 90 Kilo und knappen 1 Meter 80 Größe.,Bei fast 90 Kilo und knappen 1 Meter 80 Größe.
1226,20,5,1.0,1.0,"Das ist auch die klassische Zugspitzen-Tour, wenn man nicht hochwandern möchte.","Ach ja, das ist ein klassisches Streitthema bei Kindern."
1227,23,11,1.0,1.0,Dass benutzt man sehr oft für ein negatives Ereignis.,Dass benutzt man sehr oft für ein negatives Ereignis.
1228,22,9,1.0,1.0,"Und als Zeichen meiner Wertschätzung, Ich habe ein Geschenk für dich.","Klar, es gibt die Hunnen, aber das sind magische Zeichen."
1229,17,7,1.0,1.0,Als Student wirst du sicherlich auch mal selbstständig Daten erheben.,Als Student wirst du sicherlich auch mal selbstständig Daten erheben.
1230,21,13,1.0,1.0,"Und sie sieht, dass offensichtlich abgelaufene Farben verwendet worden sind.","Und sie sieht, dass offensichtlich abgelaufene Farben verwendet worden sind."
1231,13,7,1.0,1.0,"Nicht weit von Peking entfernt, liegt ein Zentrum für Tierdarmproduktion.","Das heißt, dass die Gonja hier im Zentrum sind."
1232,14,9,1.0,1.0,"Raum schafft man, indem man Bauern ins Zentrum stellt.","Der Bauer ist einer von acht Menschen, die in Stein wohnen."
1233,18,10,1.0,1.0,Die Goldgräber besetzten unser Land und erschossen meinen Vater.,"Denn bevor das 3d-Orbital besetzt wird, wird das 4s-Orbital zuerst besetzt."
1234,19,10,1.0,1.0,Wir könnten in das neue italienische Restaurant am Alexanderplatz.,"Der Kunde wird es als italienisches Tomatenmark, höchstwahrscheinlich, verzehren."
1235,11,7,1.0,1.0,Wir haben die Fähigkeit Jahrhunderte zu leben ohne das unsere Körperalter.,Sie haben die Fähigkeit durch den Weltraum zu gehen.
1236,17,7,1.0,1.0,Und dann hier im Bericht des Sheriffs noch sowas eigenartiges.,Die Berichte über ihn stammen immer aus zweiter oder dritter Hand.
1237,16,4,1.0,1.0,"Weil wir Angst haben, sonst in der Masse unterzugehen.","Weil wir Angst haben, sonst in der Masse unterzugehen."
1238,17,11,1.0,1.0,Und die Veranstaltung ist eigentlich jedes Jahr sehr gut besucht.,"Es gibt Workshops, Veranstaltungen und ja, ich freue mich darauf."
1239,16,8,1.0,1.0,"Nach Kanaan ging nicht die ganze Nation Israel, um es auszukundschaften.","Nach Kanaan ging nicht die ganze Nation Israel, um es auszukundschaften."
1240,19,11,1.0,1.0,Der auf Adolf Hitler geschworene Offiziersseit mahn zur eingebläuten Pflicht.,Der auf Adolf Hitler geschworene Offiziersseit mahn zur eingebläuten Pflicht.
1241,20,14,1.0,1.0,"Wir sind diejenigen, zu denen die Welt gelangen will.",Das Licht gelangt in Nanosekunden vom Ball zu deinem Auge.
1242,23,9,1.0,1.0,Wir werden Sarahs Zustand so stabil wie möglich halten.,"Außerdem hat Trump gesagt, die USA wollten stabile und erfolgreiche Nachbarländer."
1243,23,12,1.0,1.0,Wir müssen leider das Weihnachtsgeld dieses Jahr ausfallen lassen.,Wir müssen leider das Weihnachtsgeld dieses Jahr ausfallen lassen.
1244,17,11,1.0,1.0,"Je schneller du isst, umso früher sind wir fertig.","Je näher die Deutschen an Moskau herankommen, umso heftiger die Kämpfe."
1245,23,11,1.0,1.0,Nicht mit einer Figur vorpreschen und irgendwelche sinnlosen Drohungen aufstellen.,Nicht mit einer Figur vorpreschen und irgendwelche sinnlosen Drohungen aufstellen.
1246,26,8,1.0,1.0,"Viel Fleisch und Zwiebel, das war immer Lisas Traum.",Ein Döner ohne Zwiebeln kostet genauso viel wie ein Dürüm.
1247,19,7,1.0,1.0,"Und dann gibt es eine kleine Gruppe, die das ausnutzen.","Dass sie ihre Positionen ausgenutzt haben, um ihrem Bruder zu helfen."
1248,15,4,1.0,1.0,Letztendlich holt er am nächsten Bahnhof die 2 Minuten wieder auf.,Letztendlich holt er am nächsten Bahnhof die 2 Minuten wieder auf.
1249,16,9,1.0,1.0,"Woher weiß ich, dass das, was ich erkenne real existiert?","Die meisten haben sich eingerichtet im ""real existierenden Sozialismus""."
1250,21,11,1.0,1.0,"Wenn wir wen festnehmen, lässt sich das schwer beschönigen.",Wenig später werden auch Ulrike Meinhof und Gudrun Ensslin festgenommen.
1251,25,13,1.0,1.0,"Vielleicht wollen sie auch, dass ich eine Weile hier bleibe.","Das wird eine Weile dauern, bis wir unten sind."
1252,22,10,1.0,1.0,"Und einen neuen Kanzler, Olaf Scholz von der SPD.","Alter Lisa, bist du echt die Assistentin vom Kanzler?"
1253,21,9,1.0,1.0,"Weißt du, wie er sich in Mamas Handy eingetragen hat?",Und zwar trage ich hier einmal 100.000 € ein.
1254,22,11,1.0,1.0,"Wir nehmen Martin alles weg, bis auf die letzte Unterhose.","Mein Exmann wurde nie erlauben, dass ich ihm Henry wegnehme."
1255,21,10,1.0,1.0,"Es ist auch fair denen gegenüber, die das alles finanzieren.","Es ist auch fair denen gegenüber, die das alles finanzieren."
1256,16,8,1.0,1.0,Sie würden mir einen Kredit in Höhe von 500.000 Euro geben.,Ein Außenseiter verdirbt uns das Geschäft und den Kredit.
1257,12,7,1.0,1.0,Natürlich steckt die Entwicklung von Roboterbienen noch im Larvenstadium.,Dieses Problem hat alle Entwicklungen seit dem Beginn der Luftfahrt begleitet.
1258,16,12,1.0,1.0,"Wenn wir das täen, könnten wir leicht ihre höchsten Befehlsstände beeinflussen.","Wenn wir das täen, könnten wir leicht ihre höchsten Befehlsstände beeinflussen."
1259,20,10,1.0,1.0,Und hier hat er Hardcore Booster fürs Gym getestet.,"Leider ist doch mein Verteidigungssystem noch nicht getestet worden, oder, Sir?"
1260,19,13,1.0,1.0,"Wir nehmen Ihren Wunsch und Ihre Argumente sehr ernst, Herr Schulz.","Wir nehmen Ihren Wunsch und Ihre Argumente sehr ernst, Herr Schulz."
1261,19,10,1.0,1.0,Wie willst du eine Zahl mit der Unendlichkeit vergleichen?,"Hört auf, euer Deutsch mit dem Deutsch von Muttersprachlern zu vergleichen."
1262,13,2,1.0,1.0,Allein diese Gruppierung Juden in der AfD belegt das.,Allein diese Gruppierung Juden in der AfD belegt das.
1263,21,16,1.0,1.0,"Ich hatte Angst, dass sich eure Trennung auf unsere Beziehung auswirkt.","Ich hatte Angst, dass sich eure Trennung auf unsere Beziehung auswirkt."
1264,21,14,1.0,1.0,"Ja, mittlerweile kann man fast alle Aufgaben online bearbeiten.","Daddy hatte einen Fall, der sofort bearbeitet werden musste."
1265,22,14,1.0,1.0,Und er will es davor bewahren im Juli 1944.,Gegen den preußischen Machtstaat will man seine Souveränität bewahren.
1266,18,6,1.0,1.0,Hab die Daten gefälscht und sie der Presse zugespürt.,Hab die Daten gefälscht und sie der Presse zugespürt.
1267,14,8,1.0,1.0,Seit wenigen Wochen breitet sich dort das Ebola-Virus aus.,Die Krankheit ist sehr gefährlich und kann sich schnell ausbreiten.
1268,12,7,1.0,1.0,Welchen Einfluss hat die Partei auf Politik und Gesellschaft?,Die verschiedenen kulturellen Einflüsse scheinen in dieser faszinierenden Metropole harmonisch ineinanderzufließen.
1269,16,10,1.0,1.0,"Was sagst du, wenn eine Aussage nur teilweise stimmt?","Also, Pünktlichkeit, teilweise wahr und stark von der Situation abhängig."
1270,18,8,1.0,1.0,Wir schützen unseren Arbeitsmarkt durch eine Mauer aus Papier.,Könnten Sie bitte die Papiere in mein Büro schicken?
1271,18,8,1.0,1.0,Und wieder schweigt Epstein: Dabei ist er Brunels wichtigster Geldgeber.,Und wieder schweigt Epstein: Dabei ist er Brunels wichtigster Geldgeber.
1272,12,7,1.0,1.0,"Ein Universum, das vielleicht überall die Entwicklung von Leben ermöglichte.","Ein Universum, das vielleicht überall die Entwicklung von Leben ermöglichte."
1273,14,8,1.0,1.0,Dennoch nimmt jede und jeder hier einige Dinge mit.,Dennoch habe ich den Roman sehr schnell zu Ende gelesen.
1274,23,9,1.0,1.0,"Ist das die Strafe für das, was Sie getan haben?","Das ist seine Strafe, weil er mich pranken will."
1275,17,9,1.0,1.0,Wie viele politische Morde denn noch getart als Herzinfarkt?,Wie viele politische Morde denn noch getart als Herzinfarkt?
1276,24,11,1.0,1.0,"Und irgendwann entscheidet sich Carmen, nach London zu fliehen.","Und irgendwann entscheidet sich Carmen, nach London zu fliehen."
1277,13,7,1.0,1.0,Und vor allem auch: Wann sprechen Sie ein nationales Betätigungsverbot aus?,Wir haben auch EMAs beispielsweise auch ein EU- und nationales System.
1278,19,6,1.0,1.0,Ich bekomme ein Problem mit meinem Korn im November und Dezember.,Ich bekomme ein Problem mit meinem Korn im November und Dezember.
1279,12,5,1.0,1.0,Gegen eine historische Forschung ist überhaupt nichts zu sagen.,Gegen eine historische Forschung ist überhaupt nichts zu sagen.
1280,22,11,1.0,1.0,"Und was machen Sie beruflich, wenn ich fragen darf?","Und was ist mit dem beruflichen Niedergang, den du vermeiden willst?"
1281,14,8,1.0,1.0,Nicht nur seine Sportbegeisterung wird in dieser NS Kaderschmiede gefördert.,Nicht nur seine Sportbegeisterung wird in dieser NS Kaderschmiede gefördert.
1282,19,6,1.0,1.0,"Selbstverständlich kann Europa, muss Europa Verbindungen zu anderen Ländern schaffen.","Rentenversicherung, Krankenversicherung, Arbeitslosenversicherung alles Dinge, die für uns heute selbstverständlich sind."
1283,19,11,1.0,1.0,Und nach diesem super intensiven Tag kommt jetzt erst Annas Haupttrainingseinheit.,"Praktisch bedeutet dieses Verb ""sich meistens sehr intensiv mit etwas beschäftigen""."
1284,23,9,1.0,1.0,Diese später nachgestellten Aufnahmen sollen Widerstandskämpfer zu Helden stilisieren.,"Versuchen Sie das noch mal, dann sind Sie ein toter Held."
1285,14,10,1.0,1.0,Für Evertoris Menschen nichts anderes als Mittel zum Zweck.,"Die wichtigsten Präpositionen sind hier ""für"", ""zu"", ""zwecks"" und ""zum Zweck""."
1286,16,10,1.0,1.0,"Ich glaube, er ist auf einer kleinen Insel westlich von hier.","Auf der anderen Seite im Westen, würde man “westliche Länge”."
1287,18,4,1.0,1.0,Wir werden Sie in zwei Wochen über die Entscheidung informieren.,Ich werde heute Frau Meschke anrufen und sie informieren.
1288,21,9,1.0,1.0,"Vielleicht morgen, wenn ihre Wunde noch besser verheilt ist.",Ich kann das Ende der Wunde mit dem Fingertasten.
1289,18,9,1.0,1.0,"Hey, meine Güte, der Winter hat ganz schön aufgefrischt.",Fluffy zu Steaks machen und vielleicht eine Mütze für den Winter.
1290,16,9,1.0,1.0,"Es gibt hunderte von Dokumenten, die eine Verschwörung eindeutig beweisen würden.",Dieses Dokument hat die Weiterführung des Vietnamkrieges erst ermöglicht.
1291,20,6,1.0,1.0,Um 12:34 Uhr versagte das gesamte Telefonz von Washington.,Um 12:34 Uhr versagte das gesamte Telefonz von Washington.
1292,17,8,1.0,1.0,Was bedeutete Spinozas Gottesvorstellung für sein Verständnis des Universums?,"Ruilin, dank sei Gott, dass du das Verständnis hast."
1293,25,6,1.0,1.0,Und du würdest auch die Einladung nicht mehr sabotieren?,Und du würdest auch die Einladung nicht mehr sabotieren?
1294,14,6,1.0,1.0,Das Verb “eintreten” funktioniert in dieser Bedeutung nur mit Räumen.,Bei “eintreten” geht es mehr um die Zerstörung der Tür.
1295,22,16,1.0,1.0,"Ohne diesen Stern durfte man, wenn überhaupt, die Straße nicht betreten.","Du wirst nie glauben, wer nach uns den Platz betreten hat."
1296,16,5,1.0,1.0,Genau diese Sätze sind dein Werkzeug für echte Gespräche.,Dabei ist das beste Werkzeug manchmal am eigenen Körper angebracht.
1297,18,10,1.0,1.0,Zur großen Freude Bismarcks hat Ludwig allerdings einen Laster.,"Tatjana, es war mir eine große Freude, dich kennenzulernen."
1298,20,9,1.0,1.0,Lisa und ich sind uns zufällig im Zug begegnet.,"Alliierte Truppen bewegen sich nordwärts, um dem Angriff zu begegnen."
1299,24,12,1.0,1.0,"Immerhin habe ich mir einen schicken, neuen Anzug gekauft.",Connel blutigen Anzug lässt er sofort in die Reinigung schicken.
1300,17,6,1.0,1.0,Aber man sollte das auch aus einer anderen Perspektive sehen.,Aber man sollte das auch aus einer anderen Perspektive sehen.
1301,15,4,1.0,1.0,"Und das brauchst du, damit du natürlich deinen Fortschritt hast.","Und das brauchst du, damit du natürlich deinen Fortschritt hast."
1302,21,8,1.0,1.0,Tommy Krause Kalkawig 34 in Köln Kark Mario Bartolo gleich Adresse.,Adresse 1313 Din Briefing haben Sie jemals einen Decknamen benutzt?
1303,22,15,1.0,1.0,"Zum Beispiel, als ich den Streit mit Klara hatte.",Ich mag Ösland und ich will keinen Streit haben.
1304,22,11,1.0,1.0,"Wow, dann ist das vielleicht unsere letzte Schicht zusammen.","Ja, ich kann Tim fragen, ob er deine Schicht übernehmen kann."
1305,23,9,1.0,1.0,"Siehst du, wie die Jungs sich nach hier umdrehen?","Also gut, Leute, dreht euch um und haltet eure Hände hoch."
1306,15,10,1.0,1.0,"Wo können Betroffene ansetzen, um gute Hilfe zu finden?","Was die Lösungsvorschläge anbelangt, sollten wir nicht wieder bei Platon ansetzen."
1307,18,6,1.0,1.0,Die gesamten Zeugen und unsere Strategie für den Prozess.,Die gesamten Zeugen und unsere Strategie für den Prozess.
1308,20,12,1.0,1.0,"Wenn man alles glaubt, was die Zeitung so bringen.","Aber kein Wunder, dass heutzutage niemand mehr Zeitung liest."
1309,9,6,1.0,1.0,Zunächst prüfen wir die ersten beiden Vorschläge zum Beschluss.,"Beschlüsse können gerichtlich gekippt werden, wenn sie fehlerhaft sind."
1310,23,12,1.0,1.0,"Was dafür sprechen würde, dass Igor keine bösen Absichten hatte.","Ruan Jiaojiao, das hast du doch mit Absicht gemacht!"
1311,21,6,1.0,1.0,Schick Paket lieber zurück und lass für neue Autos sparen.,Alles nackt Paket voller Geld und alles nackt voll incredibel.
1312,11,3,1.0,1.0,"Lesen bedeutet auch und insbesondere, zu verstehen, was ich gerade lese.","Lesen bedeutet auch und insbesondere, zu verstehen, was ich gerade lese."
1313,9,2,1.0,1.0,"﻿Verkaufen Sie Ihr Kupfer, Ihr Eisen, Ihre alten Geräte!","﻿Verkaufen Sie Ihr Kupfer, Ihr Eisen, Ihre alten Geräte!"
1314,12,2,1.0,1.0,Entstanden sind die Kindergärten aus einer großen Veränderung in der Geschichte.,Entstanden sind die Kindergärten aus einer großen Veränderung in der Geschichte.
1315,13,7,1.0,1.0,Beschlüsse sollen dann zentralistisch von oben nach unten durchgesetzt werden.,Beschlüsse sollen dann zentralistisch von oben nach unten durchgesetzt werden.
1316,17,10,1.0,1.0,Menschen mehr arbeiten müssen oder nicht ist eine zentrale Frage.,"Der Springer hier zentral aufgestellt, der Läufer zentral aufgestellt."
1317,17,7,1.0,1.0,"Die Zeit wird nicht ausreichen, jeden hier zu retten.","Die Zeit wird nicht ausreichen, jeden hier zu retten."
1318,18,8,1.0,1.0,"Was heißt das für einen Gesellschafter, der Geschäftsunterlagen benötigt?","Ist denn schon klar, dass wir eine Pferdekutsche benötigen?"
1319,17,9,1.0,1.0,Proteine bestehen aus dutzenden bis hunderten oder sogar tausenden Aminosäuren.,Proteine bestehen aus dutzenden bis hunderten oder sogar tausenden Aminosäuren.
1320,17,9,0.94,0.94,"Vereine dürfen gebildet werden, ohne dass der Staat etwas dagegen tun kann.","Vereine dürfen gebildet werden, ohne dass der Staat etwas dagegen tun kann."
1321,16,9,1.0,1.0,Wie und wer soll doch nur die Öffentlichkeit ablenken?,"Die Öffentlichkeit erfährt erst 2,5 Wochen später von der Ablösung Naumanns."
1322,15,5,1.0,1.0,"Man muss immer damit rechnen, dass Trump sich gegen einen wendet.","Man muss immer damit rechnen, dass Trump sich gegen einen wendet."
1323,20,8,1.0,1.0,Yara ist beim Skifahren gestürzt und hat sich beide Hände gebrochen.,Die sollen sich nicht ärgern müssen oder sogar stürzen.
1324,17,9,1.0,1.0,"Es sieht so aus, als hätten Sie die Beweise vernichtet!","Das ist für mich der einzige Grund, sie zu vernichten."
1325,18,6,1.0,1.0,Und dann in einer Einzelbetreuung eventuell anleiten lassen zu bestimmten Taten.,Und dann in einer Einzelbetreuung eventuell anleiten lassen zu bestimmten Taten.
1326,17,9,1.0,1.0,Willst du den Alkohol vor der Anprobe morgen ausschwitzen?,Willst du den Alkohol vor der Anprobe morgen ausschwitzen?
1327,18,6,1.0,1.0,Ihr Amerikaner habt offenbar was übrig für aussichtslose Sachen.,Ihr Amerikaner habt offenbar was übrig für aussichtslose Sachen.
1328,15,11,1.0,1.0,Jetzt kannst du dieselben Redemittel frei auf neue Aussagen übertragen.,"Ja, mein Junge, die Sache ist jetzt mir übertragen worden."
1329,11,6,1.0,1.0,"Also, muss man nicht jede Pause mit Worten füllen?","Also, muss man nicht jede Pause mit Worten füllen?"
1330,15,6,1.0,1.0,In gewisser Weise ist dieser winzige Tumor wie eine abtrünnige Stadt.,Winzige und auch nicht so winzige Außerirdische könnten überall sein.
1331,19,3,0.92,0.92,Toni hat eine Bombe in ihr Zimmer getan.,Toni hat eine Bombe in ihr Zimmer getan.
1332,13,10,1.0,1.0,Das entspricht vermutlich nicht mehr Ihrem heutigen Vorstellungen von Realität.,Das entspricht der 40-fachen Distanz vom Mond zur Erde.
1333,12,6,1.0,1.0,Später dann wurden in den Spiralgalaxien die Rotationskurven gemessen.,"Ich kann nie ein Wort gleich aussprechen, das kann man messen."
1334,21,10,1.0,1.0,Team A geht ins Schulbuchlagerhaus in den sechsten Stock.,Jetzt habe ich eine Doppelstunde Deutschunterricht im zweiten Stock.
1335,18,13,1.0,1.0,Mit ihnen würde ich nicht mal um die Ecke gehen.,Danach kümmern wir uns um die zweite Gehrung derselben Ecke.
1336,20,10,1.0,1.0,Unsere Augen regeln diese Farbunterschiede noch ganz gut automatisch.,"Das heißt, Sie können sie im Gesellschaftsvertrag anders regeln."
1337,14,8,1.0,1.0,"Weil das ja damals auch funktioniert hat, die Zusammenarbeit.",Unsere Zusammenarbeit ist wirklich fantastisch und wir sind ein gutes Team.
1338,12,8,1.0,1.0,"Und es ist kein Zufall, dass wir im Europäischen Parlament diskutieren.",Denn Preußen will das Parlament jetzt mit Militärgewalt auflösen.
1339,16,9,1.0,1.0,"Wirtschaftlich schwach, ja, weil ich vielleicht wenig Geld habe.",Aber uns geht es im Moment wirtschaftlich nicht gut.
1340,13,7,1.0,1.0,"Welche Maßnahmen plant das Gesundheitsministerium, um dieser Entwicklung entgegenzuwirken?","Präventive Maßnahmen, um eine OP vorab zu verhindern, nicht."
1341,19,8,1.0,1.0,Das ist der wichtigste Entwicklungsschub im Prinzip in der Eröffnung.,Das ist der wichtigste Entwicklungsschub im Prinzip in der Eröffnung.
1342,20,8,1.0,1.0,"Und es ist fast so, als wäre man an Infusion angeschlossen.",Alle Kabel sind beschriftet und das Anschließen ist dadurch sehr einfach.
1343,16,1,1.0,1.0,Habe gerade die letzten Stühle für die Gedenkfeier vorbereitet.,Habe gerade die letzten Stühle für die Gedenkfeier vorbereitet.
1344,20,3,0.94,0.94,"Kann sein, dass ich was getankt habe, aber blind bin ich nicht.","Kann sein, dass ich was getankt habe, aber blind bin ich nicht."
1345,19,7,1.0,1.0,Er soll seinen Mandanten Ofarim vom Vorwurf der Verleumdung entlasten.,Er soll seinen Mandanten Ofarim vom Vorwurf der Verleumdung entlasten.
1346,20,12,1.0,1.0,"Ich fasse das, was wir besprochen haben, noch einmal zusammen.","Als letztes schauen wir natürlich auch das Verb ""etwas akkusativ zusammenfassen""."
1347,20,8,1.0,1.0,"Wenn dein Akku leer ist, bist du schlau wie eine Kartoffel.","Wenn dein Akku leer ist, bist du schlau wie eine Kartoffel."
1348,16,6,1.0,1.0,Und etwa 30 Minuten vor dem Start leichte kohlenhydratreiche Snacks.,"Sollte ein einfacher Gegner für den Start werden, oder?"
1349,18,10,1.0,1.0,"Yue Xi, wie kann sie es wagen, dir so gegenüberzutreten?","Es ist aber trotzdem wichtig, dass wir ihn wagen."
1350,14,11,1.0,1.0,Über die Beflaggung seiner Gebäude entscheidet der Bundestag als Verfassungsorgan selbst.,"Man sagt auch ""der Bundestag"", der in Frankfurt zusammentritt."
1351,21,14,1.0,1.0,Und nicht alle Journalisten sind so fair wie dein Vater.,Und nicht alle Journalisten sind so fair wie dein Vater.
1352,18,9,1.0,1.0,"Nichts ist garantiert, der Weg wird hart und voller Rückschläge sein.","Nichts ist garantiert, der Weg wird hart und voller Rückschläge sein."
1353,15,8,1.0,1.0,Unsere Fraktion unterstützt auch die Einrichtung einer solchen Arbeitsgruppe.,"Im Namen der Fraktion, werden wir diese Entschließung unterstützen."
1354,21,5,1.0,1.0,"Was sich hier als Erfolgsgeschichte liest, ist für andere eine Katastrophe.","Was sich hier als Erfolgsgeschichte liest, ist für andere eine Katastrophe."
1355,14,7,1.0,1.0,Ich zeig dir alle Funktionen z.B wie Du Focuspeaking richtig einsetzt.,Ich zeig dir alle Funktionen z.B wie Du Focuspeaking richtig einsetzt.
1356,10,1,1.0,1.0,"Die Zahl der Betriebe, die nachrüsten müssen, würden verachtfacht werden.","Die Zahl der Betriebe, die nachrüsten müssen, würden verachtfacht werden."
1357,18,5,1.0,1.0,Ich muss erst einmal den Motor zum Laufen bringen.,"Ich kann selbst bestimmen, wie stark mich der Motor unterstützt."
1358,21,9,1.0,1.0,"Oh, dieser Zahn ist so scharf wie die eines Tigers.","Ich sehe überall Köpfe, Hände, Füße, Finger und Zähne."
1359,15,6,0.94,0.94,Die würden das prüfen aber es ist kein formeller Teil des Verfahrens.,Die würden das prüfen aber es ist kein formeller Teil des Verfahrens.
1360,12,5,1.0,1.0,Und wir müssen die Errungenschaften der Revolution am Leben erhalten.,Und wir müssen die Errungenschaften der Revolution am Leben erhalten.
1361,16,6,1.0,1.0,Ohne sie sind Partisanen im offenen Kampf meist unterlegen.,"Dass meist Gäste, die Schäden melden, da oder bei uns anrufen."
1362,16,7,1.0,1.0,"Und der Schneider hat die Hose verändert, sodass sie mir passt.","Man verändert etwas, sodass es zu einer anderen Sache passt."
1363,23,11,1.0,1.0,"Wie immer, versprich mir, dass du kein Ärger machst.",Im ganzen Gebiet wimmelt es mit Waffen und Ärger.
1364,17,7,1.0,1.0,"Ich verzichte nicht!"" Ein Boden aus Buchweizen und Hanfsamen.","Er hofft, bald ganz auf Medikamente verzichten zu können."
1365,21,10,1.0,1.0,"Mir fehlt der Hunger, und ich vermisse manchmal diesen Mohammad.",Du lässt dich von einem daher gelaufenen Hunger leider erpressen.
1366,22,9,1.0,1.0,"Taxi im Hotel bestellen Guten Morgen, kann ich Ihnen helfen?",Meine Mama hat mir 20 Euro für ein Taxi gegeben.
1367,20,12,1.0,1.0,"Und wenn ja, ist es dann sinnvoll, sie zu verbieten?","Aber es ist sinnvoll, wenn du das jetzt schon machst."
1368,15,8,1.0,1.0,"Die die Öffnungsphase beginnt, wenn der Muttermund vollständig geöffnet ist.","Die die Öffnungsphase beginnt, wenn der Muttermund vollständig geöffnet ist."
1369,13,8,1.0,1.0,"So entsteht Sympathie zwischen Gesprächspartnern, die sich kritisch gegenüber stehen sollten.","Ich sehe das kritisch, weil in dieser Diskrepanz ein Problem liegt."
1370,20,12,1.0,1.0,"Wenn Weichen verlegt werden, stellt sie dazu lehrreiche Videos zur Schau.",Zur Abschreckung verlegt die US-Regierung die Pazifikflotte nach Pearl Harbor.
1371,14,9,1.0,1.0,Und vielleicht ist das die wichtigste Erkenntnis aus der ganzen Folge.,"Das heißt, wie tackere ich meine Erfahrung und meine Erkenntnisse zusammen."
1372,13,7,0.94,0.94,Sogar noch in den kommenden Jahrzehnten wird man sich an sie erinnern.,"Wenn wir in Jahrzehnten und Jahrhunderten denken, können wir unsere Probleme lösen."
1373,18,10,1.0,1.0,Mit dem Leiter der Terrorismusabteilung können wir über den Fall sprechen.,"Hören Sie, Frau Wagner, ich bin der Leiter des Rechtsreferats."
1374,19,12,1.0,1.0,Ziel ist nicht zuletzt die Einsparung von Dünger und Pestiziden.,Wir haben ja zuletzt über den Tweet dieses einen Vorstandsmitglieds gesprochen.
1375,17,11,1.0,1.0,"Nicht lange schreiben, direkt schnelle Ergebnisse, die beiden Seiten gerecht werden.","Nicht lange schreiben, direkt schnelle Ergebnisse, die beiden Seiten gerecht werden."
1376,14,3,1.0,1.0,"Also, wir sollten,also ich denke, unsere Versammlung sollte hier wirklich ansetzen.","Also, wir sollten,also ich denke, unsere Versammlung sollte hier wirklich ansetzen."
1377,14,9,1.0,1.0,Und eine zweite Frage bezieht sich auf die Handelspolitik.,Aber Jesus bezog sich auf Gott immer als „mein Vater“.
1378,15,8,1.0,1.0,"Ich glaube, auch die Kommunikation darüber ist wichtig und hilfreich.","Ich glaube, auch die Kommunikation darüber ist wichtig und hilfreich."
1379,20,9,1.0,1.0,"Wenn das nicht hilft, zeichne ich in den Sand.","Wenn das nicht hilft, zeichne ich in den Sand."
1380,14,6,1.0,1.0,Wie viel Zeit haben wir für den schriftlichen Teil der Prüfung?,"Mein Mann starb, bevor ich das Scheidungsurteil schriftlich bekam."
1381,12,7,1.0,1.0,Ofarim will sich zu dieser Frage aktuell nicht äußern.,Ofarim will sich zu dieser Frage aktuell nicht äußern.
1382,15,7,1.0,1.0,"Und wenn es einen Konflikt gibt, dann muss was ausgehandelt werden.","Und wenn es einen Konflikt gibt, dann muss was ausgehandelt werden."
1383,20,12,1.0,1.0,"Wenn du Langeweile hast, dann spiel einfach mit der beschissenen Katze.",Das rote Tshirt mit der Katze und die Schule natürlich.
1384,20,13,1.0,1.0,Wir können auch Fragen beantworten damit niemand unsicher bleibt.,"Unsicher und nervös hätte die Polizei gewirkt, sagen die Überlebenden."
1385,15,10,1.0,1.0,Zusammen erzeugen sie eine Ladung über den ganzen Kristall.,Zusammen erzeugen sie eine Ladung über den ganzen Kristall.
1386,18,11,1.0,1.0,"Wir könnten noch sagen, dass man Strom sparen soll.","Und wenn du mit ihm verbunden bist, entsteht ein Strom."
1387,21,8,1.0,1.0,"Na gut, Mister, schieb das Gemüse in den Ofen.","Ja, bei uns gibt es immer frisches Essen und viel Gemüse."
1388,18,4,1.0,1.0,Heute mal um geile Sachen und die Stimmung wozu eskalieren.,Heute mal um geile Sachen und die Stimmung wozu eskalieren.
1389,15,8,1.0,1.0,Die germanischen Stämme werden in der Folgezeit immer kriegerischer.,Die germanischen Stämme werden in der Folgezeit immer kriegerischer.
1390,15,7,1.0,1.0,Dazu gehört einmal das Sehen: wie sieht die Ware aus?,Dazu gehört einmal das Sehen: wie sieht die Ware aus?
1391,21,9,1.0,1.0,Mein Onkel ist ein Verräter und hat das Volk wütend gemacht.,"Ich bin echt wütend, Ruan Jiaojiao, das war sicher sie!"
1392,24,4,1.0,1.0,Wo auch immer Sie hinkommen wird ein roter Teppich ausgerollt.,Wo auch immer Sie hinkommen wird ein roter Teppich ausgerollt.
1393,14,9,1.0,1.0,"Meine Erfahrung mit sozialem Aufstieg ist, sich anzupassen, zu improvisieren.",Es war der Aufstieg des Bürgertums gegen den Adel.
1394,17,7,1.0,1.0,Auch Frauen mit höherer Bildung und guten Erwerbschancen sind häufiger Single.,Auch Frauen mit höherer Bildung und guten Erwerbschancen sind häufiger Single.
1395,15,8,1.0,1.0,"Weißt du, sexuelle Belästigung kommt häufiger vor, als du denkst.","Weißt du, sexuelle Belästigung kommt häufiger vor, als du denkst."
1396,13,6,1.0,1.0,"Der Kapitän bringt mir bei, wie ich das Schiff steuere.","Diesen kann die EZB steuern, durch die Zinshöhe bei Krediten."
1397,17,6,1.0,1.0,"Zehntausende Zellen sterben sofort qualvoll, in Stücke gerissen oder irreparabel beschädigt.","Ist eine Zelle zu stark beschädigt, bemerkt sie das normalerweise."
1398,14,8,1.0,1.0,Mit dem todesmutigen Widerstand haben die deutschen Mordhelfer nicht gerechnet.,"Je mehr Sie das hinauszögern, umso mehr Widerstand werden Sie erfahren."
1399,14,6,1.0,1.0,"Eine Person hat hinter dem Fahrzeug gesessen, der war schwer verletzt.","Eine Person hat hinter dem Fahrzeug gesessen, der war schwer verletzt."
1400,18,5,1.0,1.0,"Und wusstest du, dass nur nette Menschen Zucker mögen?",Aber der Zucker ist noch nicht auf seinem Maximum.
1401,18,7,1.0,1.0,"Entschuldigung, können Sie mir sagen, wo die Kasse ist?","Entschuldigung, können Sie mir sagen, wo die Kasse ist?"
1402,18,6,1.0,1.0,"Schon vor KI war es schwer, Ursprünge von Fakten zu finden.",Fakt ist: Technisch wäre weniger Achslast gar kein Problem.
1403,18,9,1.0,1.0,Darüber hinaus müssen sämtliche Bestrebungen der Aufweichung von Standards gestoppt werden.,Darüber hinaus müssen sämtliche Bestrebungen der Aufweichung von Standards gestoppt werden.
1404,20,7,1.0,1.0,"Leute, ich habe in dem Viertel einen Ruf zu verlieren.",Das französische Viertel ist voll von lebhaften Fantasien dieser Art.
1405,17,6,1.0,1.0,Gemächliche Instrumentalmusik Niklas und Lian wären ohne ihre Räder aufgeschmissen.,Gemächliche Instrumentalmusik Niklas und Lian wären ohne ihre Räder aufgeschmissen.
1406,19,8,1.0,1.0,"Vor dem Training ist es wichtig, sich gut zu dehnen.","Vor dem Training ist es wichtig, sich gut zu dehnen."
1407,21,13,1.0,1.0,"Wer sich für die Caro-Kann-Verteidigung interessiert, dem empfehle ich mein Video.",Menschen wie Sie interessieren sich nur für sich selbst.
1408,20,9,1.0,1.0,Wozu soll eure waffenlose Kunst denn schon gut sein?,"Ich hätte rausgefunden, dass er die Kunst losgeworden ist."
1409,22,8,1.0,1.0,"Papa, wollen wir Brain Rots auf dem Fernseher schauen?","Aber hey, du kannst ihm mit dem Fernseher helfen!"
1410,10,7,1.0,1.0,Und für diese schlechten Bedingungen gibt es einen Grund im Kontinent.,Und für diese schlechten Bedingungen gibt es einen Grund im Kontinent.
1411,14,7,1.0,1.0,Und jetzt zeigen unsere Untersuchungen Menschen mit ADHS liegen eher hier.,Die werden an einem herumstochern und Untersuchungen machen und so weiter.
1412,12,6,1.0,1.0,Fast alle Entscheidungen sind mit einem engen Kreis von Vertrauten vorabgesprochen.,Fast alle Entscheidungen sind mit einem engen Kreis von Vertrauten vorabgesprochen.
1413,22,13,1.0,1.0,Zunächst möchte ich Ihrer Familie offiziell die Verlobung kündigen.,"Ein Jahr vor Vertragsende sei ihnen gekündigt worden, erzählen sie."
1414,18,8,1.0,1.0,"Ich muss mich erneut programmieren, um der Herausforderung entgegentreten zu können.",Er wird bei diesem Sturmangriff erneut zweimal schwer getroffen.
1415,18,9,1.0,1.0,Wir können die Blätter von Lisa und Sarah austauschen.,"Ach, hier ist Oh, sieh nur, sie tauschen ihre Adressen aus."
1416,15,6,1.0,1.0,"Ja, Beverly Hills Hotel hat ein Dienst Samson bei ihnen reserviert.","Ja, Beverly Hills Hotel hat ein Dienst Samson bei ihnen reserviert."
1417,15,7,1.0,1.0,"Soldat Bergman sagte uns genau, worüber Sie hier verfügen.","Soldat Bergman sagte uns genau, worüber Sie hier verfügen."
1418,17,10,1.0,1.0,"Ihr Gesicht war eine digitale Schöpfung, ihre Stimme eine Illusion.",Eine Zeit ohne digitale Medien und eine Zeit mit.
1419,15,11,1.0,1.0,Thematisch anschließende Videos verlinken wir immer hier im Videofenster.,"Anschließend kannst du nach der Variablen, die nicht wegfällt, auflösen."
1420,19,8,1.0,1.0,"Sie weiß, dass bei Frauen als Letztes die Schultern schwach werden.",Er wird sich für immer auf den Schultern der Anderen ausruhen.
1421,13,9,1.0,1.0,Wir wollen eine Konkurrenz zu den chinesischen und amerikanischen Produktionen.,Für Marx ist das der Grundwiderspruch der kapitalistischen Produktion.
1422,16,8,1.0,1.0,Was wollen und dann umbringen die ander ist der Mörder?,Was wollen und dann umbringen die ander ist der Mörder?
1423,14,9,1.0,1.0,"Sodass man hier wirklich sagen kann, die Qualität ist sehr gut.",Darunter kannst du noch die Qualität deiner Aufnahme bestimmen.
1424,14,3,1.0,1.0,Wir erwarten einen gewaltigen Genehmigungsmarathon in den nächsten Jahren.,Dieses tektonische Kräftemessen erzeugt gewaltige Verwerfungen mit markanten Folgen.
1425,17,8,1.0,1.0,Viele Menschen erledigen ihren Wocheneinkauf am Freitag oder Samstag.,"Am nächsten Morgen, also Samstag, ging ich zum FBI."
1426,20,13,1.0,1.0,"Vielleicht, weil ich das jedes Semester so gemacht habe.",Und wie passt das Semester in China zu Ihrer Karriere?
1427,10,5,1.0,1.0,"Und wenn China investiert, dann fließt massiv Geld in Bauprojekte.",Das wollen wir massiv in den nächsten Jahren entwickeln.
1428,20,9,1.0,1.0,"Sie ist ein Profi, hat's bei meinem Vater gelernt.","Er hat gesagt, dass ich das Potenzial habe Profi zu werden."
1429,15,8,1.0,1.0,"Warum denkst du, bekämpft der Teufel diese Gabe so sehr?","Ich hatte dann gesehen, dass die Hamas früher auch Israel bekämpft."
1430,17,4,0.94,0.94,"Ja, dann wird da drinstehen zugestellt und dann wird die Rechnungs versandt.","Das kann ich bei Aufträgen machen, das kann ich in Rechnungen machen."
1431,19,10,1.0,1.0,Zu größeren Zwischenfällen oder gar Gewalt kommt es heute nicht.,"Monster, die mit einer undenkbaren Gewalt explodieren und ins Leere schreien."
1432,13,3,0.94,0.94,Entweder Sie sind um 20:00 Uhr hier oder es wird Konsequenzen geben.,Entweder Sie sind um 20:00 Uhr hier oder es wird Konsequenzen geben.
1433,19,3,1.0,1.0,"Ähm ja, wäre echt voll korrekt von dir, Sarah.","Ähm ja, wäre echt voll korrekt von dir, Sarah."
1434,16,11,1.0,1.0,Was verbirgt sich dahinter und warum hast du das gemacht?,Was verbirgt sich dahinter und warum hast du das gemacht?
1435,18,9,1.0,1.0,"Wir sollten auch sicherstellen, dass unsere Lernmaterialien aktuell sind.","Wir sollten auch sicherstellen, dass unsere Lernmaterialien aktuell sind."
1436,22,7,1.0,1.0,"Ich habe ein schlechtes Gefühl, dass etwas schief gehen könnte.","Ich habe ein schlechtes Gefühl, dass etwas schief gehen könnte."
1437,15,7,1.0,1.0,Ohne ganz viel Eigeninitiative und einer dauerhaften Lebensstiländerung geht es nicht.,Ich setze mich auf allen meinen Profilen dauerhaft dafür ein.
1438,17,8,1.0,1.0,Ich rufe nun auf den Tagesordnungspunkt 1: Befragung der Bundesregierung.,"Ich glaube, dass es auch Kritikpunkte gibt von der Bundesregierung."
1439,14,5,1.0,1.0,"Um die Wahrheit zu sagen, hat er sich irgendwie seltsam verhalten.","Du willst, dass ich mich wie ein Mann verhalte?"
1440,21,8,1.0,1.0,"Mir ist es sehr wichtig, dass ihre Eltern damit einverstanden sind.",Ich habe mit Idris darüber gesprochen und er ist damit einverstanden.
1441,15,6,1.0,1.0,Und zur letzten Nachfrage darf ich Jan Gesenhues das Wort erteilen.,"Das liegt daran, dass die Nachfrage das Angebot übersteigt."
1442,9,2,1.0,1.0,Diese historische Erfahrung hat sich bis ins Heute fortgesetzt.,Diese historische Erfahrung hat sich bis ins Heute fortgesetzt.
1443,18,9,1.0,1.0,"Und wissen Sie, was sie sich darauf gemalt hatte?","Na lass mal, ich wollte ihn ja immer schon malen."
1444,16,3,0.88,0.88,"Der Sternenlaser hat Lichtgeschwindigkeit, aber auf galaktischem Niveau ist das immer noch langsam.","Der Sternenlaser hat Lichtgeschwindigkeit, aber auf galaktischem Niveau ist das immer noch langsam."
1445,20,8,1.0,1.0,"Ich glaube, viele Deutsche sind wirklich beeindruckt, wenn jemand Deutsch lernt.","Ich bin mir sicher, dass es sie beeindrucken wird."
1446,11,5,1.0,1.0,"Die geheimnisvollen Wesen sind ein großes Thema, auch im privaten Alltag.","Die geheimnisvollen Wesen sind ein großes Thema, auch im privaten Alltag."
1447,18,9,1.0,1.0,"Wir denken, er wäre bei einer anderen Familie besser aufgehoben.","Ja, oder ich hebe sie für nächstes Jahr auf."
1448,21,17,1.0,1.0,"Mal gucken, ob man das alles ein bisschen spannen kann.","Ich bin wirklich gespannt, was meine Eltern zu der Idee sagen."
1449,21,13,1.0,1.0,"Was passiert, wenn die nächste Präsidenten Gartin ins Weiße Haus einzieht?","Was passiert, wenn die nächste Präsidenten Gartin ins Weiße Haus einzieht?"
1450,16,9,1.0,1.0,"Wahrscheinlich dauert es Jahre, bis Sie das alles verarbeitet haben.",Die Baumstämme wurden dort als Bauholz verkauft und verarbeitet.
1451,16,9,1.0,1.0,"Und mit noch mehr Zeit, das vollständige Werk von Eminem.","Gottes Werk, das sie erretten und erlösen soll, verurteilt sie."
1452,20,9,1.0,1.0,Im Keller haben wir sogar einen Pool und eine Sauna.,Dann lassen Sie uns noch kurz in den Keller gehen.
1453,16,9,1.0,1.0,"In der Bibel steht, dass seine Wunden uns Heilung bringen.",Der erste Satz der Bibel ist ja sehr bekannt.
1454,14,7,1.0,1.0,"Nichts davon ist da, wofür die Gemeinde heute betet.",Frau Knobloch ist die Vorsitzende der Jüdischen Gemeinde in München.
1455,15,10,1.0,1.0,"Hatte mein Arm gebrochen, da muss ich im Theater so klatschen.",Außerdem wollte sie die Soziologie sowieso aufgeben und Theater studieren.
1456,18,7,1.0,1.0,"Hätte man sie, wie von einigen gefordert, abbrechen sollen?",Du willst alles hier abbrechen und nach El Salvador gehen?
1457,13,7,1.0,1.0,"Sie achten darauf, dass die parlamentarischen Regeln eingehalten werden.","Auch hier kommt es drauf an, ganz genau die Reihenfolge einzuhalten."
1458,17,9,1.0,1.0,"Ja, vielleicht lässt sich das ja dadurch schneller identifizieren.","Ja, vielleicht lässt sich das ja dadurch schneller identifizieren."
1459,16,6,1.0,1.0,Ohne klare Struktur geht man im Studium schnell unter.,Ohne klare Struktur geht man im Studium schnell unter.
1460,13,5,1.0,1.0,"Wenn ich einen Fehler mache, hafte ich voll und ganz.","Wenn ich einen Fehler mache, hafte ich voll und ganz."
1461,16,7,1.0,1.0,Wie können wir mit ChatPT einen Dialog schriftlich üben?,"Wer sind diese Menschen, mit denen wir wirklich im Dialog stehen?"
1462,15,5,1.0,1.0,Er soll jetzt zusätzlich zu seinen regulären Beiträgen noch Zusatzbeiträge zahlen!,Er soll jetzt zusätzlich zu seinen regulären Beiträgen noch Zusatzbeiträge zahlen!
1463,17,11,1.0,1.0,Ich werde zur Bank fahren und einen Kredit beantragen.,"Auch, weil es immer weniger der Studis überhaupt beantragen."
1464,15,10,1.0,1.0,"Wir hatten geplant Polizisten, Soldaten oder Politiker zu töten.","Einige Politiker meinen, nach der Zeit müsse man sich nicht entschuldigen."
1465,14,5,1.0,1.0,"Wo eins der Tod herrschte, ist nun das Licht.","Wo eins der Tod herrschte, ist nun das Licht."
1466,9,4,1.0,1.0,"Nein, heute soll man als Frau doch unabhängig sein!","Nein, heute soll man als Frau doch unabhängig sein!"
1467,18,8,1.0,1.0,"Dieses Modell ist gut, weil es schnell und einfach ist.","Dieses Modell ist gut, weil es schnell und einfach ist."
1468,13,4,1.0,1.0,"Dass dort Pestizide eingesetzt würden, sei nicht auszuschließen, erfahren wir noch.","Dass dort Pestizide eingesetzt würden, sei nicht auszuschließen, erfahren wir noch."
1469,17,12,1.0,1.0,"Wir ich verlange, dass dieser Mann der Polizei übergeben wird.",Ich werde nun zum Schlusswort an Nils Schmid übergeben.
1470,17,11,1.0,1.0,"Schnell die Atemschutzgeräte anschließen und kontrollieren, dass alles dicht ist.","Ich dachte, es ist Wasser drin, aber dicht, top."
1471,13,5,1.0,1.0,Fortschritte in der Behandlung lassen sich so einfach messen und kontrollieren.,Es muss doch irgendeine Behandlung oder ein Medikament geben.
1472,19,3,1.0,1.0,Und auch die Paprika schneide ich in dünne Streifen.,Und auch die Paprika schneide ich in dünne Streifen.
1473,14,9,1.0,1.0,Und vielleicht auch ein bisschen den Zeitplan beschleunigen können.,Der 18 Zylindermotor der Thunderbolt beschleunigt auf 440 Meilen pro Stunde.
1474,19,6,1.0,1.0,"Um das Restaurant eröffnen zu können, haben wir uns Geld geliehen.",So ein Gom Supermarkt wurde vor ein paar Jahren eröffnet.
1475,14,7,1.0,1.0,"Klar, solche Weisungen kann der Gesellschafter einer Einmann-GmbH jederzeit vornehmen.",Der Gesellschafter kann immer nur ein Weisungsrecht gegenüber der Geschäftsführung haben.
1476,14,10,1.0,1.0,Und dafür ist die Grundlage der Pakt für den Bevölkerungsschutz.,"Nicht in Buch neun, wo er astronomische Grundlagen behandelt."
1477,16,9,1.0,1.0,So wird der Golfstrom zum idealen Lebensraum für Fische und Meeressäuger.,So wird der Golfstrom zum idealen Lebensraum für Fische und Meeressäuger.
1478,16,8,1.0,1.0,"Das ist die spanische Partie, um genau zu sein.",Da habe ich eine Playlist mit 25 Partien schon.
1479,19,12,1.0,1.0,"Und ich möchte den Weg machen, über eine Agentur zu gehen.",Bei der Agentur MC2 geht es offiziell um Talentsuche und Modeljobs.
1480,17,7,1.0,1.0,"Wenn wir das nicht behandeln, riskiert sie eine langfristige Lähmung.",Unser Programm ist eine langfristige Perspektive für dieses Land.
1481,17,7,1.0,1.0,Aber nach aktuellem Stand muss man hier von Klimaextremismus ausgehen.,Bei der Bundespartei ist das Stand heute noch nicht der Fall.
1482,17,9,1.0,1.0,Wir haben da eine enorme Aufgabe vor uns in Deutschland.,"Herr Weißhaupt, die enormen Verdienste der Republik bezweifelt hier niemand."
1483,9,5,1.0,1.0,Einige Wissenschaftler scheinen aber einen Ausweg entdeckt zu haben.,Einige Wissenschaftler scheinen aber einen Ausweg entdeckt zu haben.
1484,16,8,1.0,1.0,"Ich habe vor 5 Jahren angefangen, als Ingenieur zu arbeiten.",Der ehemalige Ingenieur litt nach seiner Pensionierung an Depressionen.
1485,13,7,1.0,1.0,"Mädchen sind ebenso betroffen, zeigen es aber oft anders.","Mädchen sind ebenso betroffen, zeigen es aber oft anders."
1486,18,6,1.0,1.0,Wir featur erstmal mit einem Portrait und eine Reihe von Interviews.,Und in der Zwischenzeit werde ich auch Interviews mit anderen führen.
1487,16,6,1.0,1.0,Ich möchte generell wirklich gerne solche interessanten Tipps teilen.,Sie mag es quasi generell nicht und nicht nur von dir.
1488,20,10,1.0,1.0,"Wie dem auch sei, wir sind gekommen um etwas zu jagen.","Muss muss den Weg gehen, den es mich jagt."
1489,19,9,1.0,1.0,"Äh ausgerechnet jetzt, wo übermorgen das wichtige Pokalspiel ist.","Äh ausgerechnet jetzt, wo übermorgen das wichtige Pokalspiel ist."
1490,15,8,1.0,1.0,"Nur sehr treffend formulierte, aussagekräftige oder plakative Zitate übernehmt ihr wortwörtlich.","Nur sehr treffend formulierte, aussagekräftige oder plakative Zitate übernehmt ihr wortwörtlich."
1491,16,9,1.0,1.0,Wir haben uns jetzt erst mal reduziert auf ein einfaches Salatdressing.,Wir haben uns jetzt erst mal reduziert auf ein einfaches Salatdressing.
1492,17,5,1.0,1.0,"Ich glaube, wir werden für immer auf dieser Insel gefangen bleiben.","Ich glaube, wir werden für immer auf dieser Insel gefangen bleiben."
1493,13,6,1.0,1.0,Ähm und ansonsten muss die CDU Mehrheit mit der Linkspartei suchen.,"Das ist doch auch nicht die Mehrheit, ist doch auch aufgezwängt."
1494,19,7,1.0,1.0,Natürlich mit drei Experten und keiner von denen hat es geschafft.,"Bis zu 12 Milliarden Menschen kann unser Planet ernähren, sagen Experten."
1495,16,5,1.0,1.0,Und diese beiden Welten werden nicht trennscharf voneinander unterschieden.,Und diese beiden Welten werden nicht trennscharf voneinander unterschieden.
1496,18,8,1.0,1.0,"Du bist lebendiger, als du es dir je hättest vorstellen können.","Du bist lebendiger, als du es dir je hättest vorstellen können."
1497,16,6,1.0,1.0,Sehr gerne und alles Gute zum Geburtstag für Ihre Schwester.,Sehr gerne und alles Gute zum Geburtstag für Ihre Schwester.
1498,17,10,1.0,1.0,"Wenn es nicht funktioniert, werde ich Medizin in Berlin studieren.","Das wurde mein Rezept: Zauberei mit Kabarett verbinden, Medizin mit Humor."
1499,17,9,1.0,1.0,"Nur logisch, dass Ludwig immer knapp bei Kasse ist.","Das ist quasi eine grammatische Aussage, eine logische Aussage."
1500,17,9,1.0,1.0,Viele von euch werden sie vielleicht gar nicht richtig wahrnehmen.,Viele von euch werden sie vielleicht gar nicht richtig wahrnehmen.
1501,13,4,1.0,1.0,"Schau Dir genau an, welchen Menschen Du Dein Vertrauen schenkst.","Schau Dir genau an, welchen Menschen Du Dein Vertrauen schenkst."
1502,19,13,1.0,1.0,"Suche Personen, die wirklich lernen wollen, nicht nur Zeit verbringen möchten.","Okay, also eine allumfassende Suche, die recht intuitiv zu benutzen ist."
1503,18,4,1.0,1.0,Ich nehme den Mann mit in meine geheime Höhle.,Ich nehme den Mann mit in meine geheime Höhle.
1504,13,10,1.0,1.0,"Zum Beispiel am nördlichen Rand Europas, auf der Insel Island.","Zum Beispiel am nördlichen Rand Europas, auf der Insel Island."
1505,15,9,1.0,1.0,Weiter geht es für mich in Freistadt südlich von München.,Im südlichen China wird damals schon eine Getreideart angebaut.
1506,15,4,1.0,1.0,"Solingen, August 2024: Auf einem Stadtfest tötet ein Mann drei Menschen.","Solingen, August 2024: Auf einem Stadtfest tötet ein Mann drei Menschen."
1507,16,3,1.0,1.0,Zurück am Boden sind die Teilnehmer des Flugs noch voller Adrenalin.,"Teilnehmer: Das mag wohl so sein, aber unsere Veranstaltung, unsere Regeln."
1508,14,8,1.0,1.0,Und das beginnt auch deine Gemeinschaft mit ihm zu beeinflussen.,"""Ausschließen"" bedeutet, jemanden aus einer Gruppe oder Gemeinschaft zu entfernen."
1509,15,7,1.0,1.0,Präsident Johnson hat sich mit außen Minister Rask getroffen.,Es gibt jetzt 7 neue Ministerinnen und 7 Minister.
1510,16,10,1.0,1.0,Regierungen und das Militär sind nicht losgelöst von ihren Nationen.,"Ja, ich habe es beim Militär in Poland gelernt."
1511,14,7,1.0,1.0,"Ja, sie ist richtig Nehmt alle Schrift und Papier raus.",Ich wollte nur einen Blick auf diese Schrift werfen.
1512,21,2,0.84,0.84,"Simon, bitte lesen Sie Ihren Text vor.",Du liest jetzt sofort den Text vor.
1513,23,10,1.0,1.0,"Wir wollen viele Geschenke machen, aber nirgendwo wirklich sparen.","Er wird nirgendwo eingeladen, irgendwelche Sponsorings sind alle abgesagt."
1514,15,8,1.0,1.0,Wir haben den Block über neunhundert Meter zum Podest gezogen.,Der zweite Block bräuchte ein weiteres Umsetzen des Krans.
1515,15,7,1.0,1.0,Nördlich und südlich davon gibt es jeweils 90 Breitenkreise.,Nördlich und südlich davon gibt es jeweils 90 Breitenkreise.
1516,16,5,1.0,1.0,Diese Blöcke wiegen jeweils zwischen fünfzig und einhundertfünfzig Tonnen.,"Sobald ich zu Hause bin, werde ich mich wiegen."
1517,17,8,1.0,1.0,"Ich schwimme zum Schiff, aber finde keinen Weg hinein.",Eigene Meinungen oder zusätzliche Gedanken gehören hier nicht hinein.
1518,20,7,1.0,1.0,Du ruhst dich erst mal ein paar Tage aus.,Das werden sie wahrscheinlich Ruhen Sie sich im Hotel aus.
1519,16,7,1.0,1.0,Der Kaiser hat uns aber letztlich die volle Gleichstellung gegeben.,Der Kaiser hat uns aber letztlich die volle Gleichstellung gegeben.
1520,20,5,1.0,1.0,Man könnte zum Beispiel mit einem Rucksack einkaufen gehen.,Grad wurden mir ein paar Kilos von meinem Rucksack genommen.
1521,17,11,1.0,1.0,Wir werden gemeinsam diese Sitzung mit Bärbel Bas leiten.,Bei der Sitzung des nationalen Sicherheitsrats war eine Menge los.
1522,16,7,1.0,1.0,"Er sagte: ""Du hast Jesus empfangen und was jetzt?","Beachte, Paulus sagt dir nicht, was du empfangen sollst."
1523,8,2,1.0,1.0,Zum Beispiel im Rahmen von noch nicht ausbezahlten Schichtzulagen.,Zum Beispiel im Rahmen von noch nicht ausbezahlten Schichtzulagen.
1524,16,6,1.0,1.0,"Direkt hinter der Grenze, der Markt, auf dem die beiden waren.","Direkt hinter der Grenze, der Markt, auf dem die beiden waren."
1525,19,5,1.0,1.0,"Und ich glaube, dass das nie so bedroht war wie heute.",Er sieht die Einheit der Parteiführung bedroht und muss handeln.
1526,15,4,1.0,1.0,"Ich wollte zuerst Deutsch, habe dann aber Englisch umgewählt.","Ich wollte zuerst Deutsch, habe dann aber Englisch umgewählt."
1527,16,10,1.0,1.0,Der mögliche Grund: der enorme Wachstumsdruck für die chinesische Wirtschaft.,Der mögliche Grund: der enorme Wachstumsdruck für die chinesische Wirtschaft.
1528,20,13,1.0,1.0,Wo ist mein weißes kragenes Hemd von Fred Siege?,Das lila Hemd habe ich extra für unser Treffen gekauft.
1529,18,6,1.0,1.0,"Zum Beispiel auch den Mut, einfach mal eine Reise zu machen.","Zum Beispiel auch den Mut, einfach mal eine Reise zu machen."
1530,20,7,1.0,1.0,Ihr habt euch die Ringe gegeben als Symbole eurer ewigen Liebe.,"Aber die Hälfte vom Ring bezahlst du trotzdem, oder?"
1531,15,1,1.0,1.0,Bereits im Januar hatte er mit der Betriebserlaubnis gerechnet.,Bereits im Januar hatte er mit der Betriebserlaubnis gerechnet.
1532,16,7,1.0,1.0,Zum Beispiel: Ich habe dieses Video bis Sonntag hochgeladen.,"Wir hängen bereits und Bcker will, dass wir am Sonntag fliegen."
1533,13,6,1.0,1.0,Vor dem Kreuz war Jesus das einzige Kind Gottes.,Und das alles geschah bevor Jesus ans Kreuz ging.
1534,16,9,1.0,1.0,"Wir versuchen, alles mit vertrauenswürdigen wissenschaftlichen Quellen zu belegen.",Das ist wissenschaftlich bewiesen und im Prinzip ganz einfach umzusetzen.
1535,17,13,1.0,1.0,"Und ganz echt, wirklich wahr: Ich korrigiere euch die Sätze.","Und ganz echt, wirklich wahr: Ich korrigiere euch die Sätze."
1536,15,6,1.0,1.0,Mit diesen Daten kann die Wirtschaftlichkeit des Unternehmens analysiert werden.,Dabei wird in der Realität aber weniger der Bierpreis analysiert.
1537,21,4,1.0,1.0,"Wir werden immernoch gemeinsam unsere Geburtstage und Weihnachten feiern, Marius.","Wir werden immernoch gemeinsam unsere Geburtstage und Weihnachten feiern, Marius."
1538,20,12,1.0,1.0,Sie können gerne unser Netflix benutzen und Filme oder Serien schauen.,Ich habe gestern mit Lisa noch eine Serie geschaut.
1539,16,7,1.0,1.0,"Sollten sie freikommen, könnten Radikalisierte unkontrolliert nach Europa zurückkehren.","Sollten sie freikommen, könnten Radikalisierte unkontrolliert nach Europa zurückkehren."
1540,13,8,1.0,1.0,Tausende Millionen von Euro jährlich gibt es zig Untersuchungen.,Tausende Millionen von Euro jährlich gibt es zig Untersuchungen.
1541,12,4,1.0,1.0,Stell dir mal ein elektrisch geladenes schwarzes Loch vor.,"Früher wurde von Hand gekurbelt, jetzt läuft alles elektrisch."
1542,17,7,1.0,1.0,Wir können im See schwimmen und den Sonnenuntergang betrachten.,Auch sein luxuriöses Freizeitobjekt am See muss er abgeben.
1543,16,7,1.0,1.0,"Es war mir ein Ehre, euer Lehrer zu sein.","Es war mir ein Ehre, euer Lehrer zu sein."
1544,14,7,1.0,1.0,Männer und Frauen trugen in der Landwirtschaft zum Leben bei.,"Ich finde, wer mehr verdient, sollte auch mehr zur Beziehung beitragen."
1545,8,2,1.0,1.0,"Er tritt weiter öffentlich auf, doch im Hintergrund tickt die Bombe.","Er tritt weiter öffentlich auf, doch im Hintergrund tickt die Bombe."
1546,12,6,1.0,1.0,"Jeder, der Zweifel an diesen Waffen äußert, hat sein Leben verwirkt.","Jeder, der Zweifel an diesen Waffen äußert, hat sein Leben verwirkt."
1547,10,7,1.0,1.0,Sie sagten: „Wir dürfen uns nicht den Terroristen unterordnen“.,Bis zuletzt kennen die Scharfschützen die genaue Anzahl der Terroristen nicht.
1548,20,7,1.0,1.0,Montag bis Freitag müssen alle arbeiten und haben Termine.,"Am Freitag um 17:30 Uhr erfahrt ihr, wie Samuels Zukunft aussieht."
1549,12,7,1.0,1.0,"Heißt das, wir können Sarah aus dem künstlichen Koma holen?","Heißt das, wir können Sarah aus dem künstlichen Koma holen?"
1550,15,7,0.94,0.94,"Was du als jetzt erlebst, ist eine selektiv bearbeitete Version der Vergangenheit.","Das wird offenbar ihre ganz persönliche Version von dem, was vorgefallen ist."
1551,10,5,1.0,1.0,"Viele Traditionen gehen langsam unter, weil die Gesellschaft sich verändert.","Viele Traditionen gehen langsam unter, weil die Gesellschaft sich verändert."
1552,15,9,1.0,1.0,"Wir machen die deutsche Entwicklungszusammenarbeit strategischer, fokussierter und partnerschaftlicher.","Wir machen die deutsche Entwicklungszusammenarbeit strategischer, fokussierter und partnerschaftlicher."
1553,19,9,1.0,1.0,"Und niemand kann voraussagen, wie lange so eine Phase dauert.",Die erste Phase der Explosion geschieht in weniger als einer Sekunde.
1554,11,5,1.0,1.0,"Für ihn ist das sozusagen wie eine Landschaft, die er beschreibt.","Wir fahren langsam, damit die Leute gucken können, die Landschaft beschauen."
1555,16,9,1.0,1.0,"Wenn es so weitergeht, habe ich bald ein ernsthaftes Problem.","Wenn ich erwischt werde, kann ich aber ernsthafte Probleme bekommen."
1556,21,8,0.94,0.94,Sie können bequem auf ihrem Hintern sitzen und in ihre Bürostühle furzen.,Sie können bequem auf ihrem Hintern sitzen und in ihre Bürostühle furzen.
1557,17,7,1.0,1.0,"Wir wissen genau, was Tod und Krankheit im Körper anrichten.","Die Schweine sollen endlich kapieren, was sie da anrichten."
1558,15,8,1.0,1.0,Und auf Flüssen sind die Menschen nun mit dem Boot unterwegs.,"Klingt so, als hätte Rosa auch auf ihn ein Fluss gehabt."
1559,22,9,1.0,1.0,Wir üben heute den ersten mündlichen Teil der Prüfung.,Es wird einen schriftlichen und einen mündlichen Teil geben.
1560,13,6,1.0,1.0,"Und wie gesagt, die konkreten Anforderung werden erst erstellt.","Und wie gesagt, die konkreten Anforderung werden erst erstellt."
1561,12,5,1.0,1.0,"Äh nein, ich versuche die alten Sachen in Kommission zu geben.","Es ist die Kommission, dass Kommissar sagt, dass die Handelspolitik macht."
1562,21,9,1.0,1.0,"Okay, du bist neugierig geworden und du willst zu uns kommen?","Ich bin neugierig, ich würd gerne erfahren, was Sie hier messen."
1563,18,12,1.0,1.0,"Wir wollen doch nicht, dass Patrick einsam ist, oder?","Er macht das, weil er glaubt, dass ich einsam bin."
1564,14,2,1.0,1.0,Eines Nachts im März habe ich einen interessanten Traum.,Eines Nachts im März habe ich einen interessanten Traum.
1565,17,12,1.0,1.0,"Und wenn ihr dazu in der Lage seid, ruft die Feuerwehr.","Einfach anrufen, wenn man denkt, die Feuerwehr wird gebraucht."
1566,17,7,1.0,1.0,"Sieben Millionen Exemplare, jedes Jahr kommen noch tausende hinzu.","Sieben Millionen Exemplare, jedes Jahr kommen noch tausende hinzu."
1567,10,7,1.0,1.0,"Ja, und was das emotional bei einem Menschen auslöst.","Er ist niemand, der poltert oder ausflippt, niemand der emotional wird."
1568,20,5,1.0,1.0,Jetzt müsste es eigentlich bei einem von euch beiden klingeln.,"""Laura ist nicht da und Malte spielt draußen."" ""Es klingelt."
1569,19,12,1.0,1.0,"Kannst du nicht eine nähere Beschreibung von ihm geben, Alison?",Beispielsätze: Das ist eine sehr treffende Beschreibung der aktuellen Situation.
1570,19,8,1.0,1.0,"Was Sie brauchen, ist ein Getränk und etwas Lammeintopf.","Bunkern wir nach, wir müssen Wasser holen und andere Getränke."
1571,14,9,1.0,1.0,"Unser Schicksal, unsere Gaben und Qualitäten, alles ist Gottes Fügung.","Unser Schicksal, unsere Gaben und Qualitäten, alles ist Gottes Fügung."
1572,12,5,1.0,1.0,Bärbel Bas wird vor allem mit einem Satz viel zitiert.,Bärbel Bas wird vor allem mit einem Satz viel zitiert.
1573,13,10,1.0,1.0,Meine Herzensdame hat sich noch nie gerne beraten lassen.,Er berät Gewerkschaften und sieht das Geschäft mit den Studierenden kritisch.
1574,15,10,1.0,1.0,"Oh ja, Motivation ist schwierig, besonders wenn man allein lernt.","Oh ja, Motivation ist schwierig, besonders wenn man allein lernt."
1575,17,6,1.0,1.0,Einen interstellaren Krieg will man mit einem einzigen Schlag gewinnen.,Das gute Stück kann nämlich auch nur Schlag ohne drehen.
1576,16,6,1.0,1.0,"Jemand von ganz unten sollte lieber wissen, seine eigene Identität kennen.","Jemand von ganz unten sollte lieber wissen, seine eigene Identität kennen."
1577,14,7,1.0,1.0,Im Hintergrund wird derweil der Sturm des Hauses vorbereitet.,Nach dem Sturm öffne ich die Kisten mit dem Pulver.
1578,14,6,1.0,1.0,In einer Gruppe verlasse ich mich manchmal zu sehr auf andere.,Dann muss ich mich eben auf meine Ohren verlassen.
1579,16,9,1.0,1.0,"Irgendwann kam ein Paket mit Gefängnissiegel, das all ihre Briefe enthielt.","Irgendwann kam ein Paket mit Gefängnissiegel, das all ihre Briefe enthielt."
1580,13,3,1.0,1.0,"Kannst du jetzt bitte deiner Schwester helfen, den Tisch zu decken?","Kannst du jetzt bitte deiner Schwester helfen, den Tisch zu decken?"
1581,17,6,1.0,1.0,"„Vessniciust.“ Ich glaub, die Chemie Ronaldo und Messi zusammen passt nicht.",Da geht es doch schon um Nähe und Chemie.
1582,13,9,1.0,1.0,"Sie sind nicht bloß Reaktionen auf die Außenwelt, sondern vorhersagen.","Sie sind nicht bloß Reaktionen auf die Außenwelt, sondern vorhersagen."
1583,17,9,1.0,1.0,Dieser ist nämlich nach dem Aktiengesetz zuständig für den Vorstandsvertrag.,Dieser ist nämlich nach dem Aktiengesetz zuständig für den Vorstandsvertrag.
1584,14,9,1.0,1.0,Können Sie kurz zu uns in die Praxis kommen?,"Ich bin mir nicht sicher, ob das in der Praxis funktioniert."
1585,13,7,1.0,1.0,"Unsere Theorie ist, dass sie durch ein starkes Magnetfeld gefahren sind.","Die Theorie ist dir zu trocken, du willst Beispiele?"
1586,16,8,1.0,1.0,"Wir warten auf die Wiederaufbaukonferenz, die ursprünglich in Ägypten stattfinden sollte.","Wir warten auf die Wiederaufbaukonferenz, die ursprünglich in Ägypten stattfinden sollte."
1587,12,8,1.0,1.0,"Israels Militär gibt an, landesweit militärische Einrichtungen zu attackieren.","Israels Militär gibt an, landesweit militärische Einrichtungen zu attackieren."
1588,17,8,1.0,1.0,"Größere, befestigte Anlagen oder Städte wie in Gallien sind nicht bekannt.",Das Unterteil der Halterung wird nun an den Schienen befestigt.
1589,19,10,1.0,1.0,Willst du das wirklich den ganzen Abend so durchziehen?,"Es ist ein ziemlich verrücktes Projekt, was sie durchzieht."
1590,11,6,1.0,1.0,Seine Schulunterlagen haben sie rausgerückt und eine Studie seiner Schamen.,Seine Schulunterlagen haben sie rausgerückt und eine Studie seiner Schamen.
1591,15,13,1.0,1.0,"Er will unerkannt bleiben, denn öffentliche Kritik ist unerwünscht.","Und wenn du Kritik bekommst, kannst du Zeit gewinnen."
1592,13,5,1.0,1.0,"Wartezeit kann man wie folgt ankündigen: Einen kleinen Moment, bitte!",Und diese Schiffstracking-Seite zeigt: Es sind auch keine internationalen Tanker angekündigt.
1593,13,0,0.84,0.84,Herzlichen Dank an den Sprecher des Präsidenten.,Er ist ja der Sprecher der Ministerin.
1594,16,7,1.0,1.0,"Früher begriff ich dieses Thema nicht, doch jetzt versteh ich.",Bisher hatte ich das gar nicht so richtig begriffen.
1595,13,6,1.0,1.0,Er selber soll angeblich auch geschäftliche Verbindungen in die USA haben.,"Angeblich war es nicht das erste Mal, dass sie durchgeknallt ist."
1596,14,5,0.88,0.88,"Wir haben Interesse daran, dass die Außengrenzen der Europäischen Union bestmöglich geschützt werden.","Wir haben Interesse daran, dass die Außengrenzen der Europäischen Union bestmöglich geschützt werden."
1597,15,7,1.0,1.0,"Ladies and Gentlemen, ich präsentiere Ihnen stolz die Revolution.","Ladies and Gentlemen, ich präsentiere Ihnen stolz die Revolution."
1598,18,10,1.0,1.0,Übersehen in der zweiten Bedeutung ist auch einen Ausblick haben.,"Er hatte einen Unfall, alle das Stoppschild übersehen hat."
1599,17,6,1.0,1.0,"Mich würde interessieren, wie schätzt ihr euch selbst ein?","Das hilft uns, die Tragweite Ihrer Leistung besser einschätzen zu können."
1600,13,7,1.0,1.0,Wie würden Sie sich in dieser Sache als Bürgermeister verhalten?,Wie würden Sie sich in dieser Sache als Bürgermeister verhalten?
1601,14,8,1.0,1.0,Wir können nur vier Dinge innerhalb von 250 Millisekunden erfassen.,Wir können nur vier Dinge innerhalb von 250 Millisekunden erfassen.
1602,17,10,1.0,1.0,Vor allem das Oktoberfest wird gezielt zu einem bayerischen Nationalfest aufgebauscht.,"In diesem Fall empfehle ich dir, dass du gezielt arbeitest."
1603,13,3,1.0,1.0,"Vielleicht bist du einfach die Ausnahme, die den Mythos rettet.","Vielleicht bist du einfach die Ausnahme, die den Mythos rettet."
1604,20,9,1.0,1.0,"Um ein richtiges Abenteuer zu erleben, kann ich nicht hierbleiben.","Das klingt so, als hättet ihr wieder ein Abenteuer erlebt."
1605,14,11,1.0,1.0,Wir haben eine Pauschalbesteuerung von 30 % eingeführt für die Kapitaleinkommen.,"Ein letzter Begriff, den ich noch einführen möchte, ist die Ambiguitätstoleranz."
1606,18,7,1.0,1.0,"Welche Rolle spielt es, wer von welchem Dach geschossen hat?","Welche Rolle spielt es, wer von welchem Dach geschossen hat?"
1607,12,5,1.0,1.0,Hier würde die Industrie Missionsrichtline komplett mit dem Tierwohl gegeneinander ausgespielt.,Hier würde die Industrie Missionsrichtline komplett mit dem Tierwohl gegeneinander ausgespielt.
1608,13,7,1.0,1.0,Ich will mich umbringen und sie lässt das Schlafzimmer rosa streichen.,"Die Haarsträhne hinter das Ohr streichen, am Kopf kratzen, Papiere sortieren."
1609,12,8,1.0,1.0,Sie konnten uns hier im Plenum aber niemals die Voraussetzungen subsumieren.,"Die Voraussetzungen für ein Parteiverbot sind zu Recht sehr, sehr hoch."
1610,16,5,1.0,1.0,Hier kann ich einen Kredit beantragen und Geld abheben.,Die Dame am Telefon hob ab und sagte nicht einfach „Hallo“.
1611,16,8,1.0,1.0,"Auch die 2,7 Millionen Basken sehen sich als eigenständige ethnische Gruppe.","Auch die 2,7 Millionen Basken sehen sich als eigenständige ethnische Gruppe."
1612,19,7,1.0,1.0,Und dann hat er ein sehr merkwürdiges Verhältnis zu seiner Mutter.,"Er ist sehr ordentlich, aber er hat ein paar merkwürdige Gewohnheiten."
1613,17,8,1.0,1.0,"Kommy, ich möchte wissen, wer in dieser Höhle steckt.","Kommy, ich möchte wissen, wer in dieser Höhle steckt."
1614,17,8,1.0,1.0,Die nächste Welle könnte mich zurück ins Meer ziehen.,Der Wind ist stark und die Wellen sind hoch.
1615,17,8,1.0,1.0,In der Zwischenzeit setzt die Wehrmacht ihren einen Marsch fort.,Denken Sie an ihre Kinder und ziehen Sie schnell fort.
1616,13,4,1.0,1.0,"Lässt sich nachweisen, dass sie bei der MC2-Agentur landeten?","Lässt sich nachweisen, dass sie bei der MC2-Agentur landeten?"
1617,16,7,1.0,1.0,Er wird als künftiger Minister für Kultur und Bildung gehandelt.,"Und wie ticken die Männer, die es künftig führen könnten?"
1618,12,9,1.0,1.0,Ungefähr auf halber Länge lasse ich die Kondensleitung rausgucken.,Deshalb wird zu ihnen auch manchmal Längen- oder Breitengrad gesagt.
1619,13,5,1.0,1.0,Wir verwenden den neutralen Artikel auch für Farben und Buchstaben.,"Du kommst überhaupt nicht klar, wenn in einer Aufgabe Buchstaben auftauchen?"
1620,19,13,1.0,1.0,"Das ist nicht der Lied, den ich kannte in keiner Weise.",Das erste aufgezeichnete Lied in der gesamten Bibel hat besondere Bedeutung.
1621,16,5,1.0,1.0,"Er hatte den Mordanschlag lange im Voraus geplant, seine Tatorte ausspioniert.","Er hatte den Mordanschlag lange im Voraus geplant, seine Tatorte ausspioniert."
1622,18,6,1.0,1.0,„Wir hinken in Deutschland ganz stark hinterher gegenüber anderen Ländern.,"Ich glaube, du solltest hinterher, sonst ist Mopsi die Nachspeise."
1623,13,5,1.0,1.0,Weil die Intelligenz stellt sich auf verschiedene Weise ein.,Sie hat den Ehrgeiz und die Intelligenz und den richtigen Background.
1624,13,6,1.0,1.0,"Sonst hast du eine Vertragspartei, die natürlich wahnsinnig im Nachteil ist.","Unglaublich mächtig und gefährlich, mit gewaltigen Vor- und Nachteilen."
1625,16,6,1.0,1.0,Wahrscheinlich gibt es da draussen mehr als genug potenziell tödliche Pandemien.,Wahrscheinlich gibt es da draussen mehr als genug potenziell tödliche Pandemien.
1626,15,11,1.0,1.0,Nördlich in die pontische Steppe und östlich bis nach Indien.,"Bacchus-Tempel, östlich des Jupiter-Tempels, ist der besterhaltene Sakralbau der Anlage."
1627,14,4,1.0,1.0,Wir wollten uns genau diesem Vorwurf gar nicht ausgesetzt sehen.,Der sich den Bomben aussetzen muss und selber flieht man davor.
1628,14,10,1.0,1.0,Unsere deutsch-französische Versammlung muss sich hier einbringen und Vorschläge unterbreiten.,Unsere deutsch-französische Versammlung muss sich hier einbringen und Vorschläge unterbreiten.
1629,19,6,1.0,1.0,Im Moment bist du ein Engel innerhalb einer menschlichen Form.,Im Moment bist du ein Engel innerhalb einer menschlichen Form.
1630,17,9,1.0,1.0,"Okay, ich habe es nicht mehr rechtzeitig aufs Klo geschafft.","Okay, ich habe es nicht mehr rechtzeitig aufs Klo geschafft."
1631,17,9,1.0,1.0,Sie hat das Plakat von einer anderen Schülerin zerstört.,"Also hier ist die weibliche Schülerin, sechste Klasse, zwölf Jahre alt."
1632,14,8,1.0,1.0,"Ich bin froh, dass wir losgeworden sind dieser beiden Charaktere.","Das Aussehen ist aber nicht das Wichtigste, sondern der Charakter."
1633,14,11,1.0,1.0,"Es regiert das, was Hamlet in den Wahnsinn treibt.","Es regiert das, was Hamlet in den Wahnsinn treibt."
1634,18,10,1.0,1.0,Wir widmeten unser Leben der Liebe zu den Menschen.,Wir widmeten unser Leben der Liebe zu den Menschen.
1635,14,10,1.0,1.0,"Thomas ahnte, was kommen würde, doch er war wie paralysiert.","Schick einen Engel, Herr.“ Sie ahnt von alledem nichts."
1636,16,9,1.0,1.0,"Sie können sich zusammensetzen wie Lego-Teile, um komplexe Strukturen zu bilden.","Sie können sich zusammensetzen wie Lego-Teile, um komplexe Strukturen zu bilden."
1637,13,8,1.0,1.0,Worte sind seine Waffen im Kampf für die Arbeiter.,Die Arbeiter wollen von einer Aussage nichts mehr wissen.
1638,18,4,1.0,1.0,"Tja, du bist nicht gerade ein Fan von Veränderungen?","Tja, du bist nicht gerade ein Fan von Veränderungen?"
1639,15,9,1.0,1.0,"Elektronen sind negativ geladene Teilchen, sie wollen also nicht beieinander bleiben.","Elektronen sind negativ geladene Teilchen, sie wollen also nicht beieinander bleiben."
1640,16,5,1.0,1.0,Wahrscheinlich irgendwo zwischen 2 und 3 Cent pro Dollar.,Allein das Ding herzuschaffen würde Hundtausende von Dollar kosten.
1641,14,6,1.0,1.0,"Werden deine Onkogene beschädigt, schalten sie sich aber quasi wieder ein.","Werden deine Onkogene beschädigt, schalten sie sich aber quasi wieder ein."
1642,15,10,1.0,1.0,"Naumann wird vorgeworfen, er habe die Einheit der Parteiführung sabotiert.","Man wirft dir vor, einen Diamanten gestohlen zu haben."
1643,18,8,1.0,1.0,"Ich war mir sicher, dass eure Freundschaft durchhalten wird.","Ich war mir sicher, dass eure Freundschaft durchhalten wird."
1644,17,12,1.0,1.0,Die älteste wurde in Erinnerung an Hannie Schaft benannt.,"Wir machen ein typisches Gericht, dass wir danach ihr benennen."
1645,17,10,1.0,1.0,Mit Schwierigkeiten auf wirtschaftlicher Bedingung in Mecklenburg-Vorpommern rund um die Jahrtausendwende.,"Häufig ist es die Schwierigkeit, den Alltag zu organisieren."
1646,14,7,1.0,1.0,"Jetzt ist nur noch offen, wann sich die Regionalverantwortlichen einigen.","Jetzt ist nur noch offen, wann sich die Regionalverantwortlichen einigen."
1647,13,7,1.0,1.0,Zuvor müssen wir uns noch um den Gegensatz zur Inflation kümmern.,Zuvor müssen wir uns noch um den Gegensatz zur Inflation kümmern.
1648,12,7,1.0,1.0,Und man beachte den entscheidenden Zusatz: Der Block wird nicht gehoben.,"Die 720-Tonnen-Koloss von Memnon, aus einem Stück gehoben und vertikal aufgestellt."
1649,15,11,1.0,1.0,Ich möchte mich bei Ihnen für die Umstände entschuldigen.,"Das sind die besonderen Umstände, die es in diesem Verein gibt."
1650,16,9,1.0,1.0,Jetzt finde ich hier drüben im Bearbeitungsfenster die individuellen Bearbeitungsmöglichkeiten.,Regionen haben eigene Traditionen und Menschen haben sowieso individuelle Vorlieben.
1651,12,6,1.0,1.0,"Aber ich finde, das ist die Aufgabe der Wissenschaft.","Aber ich finde, das ist die Aufgabe der Wissenschaft."
1652,14,12,1.0,1.0,"Nach einem Doppelpunkt kommen Titel, Punkt und Untertitel, Punkt.","Ja, Marsch, um diesen Titel müssen wir uns wohl streiten."
1653,13,6,1.0,1.0,"„Das Kleid hat einen ganz neuen Look.“ vorne hoch, hinten niedrig.",Die Deutschen haben angeblich einen der niedrigsten Level von Nationalstolz.
1654,13,7,1.0,1.0,Und sie sind so ziemlich das Gegenstück zu den Franken.,Und sie sind so ziemlich das Gegenstück zu den Franken.
1655,14,8,1.0,1.0,Ein Schiff nach dem anderen wird getroffen und sinkt.,Alles in allem sind 18 Schiffe gesunken oder zerstört.
1656,15,9,1.0,1.0,Nehmen wir stattdessen die durchschnittliche Regenmenge eines einzigen Tages.,Wir reden von durchschnittlich 80 Quadratmeter zu fünft oder zu sechst.
1657,13,7,1.0,1.0,In kürzester Zeit sollst du die wichtigsten Infos über dich vermitteln.,"Man habe sie an Bekannte, insbesondere an Epstein, vermittelt."
1658,11,8,1.0,1.0,"Was werden Männer empfinden, wenn sie mich jetzt ansehen?","Was werden Männer empfinden, wenn sie mich jetzt ansehen?"
1659,13,7,1.0,1.0,"Thomas stammelte, dass er eine Anzeige wegen Erpressung erstatten wolle.","Thomas stammelte, dass er eine Anzeige wegen Erpressung erstatten wolle."
1660,13,8,1.0,1.0,Heute scheint die Welt geprägt von einem babylonischen Sprachengewirr.,Heute scheint die Welt geprägt von einem babylonischen Sprachengewirr.
1661,17,12,1.0,1.0,"Von der Liebe, dass man sich gegenseitig sichtbar macht.",Auch wenn manche Risse erst nach und nach sichtbar werden.
1662,13,4,1.0,1.0,"Ich zitiere ""Gibbon gegen Masters, gefährlicher Arbeitsplatz."" Sie haben sich verletzt?","Ich zitiere ""Gibbon gegen Masters, gefährlicher Arbeitsplatz."" Sie haben sich verletzt?"
1663,17,9,1.0,1.0,Und wir haben uns noch mal über die BVG Räuber unterhalten.,"Seitdem sucht er jemanden, mit dem er sich unterhalten kann."
1664,12,6,1.0,1.0,Otto sichert 955 seine Herrschaft mit einem Sieg gegen die Ungarn.,Durch militärische Siege gliedert er linksrheinische Teile des Reiches Frankreich ein.
1665,13,5,1.0,1.0,"Oh, und die Kiste und Bücher sind so 40€ wert!","Genau, die dann gleich aussortieren und in die roten Kisten."
1666,17,9,1.0,1.0,Von der Bühne aus zeigt er den Polizisten Oswald.,Auf die Bühne mit dir du Huse Mschn und schck.
1667,17,8,1.0,1.0,In deinem Körper aktiviert der Gestank toter Zellen das Immunsystem.,In deinem Körper aktiviert der Gestank toter Zellen das Immunsystem.
1668,14,3,1.0,1.0,Lass uns weiter Martin Sebuma und Marie on Fire abziehen.,Lass uns weiter Martin Sebuma und Marie on Fire abziehen.
1669,15,6,1.0,1.0,"Öffentlich jedoch wagt es Naumann nicht, Honeckers Politik zu kritisieren.","Alle Dinge, die dort passieren, würden unterstützt und nicht ausreichend kritisiert."
1670,12,8,1.0,1.0,"Und insofern ist Ihre Partei alles mögliche, nur nicht die Mitte.",Insofern sind wir ein kleines Stück weiter gekommen seitdem.
1671,13,10,1.0,1.0,Und so sieht das allererste Exemplar des Grundgesetzes von 1949 aus.,Und dennoch gab es schon mehr als 60 Änderungen des Grundgesetzes.
1672,15,6,1.0,1.0,"Ich wusste, dass es sich lohnt über meinen Schatten zu springen.","Der war tagsüber unterwegs, und zwar im Schatten der brandenburgischen Wälder."
1673,16,5,0.94,0.94,"Deshalb würde ich nicht sagen, dass jeder Nachbar heimlich die Mülltonnen kontrolliert.","Deshalb würde ich nicht sagen, dass jeder Nachbar heimlich die Mülltonnen kontrolliert."
1674,16,8,1.0,1.0,"Ähm, aber egal, da hat sogar die Edoorflinse etwas besser abgeschnitten.","Deutschland schneidet da am schlechtesten ab, würde ich sagen."
1675,13,8,1.0,1.0,Für ihn daher wohl umso wichtiger: das Urteil der Öffentlichkeit.,Aber wirkt für Herrn Ofarim das öffentliche Urteil nicht mehr?
1676,17,8,1.0,1.0,Außerdem konnte ich endlich Portugiesisch lernen und meine Tante besuchen.,Außerdem konnte ich endlich Portugiesisch lernen und meine Tante besuchen.
1677,17,8,1.0,1.0,Der Apostel Paulus wird selbst von Nichtgläubigen als genialer Denker anerkannt.,Der Apostel Paulus wird selbst von Nichtgläubigen als genialer Denker anerkannt.
1678,14,7,1.0,1.0,"In Mitteleuropa finden wir das, das verursacht blaue Augen.","In Mitteleuropa finden wir das, das verursacht blaue Augen."
1679,17,5,1.0,1.0,"Übrigens, auf www.bundesanzeiger.de Könnt ihr sämtliche Jahresabschlüsse von Unternehmen einsehen.","Übrigens, auf www.bundesanzeiger.de Könnt ihr sämtliche Jahresabschlüsse von Unternehmen einsehen."
1680,15,8,1.0,1.0,"Ich denke, wir sind weit genug von der Hauptstadt entfernt.",Beantworte diese Fragen: Was ist die Hauptstadt der Schweiz?
1681,14,6,1.0,1.0,Nach Monaten geheimer Verhandlungen wird die Welt durch eine Ankündigung überrascht.,"Die USA wollen Japan so zu Verhandlungen bewegen, die auch stattfinden."
1682,15,8,1.0,1.0,"Übersetzt bedeutet INRI: „Jesus von Nazareth, König der Juden“.","Übersetzt bedeutet INRI: „Jesus von Nazareth, König der Juden“."
1683,17,6,1.0,1.0,"In der Fabrik wisse darüber aber niemand Bescheid, sagt man uns.","In der Fabrik wisse darüber aber niemand Bescheid, sagt man uns."
1684,13,8,1.0,1.0,Letzten Endes geht es um illegale Finanzgeschäfte einer Bank.,"Das wäre illegal, aber wir reden hier, und ich bin Therapeutin."
1685,16,6,1.0,1.0,Osw mit dem Gewehr damit ist für alle der Täter klar.,"Mit diesem Schuss ist bewiesen, dass es bisher zwei Gewehre waren."
1686,15,5,1.0,1.0,"Vorhersagbarkeit, Kausalität und Physik, wie wir sie kennen, wären zerstört.",Das Ende: Physik kaputt Es gibt da aber einen Haken.
1687,16,11,1.0,1.0,Nach der Behandlung sind die Früchte fertig zum Eindosen.,Doch zuletzt werden die Früchte immer weniger und schlechter.
1688,13,8,1.0,1.0,Wir haben sie ja eben bei der Vorbereitung auch gebraucht.,Ist dieses Investment vielleicht doch die ideale Vorbereitung für die Modelkarriere?
1689,13,9,1.0,1.0,"Tja, wir wollen eine Sendung über das Brockhol machen.","Ja, es war das Highlight dieser Sendung, auf jeden Fall."
1690,14,9,1.0,1.0,Wir können aber auch den ganzen Nebensatz nach vorne verschieben.,Wir können aber auch den ganzen Nebensatz nach vorne verschieben.
1691,15,8,1.0,1.0,Ohne Schaufenster ist das Immunsystem blind und erkennt Krebs nicht mehr.,Ohne Schaufenster ist das Immunsystem blind und erkennt Krebs nicht mehr.
1692,15,4,1.0,1.0,"Okay, vielleicht könnten sie noch mal ihrer Gemeinde darüber abstimmen lassen.","Man braucht Kommunikation, um abzustimmen, wer, wann, wohin geht."
1693,11,6,1.0,1.0,"Bitte, bitte Werner, geh mal gucke gerne, Kerne, kerne.","Bitte, bitte Werner, geh mal gucke gerne, Kerne, kerne."
1694,12,6,0.92,0.92,Danach werde ich die Blätter einsammeln und bewerten.,Danach werde ich die Blätter einsammeln und bewerten.
1695,14,11,1.0,1.0,Jack und ich lagen nachts nur sehr selten beieinander.,Ich konnte nachts nicht mal mehr ein Fenster öffnen.
1696,14,6,1.0,1.0,"Wäre das nicht ein Stoff für einen deiner neuen Romane, Moni?","Tattoo-Tinte kann hunderte Stoffe enthalten, einige möglicherweise giftig oder krebserregend."
1697,11,8,1.0,1.0,"Gestein, trockene Stellen, Nährstoffe und konkurrierende Wurzeln sind chaotisch verteilt.",Etwa 50 % der Wurzeln stecken in den oberen 25 Zentimetern.
1698,14,9,1.0,1.0,Mao und seine Genossen beherrschen ein Gebiet im Süden Chinas.,"Doch, was passiert, wenn dein Gegner seinen Körper wirklich beherrscht?"
1699,13,6,1.0,1.0,Und mit der Zeit wurde sein Signal schwächer und verschwand schließlich.,Und mit der Zeit wurde sein Signal schwächer und verschwand schließlich.
1700,11,5,1.0,1.0,"Wir wissen noch gar nicht, ob das Ganze überhaupt gesendet wird.",Ich sende eine Nachricht an alle in unserer Klasse.
1701,10,7,1.0,1.0,Aber ich habe immer Waffen bei mir zum Schutz.,Aber ich habe immer Waffen bei mir zum Schutz.
1702,18,10,1.0,1.0,Wir machen unser du auch ein paar Kilo zunehmen.,Ich habe in den letzten 4 Wochen insgesamt 5 Kilo zugenommen.
1703,16,8,1.0,1.0,Mit so einer Aussicht kann man das ganz gut genießen.,"Eine schwere und anstrengende Bergtour, die aber grandiose Aussichten verspricht."
1704,11,4,1.0,1.0,"Ob es wirklich Öl liefern wollte, ist nicht bekannt.","Ob es wirklich Öl liefern wollte, ist nicht bekannt."
1705,16,7,1.0,1.0,Und verwandelt dort das Tal in eine riesige blühende Oase.,Die Scham verwandelte sich in eine andere Form der Verzweiflung.
1706,13,9,1.0,1.0,In der Bibliothek findet man Bücher und ruhige Arbeitsplätze.,Das habe ich mir nach 6 Wochen in der Bibliothek verdient.
1707,9,5,1.0,1.0,Wir wollen wirklich das Image der jeweiligen anderen Sprache aufpolieren.,Die Lösungen findest du sofort in der jeweiligen Lektion.
1708,16,15,1.0,1.0,"Was die Handelspolitik wiederum betrifft, wie ist sie europäisiert.","Christoph Kolumbus wiederum in der Karibik, die er für Indien hält."
1709,15,7,1.0,1.0,Dieser Brock hat mit mir mit mir Schluss gemacht.,Dieser Brock hat mit mir mit mir Schluss gemacht.
1710,15,6,1.0,1.0,"Sie versuchen hier wieder, vollkommen falsche Tatsachen zu erfinden.","Sie versuchen hier wieder, vollkommen falsche Tatsachen zu erfinden."
1711,17,11,1.0,1.0,Unna hielt das Laken wie ein Zelt nach oben.,"Die Wandernden suchen einen Platz, wo sie ihre Zelte aufbauen können."
1712,16,6,1.0,1.0,"Wenn man jemanden berührt, könnte ein Virus übertragen werden.",In wissenschaftlichen Publikationen werden Beschreibungen von potenziell gefährlichen Viren gerne geteilt.
1713,14,7,1.0,1.0,"Der Weg war unbekannt, doch wir fanden schnell den richtigen Eingang.","Der Weg war unbekannt, doch wir fanden schnell den richtigen Eingang."
1714,15,9,1.0,1.0,Soweit also die Zusammenfassung der schrecklichen Ereignisse des Wochenendes in Berlin.,Soweit also die Zusammenfassung der schrecklichen Ereignisse des Wochenendes in Berlin.
1715,9,5,1.0,1.0,Wir sollten uns jetzt schon an diesen unteren Werten orientieren.,Diese ersten Zusammenschlüsse orientieren sich noch ganz stark an den Berufszweigen.
1716,14,8,1.0,1.0,"Sie sind Gottes Eigenschaften, aber auch eigenständig von ihm.",Also wir haben uns Gottes Eigenschaften und Gottes Geist angeschaut.
1717,17,11,1.0,1.0,"Was es Ihnen im Prinzip sagt, ist: Sie sind Europäer.","Was es Ihnen im Prinzip sagt, ist: Sie sind Europäer."
1718,17,7,1.0,1.0,"Spätestens, wenn der Patentschutz ausläuft, ist das Problem gelöst.","Ich dachte, Papa wird spätestens nach 3 Tagen gefeuert."
1719,16,8,1.0,1.0,"Zweitens, schalte dein Handy aus oder zumindest die Benachrichtigungen.",Die deutsche Luftwaffe schaltet die Flugplätze des Gegners aus.
1720,17,8,1.0,1.0,"Ich mache auch lange, flache Töpfe, in die ich Meerwasser lege.","Ich mache auch lange, flache Töpfe, in die ich Meerwasser lege."
1721,13,6,1.0,1.0,"Wir glauben, dass Geschichten wichtig sind und unsere Spezies formen.",Sie hat Landschaften geformt und die Wunder unserer Erde hervorgebracht.
1722,13,6,1.0,1.0,Weil als Angestellter ist man an den Vorgesetzten gebunden.,Soll ich die Krawatte für Sie binden oder ist das egal?
1723,16,4,1.0,1.0,"Die übrigen Parteien sehen seit Jahren dabei zu, immer noch.","Die übrigen Parteien sehen seit Jahren dabei zu, immer noch."
1724,16,5,1.0,1.0,Offenbar fürchten manche deutsche Handelspartner ein Imageproblem durch Waren aus China.,"Ich fürchte, wir anderen werden ihm wohl bald folgen."
1725,14,11,1.0,1.0,"Felsen blockieren den Weg, also kann ich nicht weiterfahren.","Ein 1168-Tonnen-Obelisk im Steinbruch von Assuan, seit dreitausend Jahren im Fels."
1726,15,9,1.0,1.0,"Wir kommen zu ihr zurück, mehrfach, und am Ende noch einmal.","Ich habe private Accounts überall gelöscht, bin mehrfach umgezogen."
1727,14,5,1.0,1.0,"Ich möchte betonen, dass ich persönlich nichts von den Vorgängen wusste.",Eine sehr sehr starke Waffe auf Amateurniveau betone ich auf Amateurniveau.
1728,14,5,1.0,1.0,Unter den Nazis wurde Richard dreimal verhaftet und ich zweimal.,Special Agent Hosty soll dreimal bei Janet Williams aufgetaucht sein.
1729,15,6,1.0,1.0,"Aber natürlich ist nicht jeder dazu bereit, einen Anschlag zu begehen.","Aber natürlich ist nicht jeder dazu bereit, einen Anschlag zu begehen."
1730,16,10,1.0,1.0,"„annehmen“ bedeutet, dass man etwas akzeptiert, vermutet oder zustimmt.","Doch, ich vermute mal, dass alle ihre eigene Entscheidung treffen werden."
1731,16,7,1.0,1.0,"Wenn diese Kaltfront auf uns zukommt, wir sind wirklich in Schwierigkeiten.",Vielleicht lasse ich das Gespräch einfach auf mich zukommen.
1732,12,11,1.0,1.0,"Zerstört ist das hervorragende Wesen, aber gewonnen habt ihr noch nicht.","Das Restaurant ist klein, aber das Essen ist hervorragend."
1733,11,3,1.0,1.0,"Vorsitzender ist der oberste Richter des obersten Gerichtshofes, Earl Warren.","Vorsitzender ist der oberste Richter des obersten Gerichtshofes, Earl Warren."
1734,15,2,1.0,1.0,Sie müssen im Juni dieses Jahres mit Leben gefüllt werden.,Aber vielleicht könnten wir das auch im Juni tun.
1735,13,7,1.0,1.0,"Wegen dem Essen, den netten Leuten und natürlich der angenehmen Temperatur.","Ich kann mir vorstellen, dass die Temperaturen anders sein werden."
1736,15,6,1.0,1.0,"„Darum freut sich mein Herz, und meine Zunge frohlockt.","„Darum freut sich mein Herz, und meine Zunge frohlockt."
1737,14,6,1.0,1.0,"Frau Hopfenmüller hat mir da etwas berichtet, was mich sehr belastet.","Frau Hopfenmüller hat mir da etwas berichtet, was mich sehr belastet."
1738,11,5,1.0,1.0,"Im Prinzip nur von April bis Ende Oktober, November.",Im April 1977 werden die Angeklagten zu lebenslänglichen Freiheitsstrafen verurteilt.
1739,19,8,1.0,1.0,Wir die Geschworenen befinden den Angeklagten Clay Shan nicht schuldig.,All diese Leute halte ich der Beihilfe für schuldig.
1740,14,6,1.0,1.0,"Gute Nacht und verzeihen Sie, dass wir Ihr Brit unterbrochen haben.","Gute Nacht und verzeihen Sie, dass wir Ihr Brit unterbrochen haben."
1741,16,4,1.0,1.0,"Erstens, schreib ein Tagebuch, nur 10 Minuten am Tag.","Erstens, schreib ein Tagebuch, nur 10 Minuten am Tag."
1742,12,4,0.92,0.92,Und Zellen müssen jeden Moment tausende Schritte ausführen!,Und Zellen müssen jeden Moment tausende Schritte ausführen!
1743,15,5,1.0,1.0,"Wenn ich ihm sage, wer ich bin, legt er sofort auf!","Zweimal legte er wieder auf, bevor er schließlich durchhielt."
1744,15,7,1.0,1.0,"Sobald du das eingestellt hast, Starthilfekabel angeschlossen, Batterie leer, aufleuchten.",Die Batterie der Kampfschiffe bildet das Hauptziel der Japaner.
1745,13,9,1.0,1.0,Nimm nur genügend Krieger mit Zeigen Sie weißen Männern unsere Stärke.,Nimm nur genügend Krieger mit Zeigen Sie weißen Männern unsere Stärke.
1746,14,10,1.0,1.0,Kräfte ist gerade erst nach drei Monaten EU-Amtsblatt veröffentlicht worden.,Ich habe mittlerweile über 120 Videos auf meinem Kanal veröffentlicht.
1747,13,7,1.0,1.0,Ich möchte mit dir und deiner Mutter über meine Gesundheit sprechen.,"Diese Generation spricht offener über Therapie, Trauma, mentale Gesundheit, Bindungsmuster."
1748,13,5,1.0,1.0,"Sieht doch aus, als ob er auf dem Tablett serviert wurde.","Sieht doch aus, als ob er auf dem Tablett serviert wurde."
1749,9,5,1.0,1.0,"Was sind Aspekte, wo du dich meinst, wiedererkannt zu haben?",Aber in anderen Aspekten sprengt es alle meine Denkkategorien.
1750,13,6,1.0,1.0,"Häufig versuchen wir dabei, bestimmte Kausalitäten, also Zusammenhänge, zu identifizieren.",Den Zusammenhang an der Stelle können wir zumindest noch nicht nachweisen.
1751,16,6,1.0,1.0,"Tankdeckel, in dem Griffbereich, an der Heckklappe, um die Spiegel rum.","Tankdeckel, in dem Griffbereich, an der Heckklappe, um die Spiegel rum."
1752,16,8,1.0,1.0,Mitglieder aus unseren beiden Regierungen werden ebenfalls in Kürze angehört.,Mitglieder aus unseren beiden Regierungen werden ebenfalls in Kürze angehört.
1753,14,9,0.94,0.94,"Monika will vermitteln, wie sie sich ein verlässliches emotionales Umfeld aufbauen können.","Ich habe sie nicht in Ehe und Familie, sondern anders im Umfeld."
1754,12,9,1.0,1.0,"Erst später stellt sich heraus, eine Fahndungspanne verhindert seine Befreiung.",Dies wird sich als ein teuer zu bezahlender Fehler herausstellen.
1755,11,6,1.0,1.0,"Es heißt, er will gegen Sie als Präsidentschaftskandidat antreten.","Es heißt, er will gegen Sie als Präsidentschaftskandidat antreten."
1756,16,13,1.0,1.0,"Willkommen zurück bei WoW Spoken German, liebe Zuhörerinnen und Zuhörer.","Liebe Zuhörer, schaut ihr manchmal in die Einstellungen eures Handys?"
1757,15,5,1.0,1.0,"Könnten Sie Gu bitte ausrichten, dass er unserer Wang-Familie vergeben soll.","Könnten Sie Gu bitte ausrichten, dass er unserer Wang-Familie vergeben soll."
1758,17,7,1.0,1.0,Deine Ohren müssen sich an die deutsche Sprache gewöhnen.,Deine Ohren müssen sich an die deutsche Sprache gewöhnen.
1759,15,4,1.0,1.0,"Leah: Es ist ja auch dein Zuhause, so dieses Internat.","Leah: Es ist ja auch dein Zuhause, so dieses Internat."
1760,17,6,1.0,1.0,"Und hier die Hütten, das ist ja auch was ganz Besonderes.","Und hier die Hütten, das ist ja auch was ganz Besonderes."
1761,12,7,1.0,1.0,"Nutze beide Methoden, abhängig von der Situation und dem Fach.","Nutze beide Methoden, abhängig von der Situation und dem Fach."
1762,10,4,1.0,1.0,"Wie sie mit dem Gefühl Politik macht, dass Menschen übergangen werden.","Wie sie mit dem Gefühl Politik macht, dass Menschen übergangen werden."
1763,14,5,1.0,1.0,Ich möchte mit Ihrer Lulu Belle aus der Wüste fahren.,Ich möchte mit Ihrer Lulu Belle aus der Wüste fahren.
1764,12,5,1.0,1.0,"Wir wissen, Haut ist das größte Organ, was es gibt.","Dann kam alles, am Ende haben die Organe versagt."
1765,14,6,1.0,1.0,"Für sehen gibt es übrigens viele Synonyme: gucken, blicken oder schauen.","Für sehen gibt es übrigens viele Synonyme: gucken, blicken oder schauen."
1766,14,9,1.0,1.0,"Was meinen Sie, es gab hier definitiv eine Tatarin wegen Gold?","Ich habe neue Hemden sowie Gold, Silber und viel Pulver."
1767,15,9,1.0,1.0,"Ob Sie es glauben oder nicht, ich bin ein Künstler.","Ob Sie es glauben oder nicht, ich bin ein Künstler."
1768,11,8,1.0,1.0,"Weit voneinander entfernt, ohne im Austausch miteinander zu stehen.",Dazu sind wir in der Koalition im engen Austausch.
1769,15,9,1.0,1.0,"Ihr Ziel: Ein internationales Studium, gute Abschlüsse, Chancen auf gesellschaftlichen Aufstieg.",Auch gesellschaftliche Aussöhnung ist in der Region ein wichtiges Thema.
1770,13,6,1.0,1.0,In Wahrheit können diese Pathways dutzende bis hunderte Schritte haben.,In Wahrheit können diese Pathways dutzende bis hunderte Schritte haben.
1771,11,7,1.0,1.0,"Wie sicher sind Kinder im Netz, Ihrer Meinung nach?","Welch Netz Wirben doch von Lügen, soweit wir einmal nur betrügen."
1772,11,4,1.0,1.0,Wir können die Behandlung nicht mit der gesetzlichen Krankenversicherung abrechnen.,Wir können die Behandlung nicht mit der gesetzlichen Krankenversicherung abrechnen.
1773,11,6,1.0,1.0,Die Menschen erfanden zum Beispiel neue Worte für ihre Umgebung.,Aber die direkte Umgebung der Singularität wäre kein auswegloses Gefängnis mehr!
1774,14,7,1.0,1.0,Bei einem Sturm können Millionen Tropfen pro Quadratmeter fallen.,Bei einem Sturm können Millionen Tropfen pro Quadratmeter fallen.
1775,16,11,1.0,1.0,"Wird sie zu stark, bricht das eiserne Gefängnis auseinander.","Ich war sehr glücklich verliebt, aber ist auseinander gegangen."
1776,15,9,1.0,1.0,Die meisten Gäste wollen ihre Fahrräder nicht mehr draußen abstellen.,Die meisten Gäste wollen ihre Fahrräder nicht mehr draußen abstellen.
1777,12,9,1.0,1.0,Es schien mir zum damaligen Zeitpunkt das Richtige zu sein.,Die damaligen Menschen können ihre Lebenswelt komplex und wunderschön wiedergeben.
1778,6,1,1.0,1.0,Jeder kleine Schritt in Richtung mehr Bewusstheit ist ein Gewinn.,Jeder kleine Schritt in Richtung mehr Bewusstheit ist ein Gewinn.
1779,10,3,1.0,1.0,Ich war überwältigt von einem tiefen Gefühl des Verlusts.,Ich war überwältigt von einem tiefen Gefühl des Verlusts.
1780,12,3,1.0,1.0,Dieses Mal erzielen die japanischen Torpedos eine wesentlich höhere Trefferquote.,Dieses Mal erzielen die japanischen Torpedos eine wesentlich höhere Trefferquote.
1781,8,2,1.0,1.0,"Marktführer ist erneut Tesla mit einem Anteil von 19,1 Prozent geblieben.","Marktführer ist erneut Tesla mit einem Anteil von 19,1 Prozent geblieben."
1782,17,7,1.0,1.0,"Ja, Menschen, die einen weißen Kittel tragen, sind konzentrierter und aufmerksamer.","Danke, dass du uns darauf aufmerksam gemacht hast, Baby."
1783,13,9,1.0,1.0,"Wer global Einfluss nehmen will, der braucht an erster Stelle Infos.","Wer global Einfluss nehmen will, der braucht an erster Stelle Infos."
1784,13,3,1.0,1.0,Am zweiten Mai 2011 spricht US-Präsident Obama zur Nation.,Am zweiten Mai 2011 spricht US-Präsident Obama zur Nation.
1785,15,7,1.0,1.0,Und das ist natürlich dann auch einfach sehr körperlich.,Und das ist natürlich dann auch einfach sehr körperlich.
1786,14,7,1.0,1.0,Der Grund: In Schweden hatten Islamkritiker den Koran verbrannt.,Der Grund: In Schweden hatten Islamkritiker den Koran verbrannt.
1787,14,5,1.0,1.0,Gerne äußere ich mich im Namen der Umweltrechtsorganisation ClientEarth.,Gerne äußere ich mich im Namen der Umweltrechtsorganisation ClientEarth.
1788,12,7,1.0,1.0,"Nicht irgendwas Zusammengebasteltes, sondern eins exakt wie das Echte.","Nicht irgendwas Zusammengebasteltes, sondern eins exakt wie das Echte."
1789,13,9,1.0,1.0,Zum Beispiel deinen Lohnsteuerbescheid oder Rechnungen von beruflichen Ausgaben.,"Wir sagen, wir sparen erstmal dort, wo die Ausgaben gerade explodieren."
1790,13,9,1.0,1.0,Haben Sie denn schon einmal ein Instrument spielen gelernt?,Haben Sie denn schon einmal ein Instrument spielen gelernt?
1791,14,10,1.0,1.0,Die aktuell mit Abstand meistverkaufte Lok in Deutschland und Europa.,"Ich glaube, dass ich ihr erst einmal etwas Abstand geben werde."
1792,15,8,1.0,1.0,Die Nazis haben kurzfristig einen Siegesmarsch vom Brandenburger Torhaus angekündigt.,Die Nazis haben kurzfristig einen Siegesmarsch vom Brandenburger Torhaus angekündigt.
1793,14,3,1.0,1.0,Aber wird man vielleicht zum Besuch der Academy gedrängt?,Aber wird man vielleicht zum Besuch der Academy gedrängt?
1794,13,7,1.0,1.0,"Und es wird Menschen geben, die sehr davon profitieren, von Schulungsprogrammen.","Und es wird Menschen geben, die sehr davon profitieren, von Schulungsprogrammen."
1795,10,7,1.0,1.0,Afghanistan soll kein Rückzugsort mehr für den Terror sein.,"Die USA ziehen in den ""Krieg gegen den Terror""."
1796,14,9,1.0,1.0,Auf diese Situation hatte die Mitarbeiterin im Call sogar hingewiesen.,Auf diese Situation hatte die Mitarbeiterin im Call sogar hingewiesen.
1797,13,6,1.0,1.0,"Die Lehrerin meint, mit etwas Unterricht kann ich am Stadtmalwettbewerb teilnehmen.","Die Lehrerin meint, mit etwas Unterricht kann ich am Stadtmalwettbewerb teilnehmen."
1798,12,6,1.0,1.0,"Also brauchen wir mehr Nahrung, bevor wir mit dem Bau beginnen.","Also brauchen wir mehr Nahrung, bevor wir mit dem Bau beginnen."
1799,8,5,1.0,1.0,Eine geniale Ausgangsbasis für alle möglichen Aktivitäten in Garmisch.,Die Aktivität der Menschheit hat zum Beispiel Eichhörnchenzivilisationen verhindert.
1800,14,5,1.0,1.0,Ostern war für mich als Kind immer ein tolles Fest.,Ostern war für mich als Kind immer ein tolles Fest.
1801,14,12,1.0,1.0,"Wir sind nur hier, um es zu pflegen in seinem Auftrag.",Ich muss immer gepflegt aussehen und muss auf meine Körperhygiene achten.
1802,10,5,1.0,1.0,Mit ihrer Hilfe erweitern wir den Zaun und die Felder.,Mit ihrer Hilfe erweitern wir den Zaun und die Felder.
1803,14,8,1.0,1.0,Sie müssen ein TE ermitteln und vor den großen Disziplinarausschuss laden.,Sie müssen ein TE ermitteln und vor den großen Disziplinarausschuss laden.
1804,11,6,1.0,1.0,"Süden, bis wir umdrehen und in Stellung gehen können.","Wir geben Ihnen Gelegenheit, Stellung zu beziehen, bevor wir etwas veröffentlichen."
1805,17,6,1.0,1.0,"Andere Zeugen behaupten, ihn mehrmals auf verschiedenen Übungsplätzen gesehen zu haben.","Andere Zeugen behaupten, ihn mehrmals auf verschiedenen Übungsplätzen gesehen zu haben."
1806,17,5,1.0,1.0,"Irgendwas Grundsätzliches, womit er in seine heroische Zeit anknüpfen kann.","Irgendwas Grundsätzliches, womit er in seine heroische Zeit anknüpfen kann."
1807,16,8,1.0,1.0,Was er nicht wusste: Die Frau auf seinem Bildschirm existierte nicht.,Was er nicht wusste: Die Frau auf seinem Bildschirm existierte nicht.
1808,13,8,1.0,1.0,"Neue kommen, fressen die Tinte und halten sie fest.","Neue kommen, fressen die Tinte und halten sie fest."
1809,16,9,1.0,1.0,Ich muss mich vorher nur kurz im Bad frischmachen.,Haben Sie schon im Bad in den Schränken geschaut?
1810,14,5,1.0,1.0,"Und sag ihm, er soll sich mit seiner blöden Kohle verpissen.","Ah, die werden wohl kaum die Kohle freiwillig raushen."
1811,12,7,1.0,1.0,"Ja, also wir werden Decken organisieren, wieder verwendbare Windeln, Dosennahrung.","Ja, also wir werden Decken organisieren, wieder verwendbare Windeln, Dosennahrung."
1812,13,7,1.0,1.0,"Wie beurteilen Sie diese Aussagen oder diese Botschaft, die dahinterstecken soll?","Wie beurteilen Sie diese Aussagen oder diese Botschaft, die dahinterstecken soll?"
1813,16,9,1.0,1.0,Man spricht dann von soundso viel Grad nördlicher oder südlicher Breite.,Man spricht dann von soundso viel Grad nördlicher oder südlicher Breite.
1814,11,7,1.0,1.0,"Er muss arbeiten gehen, weil die Landwirtschaft nicht reicht.","Darunter auch viel fruchtbares Land, das für die Landwirtschaft verloren geht."
1815,13,7,1.0,1.0,"Unsere Technologie wurde immer besser, zunächst langsam, dann atemberaubend schnell.","Unsere Technologie wurde immer besser, zunächst langsam, dann atemberaubend schnell."
1816,9,4,1.0,1.0,Trotz aller Krisen existiert dieses Reich mehr als 800 Jahre lang.,"Größer als deine Krise, wenn deine Freundin dich betrügt."
1817,13,8,1.0,1.0,"Vielleicht wächst sie schneller oder ist besser darin, Ressourcen zu klauen.",Auf dem dichtbesiedelten Kontinent beginnt ein Wettlauf um Ruhm und Ressourcen.
1818,11,4,1.0,1.0,Was für Erfindungen haben dafür eine große Rolle gespielt?,"Kein wahres Wort, von vorn bis hinten, reine Erfindung."
1819,15,11,1.0,1.0,"Wusste gar nicht, dass man das professionell machen kann.","Wir haben uns die Erreichbarkeiten ausgetauscht, also sehr professionell."
1820,14,6,1.0,1.0,Und deshalb sollte man dieser Person besonderen Respekt entgegenbringen.,Und deshalb sollte man dieser Person besonderen Respekt entgegenbringen.
1821,13,6,1.0,1.0,"Ihr solltet richtig arbeiten lernen, statt immer nur Ansprüche zu stellen.","Ihr solltet richtig arbeiten lernen, statt immer nur Ansprüche zu stellen."
1822,15,11,1.0,1.0,"Viele kommunizieren direkt, aber professioneller Ton und Respekt sind trotzdem wichtig.",In diesem Ton sprichst du nicht mit deiner Tante.
1823,12,7,1.0,1.0,Doch auch sie werden in der Regel schnell integriert.,Doch auch sie werden in der Regel schnell integriert.
1824,11,4,1.0,1.0,Das konnten wir Ende des letzten Jahres noch vereinbaren.,Das konnten wir Ende des letzten Jahres noch vereinbaren.
1825,17,12,1.0,1.0,Und da legen wir nämlich gemeinsam den Turbo ein.,Herr Kunze hat ein gutes Wort für mich eingelegt.
1826,14,5,1.0,1.0,Daher geht es jetzt um industrielle und politische Souveränität für Europa.,Daher geht es jetzt um industrielle und politische Souveränität für Europa.
1827,11,6,1.0,1.0,Und danach sofort die Planung der Freizeit schwimmen gehen.,"Genau diese durchgehende Planung, die sticht echt ins Auge."
1828,12,7,1.0,1.0,"Sie befürchten, dass auch Kinder von den Kürzungen betroffen sein könnten.","Einige befürchten, dass China hier easy Wirtschaftsspionage betreiben könnte."
1829,14,3,1.0,1.0,"Der sieht aus, als ob er am Frankfurter Bahnhof wohnt.","Der sieht aus, als ob er am Frankfurter Bahnhof wohnt."
1830,13,4,0.94,0.94,Herr Nagel hatte die Aktien im Februar zu 50€ das Stück gekauft.,Herr Nagel hatte die Aktien im Februar zu 50€ das Stück gekauft.
1831,15,6,1.0,1.0,"Ihre Kollegen haben uns befragt, aber wir haben nichts gesehen.","Ihre Kollegen haben uns befragt, aber wir haben nichts gesehen."
1832,15,5,1.0,1.0,Ich habe mir einen Schal und eine Jacke angezogen.,"Damit Sie's wissen, die Jacke sollte man nicht mit Gürtel tragen."
1833,16,5,1.0,1.0,Er müsste sich ja auch in irgendeiner Form einem Therapeuten öffnen.,Er müsste sich ja auch in irgendeiner Form einem Therapeuten öffnen.
1834,14,7,1.0,1.0,Experiment 2: Antimaterie Materie und Antimaterie zerstören sich gegenseitig.,Experiment 2: Antimaterie Materie und Antimaterie zerstören sich gegenseitig.
1835,15,6,1.0,1.0,Was du da gerade getan hast war ziemlich effektive Erste Hilfe.,Auf Druck von Premier Churchill sollen die Langstreckenbomber effektiver eingesetzt werden.
1836,13,6,1.0,1.0,In den Akten wurde ihr Name versehentlich nicht anonymisiert.,In den Akten wurde ihr Name versehentlich nicht anonymisiert.
1837,13,2,1.0,1.0,Besonders die Kälte im Februar mit Schnee und Eis.,Besonders die Kälte im Februar mit Schnee und Eis.
1838,11,6,1.0,1.0,"Zur Diagnostik gehören Gespräche, Fragebögen, Tests und die Sicht von Angehörigen.","Zur Diagnostik gehören Gespräche, Fragebögen, Tests und die Sicht von Angehörigen."
1839,13,5,1.0,1.0,"Wir überlassen dem Linksterrorismus nicht das Feld, meine Damen und Herren.","Wir überlassen dem Linksterrorismus nicht das Feld, meine Damen und Herren."
1840,12,4,1.0,1.0,"Aber ich glaube nicht, dass sie sich ergeben wollen.","Aber ich glaube nicht, dass sie sich ergeben wollen."
1841,13,7,1.0,1.0,"Was alles auf dem Schreibtisch ist, kann sehr unterschiedlich sein.",Von der Planung am Schreibtisch bis zur Arbeit an der Basis.
1842,12,9,1.0,1.0,Wieso hat dann das FBI in unsere Büros Wanzen eingebaut?,Gerne vielleicht auch eine persönliche Erfahrung einbauen oder ein paar Eselsbrücken.
1843,14,8,1.0,1.0,Napoleon will eine französische Vorherrschaft über ganz Europa errichten.,Napoleon will eine französische Vorherrschaft über ganz Europa errichten.
1844,15,8,1.0,1.0,"Wir müssen ihm trotzdem sagen, dass Drake auf Tour gehen will.",Ullrich verliert an diesem Tag 9 Minuten und die Tour.
1845,15,8,1.0,1.0,Natürlich steckt nicht in jedem Bohrkern so eine dramatische Nachricht.,Natürlich steckt nicht in jedem Bohrkern so eine dramatische Nachricht.
1846,11,4,0.94,0.94,Im Oktober 2024 chattet der Jugendliche dann mit einem Mann per WhatsApp.,Im Oktober 1962 gerät die Welt an den Rand eines nuklearen Krieges.
1847,13,3,1.0,1.0,Zum einen werden Sie an dem Gewinn des Unternehmens beteiligt.,"Wirtz ist an allen vier Toren beteiligt, liefert zwei Vorlagen."
1848,9,5,1.0,1.0,Wobei Norddeutschland schon direkt nach der bayerischen Nordgrenze beginnen kann.,Wobei Norddeutschland schon direkt nach der bayerischen Nordgrenze beginnen kann.
1849,13,5,1.0,1.0,"Die biblischen Autoren glauben, dass es nur einen allmächtigen Gott gibt.","Als Erstes kommen Nachname, Komma und dann Vorname des Autors."
1850,15,10,1.0,1.0,Von der Trajan-Statue ist so gut wie nichts mehr vorhanden.,Deshalb setze ich bei der Kontaktaufnahme auf bewährte und vorhandene Karriere-Netzwerke.
1851,12,8,1.0,1.0,"Man benutzt sie, um Passagen zu markieren und ähnliches.","Ich zeige Alfred das Kreuz, an dem ich die Tage markiere."
1852,12,9,1.0,1.0,Ich bin alleine verantwortlich für den Inhalt des Interviews.,Ich bin alleine verantwortlich für den Inhalt des Interviews.
1853,15,7,1.0,1.0,"Wer den Block ein einziges Mal falsch absetzt, korrigiert nicht mehr.",Ich hab die Pille und Ich hab die Pille abgesetzt.
1854,13,8,1.0,1.0,"Misser, diese Maschine ist eine öffentliche Gefahr und somit Waffenscheinpflichtig.",Wir wären also verdammt schnell und somit verdammt erfolgreich.
1855,12,3,1.0,1.0,"Wasser, Energie, Kläranlage ist alles mit immensem Aufwand verbunden.",Und selbst nach diesem Aufwand hätte man einen einzelnen Block gehoben.
1856,13,11,1.0,1.0,Unsere Körpergröße wird dagegen schon von 1000 Genen geregelt.,"Da gibt's ein Gen, das haben heute viele Europäer."
1857,14,8,1.0,1.0,"Na fein, wir werden tanzen und ihr könnt trinken.","Aber es war alles einmal da, stattlich und fein."
1858,10,3,1.0,1.0,"Und wenn die berücksichtigt werden, dann haben wir ganz große Erfolge.","Und wenn die berücksichtigt werden, dann haben wir ganz große Erfolge."
1859,11,8,1.0,1.0,Wir suchen Mitarbeiter mit einem hohen Maß an Engagement und Motivation.,"Interviewer: Wie würdest du sagen, hat dein Engagement dein Leben verändert?"
1860,13,8,1.0,1.0,"Man sagt, ein Mann ist verloren, wenn er Schwächen zeigt.",Im letzten Gespräch wurde ich nach meinen Stärken und Schwächen gefragt.
1861,13,8,1.0,1.0,"Ja, das wär ein schöner Gang, bei dem Sonnenlicht hochzugehen.","Ja, das wär ein schöner Gang, bei dem Sonnenlicht hochzugehen."
1862,16,8,1.0,1.0,"Wir müssen sicher sein, dass unsere Denkprozesse richtig ablaufen.",Die Behandlung der Toten sei würde- und pietätlos abgelaufen.
1863,14,7,1.0,1.0,Wir haben einen linksextremistischen Anschlag auf die Infrastruktur in Berlin erlebt.,Oft ist die Infrastruktur zu Hause gar nicht so aufgebaut.
1864,14,6,1.0,1.0,"Herrschaften, denkt daran, dass ihr immer die Untersätze benutzt.","Herrschaften, denkt daran, dass ihr immer die Untersätze benutzt."
1865,13,6,1.0,1.0,Natürlich kann diese Technologie die traditionelle Landwirtschaft nicht ersetzen.,Natürlich kann diese Technologie die traditionelle Landwirtschaft nicht ersetzen.
1866,12,6,1.0,1.0,"Wusstet ihr eigentlich, der medizinische Ausdruck dafür ist Virginität.",Daniel kann dich doch bei den medizinischen Details beraten.
1867,12,4,1.0,1.0,Und natürlich bietet Spinozas Werk auch sprachlich viele Anknüpfungspunkte für Deutschlernende.,Und natürlich bietet Spinozas Werk auch sprachlich viele Anknüpfungspunkte für Deutschlernende.
1868,14,8,1.0,1.0,Wer hätte je Granny Clamp mit Drogen in Verbindung gebracht?,"Weil Medikinet macht das, was Drogen bei mir machen."
1869,15,8,1.0,1.0,Wie stehen Männer aus Arabischen Ländern wirklich zu Frauen?,Wie stehen Männer aus Arabischen Ländern wirklich zu Frauen?
1870,12,6,1.0,1.0,"Parteien vertreten die Interessen, Wünsche und Sorgen ihrer Wähler.",Fast 55 % der Wähler haben bei der Bundestagswahl AfD gewählt.
1871,12,6,1.0,1.0,Die Invasions und Eroberungspläne des Führers wurden zum ersten Mal vereitelt.,"Der Führer ist wahrscheinlich für Sie auch ein Nazi, was?"
1872,10,6,1.0,1.0,Die Linkspartei hat alle modischen Elemente des Linksradikalismus übernommen.,Die Linkspartei hat alle modischen Elemente des Linksradikalismus übernommen.
1873,15,10,0.92,0.92,Und vielleicht am erstaunlichsten: Sie können Informationen weitergeben.,Und die Meinung gebe ich halt auch weiter.
1874,14,5,1.0,1.0,Italki ist die beliebteste online Plattform zum Lernen von Sprachen.,"Busuu ist eine Plattform, mit der du Deutsch lernen kannst."
1875,10,7,1.0,1.0,"Heute haben wir uns hier versammelt, um einen Neubeginn zu feiern.","Heute haben wir uns hier versammelt, um einen Neubeginn zu feiern."
1876,14,7,0.94,0.94,"Bis heute ist umstritten, was im zweiten Jahrhundert nach Christus hier geschah.","""Umstritten"" bedeutet, dass viele Menschen unterschiedliche Meinungen darüber hatten und darüber diskutierten."
1877,15,8,1.0,1.0,Vielleicht werden so in Zukunft ADS-Symptome auch am Computer objektiv messbar.,"Wenn wir achtsam sind, betrachten wir die Dinge objektiver."
1878,15,11,1.0,1.0,"Eine Jugendstrafe zur Bewährung auszusetzen, ist allerdings nicht so ungewöhnlich.","Eine Jugendstrafe zur Bewährung auszusetzen, ist allerdings nicht so ungewöhnlich."
1879,14,7,0.94,0.94,Ich bin einfach nicht so ein guter Umgang für Mädchen wie dich.,"Ein neues ""It's okay, to be german."" im Umgang mit unserer Identität."
1880,15,6,1.0,1.0,Mein Chef hat mir jetzt schon ein sehr attraktives Jobangebot gemacht.,Sie ist attraktiv und etwas Neues zu begehen ist nur natürlich.
1881,14,6,1.0,1.0,Im Internet wird er zu einem Propagandisten der Szene.,"Du wirst mir deswegen doch jetzt keine Szene machen, oder?"
1882,12,5,1.0,1.0,"Selbst mein Schlaf ist anders, wenn ich neben dir liege.","Selbst mein Schlaf ist anders, wenn ich neben dir liege."
1883,12,6,1.0,1.0,"Besonders wichtig ist hier auch, das relevante Steuerjahr anzugeben.","Besonders wichtig ist hier auch, das relevante Steuerjahr anzugeben."
1884,13,6,1.0,1.0,Schauen wir mal auf die Courage an der Spitze.,In der Spitze sollen es laut Polizei rund 1000 Menschen sein.
1885,11,4,0.94,0.94,"Im Juli 1977 wird der Vorstandssprecher der Dresdner Bank, Jürgen Ponto, erschossen.","Im Juli 1977 wird der Vorstandssprecher der Dresdner Bank, Jürgen Ponto, erschossen."
1886,12,7,1.0,1.0,Wir haben verschiedene Meinungen und sind uns nicht in allem einig.,"Und das seit vielen Jahren, sind wir uns da einig?"
1887,12,8,1.0,1.0,In anderen Bundesländern wird die Generation Deutschland bereits vom Verfassungsschutz beobachtet.,In jedem Bundesland herrschen nämlich unterschiedliche Regeln in den Schulsystemen.
1888,10,6,1.0,1.0,"Wir wissen, dass ADHS einen Risikofaktor darstellt für weitere psychische Erkrankungen.","Wir wissen, dass ADHS einen Risikofaktor darstellt für weitere psychische Erkrankungen."
1889,11,5,1.0,1.0,"Und wenn daraus Lehren gezogen werden, hats was gebracht.",Hast du die Lehren unseres Meisters denn schon ganz vergessen?
1890,15,7,0.94,0.94,Die Deutschen dürfen sich jederzeit friedlich und ohne Waffen zu tragen versammeln.,Die Deutschen dürfen sich jederzeit friedlich und ohne Waffen zu tragen versammeln.
1891,13,7,1.0,1.0,"Einen guten Hüttenwirt macht aus, dass er flexibel ist.","Einen guten Hüttenwirt macht aus, dass er flexibel ist."
1892,14,5,1.0,1.0,Ich habe Schmerzen in der Brust und fühle mich sehr schwach.,Ich habe Schmerzen im Kopf und in der Brust.
1893,14,9,1.0,1.0,Er kann vom Schreibtisch aus überwacht und bedient werden.,Er kann vom Schreibtisch aus überwacht und bedient werden.
1894,14,2,1.0,1.0,"Ich habe Angst, dass meine Idee in der Diskussion untergeht.","Ich habe Angst, dass meine Idee in der Diskussion untergeht."
1895,13,3,1.0,1.0,"Das freut mich und ich hoffe, dass die Vögel sich freuen.","Das freut mich und ich hoffe, dass die Vögel sich freuen."
1896,12,3,0.92,0.92,Beispielsätze: Geduld ist ein wichtiger Teil der Selbstregulierung.,Beispielsätze: Geduld ist ein wichtiger Teil der Selbstregulierung.
1897,12,6,1.0,1.0,Wir werden uns diese Therapien in anderen Videos noch genauer anschauen.,Er hat fast jede Form der Therapie bereits hinter sich.
1898,12,6,1.0,1.0,"Dauert das immer so lange, oder waren wir sogar außergewöhnlich schnell?","Dauert das immer so lange, oder waren wir sogar außergewöhnlich schnell?"
1899,14,10,1.0,1.0,Nach dem Abitur steckt ein gelber Brief in meinem Briefkasten.,"Ja, man kommt in Deutschland über ganz viele Wege zum Abitur."
1900,8,4,1.0,1.0,"Siehst du, befasst sich seit Langem mit dem Thema soziale Ungleichheit.","Das nächste Verb für heute ist ""sich mit etwas Dativ befassen""."
1901,15,5,1.0,1.0,Wo kommen denn auf einmal die ganzen Rosen her?,Wo kommen denn auf einmal die ganzen Rosen her?
1902,15,3,1.0,1.0,"Hier bitte, das sind meine Kreditkarte und mein Ausweis.","H zu, das ist der Ausweis von Leas Mom."
1903,14,7,1.0,1.0,Übergebt mir die Prinzen und euer Leben wird verschont.,Übergebt mir die Prinzen und euer Leben wird verschont.
1904,11,6,1.0,1.0,Das Finanzamt hat eine Prüfung deines Einkommens als Staatsanwalt beantragt.,Das Finanzamt hat eine Prüfung deines Einkommens als Staatsanwalt beantragt.
1905,9,5,1.0,1.0,Das sind zwei ganz konkrete Umsetzungen im Bereich Kultur und Bildung.,Das sind zwei ganz konkrete Umsetzungen im Bereich Kultur und Bildung.
1906,13,10,1.0,1.0,"Und wir wissen alle, in den Behörden ist Personal knapp.",Im Bereich in dem aktuell auch oft personal gesucht wird Reinigung.
1907,11,6,1.0,1.0,Am nächsten Tag sind große dunkle Wolken am Himmel.,Am nächsten Tag sind große dunkle Wolken am Himmel.
1908,12,6,1.0,1.0,"Wer die Scharte überwunden hat, wird mit einem einzigartigen Panorama belohnt.",In den nächsten vier Wochen muss Fritz viele schwierige Felspassagen überwinden.
1909,13,6,1.0,1.0,"Nun, leider kann ich sie nicht an Fremde verleihen.","Nun, leider kann ich sie nicht an Fremde verleihen."
1910,11,6,1.0,1.0,"Der Staat müsse zeigen, dass er Probleme in den Griff bekommt.","Aber du klingst, als hättest du das inzwischen gut im Griff."
1911,15,8,1.0,1.0,Warum habe ich dich nicht geküsst in jener Nacht?,"Jene Agentur, die Teil von Epsteins Missbrauchssystem gewesen sein soll."
1912,14,6,1.0,1.0,Natürlich hat das Investieren in Aktien und an der Börse Risiken.,"Aktien, die an der Börse gehandelt werden, haben einen Aktienkurs."
1913,12,9,1.0,1.0,In der Regel umfasst sie etwa ein Drittel des Ausgangstextes.,In der Regel umfasst sie etwa ein Drittel des Ausgangstextes.
1914,12,3,1.0,1.0,"Der Vorteil des Konzepts, es ist für jeden im Alltag anwendbar.","Der Vorteil des Konzepts, es ist für jeden im Alltag anwendbar."
1915,10,4,1.0,1.0,"Eine Generation lehnt sich auf, gegen die staatlichen Autoritäten.","Eine Generation lehnt sich auf, gegen die staatlichen Autoritäten."
1916,13,8,1.0,1.0,"Trittsicherheit, Schwindelfreiheit und eine gute Kondition sind unbedingt erforderlich.",An manchen Stellen ist Trittsicherheit und Schwindelfreiheit unbedingt erforderlich.
1917,13,7,1.0,1.0,"Sie sagen, sie haben versucht einzugreifen, um die Vergewaltigung zu verhindern.","Da müsste man schwerpunktmäßig eingreifen, die staatliche Lebensmittel- überwachung müsste untersuchen."
1918,13,7,1.0,1.0,Wir haben 2000 Plätze schon bislang gehabt bei den Mast-Schweinen.,"Von bislang 2747 Betrieben auf 22.000 Betriebe, nur in Deutschland."
1919,8,7,1.0,1.0,"Und wer den nicht einhalten kann, der begründet das.","Und das Gericht hat gesagt, ""das habt ihr nicht genügend begründet""."
1920,14,4,1.0,1.0,"Wie du weißt, ist dein Vater aus dem Gefängnis ausgebrochen.","Wie du weißt, ist dein Vater aus dem Gefängnis ausgebrochen."
1921,11,4,1.0,1.0,Die Proletarier haben nichts in ihr zu verlieren als ihre Ketten.,Die Proletarier haben nichts in ihr zu verlieren als ihre Ketten.
1922,13,8,1.0,1.0,Unterm Strich: Unser YouTube-Star kriegt ein paar Dollar für Werbung.,"Heute kriege ich fünf E-Mails mit Freizeitangeboten, Tickets, Werbung."
1923,10,7,1.0,1.0,"Wind ist ein Faktor, der lässt sich halt nicht ausblenden.","Zeit wird der entscheidende Faktor, das Leben von der Uhr diktiert."
1924,12,3,1.0,1.0,Das nächste Mal können wir es vielleicht umgekehrt machen.,Das nächste Mal können wir es vielleicht umgekehrt machen.
1925,6,2,1.0,1.0,Wir haben unser Engagement an der NATO-Ostflanke noch einmal verstärkt.,Wir haben unser Engagement an der NATO-Ostflanke noch einmal verstärkt.
1926,13,6,1.0,1.0,"Zuvor hatten die Amerikaner überraschend verkündet, ihre Soldaten abzuziehen.","Zuvor hatten die Amerikaner überraschend verkündet, ihre Soldaten abzuziehen."
1927,5,4,1.0,1.0,"Verdoppel die Löhne, wenn du Hauptsache, sie arbeiten weiter.",Mehr Lohn für weniger Arbeit und dann gehen sie einfach.
1928,12,6,1.0,1.0,Und das kann ich Es ist wirklich grundlegend wichtig.,Ameisen und Zellen haben etwas grundlegendes gemeinsam: Sie sind richtig dumm.
1929,12,3,1.0,1.0,Das macht grob geschätzt einen Unterschied zwischen 1800 und 2000 Meilen.,"Wir haben natürlich einen groben Faden, den wir verfolgen."
1930,13,7,1.0,1.0,War es das neue Fahrrad oder die neuen Möbel?,War es das neue Fahrrad oder die neuen Möbel?
1931,14,7,1.0,1.0,"Man muss von innen einen Druck erzeugen, damit sie aufgehen.","Man muss von innen einen Druck erzeugen, damit sie aufgehen."
1932,11,2,0.92,0.92,Das griechische Wort hier ist wie gesagt „stenagmos“.,Das griechische Wort hier ist wie gesagt „stenagmos“.
1933,15,8,1.0,1.0,"Ja, es ist nur so wenig, wenn sie hier vorne einschlagen.","Ich stand direkt davor, als das erste Flugzeug eingeschlagen ist."
1934,11,8,1.0,1.0,"Und zwar nicht nur ein bisschen, sondern in seiner ganzen Fülle.","Die ganze Fülle von ihm, die mich als Geist erfüllt."
1935,12,6,1.0,1.0,"Die Wahrscheinlichkeit ist sehr gering, dass mein Papa hier ist.","Die Wahrscheinlichkeit ist sehr gering, dass mein Papa hier ist."
1936,12,3,1.0,1.0,Und doch war das über die Jahre hinweg der Fehler.,Aber Klimaschutz bleibt über alle Schwerpunkte hinweg natürlich ein wichtiges Feld.
1937,15,10,1.0,1.0,"Und diese Dudelsack Spieler aus Schottland, die kürzlich bei uns waren.","""kürzlich"" könnt ihr also besonders gut im geschriebenen Deutsch benutzen."
1938,12,6,1.0,1.0,Nach deiner Aktion bleibst du die nächsten Wochen zu Hause.,Nach deiner Aktion bleibst du die nächsten Wochen zu Hause.
1939,10,5,1.0,1.0,"Wir sind ein kleiner Verband, aber die Kameradschaft wird hier großgeschrieben.",Seitdem herrscht in Afghanistan ein ununterbrochener Bürgerkrieg verschiedener Gruppen und Verbände.
1940,14,6,1.0,1.0,Also muss nach der Regel das rote Boot ausweichen.,Also muss nach der Regel das rote Boot ausweichen.
1941,12,6,1.0,1.0,"Und wer dort den größten Einfluss ausübt, hat einfach einen Vorteil.",Ihre Hochkultur übt einen großen Einfluss auf die umliegenden Bevölkerungen aus.
1942,12,3,1.0,1.0,"Er war Funktionär der Heimattreuen deutschen Jugend, der HDJ.","Er war Funktionär der Heimattreuen deutschen Jugend, der HDJ."
1943,11,5,1.0,1.0,"Und jahrelang habe ich gedacht, du spielst in meiner Mannschaft.",Der Soziologe Jan Eckard hat sich jahrelang konkret mit Singles beschäftigt.
1944,11,4,1.0,1.0,Vielleicht wäre ja Rog bereit dich auch zu unterrichten.,"Sehen Sie, wie soll ich mit dem da unterrichten?"
1945,12,7,1.0,1.0,"Besonders perfide war, dass das Netzwerk aus jedem Fall lernte.","Besonders perfide war, dass das Netzwerk aus jedem Fall lernte."
1946,11,3,1.0,1.0,Hierdurch wird die Venenfüllung verbessert und die anschließende Punktion erleichtert.,Hierdurch wird die Venenfüllung verbessert und die anschließende Punktion erleichtert.
1947,12,3,1.0,1.0,"Was passiert eigentlich, wenn du Milch in eine Tasse Kaffee rührst?",Momentan verpackt er für ein großes Unternehmen Teller und Tassen.
1948,14,10,1.0,1.0,"Viele wissen auch gar nicht, dass wir eine Werkstatt haben.","Viele wissen auch gar nicht, dass wir eine Werkstatt haben."
1949,14,8,1.0,1.0,"Sie kriegen demnächst eine Fehlermeldung, weil der kein Signal mehr bekommt.",Lisa hat ihr Studium aber schon abgeschlossen und wird demnächst ausziehen.
1950,12,6,1.0,1.0,"Wobei ein Ausflug in eine andere Stadt, mir auch guttun würde.",Ein Ausflug ins Trampolin-Paradies kostet um die 30 Euro.
1951,9,6,1.0,1.0,"Praktisch nicht, weil du wahrscheinlich nur über eine bestimmte Summe verfügst.",Aber diese Summe darf eben auch kein Ausreißer nach oben bleiben.
1952,10,7,1.0,1.0,"Rom schränkte freigelassene Sklaven nicht ein, sondern integrierte sie.","Das schränkt mich beim Bücken ein, auch beim Treppensteigen."
1953,10,5,1.0,1.0,"Die Polizei hat gesagt, Polnikova hat noch etwas Zeit, beweise vorzulegen.","Die Polizei hat gesagt, Polnikova hat noch etwas Zeit, beweise vorzulegen."
1954,13,8,1.0,1.0,"Keine Abstimmung, nichts schriftliches, keinem, dem man die Schuld geben kann.","Die Abstimmung ist wichtig, damit die Personen ihr gemeinsames Ziel erreichen."
1955,13,9,1.0,1.0,"Überall wird immer von dieser verrückten, wilden Leidenschaft gesprochen.","Da habe ich gemerkt,das ich meine Leidenschaft gefunden habe."
1956,15,11,1.0,1.0,Jetzt zeichne den Satz des Pythagoras an die Tafel.,"10 Pizzen, vier Tafeln Schokolade und dazu vier kleine Flaschen Bier."
1957,11,5,1.0,1.0,Vielleicht gehe ich lieber nach Russland und kauf mir dort ein.,Vielleicht gehe ich lieber nach Russland und kauf mir dort ein.
1958,11,4,1.0,1.0,"Merkt euch, dass die Abschreibung immer einen Aufwand darstellt.","Merkt euch, dass die Abschreibung immer einen Aufwand darstellt."
1959,13,5,1.0,1.0,"Alter, das ist aber wieder meinen ganzen Sitz voll.","Alter, das ist aber wieder meinen ganzen Sitz voll."
1960,15,13,1.0,1.0,Wo die Frauen der führenden Parteikader meist unsichtbar bleiben.,Ohne ihn bist du in der Hierarchie schlichtweg unsichtbar.
1961,12,7,1.0,1.0,Wie soll es nun mit den Olympischen Spielen weitergehen?,Wie soll es nun mit den Olympischen Spielen weitergehen?
1962,14,6,1.0,1.0,In den nächsten Minuten und Stunden sterben Tausende an diesen Verletzungen.,In den nächsten Minuten und Stunden sterben Tausende an diesen Verletzungen.
1963,14,9,1.0,1.0,"Wir sind uns einig, dass eine Scheidung das Beste ist.","Und so wie Scheidungen heute laufen, werden Sie sie einsetzen können."
1964,10,3,1.0,1.0,"Unternehmen müssen für ganze Standorte schauen, wie eine Transformation funktionieren kann.","Unternehmen müssen für ganze Standorte schauen, wie eine Transformation funktionieren kann."
1965,12,7,1.0,1.0,Und dadurch sind natürlich viele Kombinationen auch mit anderen Fächern möglich.,Und dadurch sind natürlich viele Kombinationen auch mit anderen Fächern möglich.
1966,8,2,1.0,1.0,Besonders gefährdet ist der Kolonialbesitz von England und den Niederlanden.,Besonders gefährdet ist der Kolonialbesitz von England und den Niederlanden.
1967,14,3,1.0,1.0,Ich will bloß das schmutzige Geschirr in den Abfahr stellen.,Ich will bloß das schmutzige Geschirr in den Abfahr stellen.
1968,13,5,1.0,1.0,"Ich glaube, du bist wund Weil wir dich eingeholt haben.","Ich glaube, du bist wund Weil wir dich eingeholt haben."
1969,10,5,1.0,1.0,"Haube So, und das habe ich gespeichert in mir.","Haube So, und das habe ich gespeichert in mir."
1970,13,7,1.0,1.0,Seit zwei Jahren engagiert er sich bei Fridays for Future.,Seit zwei Jahren engagiert er sich bei Fridays for Future.
1971,12,4,1.0,1.0,Wir visualisieren die Wörter in Bildern und steigern dann unser Niveau.,"Hey, mal im Ernst, steigere dich hier nicht zu sehr rein."
1972,11,7,1.0,1.0,"Wer diese Branche verstehen möchte, muss auf die französische Hauptstadt schauen.",Laut Agenturchefin Midolo der perfekte Schnellstart in die Branche.
1973,13,4,1.0,1.0,"Nicht vergessen, niemand von uns ist aus Liebe im Scheidungsrecht tätig.",Dann kann man nicht adäquat als Fach- und Führungskraft tätig werden.
1974,14,7,1.0,1.0,Oder verlor er den Kopf und verliebte sich sofort?,Zuerst haben wir Freundschaft geschlossen und dann haben wir uns verliebt.
1975,13,4,0.92,0.92,"Hier kann man frühstücken, und zu Mittag essen.","Hier kann man frühstücken, und zu Mittag essen."
1976,13,7,1.0,1.0,"Was hält dich davon ab, deine Träume zu verfolgen?","Was hält dich davon ab, deine Träume zu verfolgen?"
1977,11,3,1.0,1.0,"Wenn du nicht getroffen werden willst, ergreife die Initiative.","Wenn du nicht getroffen werden willst, ergreife die Initiative."
1978,10,6,1.0,1.0,Ihre Initiative und Ihr Engagement sind uns sehr wichtig.,"Die Initiative der europäischen politischen Gemeinschaft ist begrüßenswert, aber nicht ausreichend."
1979,12,5,1.0,1.0,Denn die Demokratie darf sich natürlich wehren gegen Demokratiefeinde.,Aber langsam dreht sie den Spieß um und wehrt sich.
1980,13,3,0.94,0.94,"Er erinnert sich an die Probleme, die vor allem das Triebwerk bereitete.","Er erinnert sich an die Probleme, die vor allem das Triebwerk bereitete."
1981,12,8,1.0,1.0,"Wie du weißt, bauen wir unser Team gerade weiter aus.",Beide haben in den letzten Jahren niederschwellig ihre Präsenz ausgebaut.
1982,14,4,1.0,1.0,Sein Herz klopfte wie bei einem Teenager vor dem ersten Date.,Sein Herz klopfte wie bei einem Teenager vor dem ersten Date.
1983,13,7,1.0,1.0,Jetzt noch ein bisschen Salz und das Fleisch ist fertig!,Jetzt noch ein bisschen Salz und das Fleisch ist fertig!
1984,13,7,1.0,1.0,"Du musst genauso gerecht sein wie er, um vereint zu sein.","Du musst genauso gerecht sein wie er, um vereint zu sein."
1985,7,5,1.0,1.0,"Sie nutzt Netzhauterkennungstechnologie, um deine emotionale Verfassung zu ermitteln.","Sie nutzt Netzhauterkennungstechnologie, um deine emotionale Verfassung zu ermitteln."
1986,10,7,1.0,1.0,Ihr müsst nur noch die Angaben eurer Quellen eintragen.,Ihr müsst nur noch die Angaben eurer Quellen eintragen.
1987,10,5,1.0,1.0,"Um es ausnahmsweise mal so auszudrücken, ich würde zur Verfügung stehen.","Um es ausnahmsweise mal so auszudrücken, ich würde zur Verfügung stehen."
1988,10,4,1.0,1.0,Und das würde die Operation auf jeden einzelnen Block Wochen verlängern.,"In ein paar Tagen erfahren Sie, ob Ihr Visum verlängert wird."
1989,13,3,1.0,1.0,Und deswegen ist dieser Tätertyp oft von einer Distanz geprägt.,Oder der ungefähren Distanz von Marcel Linke zum Tor.
1990,8,4,1.0,1.0,"Wir gewährleisten, dass alle unsere Produkte die höchste Qualität haben.","Wir gewährleisten, dass alle unsere Produkte die höchste Qualität haben."
1991,12,6,1.0,1.0,"Nur, wer die Wahrheit erlangt, erlangt das ewige Leben.",Mütter Gnade für den Mörder ihrer Kinder erlangen müssen.
1992,7,3,0.94,0.94,"Es muss nämlich bestätigt werden, dass bei Ihnen ein gemeinnütziger Zweck vorliegt.","Es muss nämlich bestätigt werden, dass bei Ihnen ein gemeinnütziger Zweck vorliegt."
1993,10,5,1.0,1.0,Hier ist ein Beispiel aus einem Verhandlungsgespräch über das Gehalt.,"Alle Unternehmen, die das können, müssen die Löhne und Gehälter erhöhen."
1994,14,7,1.0,1.0,"Weil er zum Tatzeitpunkt minderjährig war, wird vor der Jugendkammer verhandelt.",Er kündigt an mit den Deutschen über einen Waffenstillstand zu verhandeln.
1995,11,8,1.0,1.0,"So, jetzt musst du den Hut hier so hinhalten.","So, jetzt musst du den Hut hier so hinhalten."
1996,13,6,1.0,1.0,"Habt ihr eine Idee, was für ein Geräusch es sein könnte?",Gestern habe ich auch komische Geräusche bei uns im Wohnzimmer gehört.
1997,10,4,1.0,1.0,Eine weitere Forderung ist ein gesetzlich festgeschriebener 10 Stunden Arbeitstag.,"Du bist nicht in der Position, um Forderungen zu stellen!"
1998,9,6,1.0,1.0,Er transportiert von nun an warmes Wasser nach Europa.,Er transportiert von nun an warmes Wasser nach Europa.
1999,11,4,1.0,1.0,"Viele meinen, dass man dem Beschluss vorher widersprechen müsste.","Nur, dass Sie mir nicht glauben, wenn ich Ihnen widerspreche."
2000,12,6,1.0,1.0,"Medizinische Experimente in Ausnahmesituationen, die zahlreichen Menschen Gesundheit und Leben kosten.",Das zahlreiche Völker des Nahen Ostens in einem Großreich zusammenführt.
2001,8,4,1.0,1.0,Sie können es entweder zur Kenntnis nehmen oder auch nicht.,Sie können es entweder zur Kenntnis nehmen oder auch nicht.
2002,10,6,1.0,1.0,"Es war voraussehbar, denn die Aktienspekulationen hatten jedes Maß verloren.","Das ist ein gewisses Maß an Sorge, an Bestürzung."
2003,13,7,1.0,1.0,Trotzdem bekommt Franzi parallel eine Einladung für die Academy.,"Das heißt, er kocht dann parallel, oder wie funktioniert das?"
2004,14,6,1.0,1.0,"Wir haben großartige Vorbilder, aber keiner von ihnen ist mein Maßstab.","Er ist der Maßstab dafür, was das Kind Gottes besitzt."
2005,11,7,1.0,1.0,Schon seit seiner Kindheit hat Patrick mit seinem Gewicht zu kämpfen.,Schon seit seiner Kindheit hat Patrick mit seinem Gewicht zu kämpfen.
2006,11,7,1.0,1.0,Orthorektisches Ernährungsverhalten ist eine möglicherweise pathologische Fixierung auf gesunde Ernährung.,"Eine sehr spezielle Ernährung."" ""Heute gibt es bei mir eine Pizza."
2007,11,6,1.0,1.0,Wir haben Angst vor den imaginären und realen Gefahren der Dunkelheit.,Das ist nichts im Vergleich zu einer Ewigkeit der Dunkelheit.
2008,11,4,1.0,1.0,Und ein stark verschleißendes Fahrzeug erhöht eben diesen gesamtwirtschaftlichen Schaden erheblich.,Und ein stark verschleißendes Fahrzeug erhöht eben diesen gesamtwirtschaftlichen Schaden erheblich.
2009,11,7,1.0,1.0,"Wer also die größten Chancen hatte, das Amt zu übernehmen.",Im Falle Jesus konnte er sein Amt nicht aufs Spiel setzten.
2010,12,8,1.0,1.0,"Telegram kann man auch benutzen, um für sein Unternehmen zu werben.",In Werbevideos wirbt die Agenturchefin Claudia Midolo offensiv um Nachwuchs.
2011,11,5,1.0,1.0,Ein Mann beobachtet diese Entwicklungen äußerst kritisch: nämlich Karl Marx.,Die AfD ist am äußerst rechten Rand der deutschen Parteien.
2012,12,6,1.0,1.0,Hier ist zum Beispiel Gleichung 1 schon nach x aufgelöst.,Hier ist zum Beispiel Gleichung 1 schon nach x aufgelöst.
2013,12,7,1.0,1.0,"Nimm die Männer, Gehen Sie dem Grauen Adler nach.","Nimm die Männer, Gehen Sie dem Grauen Adler nach."
2014,11,8,1.0,1.0,Gerade in Bezug auf Infektionskrankheiten ist es eine schwierige Situation.,Gerade in Bezug auf Infektionskrankheiten ist es eine schwierige Situation.
2015,14,9,1.0,1.0,Eine der größten humanitären Krisen findet derzeit in Gaza statt.,Eine der größten humanitären Krisen findet derzeit in Gaza statt.
2016,12,7,1.0,1.0,Wir können seinen Sinn für Humor ganz bestimmt nicht leuchten.,"Sie leuchten zwar nicht, aber irgendwie sind Qual doch elektrisch, oder?"
2017,10,4,1.0,1.0,"Es gibt viele regionale Sorten, Brauereien, Volksfeste und Traditionen.","Es gibt viele regionale Sorten, Brauereien, Volksfeste und Traditionen."
2018,11,7,1.0,1.0,"Unsere Fähigkeit, uns selbst zu definieren, was europäische Souveränität darstellen soll.",Modale Präpositionen sind gar nicht so einfach zu definieren.
2019,10,4,1.0,1.0,Hier wurden neben Knochen auch noch andere spektakuläre Funde gemacht.,Hier wurden neben Knochen auch noch andere spektakuläre Funde gemacht.
2020,10,4,0.88,0.88,Wir müssen alle 29 Milliarden Kabel isolieren und natürlich auch die Tentakel selbst.,Wir müssen alle 29 Milliarden Kabel isolieren und natürlich auch die Tentakel selbst.
2021,11,5,1.0,1.0,Das ist meine vormalige Direktor bei die Ostbahn in Dänemark.,Das ist meine vormalige Direktor bei die Ostbahn in Dänemark.
2022,11,10,1.0,1.0,"So Leute, jetzt aber zu den Ursachen der Inflation.","So Leute, jetzt aber zu den Ursachen der Inflation."
2023,13,7,1.0,1.0,Übrigens haben wir die einzige katholische Kirche in Baschkirien.,"Aber ich muss sagen, ich war auf so einer katholischen Grundschule."
2024,9,5,1.0,1.0,"Hier gibt es keinen Frühling, Sommer, Herbst und Winter.","Hier gibt es keinen Frühling, Sommer, Herbst und Winter."
2025,11,7,1.0,1.0,Damit ist das Gleichgewicht zwischen Berufsleben und Privatleben gemeint.,Damit ist das Gleichgewicht zwischen Berufsleben und Privatleben gemeint.
2026,11,6,1.0,1.0,"Für jemand, der unter diesem Druck steht, ist er erstaunlich gelassen.","Also, für ein normales ""Bauprojekt"" gab es da erstaunlich viel Beef."
2027,11,5,1.0,1.0,"Oh man, das Schloss ist wirklich schwer zu öffnen.",Er darf jetzt sein Schloss mitnehmen und zu Fuß weitergehen.
2028,11,2,0.94,0.94,Sanfte Gitarrenmusik Im Stadthafen von Ueckermünde fließt die Uecker durch die Altstadt.,Sanfte Gitarrenmusik Im Stadthafen von Ueckermünde fließt die Uecker durch die Altstadt.
2029,12,7,1.0,1.0,Zuerst kommt die Begrüßung und dann können Sie ihre Witze reißen.,"Um das Ziel nicht zu reißen, wurden bereits verschiedene Maßnahmen beschlossen."
2030,12,7,1.0,1.0,"Seine süße, wunderbare Frau kann i nicht mehr ertragen.","Seine süße, wunderbare Frau kann i nicht mehr ertragen."
2031,13,5,1.0,1.0,Doch es kommt anders: Ein Freund des Sohnes gesteht die Tat.,"Ich muss aber gestehen, dass ich manchmal sehr unordentlich sein kann."
2032,12,8,1.0,1.0,"Fronten, Taktik und Logistik sind bei diesen Distanzen bedeutungslos.",Das sind Schläger und Mörder und deine Rot Front.
2033,12,5,1.0,1.0,Du sollst diesen Text in die die indirekte Rede umformen.,Du sollst diesen Text in die die indirekte Rede umformen.
2034,12,4,0.92,0.92,Nur bei Mars durch die Institution bisschen verlaufen.,Die Braut ist eine Institution an dieser Schule.
2035,14,10,1.0,1.0,"Sein Fan wollte, dass er auf einen Felsen klettert.","Meine Hobbies sind Theater spielen, malen, zeichnen, klettern oder anderen Sport."
2036,13,5,1.0,1.0,"Ist nicht zu steil, was ich immer gut finde.","Ist nicht zu steil, was ich immer gut finde."
2037,13,6,1.0,1.0,"Wenn es tatsächlich Anlass dafür gibt, müsste man überlegen.","Bitte lass dein Handy an, damit ich dich erreichen kann."
2038,13,7,1.0,1.0,Sie haben sich hier im Club ja lange nicht sehen lassen.,Der Rotari Club bittet Sie einen Vortrag zu halten.
2039,13,6,1.0,1.0,"Ja, wenn Sie sich mit einem farten blinken einlassen, Herr Kommissar.","Ja, wenn Sie sich mit einem farten blinken einlassen, Herr Kommissar."
2040,13,6,1.0,1.0,"Seine Aussprache ist anfangs schlecht, aber das stört mich nicht.","Ich hatte anfangs keine Ahnung, wie talentiert du bist."
2041,12,7,1.0,1.0,Vor vier Monaten habe ich mein Praktikum bei BMW begonnen.,Vor vier Monaten habe ich mein Praktikum bei BMW begonnen.
2042,13,8,1.0,1.0,"Bitte, die Sendung über diese Poolparty läuft doch dauernd im Fernsehen.","Bitte, die Sendung über diese Poolparty läuft doch dauernd im Fernsehen."
2043,10,4,1.0,1.0,Deutsche Panzerdivisionen durchbrechen die polnischen Linien an allen Fronten.,Deutsche Panzerdivisionen durchbrechen die polnischen Linien an allen Fronten.
2044,13,7,1.0,1.0,Weil ich ein Talent erkenne und wieso alten Tage.,"Weißupt meint, ihr Selbstbewusstsein sei größer als ihr Talent."
2045,9,5,1.0,1.0,"Ich bin hier, um den morgigen Ablauf zu besprechen.",Haben rechte Gesinnungen die Abläufe in der Nacht beeinflusst?
2046,9,6,1.0,1.0,Ganz kurz noch zu “mal” als Konjunktion in der Mathematik.,Ganz kurz noch zu “mal” als Konjunktion in der Mathematik.
2047,13,6,1.0,1.0,Letztes Mal bei Like Germans Ich muss Ihnen noch etwas mitteilen.,Letztes Mal bei Like Germans Ich muss Ihnen noch etwas mitteilen.
2048,11,9,1.0,1.0,"Wir betreuen nicht nur eine Marke, sondern reparieren jeden Pkw.","Wir betreuen nicht nur eine Marke, sondern reparieren jeden Pkw."
2049,12,7,1.0,1.0,Die Radikalisierung meines Mandanten würde ich vornehmlich auf das Internet stützen.,Die Radikalisierung meines Mandanten würde ich vornehmlich auf das Internet stützen.
2050,12,4,0.94,0.94,Den Anschluss isoliere ich jetzt noch um hier keinen Energieverlust zu haben.,Den Anschluss isoliere ich jetzt noch um hier keinen Energieverlust zu haben.
2051,13,9,1.0,1.0,Sehe aus bräuchte die Autorität des Ministeriums im Rücken.,Das ist ja dann in Deutschland im Ministerium für Entwicklungszusammenarbeit beheimatet.
2052,9,4,0.94,0.94,Der Europäische Rat hat offiziell den Kandidatenstatus den fünf ersten Ländern gewährt.,Der Europäische Rat hat offiziell den Kandidatenstatus den fünf ersten Ländern gewährt.
2053,13,4,1.0,1.0,"Gehen wir nochmal durch, was ihr euch merken solltet.","Ich Verzeih, ich wollte Meine Gefühle würden nicht mit mir durchgehen."
2054,10,3,1.0,1.0,"Jesus lehrte seine Jünger, dass jeder, der bittet, empfängt.","Jesus lehrte seine Jünger, dass jeder, der bittet, empfängt."
2055,14,6,1.0,1.0,"Wenn ich loslasse, wirst du nie wieder zu mir zurückkommen, oder?",Dann auch noch Kessen aber bitte lassen Sie mich doch los.
2056,10,2,1.0,1.0,"Das heißt, welche Gesellschafter es gibt, welche Geschäftsführer es gibt.","Das heißt, welche Gesellschafter es gibt, welche Geschäftsführer es gibt."
2057,13,9,1.0,1.0,Man darf das Geld nicht einfach aus der Kasse entnehmen.,David entnimmt unseren H%ntern Fett und spritzt damit unsere Lippen auf.
2058,12,8,1.0,1.0,"Ich finde echt, dass ich eine bessere Option bin.","Ich finde echt, dass ich eine bessere Option bin."
2059,10,5,1.0,1.0,Vielleicht können wir ein bisschen deinen juristischen Sachverstand abzapfen.,Vielleicht können wir ein bisschen deinen juristischen Sachverstand abzapfen.
2060,9,3,1.0,1.0,Eigentlich ist die Brücke gerade mal zwei Meter hoch.,Eigentlich ist die Brücke gerade mal zwei Meter hoch.
2061,12,5,1.0,1.0,Wir kommen aus dem Wald und Rennen zum Boot.,"Und da sie aus dem Rennen ist, wird sie nicht gewinnen."
2062,10,4,1.0,1.0,Sie ist bestimmt genauso attraktiv und nett wie auf ihrem Profil.,Sie ist bestimmt genauso attraktiv und nett wie auf ihrem Profil.
2063,13,4,1.0,1.0,"Schlange Hey, Yara, bitte gib mir nur zwei Minuten.","Schlange Hey, Yara, bitte gib mir nur zwei Minuten."
2064,11,4,1.0,1.0,Sie waren mit der modernsten Technik ihrer Zeit ausgestattet.,Sie waren mit der modernsten Technik ihrer Zeit ausgestattet.
2065,10,3,0.94,0.94,Wie Sand in der Brandung werden Hinweise auf die Vergangenheit vom durcheinandergewirbelt.,Wie Sand in der Brandung werden Hinweise auf die Vergangenheit vom durcheinandergewirbelt.
2066,12,7,1.0,1.0,"Und die rechte Gruppe versucht, das Ei links abzulegen.","Und die rechte Gruppe versucht, das Ei links abzulegen."
2067,13,7,0.92,0.92,"Madame Präsidentin, bitte regen Sie sich nicht auf.","Madame Präsidentin, bitte regen Sie sich nicht auf."
2068,11,5,1.0,1.0,"Zum Beispiel auch, sich verbotenerweise nicht mehr irgendwem zu nähern.","Der Kapitän und Alfred greifen sie an, als sie sich nähern."
2069,11,7,1.0,1.0,Zudem spielt die Novellierung das Tierwohl mit sich gegeneinander aus.,Zudem spielt die Novellierung das Tierwohl mit sich gegeneinander aus.
2070,11,7,1.0,1.0,"Mexiko stoppt die Öllieferungen, und auch andere Länder halten sich zurück.","Du sagtest neulich, es wäre besser, wenn ich mich zurückhalten würde."
2071,12,7,1.0,1.0,Damit würde sein Gehalt häufig unter dem deutschen Mindestlohn liegen.,Damit würde sein Gehalt häufig unter dem deutschen Mindestlohn liegen.
2072,8,6,1.0,1.0,"Er merkt es deutlich, wenn die Wirkung gegen Abend nachlässt.","Er merkt es deutlich, wenn die Wirkung gegen Abend nachlässt."
2073,10,6,1.0,1.0,Andererseits hätten wir uns nicht deshalb zu diesem Urlaub entschlossen.,Andererseits hätten wir uns nicht deshalb zu diesem Urlaub entschlossen.
2074,10,7,1.0,1.0,"Und wir versuchen dann, die jeweiligen Bezugspunkte zur Literatur auszuloten.",Ich bin Dozent für französische Literatur hier in der Uni.
2075,11,8,1.0,1.0,"Zur KI, auch da haben wir gemeinsame Themen, gemeinsame Ansätze.","Zur KI, auch da haben wir gemeinsame Themen, gemeinsame Ansätze."
2076,12,6,1.0,1.0,Du kannst nicht gleichzeitig auf Gas und Grenze treten.,Du kannst nicht gleichzeitig auf Gas und Grenze treten.
2077,12,5,0.94,0.94,"Und meine Großmutter beschloss, mich zu verändern, ja, sie hat mich getauft.","Und meine Großmutter beschloss, mich zu verändern, ja, sie hat mich getauft."
2078,9,6,1.0,1.0,Norwegen wehrt sich aber mit der Unterstützung von Briten und Franzosen.,"Die Briten und die Franzosen erhoben Protest, unternahmen aber nichts."
2079,10,4,1.0,1.0,"Es ist sehr ungewöhnlich, so einen teuren Gegenstand zu verschenken.","Das, was Sie da sehen, ist der Schatten eines allgemeinen Gegenstandes."
2080,11,5,1.0,1.0,"Danke, Ricarda Breiten aus unserer Politikredaktion auch für die rechtliche Einordnung.","Danke, Ricarda Breiten aus unserer Politikredaktion auch für die rechtliche Einordnung."
2081,9,6,1.0,1.0,"Sicherlich kein Mehrwert für die Umwelt, sondern wir schaffen Bürokratie.",Die Umwelt- Leistungsgrenzwerte können die Genehmigungsfähigkeit von Anlagen gefährden.
2082,13,7,1.0,1.0,"Mann, ich wollte dir das doch zum Abschied noch zeigen.","Es ist jetzt an der Zeit, Abschied zu nehmen."
2083,12,9,1.0,1.0,Unterstützen tut der Motor aber ausschließlich bis 25 km/h.,Seitdem wird Shan gejagt und es ist ausschließlich meine Schuld.
2084,13,10,1.0,1.0,Sind Sie mit den Forschung der sprachanalytischen Philosophie vertraut?,Sind Sie mit den Forschung der sprachanalytischen Philosophie vertraut?
2085,14,5,1.0,1.0,In der geschriebenen Sprache ist es hingegen oft genau umgekehrt.,In der geschriebenen Sprache ist es hingegen oft genau umgekehrt.
2086,11,5,1.0,1.0,Ich bin hauptsächlich samstags unterwegs für die Tafel und helfe mit.,"Ich habe hauptsächlich Sachbücher gelesen, weil ich etwas Neues lernen wollte."
2087,9,2,1.0,1.0,Und bei wem ich mich dafür bedanken muss: meiner Mutter.,Und bei wem ich mich dafür bedanken muss: meiner Mutter.
2088,7,2,1.0,1.0,Und danach werden die Co-Präsidenten des Vorstands den Vorsitz übernehmen.,Und danach werden die Co-Präsidenten des Vorstands den Vorsitz übernehmen.
2089,8,5,1.0,1.0,"Lass dein Publikum wachsen, du wirst dort reden, du wirst kochen.","Lass dein Publikum wachsen, du wirst dort reden, du wirst kochen."
2090,9,5,1.0,1.0,"Ich kürze das jetzt hier mal ab, technische Analyse.","Ich kürze das jetzt hier mal ab, technische Analyse."
2091,9,4,1.0,1.0,"Ah, das ist toll, ich habe die Bestellung bei Bill abgeholt.","Aber ich glaube, der Kellner kommt gleich, um unsere Bestellung aufzunehmen."
2092,14,8,1.0,1.0,Den weißabgleich stellst du unten links bei dem bunten Symbol ein.,Den weißabgleich stellst du unten links bei dem bunten Symbol ein.
2093,10,7,1.0,1.0,"Unsere Fahrpläne werden so gestaltet, dass wir pünktlich sind.","Gut, dann werde ich meinen Fernsehauftritt mal etwas kämpferischer gestalten."
2094,8,2,1.0,1.0,"Dazu ist grundsätzlich jedes Unternehmen verpflichtet, dass ein Handelsgewerbe betreibt.","Dazu ist grundsätzlich jedes Unternehmen verpflichtet, dass ein Handelsgewerbe betreibt."
2095,12,6,1.0,1.0,"Ihr hört sicher oft den Begriff ""das christliche Abendland"".","Ihr hört sicher oft den Begriff ""das christliche Abendland""."
2096,11,5,1.0,1.0,Doch ein komplexes Lebewesen nachzubauen stellt die Wissenschaftler vor enorme Herausforderungen.,Doch ein komplexes Lebewesen nachzubauen stellt die Wissenschaftler vor enorme Herausforderungen.
2097,12,6,1.0,1.0,Die Anzahl der Asylbewerber steigt Jahr für Jahr in Frankreich.,Die Anzahl der Asylbewerber steigt Jahr für Jahr in Frankreich.
2098,13,6,1.0,1.0,Stevens Mandantin ist wegen versuchter Anstiftung zum Mord und Mordes angeklagt.,Stevens Mandantin ist wegen versuchter Anstiftung zum Mord und Mordes angeklagt.
2099,10,6,1.0,1.0,Du hast dich keinen einzigen Zentimeter auf mich zu beewegen.,Du hast dich keinen einzigen Zentimeter auf mich zu beewegen.
2100,12,4,1.0,1.0,"Genau diese Komplexität, die findet sich zukünftig in den Genehmigungsverfahren wieder.","Genau diese Komplexität, die findet sich zukünftig in den Genehmigungsverfahren wieder."
2101,13,8,1.0,1.0,Trotz der hitzigen Diskussion hat Max die Nerven behalten.,Trotz der hitzigen Diskussion hat Max die Nerven behalten.
2102,12,3,1.0,1.0,Am Abend entspanne ich mich oder schreibe in mein Buch.,Am Abend entspanne ich mich oder schreibe in mein Buch.
2103,9,6,1.0,1.0,Herr Merz und Herr Wadephul haben das Regime verurteilt.,Herr Merz und Herr Wadephul haben das Regime verurteilt.
2104,12,6,1.0,1.0,"Okay, her mit der nächsten, total dummen, äh komplett vernünftigen Frage.","Okay, her mit der nächsten, total dummen, äh komplett vernünftigen Frage."
2105,11,5,1.0,1.0,"Wir müssen alle verstehen, dass wir alle zum Dienst berufen sind.","Wir müssen alle verstehen, dass wir alle zum Dienst berufen sind."
2106,11,5,1.0,1.0,Ich kann euch versichern: Alex ist noch auf dem Markt.,"Ich habe versichert, dass das alles nicht so heiß gegessen wird."
2107,8,3,1.0,1.0,Eine abrupte Abreise könnte die Mannschaft beunruhigen oder gar Panik auslösen.,Dafür fliegt die Mannschaft jetzt gerade einmal über den Atlantischen Ozean.
2108,13,6,1.0,1.0,"Plötzlich sehen wir 2 Tiere, die von einem Hügel herabrennen.",Ich finde einen schönen Platz neben einem großen Hügel.
2109,13,7,1.0,1.0,"Wenn Sie das für Samuel tun, bin ich Ihnen unendlich dankbar!","Wenn Sie das für Samuel tun, bin ich Ihnen unendlich dankbar!"
2110,9,6,1.0,1.0,Und hatte sich daraufhin auch an eine Extremismuspräventionsstelle gewandt.,Und hatte sich daraufhin auch an eine Extremismuspräventionsstelle gewandt.
2111,8,2,1.0,1.0,US-Präsident Roosevelt klingt bei der Rede vor dem Kongress eher wütend.,US-Präsident Roosevelt klingt bei der Rede vor dem Kongress eher wütend.
2112,12,6,1.0,1.0,"Konnte, ja, musste die japanische Führung das nicht schon vorher wissen?","Ich glaube, sie hat eher an eine Führung gedacht."
2113,12,5,1.0,1.0,"Mattis ist nicht nur schwer erreichbar, sondern auch hyperaktiv.","Es kann doch nicht sein, dass ein Notruf nicht erreichbar ist."
2114,10,3,0.94,0.94,"Ja, das ist die zweite Stufe dieser Diskussion, die dann immer stattfindet.","Ja, das ist die zweite Stufe dieser Diskussion, die dann immer stattfindet."
2115,14,5,1.0,1.0,"Okay, also einschlafen ist eigentlich ganz einfach, mein Schatz.","Als die Wachen einschlafen, nähern wir uns den 3 Gefangenen."
2116,10,4,1.0,1.0,Ich danke den Ministern für diese vollständigen ausführlichen Antworten.,Ich danke den Ministern für diese vollständigen ausführlichen Antworten.
2117,10,5,1.0,1.0,Zum Mangel der Lebensmittelversorgung kommt die vollkommene Unterbrechung des militärischen Nachschubs.,Die beanstandeten hygienischen Mängel würden nicht zu einer Verurteilung reichen.
2118,12,7,1.0,1.0,Dessen Hass gründet sich auf die amerikanische Außenpolitik im arabischen Raum.,Dessen Hass gründet sich auf die amerikanische Außenpolitik im arabischen Raum.
2119,10,6,1.0,1.0,Im Koalitionsvertrag ist auch mehr Wettbewerb in der Entwicklungszusammenarbeit vereinbart.,Bald könnte ein unaufhaltsamer Wettbewerb um das Universum losgehen.
2120,12,3,1.0,1.0,"Ich werde dafür sorgen, dass sie das Verbot einhalten.","Ich werde dafür sorgen, dass sie das Verbot einhalten."
2121,11,4,1.0,1.0,"Theoretisch war es möglich, vom Sklaven zum Millionär zu werden.","Theoretisch war es möglich, vom Sklaven zum Millionär zu werden."
2122,10,3,0.84,0.84,Seine Biografie ist eine Kreation des Geheimdienstes.,Oswald hatte vom Geheimdienst den Befehl abzudrücken.
2123,8,2,0.92,0.92,"Ich bin da, hier ist mein neuer Arbeitgeber.","Ich bin da, hier ist mein neuer Arbeitgeber."
2124,13,7,1.0,1.0,"Solange wir keine Leiche haben, gilt sie als vermisst.","Solange wir keine Leiche haben, gilt sie als vermisst."
2125,10,6,1.0,1.0,Und das ist im Grunde genommen auch was Platon ausbilden will.,Und das ist im Grunde genommen auch was Platon ausbilden will.
2126,12,8,1.0,1.0,Im Prinzip hat Stresemann die Kuh doch längst vom Eis geholt.,Im Prinzip hat Stresemann die Kuh doch längst vom Eis geholt.
2127,14,7,1.0,1.0,Nach 14 Jahren ist mein treuer Freund und Begleiter Shiloh gestorben.,Nach 14 Jahren ist mein treuer Freund und Begleiter Shiloh gestorben.
2128,12,7,1.0,1.0,"Es war mir ein Vergnügen, über diesen wichtigen Denker zu sprechen.","Es war mir ein Vergnügen, über diesen wichtigen Denker zu sprechen."
2129,10,3,1.0,1.0,Und die ist noch mal eine ganze Ecke düsterer.,"Düstere, brummende Musik Stimmen spielender Kinder Wagen fährt rückwärts."
2130,11,5,1.0,1.0,"Mannheim, Mai 2024: Ein mutmaßlicher IS-Sympathisant ersticht einen Polizisten.","Mannheim, Mai 2024: Ein mutmaßlicher IS-Sympathisant ersticht einen Polizisten."
2131,13,9,1.0,1.0,"Tut mir leid, da habe ich was durcheinander gebracht.",Aber es ist alles ein einziges drunter und drüber und durcheinander.
2132,13,5,1.0,1.0,"Weißt du, ehrlich gesagt ist er ein ziemlich intelligenter Junge.","Weißt du, ehrlich gesagt ist er ein ziemlich intelligenter Junge."
2133,11,9,1.0,1.0,So mache ich aus einem unangenehmen Moment wieder ein sachliches Gespräch.,Das Verb “vorfinden” klingt oft sehr sachlich und etwas formell.
2134,13,4,1.0,1.0,Nach dem Vormittag beginnt für mich die arbeitsintensivste Zeit des Tages.,Bis später und vielen Dank für diesen fruchtbaren Austausch heute Vormittag.
2135,12,7,1.0,1.0,"Ich weiß nicht, was mit dem Fahrer los war.","Der Fahrer war leider schon verstorben, hatte keine Lebenszeichen mehr."
2136,11,5,1.0,1.0,Durchschnittlich verdient ein Arbeitnehmer in Deutschland 30.000 Euro im Jahr.,"Arbeitnehmer sind Menschen, die von einem Arbeitgeber beschäftigt werden."
2137,13,6,1.0,1.0,Vorneweg fährt der Einsatzleitwagen mit dem Chef oder der Chefin.,Vorneweg fährt der Einsatzleitwagen mit dem Chef oder der Chefin.
2138,10,7,1.0,1.0,Aus dieser Perspektive ist das 3D-Objekt über und unter der Fläche.,Aus dieser Perspektive ist das 3D-Objekt über und unter der Fläche.
2139,12,7,1.0,1.0,"Es ist verdammt so, als würde man mit einem Parkplatz reden.","Es ist verdammt so, als würde man mit einem Parkplatz reden."
2140,8,3,1.0,1.0,Und es werden immer mehr Treibhausgase in die Atmosphäre geblasen.,Und es werden immer mehr Treibhausgase in die Atmosphäre geblasen.
2141,10,6,1.0,1.0,"Ich denk auch, dass sie gestopften immer bevorzugt werden.","Einige Unternehmen bevorzugen sogar Bewerber, die etwas anderes gemacht haben."
2142,13,4,1.0,1.0,"Deshalb schämt er sich nicht, sie seine Brüder zu nennen.","Deshalb schämt er sich nicht, sie seine Brüder zu nennen."
2143,11,5,1.0,1.0,Nachher bringen wir die Sachen für Mama und Lei zur Post.,Nachher bringen wir die Sachen für Mama und Lei zur Post.
2144,10,8,1.0,1.0,"Wir müssen Partnerschaften in anderen Regionen wie Indien, Südamerika, Südafrika schließen.","Im Energiebereich, insbesondere bei erneuerbare Energien entstehen neue Partnerschaften überall."
2145,11,6,0.88,0.88,"Aber ein Ergebnis davon war, dass das Kubaunternehmen an meiner Abteilung weitergeleitet wurde.","Forestors, der Leiter der Abteilung, war um 5 Uhr wieder in seinem Büro."
2146,11,7,1.0,1.0,"Wer diese Treppe hinuntergeht, betritt einen Bereich, den kein Standardführer erwähnt.","Und die Treppe endet nicht dort, wo der Reiseführer aufhört."
2147,9,6,1.0,1.0,Längst stehen Ackerflächen unter ständiger Beobachtung aus der Luft.,Längst stehen Ackerflächen unter ständiger Beobachtung aus der Luft.
2148,13,8,1.0,1.0,"Wie Rasierkling Tabletten mit allem, was da drin ist?","Die Tabletten haben so scheußlich geschmeckt, ich habe mich sofort übergeben."
2149,11,4,1.0,1.0,Verkauf uns deine Tochter Hanna und alle Probleme sind vergessen.,Verkauf uns deine Tochter Hanna und alle Probleme sind vergessen.
2150,10,5,1.0,1.0,Diese fünf Versicherungen bilden die Säulen unseres Sozialversicherungssystems in Deutschland.,Diese fünf Versicherungen bilden die Säulen unseres Sozialversicherungssystems in Deutschland.
2151,11,6,1.0,1.0,Nach dem Umzug wird er mich zum Essen einladen.,Nach dem Umzug wird er mich zum Essen einladen.
2152,9,8,1.0,1.0,Mit der Bilanz können wir die Anschaffungskosten der Anlage nicht einsehen.,Der Gabelstapler wird mit 5.000€ in der Bilanz angesetzt.
2153,13,3,1.0,1.0,Ich habe danach auch über 4 Jahre als Koch gearbeitet.,Ich habe danach auch über 4 Jahre als Koch gearbeitet.
2154,11,3,1.0,1.0,"Vielleicht können wir Mark dazu überreden, dass er einen Baum pflanzt.","Ja, aber eins musst du noch für mich tun, Mark."
2155,12,6,1.0,1.0,"Ja, der Generalbundesanwalt hat die Ermittlungen an sich gezogen.","Ja, der Generalbundesanwalt hat die Ermittlungen an sich gezogen."
2156,9,5,1.0,1.0,"Wie dem auch sein, ich werde in Kürze entlassen.","Wie dem auch sein, ich werde in Kürze entlassen."
2157,10,5,0.94,0.94,Gezielt verübt die Gruppe nun Mordanschläge gegen Persönlichkeiten aus Staat und Wirtschaft.,Gezielt verübt die Gruppe nun Mordanschläge gegen Persönlichkeiten aus Staat und Wirtschaft.
2158,10,5,1.0,1.0,Unsere Soldaten versehen ihren Dienst und kämpfen in Afghanistan.,Unsere Soldaten versehen ihren Dienst und kämpfen in Afghanistan.
2159,12,5,1.0,1.0,"Sollen wir durch den Park spazieren, um zum Café zu kommen?","Sollen wir durch den Park spazieren, um zum Café zu kommen?"
2160,9,5,1.0,1.0,Und die wollen ja ein Grundeinkommen ohne jede Anstrengung.,"Es war eine Herausforderung, es war eine große Anstrengung."
2161,10,4,1.0,1.0,Und drittens kannst du die Symbole zum Teil selbst konfigurieren.,Die shortcutfunktion ist übrigens unter anderen Symbolen ebenfalls versteckt.
2162,8,4,1.0,1.0,"Im Bogf, ihr müsst den Befehlen ohne Widerspruch folgen.","Im Bogf, ihr müsst den Befehlen ohne Widerspruch folgen."
2163,12,6,1.0,1.0,Und drittens: Es muss eine effektive Umsetzung der Richtlinie gewährleistet werden.,Und die Dritte setzt an bei der kohärenten Umsetzung der Richtlinien.
2164,11,8,1.0,1.0,Und schließlich musst Du auch für den Versand Deiner Bestellungen aufkommen.,In den 90ern kam es auf mit diesem Ritalin.
2165,11,5,1.0,1.0,"Ist eine geeignete Vene gefunden, erfolgt die Desinfektion der Punktionsstelle.","Ist eine geeignete Vene gefunden, erfolgt die Desinfektion der Punktionsstelle."
2166,11,4,0.94,0.94,Ein Mann kann lächeln und immer lächeln und doch ein Schurke sein.,Ein Mann kann lächeln und immer lächeln und doch ein Schurke sein.
2167,12,3,0.92,0.92,Mir ist einzig und allein der Geschmack wichtig.,Mir ist einzig und allein der Geschmack wichtig.
2168,12,4,1.0,1.0,Gemeinsam haben sie in diesem schmalen Bett kaum Platz.,"Hier drunter ist der Geschwindigkeitssensor, der ist recht schmal."
2169,11,5,1.0,1.0,"Es war stets eine Ehre, mit Ihnen zu arbeiten!","Er kehrte stets wieder zu uns zurück, zu seiner geliebten Familie."
2170,13,1,0.84,0.84,Lediglich den Kühlschrank nimmt er heute mit.,Als Hilfsmittel ist lediglich ein Taschenrechner erlaubt.
2171,9,5,1.0,1.0,Es muss wirklich ganz klar erkennbar sein was der Ausweichpflichtige vorhat.,"Das Ausweichmanöver muss aber rechtzeitig, klar erkennbar und durchgreifend durchgeführt werden."
2172,9,4,1.0,1.0,"Nein, ein Foto von hinten ist heutzutage üblich .",In Europa scheint 50:50 also durchaus üblich zu sein.
2173,11,8,1.0,1.0,"Wenn du solche Muster oft hörst, werden sie vertraut.","Das Muster ist einfach, aber du kannst es oft benutzen."
2174,11,4,1.0,1.0,"Sie möchte, dass ich den Raum reinige, bevor sie reinkommt.","Sie möchte, dass ich den Raum reinige, bevor sie reinkommt."
2175,12,7,1.0,1.0,"Nun, der Schnee bedeckt sie, und die Straßen werden gesperrt.","Nun, der Schnee bedeckt sie, und die Straßen werden gesperrt."
2176,10,5,1.0,1.0,"Meine Welt, meine Meinung an diesen Dienstag mit Sebastian Vorbach.","Wir sagen: der Montag, der Dienstag und so weiter."
2177,10,6,1.0,1.0,Die Gonja sind eingedrungen in das Erdverteidigungssystem von einer halben Stunde.,Die Gonja sind eingedrungen in das Erdverteidigungssystem von einer halben Stunde.
2178,12,10,1.0,1.0,"Nicht nur im Gerichtssaal, auch in und mithilfe der Medien.",Mithilfe der Kohle wird Stahl in großen Mengen erzeugt.
2179,10,6,1.0,1.0,"Deshalb missioniert Karl auch die Leute, die noch keine Christen sind.","Deshalb missioniert Karl auch die Leute, die noch keine Christen sind."
2180,10,4,1.0,1.0,Willst du das etwa ernsthaft mit Messer und Gabel essen?,Hier werden neben Klamotten auch Messer und Schlagringe verkauft.
2181,11,2,1.0,1.0,Muss ich bei der Übersetzung der Zeugnisse irgendwas beachten?,Muss ich bei der Übersetzung der Zeugnisse irgendwas beachten?
2182,12,9,1.0,1.0,"Rund 11.000 Anhänger sitzen dort in Haft, darunter auch Deutsche.",Der Anhänger ist halt wirklich fast zu klein für diesen Bagger.
2183,9,5,1.0,1.0,"Die Behandlung, um den Druck im Brustraum zu verringern, heißt Thoraxdrainage.","Die Behandlung, um den Druck im Brustraum zu verringern, heißt Thoraxdrainage."
2184,12,6,1.0,1.0,"Wir unterstützen diesen Vorschlag, diese Vorlage für einen Beschluss.","Wir unterstützen diesen Vorschlag, diese Vorlage für einen Beschluss."
2185,9,4,1.0,1.0,Stellen Sie sich eine mittelständische GmbH mit drei Gesellschaften vor.,Jeder Gesellschafter einer GmbH besitzt Vermögensrechte wie zB Gewinnansprüche.
2186,12,6,1.0,1.0,Doch der Einsatz im Feldlager bringt ihn endgültig an seine Grenzen.,Das ist ein ganz typisches Beispiel für das Wort “endgültig”.
2187,11,9,1.0,1.0,Sie sind nichts weiter als ein anmaßender und korrupter Offizier.,Sie sind nichts weiter als ein anmaßender und korrupter Offizier.
2188,12,7,1.0,1.0,"Und so religiös weiß der Rabbi überhaupt, dass ihr Atheisten seid.","Das ist ganz anders, wenn es ein religiöses Urteil gewesen wäre."
2189,10,8,1.0,1.0,So eine Steuererklärung ist schon ein Wust an Regelungen.,So eine Steuererklärung ist schon ein Wust an Regelungen.
2190,10,3,1.0,1.0,Was besseres als dieser Skandal hätte dir nicht passieren können.,Was besseres als dieser Skandal hätte dir nicht passieren können.
2191,12,5,1.0,1.0,"Nein, ein weiteres Dutzend um Mitternacht zu backen ist völlig angemessen.","Nein, ein weiteres Dutzend um Mitternacht zu backen ist völlig angemessen."
2192,12,5,1.0,1.0,"Kein Kampf ist gewonnen, solange das Gelände nicht eingenommen ist.",Diese Trasse wurde im Gelände zwischen Steinbruch und Anlage nie gefunden.
2193,12,3,1.0,1.0,Das wäre dann also ein Teller Tahina mit Flaffel und Salat.,Das wäre dann also ein Teller Tahina mit Flaffel und Salat.
2194,10,4,1.0,1.0,"Und ich hoffe, mein Impulsvortrag hat ein bisschen aufgeklärt davor.","Er will nicht ruhen, bevor nicht alles restlos aufgeklärt ist."
2195,7,3,1.0,1.0,"Stimmt, du würdest nie erraten, dass sie dir den Hof machen.","Stimmt, du würdest nie erraten, dass sie dir den Hof machen."
2196,11,9,1.0,1.0,Erst 1893 kommt das Gesetz zur Einführung einer einheitlichen Zeitbestimmung.,Bayern ist auch heute nur von außen gesehen ein einheitliches Land.
2197,11,7,1.0,1.0,"Okay, danach folgt ein kurzer Blick in den toten Winkel.",Die Breitenkreise werden als Winkel vom Erdmittelpunkt aus gemessen.
2198,11,4,1.0,1.0,"Meine Familie, mein Beruf, meinen Status und meine Reputation.","Meine Familie, mein Beruf, meinen Status und meine Reputation."
2199,13,6,1.0,1.0,Sie hat sorgfältig die Geschenke für ihre Freunde ausgewählt.,"Jede Sicherheitsmaßnahme kann versagen, egal, wie sorgfältig sie ausgearbeitet wurde."
2200,8,4,1.0,1.0,"Mein zweiter Kandidat ist der Vorsitzende dieses Ausschusses, Professor Bernt Wesker.","Mein zweiter Kandidat ist der Vorsitzende dieses Ausschusses, Professor Bernt Wesker."
2201,8,6,1.0,1.0,"Was ich als selbstverständlich erachte, ist scheinbar gar nicht so selbstverständlich.","Deshalb wundert es mich jetzt, dass scheinbar niemand etwas unternimmt."
2202,10,5,1.0,1.0,"Ich glaube, deshalb hast du so viele Mauern hochgezogen.","Ich glaube, deshalb hast du so viele Mauern hochgezogen."
2203,13,7,1.0,1.0,Mindestens 12 Personen wurden von der Polizei vorübergehend festgenommen.,"Es wird keine große Schlinge sein, aber es wird vorübergehend reichen."
2204,12,6,1.0,1.0,Machen Sie es ihnen verständlich dass wir Frieden wollen.,Machen Sie es ihnen verständlich dass wir Frieden wollen.
2205,10,3,1.0,1.0,"Möchtest du wissen, wie sich deine Einkommensteuer eigentlich genau berechnet?","Möchtest du wissen, wie sich deine Einkommensteuer eigentlich genau berechnet?"
2206,11,0,0.84,0.84,Wie kann man so viele Muskeln haben?,Und manche haben Schmerzen in den Muskeln.
2207,11,3,1.0,1.0,Organisiert haben das der Verein Fulder stellt sich quer.,Organisiert haben das der Verein Fulder stellt sich quer.
2208,11,5,1.0,1.0,Hier ist Vorsicht geboten: Die Arbeit mit Strom kann gefährlich sein.,"Der Moment, in dem Einsamkeit und Begehren die Vorsicht überwanden."
2209,13,6,1.0,1.0,Dementsprechend steigt auch die Zahl der illegal getunten E-Bikes.,Dementsprechend steigt auch die Zahl der illegal getunten E-Bikes.
2210,11,7,1.0,1.0,"Ob sie das übersteht, zeigt sich in den nächsten Tagen.","Freund und Feind in Eintracht, erleichtert, nun alles überstanden zu haben."
2211,10,5,1.0,1.0,Undsätzlich können wir bis zum jetzigen Zeitpunkt ein positives Fazit ziehen.,"Alle jetzigen Verbindungen mit unserem Verteidigungssystem sind unterbrochen, Kommander."
2212,8,4,0.94,0.94,Höchste Belastung für einen Körper wie trainiert der auch immer sein mag.,Höchste Belastung für einen Körper wie trainiert der auch immer sein mag.
2213,9,6,1.0,1.0,"Nur welche und in welchem Umfang, darüber wird jetzt wieder diskutiert.","Nur welche und in welchem Umfang, darüber wird jetzt wieder diskutiert."
2214,12,10,1.0,1.0,Wir sind im Prinzip alle dieses genetische Potpourri unterschiedlicher europäischer Populationen.,Wir sind im Prinzip alle dieses genetische Potpourri unterschiedlicher europäischer Populationen.
2215,12,3,1.0,1.0,"Wenn sie jetzt glaubt, dass ich zurückkomme, hat sie sich geirrt.","Wenn sie jetzt glaubt, dass ich zurückkomme, hat sie sich geirrt."
2216,9,5,1.0,1.0,Es gibt die Frage: Kriege ich rechtssicher eine Genehmigung?,"Der Betreiber weiß nicht, ob er seine Genehmigung bekommt."
2217,12,9,1.0,1.0,"Unzählige Räuber fressen die Mini-Mola millionenfach, also müssen sie schnell wachsen.",Soldaten vergewaltigen tausende chinesischer Frauen und zwingen unzählige in sexuelle Sklaverei.
2218,10,4,1.0,1.0,Die Auswirkungen sind auf der ganzen Welt zu spen.,Die Auswirkungen sind auf der ganzen Welt zu spen.
2219,11,6,1.0,1.0,"Wir könnten auch Zwischenziele festlegen, um unseren Fortschritt zu überwachen.","Wir könnten auch Zwischenziele festlegen, um unseren Fortschritt zu überwachen."
2220,9,4,0.94,0.94,Beispielsätze: Das Medikament wird erst nach einigen Tagen seine volle Wirkung entfalten.,Achtet und respektiert sie aber gebt ihnen keinen Raum sich zu entfalten.
2221,12,5,1.0,1.0,Weil ich mich so großzügig einem anderen Menschen widme.,Weil ich mich so großzügig einem anderen Menschen widme.
2222,11,4,1.0,1.0,Am selben Tag müssen die belagerten Franzosen einen weiteren Schlag hinnehmen.,Am selben Tag müssen die belagerten Franzosen einen weiteren Schlag hinnehmen.
2223,8,6,0.92,0.92,Aber in dieser Entschließung wird keine Debatte ermöglicht.,Aber in dieser Entschließung wird keine Debatte ermöglicht.
2224,10,5,1.0,1.0,Aus Gründen der Nachvollziehbarkeit müssen alle geschäftlichen Ausgaben exakt dokumentiert werden.,Aus Gründen der Nachvollziehbarkeit müssen alle geschäftlichen Ausgaben exakt dokumentiert werden.
2225,8,5,1.0,1.0,China ist ein großes Land mit einer funktionierenden Verwaltung.,China ist ein großes Land mit einer funktionierenden Verwaltung.
2226,10,5,1.0,1.0,"Das ist die beste Art, den illegalen Handel zu beschreiben.","Das ist die beste Art, den illegalen Handel zu beschreiben."
2227,11,6,1.0,1.0,"Weiß, dass immer mehr Jugendliche sich für die Partei begeistern.","Schon seit dem ich jung war, hat mich China begeistert."
2228,10,3,1.0,1.0,Und das hängt vor allem auch mit den Sprachen zusammen.,Und das hängt vor allem auch mit den Sprachen zusammen.
2229,10,6,1.0,1.0,Wir haben eine ganze Menge in diese Säule geschmissen.,"Die Säulen sind steinalt, die stammen aus dem Jahr 1972."
2230,11,3,1.0,1.0,"Und die Universität, hast du schon deine erste Vorlesung besucht?","Und die Universität, hast du schon deine erste Vorlesung besucht?"
2231,8,4,1.0,1.0,"Reiner startet mit starken Schmerzen im Knie, einer Entzündung des Schleimbeutels.","Florian sein Knie ist geschwollen, er kann nicht mehr bergab laufen."
2232,9,4,1.0,1.0,Viele Ärzte und Forscher feiern die Abnehmspritze als Therapiedurchbruch.,Seit mehr als 500 Jahren sind Forscher ihnen auf der Spur.
2233,10,5,1.0,1.0,Und jetzt kann ich die Musik nach vorne wieder aufziehen.,"Ich hab dich nur aufgezogen, ich bin gar nicht schwanger."
2234,9,6,1.0,1.0,"Wir sollten anfangen, Kompetenz mehr zu schätzen als Tinte auf Papier.","Parlamente werden aufgelöst oder ihrer Kompetenzen beraubt, Verfassungen werden aufgehoben."
2235,12,4,1.0,1.0,"Ich brate das Fleisch und du backst den Kuchen, okay?","Und ich muss sie braten, obwohl ich sie nicht essen kann."
2236,10,6,1.0,1.0,"Rote Linsen, Kirchererbsen, frische Tomaten, Sellerie Und zum Start Datteln.","Rote Linsen, Kirchererbsen, frische Tomaten, Sellerie Und zum Start Datteln."
2237,12,6,1.0,1.0,"Und ich zitiere: ""Las Gerechtigkeit walten, selbst wenn die Welt einstürzt.","Und ich zitiere: ""Las Gerechtigkeit walten, selbst wenn die Welt einstürzt."
2238,10,5,1.0,1.0,Die Russen kommen die ganze Zeit in unser Haus.,Die Russen kommen die ganze Zeit in unser Haus.
2239,11,6,1.0,1.0,Oder auch: In diesem Seminar werden wir verschiedene neue Forschungsmethoden einführen.,Ich bin Professor am romanistischen Seminar und der Vorsitzende dieses Ausschusses.
2240,10,5,1.0,1.0,"Präventionsprogramme der Krankenkasse, Gleichgesinnte, Freunde, Partner oder Selbsthilfegruppen können dabei unterstützen.","Präventionsprogramme der Krankenkasse, Gleichgesinnte, Freunde, Partner oder Selbsthilfegruppen können dabei unterstützen."
2241,9,2,1.0,1.0,Ist doch losgegangen wie eine Rakete die Meldung oder?,Ist doch losgegangen wie eine Rakete die Meldung oder?
2242,12,8,1.0,1.0,Er ist außerdem sehr sparsam und verbraucht wenig Benzin.,Das Hochladen von so vielen Fotos verbraucht natürlich sehr viel Energie.
2243,9,5,1.0,1.0,In der Reform bringen wir wertebasierte Entwicklungspolitik und interessenbasierte Entwicklungspolitik zusammen.,In der Reform bringen wir wertebasierte Entwicklungspolitik und interessenbasierte Entwicklungspolitik zusammen.
2244,12,4,1.0,1.0,"Ich wollte nicht, dass du wegen mir Ärger bwekommst.","Es tut mir wirklich leid, wenn Sie wegen mir Ärger hatten."
2245,9,3,0.92,0.92,"Kurz gesagt, Bananenregen wäre eine Katastrophe apokalyptischen Ausmaßes.","Kurz gesagt, Bananenregen wäre eine Katastrophe apokalyptischen Ausmaßes."
2246,10,4,1.0,1.0,"Ja, das ist nur mal so eine wacklige Angelegenheit.","Ja, das ist nur mal so eine wacklige Angelegenheit."
2247,10,6,1.0,1.0,"Und Unternehmer, die hauptsächlich ihre Gewinne im Auge haben.","Mohammad Al-Kurdi, der mit seinem Verein Kinder unterstützt, ist erfolgreicher Unternehmer."
2248,10,3,1.0,1.0,"Zur Kompensation liefern Becherzellen extra Schleim, wodurch das Atmen schwerer wird.","Zur Kompensation liefern Becherzellen extra Schleim, wodurch das Atmen schwerer wird."
2249,10,6,1.0,1.0,"Lieber die stabile Variante, denn sie soll länger halten.","Die noch bessere Variante ist, den Hauptteil nacheinander zu gestalten."
2250,11,6,1.0,1.0,"Man sagt, es bringt Unglück, eine Frau an Bord zu lassen.",An Bord gab es eine Zentralheizung sowie luxuriöse Bäder.
2251,11,4,1.0,1.0,"Ausländische Fachkräfte werden als ""kulturfremd"" oder ""schlecht qualifiziert"" etikettiert.","Ausländische Fachkräfte werden als ""kulturfremd"" oder ""schlecht qualifiziert"" etikettiert."
2252,10,7,1.0,1.0,"Schön, dass Sie sich für einen Studienplatz bei uns beworben haben.","Schön, dass Sie sich für einen Studienplatz bei uns beworben haben."
2253,10,8,1.0,1.0,"Ja, das ähm meine These äh für heute definitiv.","Ja, das ähm meine These äh für heute definitiv."
2254,10,2,1.0,1.0,Forderungen nach umfassender Anerkennung der Partisanen als Befreiungskämpfer abgelehnt.,Deshalb suchst du in diesen oberflächlichen Beziehungen nach Anerkennung.
2255,9,3,0.92,0.92,Und ihre Früchte eignen sich hervorragend zum Einlegen.,Und ihre Früchte eignen sich hervorragend zum Einlegen.
2256,9,6,1.0,1.0,Was bereits im Regal steht: Einige von Stevens' Buch-Veröffentlichungen.,Was bereits im Regal steht: Einige von Stevens' Buch-Veröffentlichungen.
2257,9,3,1.0,1.0,"Danach schreibe ich Berichte, um meinem Chef einen Überblick zu geben.","Danach schreibe ich Berichte, um meinem Chef einen Überblick zu geben."
2258,10,1,0.84,0.84,"Hey, Opa, kannst du das kurz aufsetzen?",Am besten setzt sie das gleich auf.
2259,7,4,1.0,1.0,"Gut, wir haben Erfahrungen, unmittelbare Erfahrung, in der sinnlichen Wahrnehmung.","Gut, wir haben Erfahrungen, unmittelbare Erfahrung, in der sinnlichen Wahrnehmung."
2260,9,5,1.0,1.0,"Göring ordnet persönlich an, die britischen Radarstationen als Angriffsziel zu streichen.","Göring ordnet persönlich an, die britischen Radarstationen als Angriffsziel zu streichen."
2261,11,4,1.0,1.0,Du meintest ihr Auto war von der Straße abgekommen.,Du meintest ihr Auto war von der Straße abgekommen.
2262,9,5,1.0,1.0,Es ging um Folgendes: Haushalte in den USA haben Stromzähler bekommen.,Es ging um Folgendes: Haushalte in den USA haben Stromzähler bekommen.
2263,5,2,0.92,0.92,Aber ich hatte geistig so einen extremen Bewegungsdrang.,Aber ich hatte geistig so einen extremen Bewegungsdrang.
2264,8,4,1.0,1.0,Aber das meiste Gas ist bereits aufgebraucht oder eingeschlossen.,Aber das meiste Gas ist bereits aufgebraucht oder eingeschlossen.
2265,10,7,1.0,1.0,Paula und ich sind mit dem Motorrad an der Küste entlanggefahren.,Du wirst mit dem Motorrad an der Küste entlangfahren.
2266,12,11,1.0,1.0,Und damit sind die Probleme doch sozusagen weitgehend gelöst.,Naumann lässt das Scherbengericht weitgehend wehrlos über sich ergehen.
2267,10,4,1.0,1.0,Möchten du und deine Eltern am Mittwoch gemeinsam mit uns essen?,Möchten du und deine Eltern am Mittwoch gemeinsam mit uns essen?
2268,9,3,1.0,1.0,"Dein Gesicht klebt immer am Handy, so wie Kaugummi an Fußsohle.","Dein Gesicht klebt immer am Handy, so wie Kaugummi an Fußsohle."
2269,9,5,1.0,1.0,Vor allem halten solche Bündnisse offenbar nicht über längere Zeit.,Vor allem halten solche Bündnisse offenbar nicht über längere Zeit.
2270,10,3,1.0,1.0,Sie werden ihre Mission erfolgreich beenden und ich habe versagt.,Sie werden ihre Mission erfolgreich beenden und ich habe versagt.
2271,9,6,1.0,1.0,Ich zeige dir in diesem Tutorial alles anhand der Web-Version.,Ich zeige dir in diesem Tutorial alles anhand der Web-Version.
2272,9,3,1.0,1.0,Die Abgeordneten von Renaissance bemühen sich in dieser Richtung.,Die Abgeordneten von Renaissance bemühen sich in dieser Richtung.
2273,11,7,1.0,1.0,"Wir haben gesagt, die Rente fußt auf drei Füßen.","Und hab Ende letzten Jahres gedacht, warum bis zur Rente warten."
2274,10,5,1.0,1.0,"Was haben Sie sich für 2026 vorgenommen, Herr Abdul?","Ja, diesen David Ferry nehmen wir uns trotzdem vor."
2275,8,7,1.0,1.0,Trotz des großen Wirbels in der Akademie passiert erstmal nichts.,Mitte Oktober 1985 wird Naumann an die Akademie für Gesellschaftswissenschaften eingeladen.
2276,10,8,1.0,1.0,"So Leute, ihr müsst das Projekt am Donnerstag abgeben.",Letzten Donnerstag Samuel Herlitz und dieser Silbersteinjunge haben mir geholfen.
2277,10,5,1.0,1.0,Alles was die Aufmerksamkeit auf den Mund lenkt ist gut.,Alles was die Aufmerksamkeit auf den Mund lenkt ist gut.
2278,8,4,1.0,1.0,"Hast du gewusst, dass sie hier ein Museum haben?","Hast du gewusst, dass sie hier ein Museum haben?"
2279,11,4,1.0,1.0,Die CDU ist eine der größten Parteien in Deutschland und konservativ.,Die CDU ist eine der größten Parteien in Deutschland und konservativ.
2280,10,2,1.0,1.0,Wir bringen dort neben deutscher Technologie auch israelische Technologie zum Einsatz.,Wir bringen dort neben deutscher Technologie auch israelische Technologie zum Einsatz.
2281,10,3,1.0,1.0,Lass uns einen Tweet für die Veranstaltung morgen früh posten.,Lass uns einen Tweet für die Veranstaltung morgen früh posten.
2282,9,0,0.84,0.84,"Soll ich dir ein Märchen vorlesen, Luca?","Soll ich dir ein Märchen vorlesen, Luca?"
2283,6,4,1.0,1.0,"Das ist eine sehr radikale Idee, besonders für die damalige Zeit.","Das ist eine sehr radikale Idee, besonders für die damalige Zeit."
2284,11,4,1.0,1.0,"Wir müssen systematisch vorgehen, um das Problem zu lösen.","Und auch da müssen wir aufhören, systematisch die Unterschiede herauszuarbeiten."
2285,11,7,1.0,1.0,"Sie lebten in einer Großfamilie, also mit mehreren Generationen zusammen.",Ich lebe seit 41 Jahren mit einem Deutschen zusammen.
2286,8,3,1.0,1.0,Sorry.” Ende Januar reicht Brunel Klage wegen Rufschädigung gegen Epstein ein.,Sorry.” Ende Januar reicht Brunel Klage wegen Rufschädigung gegen Epstein ein.
2287,10,3,1.0,1.0,Der Zugang des Bundesinnenministers wird in aller Regel protokolliert.,Der Zugang des Bundesinnenministers wird in aller Regel protokolliert.
2288,9,3,0.94,0.94,Rücksicht auf sein eigenes Volk nimmt der Diktator schon lange nicht mehr.,Rücksicht auf sein eigenes Volk nimmt der Diktator schon lange nicht mehr.
2289,10,4,1.0,1.0,Wir haben euch vor der Sendung aufgerufen uns Fragen zu schicken.,Wir haben euch vor der Sendung aufgerufen uns Fragen zu schicken.
2290,10,4,1.0,1.0,"Hör auf zu denken, dass dir irgendwas nicht zusteht.","Hör auf zu denken, dass dir irgendwas nicht zusteht."
2291,8,4,0.94,0.94,"Wäre das der einzige Effekt des Rauchens, wär das ja noch okay.","Wäre das der einzige Effekt des Rauchens, wär das ja noch okay."
2292,11,4,1.0,1.0,Dem musst du dich stellen jeden Morgen des restlichen Lebens.,Dem musst du dich stellen jeden Morgen des restlichen Lebens.
2293,8,6,1.0,1.0,"Und Delegation klingt logisch, aber es erfordert Mut, loszulassen.","Und Delegation klingt logisch, aber es erfordert Mut, loszulassen."
2294,10,0,0.84,0.84,"Verdammt noch mal, habe ich dich erschreckt.","Verdammt noch mal, habe ich dich erschreckt."
2295,9,4,1.0,1.0,Kennedys Anweisung wurden niemals richtig ausgeführt wegen des bürokratischen Widerstandes.,Kennedys Anweisung wurden niemals richtig ausgeführt wegen des bürokratischen Widerstandes.
2296,9,2,1.0,1.0,Was halten Sie von der vorgesehene Pflicht zur Einführung eines Umweltmanagement.,Was halten Sie von der vorgesehene Pflicht zur Einführung eines Umweltmanagement.
2297,10,5,1.0,1.0,Wenn für die Förderung zum Beispiel kein Geld da ist?,Wenn für die Förderung zum Beispiel kein Geld da ist?
2298,10,2,0.92,0.92,Wir müssen uns mit den Touristen darüber beraten.,Wir müssen uns mit den Touristen darüber beraten.
2299,7,4,1.0,1.0,"Geschichten, inspiriert von einzigartiger Natur voller unerklärlicher Phänomene und gewaltiger Kräfte.","Geschichten, inspiriert von einzigartiger Natur voller unerklärlicher Phänomene und gewaltiger Kräfte."
2300,10,5,1.0,1.0,"Ihn nahm ich gefangen, damit er mein Gepäck trägt.","Ihn nahm ich gefangen, damit er mein Gepäck trägt."
2301,9,4,1.0,1.0,"Der Generalsekretär scheut davor zurück, Naumann ins Bodenlose fallen zu lassen.","Der Generalsekretär scheut davor zurück, Naumann ins Bodenlose fallen zu lassen."
2302,10,6,1.0,1.0,Und dieses Kammersystem ist älter als der römische Aufbau.,Und dieses Kammersystem ist älter als der römische Aufbau.
2303,8,1,1.0,1.0,"Deine Vergangenheit, Gegenwart und Zukunft sind seit dem Urknall festgelegt.","Deine Vergangenheit, Gegenwart und Zukunft sind seit dem Urknall festgelegt."
2304,9,6,0.94,0.94,"Also ein KI-Artikel ohne Quellen, genutzt als vermeintlich glaubhafte Basis für KI-Recherche.","Sie verhaften, misshandeln und ermorden tausende tatsächliche und vermeintliche Kämpfer der Résistance."
2305,10,3,1.0,1.0,"Wie es aussieht, sind die damals nicht mal vernommen worden.","Solange ich vernommen worden bin, ist kein Notar im Raum gewesen."
2306,8,7,1.0,1.0,"Zwei Drittel von ihnen schafften es, auf diese Weise zu überleben.",Trinkt jedes Mal nur ein Drittel einer Tasse Wasser.
2307,9,6,1.0,1.0,"Lea versucht, den Verdacht auf meine Mandantin zu lenken!","Lea versucht, den Verdacht auf meine Mandantin zu lenken!"
2308,8,3,1.0,1.0,"Der Innenminister war ja auch gestern hier, Herr Wilke.",Der Innenminister ordnet die Attacke am Tag danach so ein.
2309,9,6,1.0,1.0,"Und ich weiß nicht, ob die so ein Bewusstsein haben.","Und ich weiß nicht, ob die so ein Bewusstsein haben."
2310,11,7,1.0,1.0,"Willst du damit sagen, dass sowas nur zum Italiener passt?",Sie können der zurückweichenden Zehnten Division der Italiener den Weg abschneiden.
2311,9,5,1.0,1.0,Natürlich ist der Islam nicht gleichzusetzen mit Islamismus und Islamisten.,Natürlich ist der Islam nicht gleichzusetzen mit Islamismus und Islamisten.
2312,8,3,1.0,1.0,Da wurde die psychische Erkrankung der Mutter mit eingeführt.,"Auf der anderen Seite muss man sagen, Adipositas ist eine Erkrankung."
2313,6,4,1.0,1.0,"Mit dem Islam zusammen gekämpft, das ist natürlich vereinfacht.","Erschlossen durch gepflasterte Straßen, die die Mobilität des einzelnen vereinfachen."
2314,8,6,1.0,1.0,"Er hat unsere Fantasien unterdrückt, jetzt wo sie am fruchtbarsten sind.","Er hat unsere Fantasien unterdrückt, jetzt wo sie am fruchtbarsten sind."
2315,11,7,1.0,1.0,"Hallo Leute, heute nehmen wir euch mit in die Kölner Altstadt.",Das ist eine Sehenswürdigkeit in Köln: der Kölner Dom.
2316,8,5,1.0,1.0,Die neue Technologie hat zu einer signifikanten Verbesserung der Effizienz geführt.,Die neue Technologie hat zu einer signifikanten Verbesserung der Effizienz geführt.
2317,10,3,1.0,1.0,Dazu gehört zum Beispiel das bewusste Abschalten nach Feierabend.,Dazu gehört zum Beispiel das bewusste Abschalten nach Feierabend.
2318,10,3,1.0,1.0,"Okay, aber fahr ganz langsam und du musst viel bremsen.","Okay, aber fahr ganz langsam und du musst viel bremsen."
2319,10,4,1.0,1.0,Von der Lampe übers Geschirr bis zu den Möbeln.,Sie würde dir aber das Bett und die Lampe hierlassen.
2320,10,5,1.0,1.0,"Das Flugzeug ist mitten auf dem Ozean abgestürzt, Sarah.","Das Flugzeug ist mitten auf dem Ozean abgestürzt, Sarah."
2321,10,2,0.94,0.94,"Also siehst du dich immer so schick an, um Feier zu löschen?","Also siehst du dich immer so schick an, um Feier zu löschen?"
2322,11,7,1.0,1.0,Vallah so eine Party lass ich mir doch nicht entgehen.,Vallah so eine Party lass ich mir doch nicht entgehen.
2323,10,3,1.0,1.0,Geht einfach an uns vorbei und macht so ein merkwürdiges Gesicht.,Geht einfach an uns vorbei und macht so ein merkwürdiges Gesicht.
2324,7,2,0.82,0.82,"Sie sind eine weitere Möglichkeit unter vielen anderen, um unsere heutige Existenz zu erklären.","Sie sind eine weitere Möglichkeit unter vielen anderen, um unsere heutige Existenz zu erklären."
2325,10,5,1.0,1.0,Santemillon war eine Station auf dem Pilgerweg nach Santiago de Compostella.,Santemillon war eine Station auf dem Pilgerweg nach Santiago de Compostella.
2326,9,3,1.0,1.0,Das wäre das bei diesem Linsentyp genau die Entfernung.,Das wäre das bei diesem Linsentyp genau die Entfernung.
2327,10,5,1.0,1.0,"""Determiniert"" bedeutet, dass unsere Handlungen durch äußere Faktoren bestimmt sind.","""Determiniert"" bedeutet, dass unsere Handlungen durch äußere Faktoren bestimmt sind."
2328,9,6,1.0,1.0,So kann ich Stress abbauen und komme langsam zur Ruhe.,So kann ich Stress abbauen und komme langsam zur Ruhe.
2329,7,5,1.0,1.0,"Ich wüsste erstmal gern, ob ihre Dienstleistungen legal sind.","Ich wüsste erstmal gern, ob ihre Dienstleistungen legal sind."
2330,9,7,1.0,1.0,"„Systeme neigen ja dazu, dass es immer schlimmer wird.","„Systeme neigen ja dazu, dass es immer schlimmer wird."
2331,9,4,1.0,1.0,"Es geht also darum, die eigenen Impulse zu kontrollieren.","""Selbstbeherrschung"" bedeutet, seine Emotionen und Impulse kontrollieren zu können."
2332,7,3,1.0,1.0,"Ein guter Stil erhöht den Genuss des Essens, verstehen Sie?","Ein guter Stil erhöht den Genuss des Essens, verstehen Sie?"
2333,7,3,1.0,1.0,Im Profibereich wird Caro-Kann aus meiner Sicht häufiger gespielt als Französisch.,Im Profibereich wird Caro-Kann aus meiner Sicht häufiger gespielt als Französisch.
2334,8,3,1.0,1.0,Auch eine Schwäche für das weibliche Geschlecht wird Naumann nachgesagt.,"Egal, welches Geschlecht, welches Alter oder wie viel Geld man hat."
2335,10,4,1.0,1.0,"Fühlt sich schrecklich an, wenn man Menschenleben auf dem Gewissen hat.","Fühlt sich schrecklich an, wenn man Menschenleben auf dem Gewissen hat."
2336,9,3,0.92,0.92,Der Bereich für Kampf und Flucht wird aktiviert.,Der Bereich für Kampf und Flucht wird aktiviert.
2337,5,3,0.94,0.94,Wir können das Klima wieder ins Gleichgewicht bringen und die Erde heilen.,Wir können das Klima wieder ins Gleichgewicht bringen und die Erde heilen.
2338,10,9,1.0,1.0,Ob die dann so erfolgreich sein werden wie ihre natürlichen Vorbilder.,Ob die dann so erfolgreich sein werden wie ihre natürlichen Vorbilder.
2339,7,5,1.0,1.0,Wir vollziehen jetzt einen fundamentalen Wandel in unserer Sicherheits- und Verteidigungspolitik.,Wir vollziehen jetzt einen fundamentalen Wandel in unserer Sicherheits- und Verteidigungspolitik.
2340,8,3,0.92,0.92,Schenk mir ein Lächeln als Andenken an dich.,Schenk mir ein Lächeln als Andenken an dich.
2341,10,4,1.0,1.0,"Das hier ist Tom Billings, Besitzer und Küchenchef von Rockos Diner.","Das hier ist Tom Billings, Besitzer und Küchenchef von Rockos Diner."
2342,9,3,1.0,1.0,"In Umfragen ist die AfD gerade stimmenstärkste Partei, auch bundesweit.","In Umfragen ist die AfD gerade stimmenstärkste Partei, auch bundesweit."
2343,8,3,0.94,0.94,"Wir sehen viel Wasser, weil das Wasser ganz vorn am Ufer ist.","Wir sehen viel Wasser, weil das Wasser ganz vorn am Ufer ist."
2344,9,3,1.0,1.0,Der Fall von Singapur steht bevor und ist unvermeidlich.,Der Fall von Singapur steht bevor und ist unvermeidlich.
2345,9,3,0.92,0.92,"Ich rede davon, dass Tom sein Potenzial ausschöpft.","Ich rede davon, dass Tom sein Potenzial ausschöpft."
2346,9,5,1.0,1.0,„Sie trainierten im Wüstensand den Straßenkampf für die Bundesrepublik.,Der sogenannte Deutsche Herbst 1977 erschüttert die Grundfesten der Bundesrepublik.
2347,6,3,1.0,1.0,"Angesichts ihres Verhaltens müssen wir das wohl nicht mehr tun, oder?","Angesichts der riesigen Probleme ist es einfach, sich machtlos zu fühlen."
2348,8,3,1.0,1.0,"Man glaubte, die Erde sei von solchen Himmelssphären umgeben.","Man glaubte, die Erde sei von solchen Himmelssphären umgeben."
2349,8,4,1.0,1.0,So eine Hitze wie heute ist schon Herausforderung genug.,So eine Hitze wie heute ist schon Herausforderung genug.
2350,8,4,0.94,0.94,"Einerseits erzeugt das ständig Konflikte, andererseits wird Europa zum Motor für Innovation.","Einerseits erzeugt das ständig Konflikte, andererseits wird Europa zum Motor für Innovation."
2351,10,2,0.84,0.84,Und hier muss wieder den Flur entlang.,Und hier muss wieder den Flur entlang.
2352,9,6,1.0,1.0,Im Ranking von der Bild fällt sie erstmals unter 20%.,Im Ranking von der Bild fällt sie erstmals unter 20%.
2353,9,4,0.92,0.92,"Ok, ich werde dir auf die Sprünge helfen.","Ok, ich werde dir auf die Sprünge helfen."
2354,10,4,0.94,0.94,"Du erhältst am linken Rand nur andere Punkte, welche du ausfüllen musst.","Du erhältst am linken Rand nur andere Punkte, welche du ausfüllen musst."
2355,8,7,1.0,1.0,"Nachdem Mao's Vorhaben so gescheitert ist, zieht er sich zurück.","Nachdem Mao's Vorhaben so gescheitert ist, zieht er sich zurück."
2356,9,2,0.94,0.94,"Woher der Mann ursprünglich stammte, hat die chemische Untersuchung seiner Zähne gezeigt.","Woher der Mann ursprünglich stammte, hat die chemische Untersuchung seiner Zähne gezeigt."
2357,9,5,0.92,0.92,Einst stand hier das Stadtschloss der preußischen Könige.,Das Gut Ferdinandshof war einst eine preußische Staatsdomäne.
2358,8,5,1.0,1.0,"Parlamente, Verfassungen, die Herrscher binden und ihre Macht beschränken.","Parlamente, Verfassungen, die Herrscher binden und ihre Macht beschränken."
2359,10,5,1.0,1.0,Karl versammelt die bedeutendsten Gelehrten der Zeit an seinem Hof.,Die dritte bedeutende Mutation betrifft den Selbstmord-Schalter in deinen Zellen.
2360,7,5,1.0,1.0,"Google-AI fasst Websites zusammen, statt ihnen Besucher zu schicken.","Google-AI fasst Websites zusammen, statt ihnen Besucher zu schicken."
2361,7,5,1.0,1.0,Hierüber kannst du aber auch neue Abschnitte oder Abschnittsgruppen erstellen.,Aber es ist jetzt halt einfach ein neuer Abschnitt.
2362,11,6,1.0,1.0,Sie haben irgendwie eine geheimnisvolle und fast schon unheimliche Atmosphäre erzeugt.,"Ihr seht, es gibt unheimlich viele Varianten in der sizilianischen Verteidigung."
2363,9,4,1.0,1.0,"Vielleicht ist nicht Smalltalk das Problem, sondern der fehlende gemeinsame Kontext.","Vielleicht ist nicht Smalltalk das Problem, sondern der fehlende gemeinsame Kontext."
2364,10,5,1.0,1.0,"Das war heute einiges an sportlichen Sachen, die ich mitgemacht habe.",Früher war ich sehr sportlich und war in guter Form.
2365,11,4,1.0,1.0,All diese unterschiedlich geladenen Puzzleteilchen können sich zusammensetzen oder einander abstoßen.,All diese unterschiedlich geladenen Puzzleteilchen können sich zusammensetzen oder einander abstoßen.
2366,10,4,1.0,1.0,"Mir wurde klar, dass ich keine gewöhnliche Person bin.","Gewöhnliche Menschen wie wir sind machtlos, wir werden ausgeraubt und unterdrückt."
2367,9,5,1.0,1.0,Das schwarze Kleid zusammen mit dem weißen Rock gefällt mir.,Das schwarze Kleid zusammen mit dem weißen Rock gefällt mir.
2368,9,1,1.0,1.0,"Sie ist voll ausgestattet mit Kühlschrank, Ofen, Herd und Spülmaschine.","Sie ist voll ausgestattet mit Kühlschrank, Ofen, Herd und Spülmaschine."
2369,8,5,1.0,1.0,"Wieso akzeptiert die eigentlich nicht, dass viele Menschen konservative Ansichten haben?",Meiner Ansicht nach ist dieser Ball eine unschlagbare Waffe.
2370,10,7,1.0,1.0,"Und du Felix, was suchst du denn in den Topf?",Ein Aktienfonds ist wie ein Topf mit vielen verschiedenen Aktien.
2371,9,5,1.0,1.0,Wobei das habe ich vermutlich ihrem Spinoktor zu verdanken.,Wobei das habe ich vermutlich ihrem Spinoktor zu verdanken.
2372,9,5,1.0,1.0,"Das Risiko, den gewünschten Punktionsort zu verlieren, ist hierbei geringer.","Das Risiko, den gewünschten Punktionsort zu verlieren, ist hierbei geringer."
2373,6,2,1.0,1.0,Es ist zu einer unvorhergesehenen Änderung in der Tagesordnung gekommen.,Es ist zu einer unvorhergesehenen Änderung in der Tagesordnung gekommen.
2374,8,2,1.0,1.0,Den Anbau von Kulturpflanzen zum Beispiel auch in der Großstadt.,Den Anbau von Kulturpflanzen zum Beispiel auch in der Großstadt.
2375,7,1,0.82,0.82,"Das wird die geschichtliche Frage sein, mit der wir als politische Generation konfrontiert werden.","Das wird die geschichtliche Frage sein, mit der wir als politische Generation konfrontiert werden."
2376,6,2,0.92,0.92,"Du meinst im Restaurant, das kostet ein Vermögen.","Du meinst im Restaurant, das kostet ein Vermögen."
2377,9,5,1.0,1.0,"Doch intern spricht er immer öfter aus, was er wirklich denkt.","Doch intern spricht er immer öfter aus, was er wirklich denkt."
2378,6,3,1.0,1.0,Bei der Fehlerbehebung so mancher Anlage bedarf es Durchhaltevermögen.,Bei der Fehlerbehebung so mancher Anlage bedarf es Durchhaltevermögen.
2379,7,2,1.0,1.0,In Bayern ist hierbei sogar jeder zweite Tatverdächtige ein Ausländer.,In Bayern ist hierbei sogar jeder zweite Tatverdächtige ein Ausländer.
2380,10,6,1.0,1.0,"Wurde ein Beschluss von einem Versammlungsleiter formell festgestellt, gilt dieser vorerst.","Wurde ein Beschluss von einem Versammlungsleiter formell festgestellt, gilt dieser vorerst."
2381,10,7,1.0,1.0,"Wie die Bakterien eingedrungen sind, hat keiner herausfinden können.","Wie die Bakterien eingedrungen sind, hat keiner herausfinden können."
2382,9,3,1.0,1.0,Und das Verb “jemanden auszeichnen” hat meistens auch eine positive Bedeutung.,"Ihre Schule wurde ausgezeichnet für genau das, was hier gerade stattfindet."
2383,7,2,0.92,0.92,"So, das waren erstmal die Arbeitsbereiche der Software.","So, das waren erstmal die Arbeitsbereiche der Software."
2384,8,4,1.0,1.0,Morgen können wir uns damit einen halben Liter Bier leisten.,"Er lehrt 11 Trinkflaschen, das sind fünfeinhalb Liter Wasser und Elektrolytgetränk."
2385,7,3,1.0,1.0,"Sie bringen auch etwas Eis mit, um die Temperatur zu senken.","Sie bringen auch etwas Eis mit, um die Temperatur zu senken."
2386,11,8,1.0,1.0,In der Zeit verdient man nix oder nur nebenbei.,In der Zeit verdient man nix oder nur nebenbei.
2387,10,6,1.0,1.0,Soll ich die beiden Turteltauben mal von Ihnen grüßen?,"Du wirst marschieren lernen, grüßen und zu laufen wie ein Affe."
2388,9,2,1.0,1.0,Eine Zusammenfassung soll für den Leser möglichst informativ sein.,Bei guten Leserinnen und Lesern ist das ein hoch automatisierter Prozess.
2389,10,7,1.0,1.0,Wir haben es tatsächlich noch im verfügbaren Zeitrahmen geschafft.,Wir haben es tatsächlich noch im verfügbaren Zeitrahmen geschafft.
2390,9,6,1.0,1.0,"Ein Tempel, in dem Büsten berühmter Bayern aufgestellt werden.",Das Pokalspiel gegen die Bayern ist erst übermorgen hier in Kur.
2391,10,5,1.0,1.0,Habe ich mich jemals unklar ausgedrückt bezüglich deines Jobs?,Generell haben beide Kinder die Diagnose Entwicklungsverzögerung unklarer Genese.
2392,9,1,1.0,1.0,"Es tut mir leid, aber ich habe Jonas schon zugesagt.","Es tut mir leid, aber ich habe Jonas schon zugesagt."
2393,11,8,1.0,1.0,"Davon wird zwar auch nicht fröhlich, aber wir sollten es trotzdem.","Davon wird zwar auch nicht fröhlich, aber wir sollten es trotzdem."
2394,11,5,1.0,1.0,"Wir können Ihnen psychologische Hilfe vermitteln, wenn Sie das wollen.",Kaum jemand fragt: Was hat diese Generation psychologisch eigentlich geprägt?
2395,10,9,1.0,1.0,Wichtig beim Rechnungswesen ist die Unterteilung in intern und extern.,Dort hast du einen Schnellzugriff auf Fernsteuerung z.B eine externe Fernbedienung.
2396,7,6,1.0,1.0,"Keine Gerüchte zu verbreiten, dass jemand umgebracht werden soll.","Es ist wichtig, Gerüchte sofort im Keim zu ersticken."
2397,9,5,1.0,1.0,Vielleicht noch eine kleine Wahlkampfveranstaltung auf dem Weg zum Grab.,Dachten wir von ehemaligen Schülern zu Grabe getragen wird.
2398,10,4,1.0,1.0,Das Klang es hätte etwas gegen mich in der Hand.,Das Klang es hätte etwas gegen mich in der Hand.
2399,7,2,1.0,1.0,Ich habe schon ein paar Anfragen für die Wohnung bekommen.,Ich habe schon ein paar Anfragen für die Wohnung bekommen.
2400,10,4,1.0,1.0,Sie sind in der Lage ein sehr breites Spektrum zu umfassen.,Sie sind in der Lage ein sehr breites Spektrum zu umfassen.
2401,10,4,1.0,1.0,Und bis morgen will ich die Unterschrift von euren Eltern sehen.,Hier sind die Unterschriften von über 11 Meer Serverin Richtung.
2402,9,5,1.0,1.0,"Wir sind spezialisiert, diese DNA aus den Knochen zu holen.","Aber nimm das auf jeden Fall mit, du musst dich spezialisieren."
2403,11,6,1.0,1.0,"Sobald eine fertige Zelle vorhanden ist, funktioniert das gesamte System effizient.","Sobald eine fertige Zelle vorhanden ist, funktioniert das gesamte System effizient."
2404,10,3,1.0,1.0,"Wie kann ich dazu beitragen, dass diese Verbrechen beendet werden?","Wie kann ich dazu beitragen, dass diese Verbrechen beendet werden?"
2405,7,3,1.0,1.0,"Vielleicht ist das eine Art gewesen, mit dieser inneren Unruhe umzugehen.","Vielleicht ist das eine Art gewesen, mit dieser inneren Unruhe umzugehen."
2406,7,2,1.0,1.0,"Ja, die Aufregung wird immer stärker, aber ich bin bereit.","Ja, die Aufregung wird immer stärker, aber ich bin bereit."
2407,8,6,1.0,1.0,"Sag mir gerne, wie das Gespräch mit deinem Vermieter war.","Oh nein, mein Vermieter will einfach die Miete erhöhen."
2408,10,2,0.92,0.92,Die alte Vorstellung: Wer sichert mir verbindliche Erkenntnis?,Die alte Vorstellung: Wer sichert mir verbindliche Erkenntnis?
2409,9,6,1.0,1.0,"Ich gebe Ihnen eine Sekunde, um zur Vernunft zu kommen.",Spinoza betont die Bedeutung der Vernunft und der Erkenntnis.
2410,9,4,1.0,1.0,"Wisst ihr, es ist etwas anderes, als % # zu fotografieren.",Man führt sie über die Plaza und fotografiert sie.
2411,7,4,1.0,1.0,"Sich immer auf Wirtz zu verlassen, ist eine riskante Überlegung.","Sich immer auf Wirtz zu verlassen, ist eine riskante Überlegung."
2412,10,3,1.0,1.0,"Der wäre äußerst unwahrscheinlich, wie das hier verlaufen ist.","Der wäre äußerst unwahrscheinlich, wie das hier verlaufen ist."
2413,10,3,1.0,1.0,"Da wurde oft bei Singles gesagt: einsam, unglücklich, egoistisch.","Da wurde oft bei Singles gesagt: einsam, unglücklich, egoistisch."
2414,8,2,1.0,1.0,"Man drückt hier also aus, dass etwas eine bestimmte Erwartung weckt.","Man drückt hier also aus, dass etwas eine bestimmte Erwartung weckt."
2415,10,3,1.0,1.0,"Nach einer Meuterei sind der Kapitän, sein Assistent und ein Passagiergefangene.","Nach einer Meuterei sind der Kapitän, sein Assistent und ein Passagiergefangene."
2416,9,3,1.0,1.0,Die Integration des Westbalkans benötigt eine ambitionierte europäische Strategie.,Die Integration des Westbalkans benötigt eine ambitionierte europäische Strategie.
2417,9,3,0.92,0.92,Man darf Kinder von dieser Regel nicht ausnehmen.,Man darf Kinder von dieser Regel nicht ausnehmen.
2418,8,3,1.0,1.0,Eine sich ausbreitende technologische Zivilisation wäre wahrscheinlich schwer zu verfehlen.,"Alles, was Thomas für echt hielt, war eine technologische Illusion."
2419,7,3,1.0,1.0,"Haben sie dir gesagt, dass ich meine Flügel verloren habe?","Haben sie dir gesagt, dass ich meine Flügel verloren habe?"
2420,10,8,1.0,1.0,Bei unserem ersten Treffen hier wird noch gebaut und gebohrt.,"Sobald wir die Lara haben, bohre ich die Flüge."
2421,7,1,0.92,0.92,"Neunte Etappe, weiterer Ausbruch aus der reinen Oberfläche.","Neunte Etappe, weiterer Ausbruch aus der reinen Oberfläche."
2422,10,4,1.0,1.0,Täusche ich mich oder richt sie nach Sauerkraut mit Würstchen.,Täusche ich mich oder richt sie nach Sauerkraut mit Würstchen.
2423,9,1,1.0,1.0,"Ich hätte persönlich nicht damit gerechnet, weiß aber, woher das rührt.","Ich hätte persönlich nicht damit gerechnet, weiß aber, woher das rührt."
2424,10,6,1.0,1.0,Das Problem war allerdings: diese Männer fühlten sich davon absolut überfordert.,"Diese Generation ist nicht nur überfordert, sie ist auch extrem adaptiv."
2425,10,5,1.0,1.0,Ich habe mich gerade von Tabak auf Rum umgestellt.,Ich habe mich gerade von Tabak auf Rum umgestellt.
2426,7,2,1.0,1.0,"Ich möchte noch kurz über etwas sprechen, das viele nicht bedenken.","Ich möchte noch kurz über etwas sprechen, das viele nicht bedenken."
2427,9,3,1.0,1.0,Wir erreichen immer noch nicht genügend jüngere Menschen und ethnische Minderheiten.,"Zwei entrechtete Minderheiten, zwei unterdrückte, ausgebeutete Gruppen dieser machistischen Gesellschaft."
2428,10,4,1.0,1.0,"Das Verb “verfassen” passt besonders gut in professionellen, beruflichen Situationen.","Danach hat man von der RAF nichts mehr gehört, Abschlusserklärung verfasst."
2429,8,6,1.0,1.0,"Hey, keine Sorge, der Sender erkennt einen sicheren Hit.","Hey, keine Sorge, der Sender erkennt einen sicheren Hit."
2430,7,4,1.0,1.0,Und das wäre dann ein Import dieser Spannungen nach Europa.,Und das wäre dann ein Import dieser Spannungen nach Europa.
2431,9,3,1.0,1.0,"Was auch immer diese Änderung bewirkt haben mag, bewahr sie dir.","Was auch immer diese Änderung bewirkt haben mag, bewahr sie dir."
2432,6,2,1.0,1.0,"J, wenn deswegen ein Mensch stirbt, ist das alles gerechtfertigt.","J, wenn deswegen ein Mensch stirbt, ist das alles gerechtfertigt."
2433,9,4,1.0,1.0,Natürlich werden wir von Geburt an streng in Geschlechterrollen sozialisiert.,Natürlich werden wir von Geburt an streng in Geschlechterrollen sozialisiert.
2434,9,3,1.0,1.0,"Sie unterstellen sich ja indirekt, dass wir Lügen verweiten.","Also das Problem bei der AfD ist, unterstellt, sie ist rechtsextremistisch."
2435,9,3,1.0,1.0,"Jetzt sieht man, was für ein weites Tal das Zillertal ist.",Bald finde ich den Weg zurück zu meinem Haus im Tal.
2436,10,3,1.0,1.0,"Ich glaube, sie übertreiben da ein wenig, Herr Lomann.","Ich glaube, sie übertreiben da ein wenig, Herr Lomann."
2437,9,5,1.0,1.0,"Wenn Sie keine Disziplin beibringen, dann werde ich es tun.",Aber genau in dem Alter sollte man Disziplin und Fleiß lernen.
2438,8,5,1.0,1.0,Ich werde zum Autohaus fahren und persönlich mit dem Verkäufer sprechen.,Ich werde zum Autohaus fahren und persönlich mit dem Verkäufer sprechen.
2439,7,2,1.0,1.0,Wir müssen die Zitrone in den Algorithmus mit einbeziehen.,Wir müssen die Zitrone in den Algorithmus mit einbeziehen.
2440,9,0,0.84,0.84,Ich konnte aus der Ferne Musik vernehmen.,Ich konnte aus der Ferne Musik vernehmen.
2441,9,3,1.0,1.0,"Das versetzt mich in eine Position, in der mir nichts fehlt.","Das versetzt mich in eine Position, in der mir nichts fehlt."
2442,8,5,1.0,1.0,"So, jetzt trauer du mal über deine Frau zu Ende.","So, jetzt trauer du mal über deine Frau zu Ende."
2443,7,1,0.94,0.94,Ein wichtiger Schritt war die Kooperation zwischen Magirus-Deutz und der italienischen Fiat-Gruppe.,Ein wichtiger Schritt war die Kooperation zwischen Magirus-Deutz und der italienischen Fiat-Gruppe.
2444,9,3,1.0,1.0,Aber es ist eigentlich ein Wettbewerb für junge Architekten.,Aber es ist eigentlich ein Wettbewerb für junge Architekten.
2445,6,3,1.0,1.0,"Du kannst dich hier registrieren, wenn du das möchtest natürlich.","Du kannst dich hier registrieren, wenn du das möchtest natürlich."
2446,9,4,0.88,0.88,"Eine unglaubliche Stille, die man ja so in der Form auch nicht kennt.","Eine unglaubliche Stille, die man ja so in der Form auch nicht kennt."
2447,7,4,1.0,1.0,"Schönen Abend, Herr Martin, und einen guten Aufenthalt in Berlin.","Schönen Abend, Herr Martin, und einen guten Aufenthalt in Berlin."
2448,8,3,1.0,1.0,Mögen die herrschenden Klassen vor einer kommunistischen Revolution zittern.,Mögen die herrschenden Klassen vor einer kommunistischen Revolution zittern.
2449,9,2,1.0,1.0,Meine Herrschaften den Eingang frei machen mit klein festnehmen.,Meine Herrschaften den Eingang frei machen mit klein festnehmen.
2450,7,3,1.0,1.0,"Ein Teil meiner Tätigkeit ist ja auch, schnell zu reagieren.","Ein Teil meiner Tätigkeit ist ja auch, schnell zu reagieren."
2451,8,3,1.0,1.0,"Nichtsdestotrotz existieren ungefähr 1300 Brauereien, die über 5000 Marken produzieren.",An die Marke kann sich der Zeuge nicht erinnern.
2452,6,3,1.0,1.0,Ein Fehler im Gespräch ist tausendmal besser als Schweigen.,Ein Fehler im Gespräch ist tausendmal besser als Schweigen.
2453,7,4,1.0,1.0,Danach deutete Kraft KS nächsten Punkte bereits in der Luftlage.,Danach deutete Kraft KS nächsten Punkte bereits in der Luftlage.
2454,9,5,1.0,1.0,Inzwischen sind die kriegsbedingten Ausfälle der deutschen Wirtschaft nicht mehr auszugleichen.,Inzwischen sind die kriegsbedingten Ausfälle der deutschen Wirtschaft nicht mehr auszugleichen.
2455,7,1,1.0,1.0,"Er hat ihr gesagt, wir sollen den Plan ""keine Ketten"" einleiten.","Er hat ihr gesagt, wir sollen den Plan ""keine Ketten"" einleiten."
2456,8,3,1.0,1.0,"Wissenschaftler bestimmen ihr Alter auf circa 1,4 Millionen Jahre.","Wissenschaftler bestimmen ihr Alter auf circa 1,4 Millionen Jahre."
2457,7,6,1.0,1.0,Soziale Herkunft bleibt scheinbar für immer an einem kleben.,All diese Worte können auf eine gemeinsame Herkunft zurückverfolgt werden.
2458,8,3,1.0,1.0,Vielleicht wirst du der Nachfolger von Herbert Reul als Innenminister.,Vielleicht wirst du der Nachfolger von Herbert Reul als Innenminister.
2459,9,5,1.0,1.0,Letztendlich wird diese Strahlung das Universum-Glas wieder mit Teilchen füllen.,"Der leere Raum ist also gar nicht leer, sondern voller Strahlung."
2460,8,3,0.92,0.92,Dann ist der Check-out bis 12 Uhr notiert.,Dann ist der Check-out bis 12 Uhr notiert.
2461,7,5,1.0,1.0,Und in diesem Jahr war das Motto Haltung ist hot.,"Nach dem Motto: Falsche Person auf eine Position, was soll das?"
2462,8,6,1.0,1.0,Mitten in der Friedländer Wiese liegt ein einsamer Bahnhof.,"Ja, hier bei uns jetzt hier in der Friedländer Wiese."
2463,9,4,1.0,1.0,"Das Körnerpicken ist eine Übersprungshandlung, die ihnen einen klaren Kopf verschafft.","Das Körnerpicken ist eine Übersprungshandlung, die ihnen einen klaren Kopf verschafft."
2464,8,4,1.0,1.0,"Aber es geht darum, Menschen aus diesem Land zu vertreiben.","Aber es geht darum, Menschen aus diesem Land zu vertreiben."
2465,9,3,1.0,1.0,Untertitel: Norddeutscher Rundfunk 2024 Was erhoffen Sie sich von diesen Dreharbeiten?,"Das ist gut, aber ich habe mir mehr erhofft."
2466,9,6,1.0,1.0,Einen Bohrer sollte man ohnehin immer zur Hand haben.,Einen Bohrer sollte man ohnehin immer zur Hand haben.
2467,8,5,1.0,1.0,Und genau deshalb haben sie sich auf die blödeste Nahrung spezialisiert.,Und genau deshalb haben sie sich auf die blödeste Nahrung spezialisiert.
2468,9,4,1.0,1.0,Wir können unmöglich all die Leute in Brookline unterbringen.,Wir können unmöglich all die Leute in Brookline unterbringen.
2469,8,5,1.0,1.0,"Wenn Sie mich fragen, ich glaube, dass er krank ist, verwirrt.",Diese Gedanken von Michael wird Sie nur noch mehr verwirren.
2470,7,4,1.0,1.0,Das Referat basiert auf einer thematischen Diskussion am Ende.,"""Fundierte Entscheidungen"" sind Entscheidungen, die auf Wissen und sorgfältiger Überlegung basieren."
2471,9,3,1.0,1.0,"Ich darf sagen, dass mir das ein besonderes Anliegen ist.","Ich darf sagen, dass mir das ein besonderes Anliegen ist."
2472,8,3,0.88,0.88,"Ich hoffe, unser Publikum konnte viel Neues lernen, sowohl inhaltlich als auch sprachlich.",Ein großer Teil ihrer inhaltlichen Arbeit findet in den Fraktionen und Ausschüssen statt.
2473,7,6,1.0,1.0,"Das heißt, sie wählen Vertreterinnen und Vertreter, die Abgeordneten.","Das heißt, sie wählen Vertreterinnen und Vertreter, die Abgeordneten."
2474,6,4,0.94,0.94,"Ich finde es großartig, wenn es zu einer kommerziellen Nutzung kommen könnte.","Ich finde es großartig, wenn es zu einer kommerziellen Nutzung kommen könnte."
2475,9,7,1.0,1.0,Vor zwei Jahren hat Emily mit dem Reiten angefangen.,Aber jetzt wollt ich alleine mal auch mal alleine reiten.
2476,9,3,1.0,1.0,Die Stühle sind alt und der Schrank ist viel zu groß.,Die Stühle sind alt und der Schrank ist viel zu groß.
2477,6,3,1.0,1.0,Wir haben irgendwann mal Kriterien für die Aufnahme aufgestellt.,Wir haben irgendwann mal Kriterien für die Aufnahme aufgestellt.
2478,9,4,1.0,1.0,"Das Umlaufvermögen beinhaltet alle Vermögensgegenstände, die sich aktiv im Umlauf befinden.","Das Umlaufvermögen beinhaltet alle Vermögensgegenstände, die sich aktiv im Umlauf befinden."
2479,10,5,1.0,1.0,"Beim Lesen spielen verschiedene Prozesse zusammen, die aufeinander aufbauen.","Beim Lesen spielen verschiedene Prozesse zusammen, die aufeinander aufbauen."
2480,8,2,0.94,0.94,Und die IED in der jetzigen Form hat sich als praktikabel erwiesen.,Und die IED in der jetzigen Form hat sich als praktikabel erwiesen.
2481,9,4,1.0,1.0,"Zu wenige, um wirksam in den Krieg eingreifen zu können.","Zu wenige, um wirksam in den Krieg eingreifen zu können."
2482,8,2,0.92,0.92,Ich werde dann ausweichend auf einen Artikel verwiesen.,Ich werde dann ausweichend auf einen Artikel verwiesen.
2483,9,5,0.88,0.88,Als Orientierung gilt hier ein Richtwert von 100 korrekt gelesenen Wörtern pro Minute.,Als Orientierung gilt hier ein Richtwert von 100 korrekt gelesenen Wörtern pro Minute.
2484,6,3,1.0,1.0,Über spezielle Lagerverwaltungssoftware lassen sich diese Vorgänge problemlos verwalten und nachverfolgen.,Über spezielle Lagerverwaltungssoftware lassen sich diese Vorgänge problemlos verwalten und nachverfolgen.
2485,5,1,0.94,0.94,"Und natürlich Beförderungsbedingungen, welche Unterlagen oder Nachweise muss man bei Hansens mitbringen?","Und natürlich Beförderungsbedingungen, welche Unterlagen oder Nachweise muss man bei Hansens mitbringen?"
2486,6,3,1.0,1.0,"Ja, auf Dauer wird es langweilig, wenn man nichts Neues sieht.","Ja, auf Dauer wird es langweilig, wenn man nichts Neues sieht."
2487,8,3,1.0,1.0,Ihr Tod veranlasste mich zu einer Bestandsaufnahme meiner Situation.,Ihr Tod veranlasste mich zu einer Bestandsaufnahme meiner Situation.
2488,9,5,1.0,1.0,"Wenn alles vorherbestimmt ist, welchen Sinn hat dann moralisches Handeln?","Wenn alles vorherbestimmt ist, welchen Sinn hat dann moralisches Handeln?"
2489,7,3,0.92,0.92,Die beiden ergänzten sich perfekt in ihren Kompetenzen.,Die beiden ergänzten sich perfekt in ihren Kompetenzen.
2490,7,4,1.0,1.0,Die Anordnung der Elemente die kann bei dir anders aussehen.,Die Anordnung der Elemente die kann bei dir anders aussehen.
2491,9,2,1.0,1.0,Der Bart und die Brille stehen dir richtig gut!,Niemands in der Geschichte der Welt wohl meine Brille.
2492,7,3,1.0,1.0,"Er war überzeugt davon, der Diktator muss beseitigt werden.","Er war überzeugt davon, der Diktator muss beseitigt werden."
2493,7,2,1.0,1.0,"Studien zur Motivation zeigen drei zentrale Bedürfnisse: Autonomie, Kompetenz und Sinn.","Studien zur Motivation zeigen drei zentrale Bedürfnisse: Autonomie, Kompetenz und Sinn."
2494,9,3,1.0,1.0,Marjan demonstriert jeden Samstag für die Menschenrechte im Iran.,Marjan demonstriert jeden Samstag für die Menschenrechte im Iran.
2495,9,5,1.0,1.0,"Sehen Sie, was passiert Wenn du diesen verdammten Lärm machst?","Sehen Sie, was passiert Wenn du diesen verdammten Lärm machst?"
2496,9,5,1.0,1.0,"Und bei denen ist es wichtig, einiges Formales einzuhalten.","Sie haben übrigens zwei formale Dinge, eine ganz ganz technische Sache."
2497,9,7,1.0,1.0,"Nun, ich möchte, dass Sie zu Johannes Kapitel 3 aufschlagen.","Nun, ich möchte, dass Sie zu Johannes Kapitel 3 aufschlagen."
2498,8,5,1.0,1.0,Haben Sie sich vor Ort bei den Helferinnen und Helfern bedankt?,Haben Sie sich vor Ort bei den Helferinnen und Helfern bedankt?
2499,9,5,1.0,1.0,"Wir sind hier, um einen Kompromiss mit Ihnen zu finden.","Wir sind hier, um einen Kompromiss mit Ihnen zu finden."
2500,9,7,1.0,1.0,"Sie lagert dort, wo heute halbmondförmig die Metropolen glühen.",Hier in Kew Gardens lagert die größte Pflanzensammlung der ganzen Welt.
2501,7,3,1.0,1.0,Ich kann mir zurzeit keinen besseren Studiengang für mich vorstellen.,Ich kann mir zurzeit keinen besseren Studiengang für mich vorstellen.
2502,8,3,1.0,1.0,"Ich liebe alles Grüne, weil mein Geliebter ein Jäger ist.","Ich liebe alles Grüne, weil mein Geliebter ein Jäger ist."
2503,9,6,1.0,1.0,"Obwohl bereits gehobener Standard, wird sie noch einmal aufwendig umgebaut.","Obwohl bereits gehobener Standard, wird sie noch einmal aufwendig umgebaut."
2504,7,1,0.94,0.94,"Ich finde es schwierig, wenn man sagt, man muss vierstellige Beträge bezahlen.","Ich finde es schwierig, wenn man sagt, man muss vierstellige Beträge bezahlen."
2505,8,3,1.0,1.0,Welche Schwerpunkte kannst du in deiner Antwort sinnvoll setzen?,Dabei können wir ganz bewusst einen thematischen Schwerpunkt legen.
2506,10,5,1.0,1.0,"Was viele nämlich nicht wissen, starkes Übergewicht ist eine chronische Erkrankung.","Was viele nämlich nicht wissen, starkes Übergewicht ist eine chronische Erkrankung."
2507,10,6,1.0,1.0,"Ich denke, zwei- bis dreimal in der Woche ist realistisch.","Ich denke, zwei- bis dreimal in der Woche ist realistisch."
2508,6,2,1.0,1.0,Ich nutze die Platte um alle Löcher genau anzuzeichnen.,Ich nutze die Platte um alle Löcher genau anzuzeichnen.
2509,7,4,1.0,1.0,In den Flugblättern fordern sie zum Sturz der Regierung auf.,In den Flugblättern fordern sie zum Sturz der Regierung auf.
2510,7,7,1.0,1.0,Die Shortcut Punkte lassen sich auch permanent mit anderen Funktionen belegen.,"Man sucht nach Wegen, wie man das permanent verbessern kann."
2511,9,4,1.0,1.0,In diesem Fall rutscht das Subjekt hinter das konjugierte Verb.,In diesem Fall rutscht das Subjekt hinter das konjugierte Verb.
2512,7,3,0.88,0.88,"Man kann zwischen Fürsten oder Kriegern, größeren und kleineren Bauern und Handwerkern unterscheiden.","Einer der ersten, der versuchte, Hitler zu töten, ist Georg Elser, Ein Handwerker."
2513,9,2,0.94,0.94,"Erzähle, Richard, wie es war, in der sowjetischen Ukraine stationiert zu sein.","Erzähle, Richard, wie es war, in der sowjetischen Ukraine stationiert zu sein."
2514,8,4,1.0,1.0,Unmittelbar vor einem Trauergottesdienst wendet sich der Bundeskanzler an die Öffentlichkeit.,Unmittelbar vor einem Trauergottesdienst wendet sich der Bundeskanzler an die Öffentlichkeit.
2515,7,1,1.0,1.0,Das Team bleibt arbeitsfähig Deshalb ist der Zeitraum okay.,Das Team bleibt arbeitsfähig Deshalb ist der Zeitraum okay.
2516,7,4,1.0,1.0,"Das p gibt an, in welcher Periode es sich befindet.","Das p gibt an, in welcher Periode es sich befindet."
2517,9,5,1.0,1.0,Du solltest ihnen mehr zutrauen und dir selbst auch.,Aber warum soll ich ausgerechnet Ihnen diesen Glasfassertunnel zutrauen?
2518,10,5,1.0,1.0,Nahe der Ortschaft Tiefenbach plätschert die Breitach scheinbar harmlos dahin.,Nahe der Ortschaft Tiefenbach plätschert die Breitach scheinbar harmlos dahin.
2519,7,5,1.0,1.0,"Willst du es richtig krachen lassen, dann packt dir deine Uniform.","Willst du es richtig krachen lassen, dann packt dir deine Uniform."
2520,7,1,0.94,0.94,Das schont die Kohlenhydratspeicher und Koffein hilft die Müdigkeit länger zu verdrängen.,Das schont die Kohlenhydratspeicher und Koffein hilft die Müdigkeit länger zu verdrängen.
2521,9,5,1.0,1.0,"So ein Apfel wird das niemals verursachen, glaube ich.","Ein Apfel ist, sag ich mal, ein klassisches deutsches Produkt."
2522,7,1,1.0,1.0,"Ich dachte, wir hätten uns auf keine Verpflichtungen geeinigt.","Ich dachte, wir hätten uns auf keine Verpflichtungen geeinigt."
2523,7,3,1.0,1.0,Letztes Jahr wurden damit 60 Prozent des kubanischen Bedarfs gedeckt.,Letztes Jahr wurden damit 60 Prozent des kubanischen Bedarfs gedeckt.
2524,8,4,1.0,1.0,"Mach dir keine Sorgen um das Geld, den Großteil bezahle ich.","Mach dir keine Sorgen um das Geld, den Großteil bezahle ich."
2525,7,4,1.0,1.0,Für mich sehen diese beiden Schädel ja fast identisch aus.,Für mich sehen diese beiden Schädel ja fast identisch aus.
2526,7,2,1.0,1.0,"Sorgenvoll runzelt sie die Stirn, ihre Lippen zittern stark.","Sorgenvoll runzelt sie die Stirn, ihre Lippen zittern stark."
2527,9,3,1.0,1.0,"Wie bei allen Lasern gilt: Je größer, umso höher die Reichweite.","Wie bei allen Lasern gilt: Je größer, umso höher die Reichweite."
2528,8,4,1.0,1.0,"Nachteil ist eine minimale Latenz in der Vorschau, also Verzögerung.","Es gibt eine minimale Zahl Menschen, die das System ausnutzen."
2529,9,3,1.0,1.0,"Bin Linker, die MP rausgefahren, hab nur die Pistole gehabt.","Bin Linker, die MP rausgefahren, hab nur die Pistole gehabt."
2530,6,2,0.94,0.94,"Ja, Bat und Spargo sind gemischt Schluss mit dieser Bande von Halsabschneidern.","Ja, Bat und Spargo sind gemischt Schluss mit dieser Bande von Halsabschneidern."
2531,7,3,1.0,1.0,"Das sind drei Tänze, die die Braut aufführen muss.","Das sind drei Tänze, die die Braut aufführen muss."
2532,6,4,1.0,1.0,"Und dieses intensive Erlebnis, da freue ich mich sehr drauf.","Und dieses intensive Erlebnis, da freue ich mich sehr drauf."
2533,8,3,1.0,1.0,"Erst recht nicht, wenn China das Grundstück legal kauft.","Erst recht nicht, wenn China das Grundstück legal kauft."
2534,8,5,1.0,1.0,"Lass uns sehen, ob wir ein Plus oder Minus haben.",Heute mit der Monopfokallinse Plus und der Ido Linse.
2535,8,4,1.0,1.0,Wie lange kannst du den Atem unter Wasser anhalten?,"Gleichmäßiger entspannter Atem, entspannte Gesichtszüge und geh in die Bewegung rein."
2536,9,5,0.94,0.94,"Nur wenn sie beweisen können, dass wir den Anbruch selbst inszeniert haben.","Nur wenn sie beweisen können, dass wir den Anbruch selbst inszeniert haben."
2537,9,1,0.84,0.84,"Sehr schön, sehr schöner Spruch, gefällt mir.","Sehr schön, sehr schöner Spruch, gefällt mir."
2538,9,5,1.0,1.0,Nach dem Gefängnis strebt Hitler scheinbar legal an die Macht.,Nach dem Gefängnis strebt Hitler scheinbar legal an die Macht.
2539,7,3,1.0,1.0,Können Sie da so ein bisschen mehr in die Tiefe gehen?,"Er sagte, dass die Worte aus der Tiefe seiner Seele kamen."
2540,9,6,1.0,1.0,Der hat mich einfach überholt und dann von der Straße gedrängt.,Der hat mich einfach überholt und dann von der Straße gedrängt.
2541,6,2,1.0,1.0,Die Militaristen räumen für diese Verhandlungen nur einen kurzen Zeitraum ein.,Die Militaristen räumen für diese Verhandlungen nur einen kurzen Zeitraum ein.
2542,8,4,1.0,1.0,"Dass ich auf die zugehe, dass ich spontan reagiere auf Gedanken.","Dass ich auf die zugehe, dass ich spontan reagiere auf Gedanken."
2543,6,4,1.0,1.0,"Zur Not halt durch finanziellen Druck, denn das wird helfen.",Alles andere kann man zur Not auch aus der Box nehmen.
2544,8,3,1.0,1.0,"Ich weiß, dass wir zusammen Wände der Wahrnehmung durchbrechen können.","Das Wort setzt sich ja aus ""selbst"" und ""Wahrnehmung"" zusammen."
2545,6,2,0.94,0.94,"Deine persönlichen Daten, privaten Dateien und sogar Live-Video-Übertragungen könnten dann gefährdet sein.","Deine persönlichen Daten, privaten Dateien und sogar Live-Video-Übertragungen könnten dann gefährdet sein."
2546,7,6,1.0,1.0,Gegen 16 Uhr ist im Bürgerhaus die Gründung vollzogen.,Erst im Jahr 1834 gelingt die Gründung des Deutschen Zollvereins.
2547,8,3,1.0,1.0,"Was als Deportation interpretiert wurde, kann man anders sehen.","Was als Deportation interpretiert wurde, kann man anders sehen."
2548,7,4,1.0,1.0,Diesen Entwurf kannst du herunterladen und für dich privat speichern.,Diesen Entwurf kannst du herunterladen und für dich privat speichern.
2549,7,3,0.88,0.88,Und ebenfalls ganz wichtig ist die Frage mit welchem Kapital Sie starten wollen.,Diese Show bedeutet mir alles und ich will kein Kapital aus ihnen schlagen.
2550,6,3,1.0,1.0,Dann muss ich Sprachprüfungen ablegen und vielleicht weitere Prüfungen absolvieren.,Dann muss ich Sprachprüfungen ablegen und vielleicht weitere Prüfungen absolvieren.
2551,7,5,1.0,1.0,Die Mehrheit der ukrainischen Flüchtlinge sind Frauen und Kinder.,Die Mehrheit der ukrainischen Flüchtlinge sind Frauen und Kinder.
2552,8,5,1.0,1.0,"Hey, ich verstehe dein Zweifel und auch deine Einschätzung.","Hey, ich verstehe dein Zweifel und auch deine Einschätzung."
2553,8,1,0.88,0.88,"Angeblich glaubten die Menschen bis zur Neuzeit, dass sie auf einer Scheibe lebten.","Angeblich glaubten die Menschen bis zur Neuzeit, dass sie auf einer Scheibe lebten."
2554,5,2,1.0,1.0,Darunter fällt auch die Entwicklung und Besitz von Motorflugzeugen.,Darunter fällt auch die Entwicklung und Besitz von Motorflugzeugen.
2555,4,3,1.0,1.0,"Heute habe ich mein Bewerbungs-gespräch beim ""Like Germans Institut"".",Sozialet irgendwas irgendwas mit Sozialet soziologisches Institut gabenzmann hatte der Sarik.
2556,7,4,1.0,1.0,Zugleich sind 21 Lobbyisten der Bahn im Bundestag registriert.,Zugleich sind 21 Lobbyisten der Bahn im Bundestag registriert.
2557,7,6,1.0,1.0,Und das geht eindeutig über den Rahmen unserer Arbeit hinaus.,"Als sie alle in Zungen sprachen, gingen sie hinaus, okay?"
2558,8,3,1.0,1.0,Zwar hat er nicht alle Vorgaben erfüllt für eine risikoärmere Tätowierung.,Zwar hat er nicht alle Vorgaben erfüllt für eine risikoärmere Tätowierung.
2559,7,5,1.0,1.0,Ich werde diese Türme bauen und zwar schon morgen.,Ich werde diese Türme bauen und zwar schon morgen.
2560,8,3,1.0,1.0,Das Ergebnis dieser Besprechung ist in einem Protokoll erhalten geblieben.,Das Ergebnis dieser Besprechung ist in einem Protokoll erhalten geblieben.
2561,7,3,0.94,0.94,Zum Anbringen der Leiste benetzen wir wieder die Flanken mit etwas Montagekleber.,Zum Anbringen der Leiste benetzen wir wieder die Flanken mit etwas Montagekleber.
2562,8,1,1.0,1.0,"Es geht darum, den Leib, nicht das Blut, richtig zu erkennen.","Es geht darum, den Leib, nicht das Blut, richtig zu erkennen."
2563,8,4,1.0,1.0,Äußerste Konzentration bei den Schützen an der Dely Plaase.,"Na ja, und sowas kann einen echt die Konzentration kosten."
2564,8,4,1.0,1.0,Jetzt beherrschen die weißen Riesen der Zillertaler Alpen das Bild.,Jetzt beherrschen die weißen Riesen der Zillertaler Alpen das Bild.
2565,6,2,1.0,1.0,"Ich glaube, die Zukunft ist eine Mischung, manchmal online, manchmal persönlich.","Ich glaube, die Zukunft ist eine Mischung, manchmal online, manchmal persönlich."
2566,7,3,1.0,1.0,Daraus resultiert zum Beispiel ein erhöhter Befall mit Keimen und Schimmelpilzen.,Daraus resultiert zum Beispiel ein erhöhter Befall mit Keimen und Schimmelpilzen.
2567,8,5,1.0,1.0,Die Hauptmacht des Angriffes wird von Marshall Box Armeegruppe Mitte angeführt.,Die Hauptmacht des Angriffes wird von Marshall Box Armeegruppe Mitte angeführt.
2568,8,5,1.0,1.0,"Oder finden Sie, dass die bisherigen politischen Strukturen dafür ausreichend sind?",Den würde ich nach meiner bisherigen Erfahrung wirklich nicht unterschreiben.
2569,8,3,1.0,1.0,Und dazwischen gibt's ja auf jeden Fall einen zeitlichen Sprung.,Und dazwischen gibt's ja auf jeden Fall einen zeitlichen Sprung.
2570,8,4,1.0,1.0,"Ich muss die Geschworenen bitten, den Saal zu verlassen.","Ich muss die Geschworenen bitten, den Saal zu verlassen."
2571,6,5,1.0,1.0,Erst werden die Passagiere mit doppelter Schwerkraft zu Boden gedrückt.,Aber einem Kommando der GSG9 gelingt die Befreiung aller Passagiere.
2572,7,3,1.0,1.0,Solche Methoden sind laut Experten in dem Sektor gängige Praxis.,Solche Methoden sind laut Experten in dem Sektor gängige Praxis.
2573,8,5,1.0,1.0,Und gleich anschließend werden Sie vom Posten des Vizepräsidenten zurücktreten.,Und gleich anschließend werden Sie vom Posten des Vizepräsidenten zurücktreten.
2574,9,5,0.94,0.94,"Dich dazu zu bringen, genauso wie Jesus zu leben, gemäß seiner Fülle.","Dich dazu zu bringen, genauso wie Jesus zu leben, gemäß seiner Fülle."
2575,8,5,1.0,1.0,Es soll jokig sein mit einem Mix aus sachlicher Aufklärung.,Es soll jokig sein mit einem Mix aus sachlicher Aufklärung.
2576,5,3,0.92,0.92,Walter Riester an der dualen Hochschule in Ravensburg.,"Den gesamten Lehrplan der Hochschule, das ganze Ding."
2577,7,2,1.0,1.0,"Es müssen Menschen sein, die überall hinkommen, ohne Aufsehen zu erregen.","Es müssen Menschen sein, die überall hinkommen, ohne Aufsehen zu erregen."
2578,7,1,1.0,1.0,Mehrere Monate im Jahr sind die Männer zum Fang auf See.,Mehrere Monate im Jahr sind die Männer zum Fang auf See.
2579,8,6,1.0,1.0,"Existenzangst ist etwas, das hat sich in mein Gedächtnis eingebrannt.","Existenzangst ist etwas, das hat sich in mein Gedächtnis eingebrannt."
2580,9,4,1.0,1.0,Insgesamt 35 Rentner und Rentnerinnen arbeiten im Wiener Café „Vollpension“.,Insgesamt 35 Rentner und Rentnerinnen arbeiten im Wiener Café „Vollpension“.
2581,7,2,1.0,1.0,"Wir dachten, die Scheine schauen und rot viel schöner aus.","Wir dachten, die Scheine schauen und rot viel schöner aus."
2582,8,5,1.0,1.0,"Was es aber gibt, ist, dass Singles im Schnitt schüchterner sind.","Was es aber gibt, ist, dass Singles im Schnitt schüchterner sind."
2583,8,1,0.92,0.92,Und hinter uns zieht total der Nebel auf.,Und hinter uns zieht total der Nebel auf.
2584,8,3,1.0,1.0,"Einmal bitte pusten, kräftig, bis ich sage Stopp, okay?","Klar finden Sie es raus, wenn sie sich kräftig reinhängen."
2585,6,3,1.0,1.0,"Man muss das, was an der Seite ist, vergrößern.","Man muss das, was an der Seite ist, vergrößern."
2586,6,3,0.82,0.82,"Hier sind die Mitglieder dieser Band, einige von ihnen waren auch auf unserer Hochzeit.","Hier sind die Mitglieder dieser Band, einige von ihnen waren auch auf unserer Hochzeit."
2587,8,5,1.0,1.0,Geschwister sollten sich eigentlich lieb haben und nicht dauernd streiten.,Geschwister sollten sich eigentlich lieb haben und nicht dauernd streiten.
2588,8,4,1.0,1.0,Er hat sich für den Umzug einen LKW ausgeliehen.,Bin eine Zeit lang mit einem LKW dorthin gefahren.
2589,9,4,1.0,1.0,"Ich war überrascht, wie vielfältig das Essensangebot in meiner Stadt ist.","Ich war überrascht, wie vielfältig das Essensangebot in meiner Stadt ist."
2590,5,3,1.0,1.0,All the law was made a distant moon ag here.,All the law was made a distant moon ag here.
2591,5,3,1.0,1.0,"Und das nach diesen fürchterlichen Krisenjahren, die wir zu verzeichnen haben.",Am äußersten Rand im Osten ist Sera Major verzeichnet.
2592,6,4,1.0,1.0,„Unsere Schaufensterpuppe trägt ein Ballkleid entworfen von Jean Louis.,„Unsere Schaufensterpuppe trägt ein Ballkleid entworfen von Jean Louis.
2593,7,3,1.0,1.0,Und da kann ich Ihnen die Bedenken komplett nehmen.,Und da kann ich Ihnen die Bedenken komplett nehmen.
2594,9,3,1.0,1.0,"Die Zahlen, die sie haben, sind unter optimalen Bedingungen gemessen.","Die Zahlen, die sie haben, sind unter optimalen Bedingungen gemessen."
2595,8,5,0.94,0.94,"Es ist heiß und stickig, ein süßlicher Geruch liegt in der Luft.","Es ist heiß und stickig, ein süßlicher Geruch liegt in der Luft."
2596,6,2,1.0,1.0,Zur Sicherheit wird die Anfechtungs- und Nichtigkeitsklage in einem Schriftsatz kombiniert.,"Es gibt 21 Aminosäuren, die zu Proteinen kombiniert werden können."
2597,4,3,1.0,1.0,Die Auseinandersetzung mit extremistischen Gedanken wie wollen Sie die führen?,"Beispielsätze: Weil er die Auseinandersetzung scheute, gab er einfach nach."
2598,9,6,1.0,1.0,Ich habe nach oben gesehen und sah Rauch aufsteigen.,"Aufstieg heißt, einer ist noch unter mir, wenn ich aufsteige."
2599,8,3,1.0,1.0,Über Telegram nahm er offenbar Kontakt zum Islamischen Staat auf.,Über Telegram nahm er offenbar Kontakt zum Islamischen Staat auf.
2600,8,5,1.0,1.0,An einem grauen Dezembermorgen fand ihn seine Sekretärin in seiner Kanzlei.,An einem grauen Dezembermorgen fand ihn seine Sekretärin in seiner Kanzlei.
2601,7,3,1.0,1.0,Sportler und Gäste sollen nicht durch bewaffnete Polizei beunruhigt werden.,Abgesehen davon ist es viel zu riskant Sportler zu werden!
2602,8,3,1.0,1.0,"Es ist ein größeres Phänomen, also dass sie wirkliche Allianzen bilden?","Es ist ein größeres Phänomen, also dass sie wirkliche Allianzen bilden?"
2603,9,4,1.0,1.0,"Wer jetzt meine Frage beantwortet, bekommt eine glatte Eins.","Wer jetzt meine Frage beantwortet, bekommt eine glatte Eins."
2604,7,4,1.0,1.0,Welche gemeinsamen Mittel werden auch für die Forschung bereitgestellt?,Welche gemeinsamen Mittel werden auch für die Forschung bereitgestellt?
2605,8,1,1.0,1.0,"Ohne getane Arbeit keine Beförderung, keine Empfehlung oder Boni.","Ohne getane Arbeit keine Beförderung, keine Empfehlung oder Boni."
2606,7,2,1.0,1.0,"Vergiss nie, dass unsere Zeit auf dieser Welt begrenzt ist.","Vergiss nie, dass unsere Zeit auf dieser Welt begrenzt ist."
2607,7,6,1.0,1.0,"Und ich erspare dir, eine Lampe Ausrede zu erfinden.","Wenn du den Beschützer spielen willst, kannst du es dir ersparen."
2608,9,1,0.84,0.84,Hierfür gibt es aber noch keine Bestätigung.,Hierfür gibt es aber noch keine Bestätigung.
2609,8,4,1.0,1.0,"Lange nahm man an, Homo sapiens habe diese Frühmenschen schlicht verdrängt.","Lange nahm man an, Homo sapiens habe diese Frühmenschen schlicht verdrängt."
2610,7,3,0.92,0.92,Finde deinen eigenen Rhythmus und dann löser auf.,Finde deinen eigenen Rhythmus und dann löser auf.
2611,8,4,0.92,0.92,Er kocht sich ja wirklich teils komplett alleine.,Er kocht sich ja wirklich teils komplett alleine.
2612,5,4,1.0,1.0,Wart ihr in Deutschland auf einem Gymnasium oder einer Realschule?,Wart ihr in Deutschland auf einem Gymnasium oder einer Realschule?
2613,8,4,1.0,1.0,An der Grundschule Burgweide werden alle Kinder klassenübergreifend unterrichtet.,An der Grundschule Burgweide werden alle Kinder klassenübergreifend unterrichtet.
2614,9,3,1.0,1.0,"Sie spielen unser Lied, wonach Elten und ich getanzt haben.","Sie spielen unser Lied, wonach Elten und ich getanzt haben."
2615,7,1,1.0,1.0,Denn Kapitalgesellschaften müssen ihre Jahresbilanzen auch öffentlich zugänglich machen.,Denn Kapitalgesellschaften müssen ihre Jahresbilanzen auch öffentlich zugänglich machen.
2616,8,6,1.0,1.0,Er war schon Berater von Olaf Scholz und Angelo Merte.,Er war schon Berater von Olaf Scholz und Angelo Merte.
2617,8,3,1.0,1.0,"Es gibt die Formulierung, sie sind jenseits des Fixsternhimmels.","Es gibt die Formulierung, sie sind jenseits des Fixsternhimmels."
2618,9,6,1.0,1.0,"Und zwar dadurch, dass die geistlichen Territorien im Reich aufgehoben werden.",Am ersten Tag töteten sie den geistlichen Führer Chamenei.
2619,4,0,0.84,0.84,Das geht auch hervor aus diesem Änderungsantrag.,Das geht auch hervor aus diesem Änderungsantrag.
2620,6,2,1.0,1.0,Viele benutzen Telegramm als Alternative zu WhatsApp oder zum Facebook-Messenger.,Viele benutzen Telegramm als Alternative zu WhatsApp oder zum Facebook-Messenger.
2621,8,2,1.0,1.0,Eine Vermutung militärischer Aktivität ist dieses Antennenfeld hier in El Salao.,Eine Vermutung militärischer Aktivität ist dieses Antennenfeld hier in El Salao.
2622,8,3,1.0,1.0,"Wie bei Menschensprachen, in denen die meisten zufälligen Buchstabenkombinationen Unsinn sind.","Wie bei Menschensprachen, in denen die meisten zufälligen Buchstabenkombinationen Unsinn sind."
2623,7,2,0.84,0.84,Das möchte äh die Koalition jetzt ändern.,Das möchte äh die Koalition jetzt ändern.
2624,8,5,1.0,1.0,"Besonders beliebt sind auch kreative Hobbys: malen, fotografieren, kochen oder handwerken.","Besonders beliebt sind auch kreative Hobbys: malen, fotografieren, kochen oder handwerken."
2625,7,6,1.0,1.0,"Also, ich find es nicht in Ordnung, unbegleiterten Ausgang zu gewähren.","Also, ich find es nicht in Ordnung, unbegleiterten Ausgang zu gewähren."
2626,9,4,1.0,1.0,"Wenn nicht, habe Sie jetzt die einmalige Gelegenheit das zu tun.","Ab dem Steuerjahr 2024 kostet es einmalig 45,99 € pro Steuerjahr."
2627,8,4,1.0,1.0,Jetzt sahen sie sich alleine mit seiner stetig wachsenden Militärmacht konfrontiert.,Jetzt sahen sie sich alleine mit seiner stetig wachsenden Militärmacht konfrontiert.
2628,8,5,1.0,1.0,Wir haben das Atom gespalten und andere Welten bereist.,Wir haben das Atom gespalten und andere Welten bereist.
2629,7,2,1.0,1.0,"Die Besonderheit ist, dass das Präfix am Ende des Satzes steht.","Die Besonderheit ist, dass das Präfix am Ende des Satzes steht."
2630,6,2,1.0,1.0,Wahrscheinlichkeit sie jetzt in den geplanten Umsatz einläuft und ähnliche Dinge.,Wahrscheinlichkeit sie jetzt in den geplanten Umsatz einläuft und ähnliche Dinge.
2631,9,4,0.92,0.92,Die israelische Sportmannschaft wird von palästinensischen Terroristen überfallen.,Die israelische Sportmannschaft wird von palästinensischen Terroristen überfallen.
2632,8,3,1.0,1.0,Da sind die Grenzwerte als ein Beispiel allein nicht ausreichend.,Da sind die Grenzwerte als ein Beispiel allein nicht ausreichend.
2633,8,4,1.0,1.0,"Wenn wir durch ein Schlagloch fahren, geht das Ding womöglich los.","Wenn wir durch ein Schlagloch fahren, geht das Ding womöglich los."
2634,8,3,1.0,1.0,Lieferung von Öl und freie Hand im Krieg gegen China.,Ich bin sehr unzufrieden mit der Lieferung meiner Bestellung.
2635,7,3,1.0,1.0,Und der monatliche Lohn beträgt zwischen 2.000 und 3.000 Yuan.,Es geht um die Erhöhung der monatlichen Miete um 100€.
2636,7,3,1.0,1.0,"Und wenn es so extreme Konkurrenz ist, ist das unangenehm.",Die parteiinterne Konkurrenz schaltet der neue Reichskanzler schnell aus.
2637,6,5,1.0,1.0,"Energie verwandelte sich in Kräfte und Teilchen, aus Chaos entstanden Naturgesetze.","Energie verwandelte sich in Kräfte und Teilchen, aus Chaos entstanden Naturgesetze."
2638,9,3,1.0,1.0,Aber es muss erweitert und von jeglicher Ideologie befreit werden.,Aber es muss erweitert und von jeglicher Ideologie befreit werden.
2639,5,5,1.0,1.0,"Zunächst muss man sagen, die sind von der Versorgung ausgeschlossen.","Zunächst muss man sagen, die sind von der Versorgung ausgeschlossen."
2640,6,2,1.0,1.0,Ob man das tatsächlich machen die Investitionen auch nicht.,Ob man das tatsächlich machen die Investitionen auch nicht.
2641,4,2,1.0,1.0,"Es gibt keine Angriffsmöglichkeiten mehr, weshalb es zu unkontrolliertem Wachstum kommt.","Es gibt keine Angriffsmöglichkeiten mehr, weshalb es zu unkontrolliertem Wachstum kommt."
2642,9,5,1.0,1.0,Seine Forschung hat unser Verständnis des Themas maßgeblich beeinflusst.,Seine Forschung hat unser Verständnis des Themas maßgeblich beeinflusst.
2643,5,0,0.84,0.84,Aber auch diese Einnahmen musst du versteuern.,Aber auch diese Einnahmen musst du versteuern.
2644,7,7,1.0,1.0,Sie haben gerade ein schwarzes Schaf aus dem Verkehr gezogen.,Sie haben gerade ein schwarzes Schaf aus dem Verkehr gezogen.
2645,6,4,1.0,1.0,Setzt man hier irgendwie eine Expertise von Igor trotzdem voraus?,Setzt man hier irgendwie eine Expertise von Igor trotzdem voraus?
2646,7,3,1.0,1.0,Die Germanen andererseits können Rom nicht wirklich die Stirn bieten.,Die Germanen andererseits können Rom nicht wirklich die Stirn bieten.
2647,8,6,1.0,1.0,Vor ein paar Tagen war dieser Klotz noch flüssig.,Vor ein paar Tagen war dieser Klotz noch flüssig.
2648,8,4,1.0,1.0,"Wow, darf ich fragen, welchem Zweck dieser Tunnel dient?","Wow, darf ich fragen, welchem Zweck dieser Tunnel dient?"
2649,7,4,1.0,1.0,"Das heißt, der Hersteller garantiert, dass das Gerät richtig funktioniert.","Das heißt, der Hersteller garantiert, dass das Gerät richtig funktioniert."
2650,8,4,1.0,1.0,"Na warte, du kannst ja gar sau nicht zielen.","Na warte, du kannst ja gar sau nicht zielen."
2651,8,4,1.0,1.0,Hitler weist die Forderung zurück und befiehlt das weitere Vorrücken.,Hitler weist die Forderung zurück und befiehlt das weitere Vorrücken.
2652,7,5,1.0,1.0,Jeder von euch wird unserer üblichen Behandlung unterzogen werden und verdoppelt.,Die Produktion von Kampffliegern verdoppelt sich in weniger als einem Jahr.
2653,5,2,1.0,1.0,Baalbek zeigt drei Blöcke dieser Kategorie in einer Baustelleneinheit.,"Bei Schäden der Kategorie ""Neiiiiin!"" gilt in der Regel: Vergessen Sie's."
2654,6,3,0.94,0.94,Das ist eine sehr schöne Einführung in die ethische Dimension des Ganzen.,Das ist eine sehr schöne Einführung in die ethische Dimension des Ganzen.
2655,8,3,1.0,1.0,Sie sind zu einer Bedrohung für die Struktur der Geheimdienste geworden.,Die hybride Bedrohung ist real; aber hier reden wir von Linksterror.
2656,7,2,0.88,0.88,"Und in dem Epos steht auch schon die Bezeichnung Karls als ""Vater Europas"".","Und in dem Epos steht auch schon die Bezeichnung Karls als ""Vater Europas""."
2657,7,3,1.0,1.0,"Ich einen Raum betrete, star mir sämtliche Weiber auf den Sack.","Ich einen Raum betrete, star mir sämtliche Weiber auf den Sack."
2658,6,4,1.0,1.0,"Das heißt, der Begriff der Substanz ist ein doppelter Begriff.","Das heißt, der Begriff der Substanz ist ein doppelter Begriff."
2659,7,3,1.0,1.0,"Sie werden vereint durch einheitliches Recht, durch Steuern, Währung und Militär.","Sie werden vereint durch einheitliches Recht, durch Steuern, Währung und Militär."
2660,7,1,0.82,0.82,"Es ist vielleicht keine Niederlage, aber es wird klar: Deutschland kann Großbritannien nicht besiegen.","Es ist vielleicht keine Niederlage, aber es wird klar: Deutschland kann Großbritannien nicht besiegen."
2661,8,3,1.0,1.0,Beim Wandern kann ich immer so gut nachdenken und reflektieren.,Beim Wandern kann ich immer so gut nachdenken und reflektieren.
2662,7,5,1.0,1.0,Hans-Thomas Tillschneider gibt dafür im Partei- und Wahlprogramm den Takt vor.,Hans-Thomas Tillschneider gibt dafür im Partei- und Wahlprogramm den Takt vor.
2663,5,3,1.0,1.0,Die Frage ob Zustimmung 44% ist nicht mehr rand.,Die Frage ob Zustimmung 44% ist nicht mehr rand.
2664,7,4,1.0,1.0,"Der Einkommensteuer unterliegen: erstens, Einkünfte aus Land- und Forstwirtschaft.","Der Einkommensteuer unterliegen: erstens, Einkünfte aus Land- und Forstwirtschaft."
2665,7,4,1.0,1.0,"Und gleichzeitig sind sie aber Individuen, die ihren eigenen Weg gehen.","Und gleichzeitig sind sie aber Individuen, die ihren eigenen Weg gehen."
2666,7,3,1.0,1.0,Seit zehn Jahren schalte ich Kontaktanzeigen in meiner Zeitung für dich.,Seit zehn Jahren schalte ich Kontaktanzeigen in meiner Zeitung für dich.
2667,4,2,0.92,0.92,Also ich kann auch vier Absätze simultan erfassen.,Also ich kann auch vier Absätze simultan erfassen.
2668,7,4,1.0,1.0,"Solche Analysen zeigen einem, dass man überall Verwandte hat.","Alter, nur weil ich ein paar polnische Verwandte hab."
2669,6,3,1.0,1.0,"Mit ihren Entwürfen, Berechnungen und Studien betreten sie Neuland.",Berechnungen zeigen aber auch: Die Politik alleine reicht nicht.
2670,7,2,0.84,0.84,"Herr Hackmann, ich entziehe Ihnen das Wort.","Herr Hackmann, ich entziehe Ihnen das Wort."
2671,7,4,1.0,1.0,Die werden dann so zusammengefasst unter Lernbehinderung oder geistiger Behinderung.,Die werden dann so zusammengefasst unter Lernbehinderung oder geistiger Behinderung.
2672,7,1,0.92,0.92,"Wir müssen Geduld haben, auch das wird vorübergehen.","Wir müssen Geduld haben, auch das wird vorübergehen."
2673,7,5,1.0,1.0,Wo sie gemeinsam mit den christlichen und jüdischen Einwohnern leben.,Knapp ein Drittel der Einwohner kaufte Anteile am Laden.
2674,7,4,1.0,1.0,"Wenn Menschen Sex haben, wirkt sich das auf ihr Gehirn aus.",Ein Fehler eines Beschlusses kann sich grundsätzlich in zweierlei weise auswirken.
2675,6,2,1.0,1.0,"Nein, ich will ihn nicht weiter gegen uns aufbringen.","Nein, ich will ihn nicht weiter gegen uns aufbringen."
2676,6,3,1.0,1.0,"Wenn er diesen Stal erlernt, dann wird er eine Chance haben.","Wenn er diesen Stal erlernt, dann wird er eine Chance haben."
2677,7,3,0.92,0.92,Im Kindergarten werden die Kinder von Erziehern betreut.,Im Kindergarten werden die Kinder von Erziehern betreut.
2678,5,3,0.94,0.94,"Du hast gerade gesagt, wenn man sie drin lässt, gibt's eine Infektion.",Außerdem kann er in ein paar Tagen auch an einer Infektion sterben.
2679,7,3,1.0,1.0,"Vor allem vergessen Sie nicht, dass der Mensch die Wahrheit vorzieht.","Vor allem vergessen Sie nicht, dass der Mensch die Wahrheit vorzieht."
2680,7,3,1.0,1.0,"Sie werden erst aufstehen, nachdem die Tür verschlossen wurde.","Sie werden erst aufstehen, nachdem die Tür verschlossen wurde."
2681,7,4,1.0,1.0,"Die Partei dominiert: in den Stadtparlamenten, im Kreistag, auf vielen Dörfern.","Die Partei dominiert: in den Stadtparlamenten, im Kreistag, auf vielen Dörfern."
2682,7,2,0.94,0.94,Durch die Erkenntnis der Notwendigkeit können wir innere Ruhe und Gelassenheit finden.,Durch die Erkenntnis der Notwendigkeit können wir innere Ruhe und Gelassenheit finden.
2683,7,3,0.94,0.94,Besser ist es zum Beispiel eine Wende zu fahren um so auszuweichen.,Besser ist es zum Beispiel eine Wende zu fahren um so auszuweichen.
2684,7,3,1.0,1.0,Am Ende habe ich mich für das Klavier entschieden.,Am Ende habe ich mich für das Klavier entschieden.
2685,4,3,1.0,1.0,"Wir haben hier keine Aufwendungen und Erträge, sondern Kosten und Leistungen.",Für die G und V müssen wir Aufwendungen und Erträge gegenüberstellen.
2686,6,3,1.0,1.0,Die Herstellung von Privatfahrzeugen wird bis zum Ende des Krieges limitiert.,Die Herstellung von Privatfahrzeugen wird bis zum Ende des Krieges limitiert.
2687,7,4,1.0,1.0,Du kannst aber z.B auch auf ein quadratisches Format 1:1 gehen.,Du kannst aber z.B auch auf ein quadratisches Format 1:1 gehen.
2688,7,5,1.0,1.0,"Stimmt es, dass der IS Lemanski praktisch beauftragt hat?","Er hat mich beauftragt, Ihnen aller Form zu danken."
2689,7,3,1.0,1.0,Und im fränkischen Dialekt gibt es auch ganz oft Verniedlichungen.,Und im fränkischen Dialekt gibt es auch ganz oft Verniedlichungen.
2690,8,3,0.94,0.94,"Sogar unser Notsystem fiel aus, so dass unsere elektronischen Anlagen tot waren.","Sogar unser Notsystem fiel aus, so dass unsere elektronischen Anlagen tot waren."
2691,8,6,1.0,1.0,"Ich hoffe, dass sie nicht allzu enttäuscht sein wird.",Doch Naumann muss sich nicht allzu oft unters Volk mischen.
2692,7,2,0.92,0.92,Wir werden sehr viele schwere Kisten schleppen müssen.,Wir werden sehr viele schwere Kisten schleppen müssen.
2693,4,2,1.0,1.0,Er ist Kunsthändler und hat mir von dieser unglaublichen Ausstellung erzählt.,Er ist Kunsthändler und hat mir von dieser unglaublichen Ausstellung erzählt.
2694,7,5,1.0,1.0,"Das ist ja letztendlich ein Kopfkino, was sich da abspielt.","Das ist ja letztendlich ein Kopfkino, was sich da abspielt."
2695,7,2,1.0,1.0,"Mir ist das etwas unangenehm, ins Arbeitsamt zu gehen.","Mir ist das etwas unangenehm, ins Arbeitsamt zu gehen."
2696,8,1,0.88,0.88,"Auch hier steigst du zuerst ab, verschiebst sie und steigst dann wieder hinauf.","Auch hier steigst du zuerst ab, verschiebst sie und steigst dann wieder hinauf."
2697,7,2,1.0,1.0,"Das sind Formulierungen, die ich in fast jeder Diskussion benutzen kann.","Das sind Formulierungen, die ich in fast jeder Diskussion benutzen kann."
2698,8,4,1.0,1.0,"Er kann höchstens die Polizei rufen, oder dein abschleppen lassen.",Dabei gibt es höchstens 17 bis 23 Grad Celsius.
2699,6,1,1.0,1.0,"Dieser Mikroroboter hier, der wiegt noch nicht mal 1/10 Gramm.","Dieser Mikroroboter hier, der wiegt noch nicht mal 1/10 Gramm."
2700,7,2,0.94,0.94,"Versuch, deine Träume zu verwirklichen, solange du noch jung und frei bist.","Versuch, deine Träume zu verwirklichen, solange du noch jung und frei bist."
2701,7,4,1.0,1.0,"So entbrennt ein Schusswechsel, der beinahe zwei Stunden dauern wird.","Ein beinahe magisches Objekt, das die Menschen in ihren Bann zieht."
2702,4,2,0.88,0.88,Mit dem Ätna hat die Insel den größten und aktivsten der Mittelmeervulkane aufzuweisen.,Mit dem Ätna hat die Insel den größten und aktivsten der Mittelmeervulkane aufzuweisen.
2703,7,2,1.0,1.0,"Viele Grüße Papa Lisa, hat dein Vater diesen Zettel geschrieben?","Viele Grüße Papa Lisa, hat dein Vater diesen Zettel geschrieben?"
2704,7,7,1.0,1.0,"Einer der Gründe, weshalb wir so gut miteinander auskommen.",Du kannst auch in den meisten Texten ohne ihn auskommen.
2705,6,3,0.92,0.92,"Wohnort, Einkommen, Ausbildung oder auch Religion und Weltanschauung.","Für die Entwicklung von Religion, Kunst und Wissenschaft."
2706,7,1,0.92,0.92,Es war einmal ein kleiner Bär namens Bruno.,Es war einmal ein kleiner Bär namens Bruno.
2707,7,3,1.0,1.0,"Ich weiß wirklich nicht, was Sie da veranstalten bei meiner Bank.","Ich weiß wirklich nicht, was Sie da veranstalten bei meiner Bank."
2708,8,5,1.0,1.0,Vielleicht war ich statistisch also einfach an der Reihe?,Aber statistisch steht es um die Chancengleichheit in Deutschland nicht gut.
2709,6,3,1.0,1.0,"Ich glaube, da ist die Definition nur ein bisschen anders.","Ich glaube, da ist die Definition nur ein bisschen anders."
2710,7,3,1.0,1.0,"Vielleicht aber auch fremde Leute, was eine gewisse Unsicherheit mitbringt.","Vielleicht aber auch fremde Leute, was eine gewisse Unsicherheit mitbringt."
2711,7,5,0.94,0.94,"Was diesen Giganten besonders auszeichnet, ist seine Kombination aus Wendigkeit und Stabilität.","Was diesen Giganten besonders auszeichnet, ist seine Kombination aus Wendigkeit und Stabilität."
2712,7,3,1.0,1.0,"In menschliche Form bringen Unter den Lebenden wandeln, das weiß ich.","In menschliche Form bringen Unter den Lebenden wandeln, das weiß ich."
2713,7,4,1.0,1.0,"Wir können Armut beseitigen, vielleicht sogar alle materiellen Bedürfnisse.",In Deutschland ist rund jedes vierte Kind von Armut bedroht.
2714,6,3,1.0,1.0,Willst du mal meine Akte mit den unerledigten Fällen sehen?,"Ich davon aus, dass sie seine Akte gelesen hat."
2715,7,3,1.0,1.0,Und Juden in Deutschland haben primär einen deutschen Pass.,Das Unternehmen ist primär im Bereich der erneuerbaren Energien tätig.
2716,7,2,1.0,1.0,Dein bewusstes Ich kann gut langfristige Pläne schmieden und abstrakt denken.,Dein bewusstes Ich kann gut langfristige Pläne schmieden und abstrakt denken.
2717,7,5,1.0,1.0,Heute lebt er in einer WG mit fünf indischen Mitbewohnern.,Auch deshalb ist die Zahl indischer Studierender in Deutschland stark gestiegen.
2718,7,4,1.0,1.0,Wir würden unsere Operation gern auf dieses Gebiet ausdehnen.,Wir würden unsere Operation gern auf dieses Gebiet ausdehnen.
2719,7,4,1.0,1.0,Und werden Sie weiteren Kürzungen im Kabinett Ihre Ablehnung erteilen?,Und werden Sie weiteren Kürzungen im Kabinett Ihre Ablehnung erteilen?
2720,4,4,1.0,1.0,"Mein Trainer hat gesagt, dass ich wirklich großes Talent habe.","Mein Trainer hat gesagt, dass ich wirklich großes Talent habe."
2721,7,5,1.0,1.0,"Es ist denkbar, an diesem Grab zum Beispiel einen Staatsakt durchzuführen.","Es ist denkbar, an diesem Grab zum Beispiel einen Staatsakt durchzuführen."
2722,6,2,1.0,1.0,"Eine erste Etappe streift Ferdinandshof, Neubrandenburg und Waren an der Müritz.",Und streift eine außergewöhnliche Herberge für Rad und Radler.
2723,5,5,1.0,1.0,Für die Produktion sind Unternehmen auf schnelle Genehmigung ihrer Anlagen angewiesen.,Für die Produktion sind Unternehmen auf schnelle Genehmigung ihrer Anlagen angewiesen.
2724,7,1,0.84,0.84,Er bat sie es für mich aufzubewahren.,Er bat sie es für mich aufzubewahren.
2725,5,3,1.0,1.0,Bei Verwendung des selbstschneidenden Rigipsdübels fällt das Vorbohren weg.,Bei Verwendung des selbstschneidenden Rigipsdübels fällt das Vorbohren weg.
2726,7,3,1.0,1.0,"Ich experimentiere und schaffe es schließlich, Käse und Butter herzustellen.","Also, keine Butter, kein Käse und kein Joghurt, richtig?"
2727,8,4,1.0,1.0,"Sayen keine Sorge, meinetwegen Gräfin, ich bin in Ordnung.","Sayen keine Sorge, meinetwegen Gräfin, ich bin in Ordnung."
2728,7,4,1.0,1.0,Und heute scheine ich offenbar einen Rückfall zu erleiden.,Die Kanadier sind weit unterlegen und erleiden große Verluste.
2729,7,2,1.0,1.0,"Es wird unmöglich sein, ein Ersatz für heute Abend zu finden.","Es wird unmöglich sein, ein Ersatz für heute Abend zu finden."
2730,6,3,1.0,1.0,Sie rücken weiter vor bis zum Yangzeinzhauptstadt Nang King.,Die Wände der Klamm scheinen immer näher zu rücken.
2731,7,3,1.0,1.0,"Manchmal, aber ein ballistisches Trauma kann auch Fieber verursachen.","Manchmal, aber ein ballistisches Trauma kann auch Fieber verursachen."
2732,6,4,1.0,1.0,Ich werde auch auf Konzerte gehen und viele neue Leute kennenlernen.,Ich werde auch auf Konzerte gehen und viele neue Leute kennenlernen.
2733,7,5,1.0,1.0,Wir werden Ihnen ein für alle Mal das Handwerk legen.,Das Handwerk soll gestärkt werden durch Subventionen und ein freiwilliges Praktikum.
2734,4,2,1.0,1.0,"Was ist, wenn die Person diese Formel gefunden hat?","Was ist, wenn die Person diese Formel gefunden hat?"
2735,7,3,1.0,1.0,"Aber für dich, Ich werde auf die Gebühr verzichten.","Aber für dich, Ich werde auf die Gebühr verzichten."
2736,6,0,0.76,0.76,Futuristische Konstruktionen mit bahnbrechenden technischen Eigenschaften.,Futuristische Konstruktionen mit bahnbrechenden technischen Eigenschaften.
2737,8,2,0.88,0.88,"Schnell wird klar, dass diese Treibstoffform eine höhere Energieverwertung ermöglicht als herkömmliches Kerosin.","Schnell wird klar, dass diese Treibstoffform eine höhere Energieverwertung ermöglicht als herkömmliches Kerosin."
2738,8,5,1.0,1.0,Wen sehen wir in der Schöpfung über dem Wasser schweben?,Wen sehen wir in der Schöpfung über dem Wasser schweben?
2739,5,0,0.76,0.76,Warn ist in mancherlei Hinsicht zurückgeblieben.,Warn ist in mancherlei Hinsicht zurückgeblieben.
2740,6,1,0.92,0.92,"Ich dachte, das unterstreicht den frischen neuen Look.","Ich dachte, das unterstreicht den frischen neuen Look."
2741,7,2,0.88,0.88,"Und dann ist es ja vielleicht auch egal, ob unsere Körper verfallen oder.","Und dann ist es ja vielleicht auch egal, ob unsere Körper verfallen oder."
2742,6,4,1.0,1.0,Das will mir die Archäologin Carlotta Caruso an einem Beispiel erläutern.,Das will mir die Archäologin Carlotta Caruso an einem Beispiel erläutern.
2743,6,4,1.0,1.0,Als Erstes bleibe ich noch einen Moment liegen und strecke mich.,"Es wurde Sägemehl in das Getreide gemischt, um es zu strecken."
2744,6,1,0.84,0.84,"Spalte 2, Korrektur plus eine kurze Erklärung.","Spalte 2, Korrektur plus eine kurze Erklärung."
2745,7,7,1.0,1.0,Überall sind die Zeichen totaler Zerstörung polnischer Militäreinrichtungen zu sehen.,Sie haben damit nur die Zerstörung unserer Glaubwürdigkeit erreicht.
2746,5,3,1.0,1.0,Auf Millimeter oder ein Zentimeter kommt man da nicht hin.,Auf Millimeter oder ein Zentimeter kommt man da nicht hin.
2747,7,3,1.0,1.0,"Kann man sagen, dass dieser Ausschluss seine philosophische Entwicklung beeinflusst hat?",Aber das ist nicht einfach nur ein philosophisches Rätsel.
2748,7,2,1.0,1.0,Dazu gehörten auch 16 seltsame Bronzekugeln mit vertikalen Achsen.,Dazu gehörten auch 16 seltsame Bronzekugeln mit vertikalen Achsen.
2749,6,2,1.0,1.0,Abschließend ist die Punktionsnadel in einem dafür vorgesehenen Abwurf zu entsorgen.,Abschließend ist die Punktionsnadel in einem dafür vorgesehenen Abwurf zu entsorgen.
2750,8,5,1.0,1.0,"Wird ein Elektron zerstört, erhält auch eins weniger den Stern aufrecht.",So halten sie den Druck gegen das kubanische Regime aufrecht.
2751,7,4,0.92,0.92,Man habe deswegen sogar ein neues Gesetz erlassen.,Man habe deswegen sogar ein neues Gesetz erlassen.
2752,6,2,0.94,0.94,"Wenn ich kein Rattengift auslege, fressen diese Viecher uns einfach alles weg.","Wenn ich kein Rattengift auslege, fressen diese Viecher uns einfach alles weg."
2753,6,2,1.0,1.0,"Es gibt nichts, was nicht mit einer Tabelle gelöst werden kann.","Es gibt nichts, was nicht mit einer Tabelle gelöst werden kann."
2754,6,2,1.0,1.0,"Sie sprechen Portugiesisch, Spanisch und Französisch, aber ich verstehe Sie nicht.","Sie sprechen Portugiesisch, Spanisch und Französisch, aber ich verstehe Sie nicht."
2755,7,2,0.92,0.92,Das Nomen zu “eintreten” ist hier “der Eintritt”.,Das Nomen zu “eintreten” ist hier “der Eintritt”.
2756,7,4,1.0,1.0,"Mein Gott, wir das schon furcht dort kann ja keiner lesen.","Mein Gott, wir das schon furcht dort kann ja keiner lesen."
2757,6,3,1.0,1.0,"Und die Person antwortet: Nein, (das) Anfassen ist leider nicht gestattet.","Und die Person antwortet: Nein, (das) Anfassen ist leider nicht gestattet."
2758,5,2,1.0,1.0,"Und wenn ich etwas herausnehme, streiche ich es durch.","Und wenn ich etwas herausnehme, streiche ich es durch."
2759,8,3,1.0,1.0,Auch findet man Bildungen wie „zehnzigfältig“ anstelle von „hundertfältig“.,Auch findet man Bildungen wie „zehnzigfältig“ anstelle von „hundertfältig“.
2760,7,3,1.0,1.0,"Zweige, Baumrinde, Hunde, Katzen, sogar Ratten und Mäuse wurden verziert.","Das hat uns doch umgebracht, nicht die Sendung mit der Maus."
2761,5,3,1.0,1.0,War die Auswahl des Lichtes doch nicht so gut?,War die Auswahl des Lichtes doch nicht so gut?
2762,7,2,1.0,1.0,Bei ihrer Untersuchung stoßen die amerikanischen Spezialisten auf eine weitere Sensation.,Bei ihrer Untersuchung stoßen die amerikanischen Spezialisten auf eine weitere Sensation.
2763,7,3,1.0,1.0,"Das zeichnet schon ein Bild von Kommunikation, die sehr strukturiert ist.","Das zeichnet schon ein Bild von Kommunikation, die sehr strukturiert ist."
2764,8,4,1.0,1.0,Ein Computer und eine zuverlässige Internetverbindung sind entscheidend für den Onlinekurs.,Ein Computer und eine zuverlässige Internetverbindung sind entscheidend für den Onlinekurs.
2765,6,3,1.0,1.0,Zum Hören schnappt ihr Podcasts oder hör deutsches Radio.,Zum Hören schnappt ihr Podcasts oder hör deutsches Radio.
2766,8,2,1.0,1.0,Der Charakter dieser Proklamationen reicht von bedeutungsvoll bis total absurd.,"Das klingt absurd, aber die Mathematik dahinter ist tatsächliche ziemlich solide."
2767,5,2,1.0,1.0,"Ab dem Frühjahr 1943 versuchen also die Widerständler, Hitler umzubringen.","Ab dem Frühjahr 1943 versuchen also die Widerständler, Hitler umzubringen."
2768,6,2,1.0,1.0,"Ich verstehe immer noch nicht, warum du diesen Ort abreißen willst.","Ich verstehe immer noch nicht, warum du diesen Ort abreißen willst."
2769,6,0,0.84,0.84,"Eines der größten Probleme ist, die Arbeitslosigkeit.","Eines der größten Probleme ist, die Arbeitslosigkeit."
2770,5,0,0.76,0.76,Was muss ihn ein Vermögen kosten?,Was muss ihn ein Vermögen kosten?
2771,6,4,1.0,1.0,Und auch die Einzelkosten werden in diesem Step zugeordnet.,Und auch die Einzelkosten werden in diesem Step zugeordnet.
2772,7,1,0.94,0.94,"Ich muss noch ein paar Kilometer geradeaus, um den Gipfel zu erreichen.","Ich muss noch ein paar Kilometer geradeaus, um den Gipfel zu erreichen."
2773,6,3,1.0,1.0,Ich habe mich schnell dafür entschlossen und jetzt bin ich Soldat.,Ich habe mich schnell dafür entschlossen und jetzt bin ich Soldat.
2774,6,4,1.0,1.0,Ich installiere ein Backup System für den Computer mit dem Bohrer.,Eine AfD-Landesregierung will an jeder Schule einen Wachschutz installieren.
2775,6,4,1.0,1.0,Verbraucher können sich im Internet selbst ein Bild machen.,"Diese Kosten werden dann an uns Verbraucher, durch Preissteigerungen weitergereicht."
2776,5,4,1.0,1.0,Vielen Dank für die Einblicke in ihr Leben im Moment.,Vielen Dank für die Einblicke in ihr Leben im Moment.
2777,6,3,1.0,1.0,"Klar ist, dass keine Fahne über der Schwarz-rot-goldenen steht.” Flagge hissen?","Klar ist, dass keine Fahne über der Schwarz-rot-goldenen steht.” Flagge hissen?"
2778,5,1,1.0,1.0,Was habe ich bei der Erziehung nur falsch gemacht?,Was habe ich bei der Erziehung nur falsch gemacht?
2779,6,4,1.0,1.0,"Vielleicht eine Zigarette geraucht, ein Trink genommen oder so etwas.","Angeb ist meine Zigarette drin darfst du wohl nicht mehr, oder?"
2780,6,2,1.0,1.0,In der computergesteuerten Halle wird nichts dem Zufall überlassen.,In der computergesteuerten Halle wird nichts dem Zufall überlassen.
2781,6,2,1.0,1.0,Es wurden viele Tränen geweint um Truus und Freddie Oversteegen.,Gott hat sie gesehen und er hat Tränen gelacht.
2782,5,2,1.0,1.0,"Warum verteidigst du ihn, ohne einen Moment zu zögern?","Warum verteidigst du ihn, ohne einen Moment zu zögern?"
2783,6,2,0.84,0.84,Für die Bundeswehr endet der Afghanistan-Einsatz 2021.,Für die Bundeswehr endet der Afghanistan-Einsatz 2021.
2784,5,2,0.92,0.92,Und da war wieder so ein roter Fleck.,Und da war wieder so ein roter Fleck.
2785,5,3,1.0,1.0,"Zumindest dann, wenn die Arbeitsbedingungen aufgrund kollektivrechtlicher Vereinbarungen gelten.","Zumindest dann, wenn die Arbeitsbedingungen aufgrund kollektivrechtlicher Vereinbarungen gelten."
2786,4,1,0.88,0.88,"Es gibt etwas, was das verhindert und das ist seine Begegnung mit Sokrates.","Es gibt etwas, was das verhindert und das ist seine Begegnung mit Sokrates."
2787,6,4,1.0,1.0,Entsprechend will er als möglicher Bildungsminister die Schulen neu ordnen.,Entsprechend will er als möglicher Bildungsminister die Schulen neu ordnen.
2788,6,5,1.0,1.0,"Solch eine schamlose Frau, die sollte man ausziehen lassen!",Solch ein Sieg dient nur deinem Hochmut und macht dich schwächer.
2789,6,4,1.0,1.0,Mitte 1942 sollen Hunderte der neuen P38 von den Bändern rollen.,Also wir rollen das nicht im Rachen sondern am Gaumen quasi.
2790,5,4,1.0,1.0,Jetzt brechen wir mal wieder die Versprechen der Erweiterung.,Jetzt brechen wir mal wieder die Versprechen der Erweiterung.
2791,7,3,0.94,0.94,Eine rasche Reaktion von Frankreich wäre hier auf keinen nennenswerten Widerstand gestoßen.,Eine rasche Reaktion von Frankreich wäre hier auf keinen nennenswerten Widerstand gestoßen.
2792,5,2,0.76,0.76,"Sicherer aber handwerklich schwieriger ist ein Vorgehen, bei dem die Nadel nicht zurück gezogen wird.",Das harte Vorgehen zeigt schnell Wirkung.
2793,5,1,1.0,1.0,"Was sie uns nicht zeigt, ist die Grenze des Transports.","Was sie uns nicht zeigt, ist die Grenze des Transports."
2794,6,3,1.0,1.0,Also Fristen kann ich Ihnen dazu jetzt nicht nennen.,Also Fristen kann ich Ihnen dazu jetzt nicht nennen.
2795,6,5,1.0,1.0,Eine Aufseherin kontrolliert alles genau und winkt schon wieder die Nächste.,Eine Aufseherin kontrolliert alles genau und winkt schon wieder die Nächste.
2796,6,4,0.94,0.94,Sie überschreiten hier eine gefährlich dünne Linie und das wird Ihnen leid.,"Einmal überschritten, bedeutet zum Zentrum zu fallen, in die Zukunft zu fallen."
2797,5,1,1.0,1.0,"Eine deutsche Frau zu daten, kann das Leben verändern.","Eine deutsche Frau zu daten, kann das Leben verändern."
2798,5,3,1.0,1.0,"Nicht Abhängigkeit, sondern Augenhöhe entsteht in dieser kargen Natur.","Denn selbst Jesus, Jesus hat immer seine Abhängigkeit vom Vater gezeigt."
2799,6,1,0.94,0.94,"Ich hätte dir nicht vorschreiben sollen, wie man mit den Schülern umgeht.","Ich hätte dir nicht vorschreiben sollen, wie man mit den Schülern umgeht."
2800,6,4,1.0,1.0,"Marketa flüsterte in die Kamera, dass er ihr vertrauen solle.","Marketa flüsterte in die Kamera, dass er ihr vertrauen solle."
2801,6,3,1.0,1.0,"Ja, vielleicht irgendjemand von der Presse, ein Konkurrent vom Journal.","Ja, vielleicht irgendjemand von der Presse, ein Konkurrent vom Journal."
2802,6,2,1.0,1.0,Der Protest richtet sich gegen Trumps autoritären Regierungsstil per Dekret.,Der Protest richtet sich gegen Trumps autoritären Regierungsstil per Dekret.
2803,5,2,1.0,1.0,Drei unterschiedliche Reize treffen zu verschiedenen Zeiten in deinem Gehirn ein.,Drei unterschiedliche Reize treffen zu verschiedenen Zeiten in deinem Gehirn ein.
2804,6,2,1.0,1.0,Ich werde Gu Yan ganz bestimmt nicht zur Last fallen!,Ich werde Gu Yan ganz bestimmt nicht zur Last fallen!
2805,6,4,0.94,0.94,"Ein anderer Grund kann sein, dass Produktionskosten, wie Rohstoffe und Löhne steigen.","Ein anderer Grund kann sein, dass Produktionskosten, wie Rohstoffe und Löhne steigen."
2806,6,4,1.0,1.0,Früher hätte ich vielleicht einfach genickt und später allein gerätselt.,Früher hätte ich vielleicht einfach genickt und später allein gerätselt.
2807,6,2,1.0,1.0,Am Anfang entfallen mir ständig die Artikel der deutschen Wörter.,Am Anfang entfallen mir ständig die Artikel der deutschen Wörter.
2808,6,3,1.0,1.0,"Yes, die Abo-Version, mit der du ohne Einschränkungen Videos schneiden kannst.","Yes, die Abo-Version, mit der du ohne Einschränkungen Videos schneiden kannst."
2809,5,2,0.92,0.92,Es kann aus dem Nichts eine Störung auftreten.,Es kann aus dem Nichts eine Störung auftreten.
2810,6,2,1.0,1.0,"Wessen Name steht auf Ihren Schecks, Premiere Edge oder French Vanilla?",Ich habe dich Anfang der Woche bei Premiere Edge gesehen.
2811,6,2,1.0,1.0,"Mädchen gelingt es oft, die Symptome besser zu verbergen.","Mädchen gelingt es oft, die Symptome besser zu verbergen."
2812,6,2,1.0,1.0,Im März 1945 erhält das Jagdgeschwader 400 den Befehl zur Auflösung.,Im März 1945 erhält das Jagdgeschwader 400 den Befehl zur Auflösung.
2813,7,4,1.0,1.0,Proteine sind quasi 3D-Puzzleteilchen mit einer ganz spezifischen Form.,Proteine sind quasi 3D-Puzzleteilchen mit einer ganz spezifischen Form.
2814,6,3,1.0,1.0,"Die wollen den Sozialismus, also vereinfacht gesagt eine Gleichverteilung allen Eigentums.","Die wollen den Sozialismus, also vereinfacht gesagt eine Gleichverteilung allen Eigentums."
2815,7,4,0.92,0.92,Wie kann ein derartiges Vorgehen technisch umgesetzt werden?,Wie kann ein derartiges Vorgehen technisch umgesetzt werden?
2816,6,3,1.0,1.0,Wenn die Zinsen angehoben werden sieht das ganze anders aus.,Wenn die Zinsen angehoben werden sieht das ganze anders aus.
2817,6,4,1.0,1.0,Woher ihr all die Angaben wie Auflage und Erscheinungsort wissen sollt?,Woher ihr all die Angaben wie Auflage und Erscheinungsort wissen sollt?
2818,6,3,0.94,0.94,"Hätten Sie sich vorstellen können, dass mich ein Mann so befriedigen kann?","Hätten Sie sich vorstellen können, dass mich ein Mann so befriedigen kann?"
2819,7,2,1.0,1.0,Come Wetten sind vergleichbar mit den Pass Line Wetten.,Come Wetten sind vergleichbar mit den Pass Line Wetten.
2820,5,4,1.0,1.0,Wir haben mal das Labor Day Wochenende zusammen verbracht.,Das Labor muss hier ganz in der Nähe sein.
2821,6,4,0.92,0.92,Es ist nicht das einzige Zählgerät im Landkreis.,"Als Arbeitsbeschaffungs- und Bildungsmaßnahme des Landkreises, als ABM."
2822,6,5,1.0,1.0,Das führt nahezu zur kompletten Beendigung der Tierhaltung in Deutschland.,Das führt nahezu zur kompletten Beendigung der Tierhaltung in Deutschland.
2823,6,5,1.0,1.0,"Im Westen versuchte man, die Kinder zu freien Persönlichkeiten zu erziehen.","Im Westen versuchte man, die Kinder zu freien Persönlichkeiten zu erziehen."
2824,6,2,0.94,0.94,"Also das menschliche Gehirn ist das komplizierteste physikalische Objekt, was wir kennen.","Also das menschliche Gehirn ist das komplizierteste physikalische Objekt, was wir kennen."
2825,6,3,1.0,1.0,"Und nun kommt der Tanz, den ich euch beigebracht habe.","Der Tanz, der dreht sich wie im Kreis verkehr."
2826,6,3,1.0,1.0,"Tja, dort gibt es auch Hitze, Staub, Fliegen und Durst.",Man will jedoch zunächst den aufgewirbelten Staub sich setzen lassen.
2827,7,4,1.0,1.0,"Aber wir können auch mathematisch zeigen, dass es das nicht gibt.","Aber wir können auch mathematisch zeigen, dass es das nicht gibt."
2828,6,3,0.94,0.94,"Als das Stolpern 100 Millisekunden später bemerkst, erholt sich dein Körper bereits.","Als das Stolpern 100 Millisekunden später bemerkst, erholt sich dein Körper bereits."
2829,6,4,1.0,1.0,"Was passiert, wenn die Diagnose Krebs das eigene Kind betrifft?","Was passiert, wenn die Diagnose Krebs das eigene Kind betrifft?"
2830,5,2,1.0,1.0,Unsere Darstellung von Aktien und Börse ist natürlich stark vereinfacht.,Unsere Darstellung von Aktien und Börse ist natürlich stark vereinfacht.
2831,5,2,1.0,1.0,"In den 70er Jahren erreicht der Terrorismus eine neue, internationale Dimension.","In den 70er Jahren erreicht der Terrorismus eine neue, internationale Dimension."
2832,5,2,1.0,1.0,"Zu oft waren die Befunde negativ, neue Metastasen gewachsen.","Zu oft waren die Befunde negativ, neue Metastasen gewachsen."
2833,5,2,1.0,1.0,Nur durch das Abpumpen des Sees konnten sie sie bergen.,Nur durch das Abpumpen des Sees konnten sie sie bergen.
2834,6,4,0.88,0.88,"Es trägt vor allem seine Handschrift: Hans-Thomas Tillschneider gilt als fleißiges, intellektuelles Zentrum.","Es trägt vor allem seine Handschrift: Hans-Thomas Tillschneider gilt als fleißiges, intellektuelles Zentrum."
2835,7,4,0.94,0.94,"Nein, aber auf dem Video sehe ich keinerlei Desinfektionsmittel, die verwendet werden.","Nein, aber auf dem Video sehe ich keinerlei Desinfektionsmittel, die verwendet werden."
2836,6,4,0.88,0.88,"Die jedem Kind in jedes Haus folgen können, ohne mich drau zu erwecken.","Die jedem Kind in jedes Haus folgen können, ohne mich drau zu erwecken."
2837,6,2,0.94,0.94,"Sie sind schlecht für eine Schlacht im Winter ausgerüstet, erschöpft und demoralisiert.","Den nächsten Ausdruck verwenden wir, wenn wir erschöpft sind oder müde sind."
2838,6,5,1.0,1.0,Meine Großmutter und mein Großvater wohnen auch bei uns.,Dein Großvater hat sehr hart dafür gearbeitet das Familienunternehmen aufzubauen.
2839,6,3,0.92,0.92,Sie hat mich absichtlich in diese Falle gelockt!,Die AfD will deutsche Auswanderer nach Sachsen-Anhalt locken.
2840,7,6,1.0,1.0,"Klar, die Zwei-Eimer-Wäsche, Multi-Waschhandschuh-Methode ist mit Sicherheit schonender, gründlicher und günstiger.","Ganz wichtig, wir waschen gründlich von oben nach unten schematisch."
2841,6,3,1.0,1.0,"Hi, ich brauche eine Information über den optischen Verstärker JBT15SX.","Hi, ich brauche eine Information über den optischen Verstärker JBT15SX."
2842,6,3,1.0,1.0,"Ich kann aber diesen Sack benutzen, um andere dinge zu klauen!","Ich kann aber diesen Sack benutzen, um andere dinge zu klauen!"
2843,5,3,1.0,1.0,Die haben ganz schön doof aus der Wäsche geguckt.,Die haben ganz schön doof aus der Wäsche geguckt.
2844,6,4,1.0,1.0,Mit der richtigen Ausstattung geht es zurück an die Arbeit.,"Kosten für Bau und Ausstattung: fast 2,5 Millionen Mark."
2845,6,3,1.0,1.0,Doch an der Benediktenwand wurden vor vielen Jahren Steinböcke angesiedelt.,Doch an der Benediktenwand wurden vor vielen Jahren Steinböcke angesiedelt.
2846,6,2,1.0,1.0,"Wie sie sehen ist das Schlafzimmer schlicht, aber elegant.","Wie sie sehen ist das Schlafzimmer schlicht, aber elegant."
2847,7,3,1.0,1.0,Ich kann nicht mehr allein mit dem Bus sonst wo hinfahren.,Ich kann nicht mehr allein mit dem Bus sonst wo hinfahren.
2848,5,1,0.84,0.84,Lass uns den Glauben in Betracht ziehen.,Lass uns den Glauben in Betracht ziehen.
2849,6,3,1.0,1.0,"Ich weiß nicht, sozusagen, auf welche Differenzierung Sie jetzt noch wollen.",Es lässt sich grundlegend zwischen zwei Formen von Differenzierung unterscheiden.
2850,6,3,0.94,0.94,Statt dessen wird die Nadel fixiert und nur der umhüllende Katheter vorgeschoben.,Statt dessen wird die Nadel fixiert und nur der umhüllende Katheter vorgeschoben.
2851,7,3,0.94,0.94,Jetzt müssen wir noch den Abschreibungsbetrag noch über die lineare Formel berechnen.,Jetzt müssen wir noch den Abschreibungsbetrag noch über die lineare Formel berechnen.
2852,6,3,0.88,0.88,"Und jetzt bei Großanlagen, Industrieanlagen, die enormen Belastungen oder auch Gesundheitsschäden hervorrufen können.","Und jetzt bei Großanlagen, Industrieanlagen, die enormen Belastungen oder auch Gesundheitsschäden hervorrufen können."
2853,7,2,1.0,1.0,Neues Terrain erobert er sich mühsam Schritt für Schritt.,Beispielsätze: Er musste sich die neue Software mühsam selbst aneignen.
2854,7,2,1.0,1.0,"Stumme Szenen (Sinikka auf AB) ""Ich bin's."" ""Ich schlaf bei Marie.","Stumme Szenen (Sinikka auf AB) ""Ich bin's."" ""Ich schlaf bei Marie."
2855,5,4,0.94,0.94,Und ich muss hier drei Stunden sitzen und auf die Angelrute starren.,Und ich muss hier drei Stunden sitzen und auf die Angelrute starren.
2856,7,2,0.92,0.92,Lerne jetzt mit italki fließend Deutsch zu sprechen!,Lerne jetzt mit italki fließend Deutsch zu sprechen!
2857,6,3,1.0,1.0,Janet Williams kommentiert Willys Beschreibung seiner Begegnungen mit Williams.,Auf seinem Kanal mit inzwischen 61.000 Abonnenten kommentiert er politische Themen.
2858,6,3,0.82,0.82,"Ihre Augen strahlten eine Wärme aus, die Thomas seit langem nicht mehr gesehen hatte.","Die Backstellenbände wurden sand gestrahlt, die Böden aufgearbeitet und dazu passend gibt's dunkle Stühle."
2859,6,1,0.88,0.88,Ich werde jetzt zu meinen Eltern fahren und ihnen von meiner Schwangerschaft erzählen.,Ich werde jetzt zu meinen Eltern fahren und ihnen von meiner Schwangerschaft erzählen.
2860,6,2,1.0,1.0,In der Informationsblase alternativer Medien werden Menschen zu kritiklosen Anhängern.,In der Informationsblase alternativer Medien werden Menschen zu kritiklosen Anhängern.
2861,7,2,1.0,1.0,Außerdem verlangt er die Überlassung aller militärischen und landwirtschaftlichen Einrichtungen.,Die landwirtschaftliche Revolution macht die industrielle Revolution erst möglich.
2862,6,3,1.0,1.0,"Sieh mal, wer beschlossen hat, uns mit seiner Anwesenheit zu beglücken.","Sieh mal, wer beschlossen hat, uns mit seiner Anwesenheit zu beglücken."
2863,7,7,1.0,1.0,Naja in letzter Zeit haben wir sehr wenig Kontakt zueinander.,Naja in letzter Zeit haben wir sehr wenig Kontakt zueinander.
2864,7,3,1.0,1.0,"Wenn zwischendurch mal das Telefon klingelt, sollte man es klingeln lassen.","Wenn zwischendurch mal das Telefon klingelt, sollte man es klingeln lassen."
2865,5,2,1.0,1.0,Als Folge dessen gründen sich die ersten Gewerkschaften und Verbände.,Als Folge dessen gründen sich die ersten Gewerkschaften und Verbände.
2866,6,4,1.0,1.0,„Die Autobahnen werden erwartet.“ eisig und sehr gefährlich werden.,"Das ist vom Himmel nun gekommen, nicht von der Autobahn."
2867,5,4,1.0,1.0,"Ich präsentiere dir stolz, mein Mühlen Set nach eigenem Design.","Ich präsentiere dir stolz, mein Mühlen Set nach eigenem Design."
2868,7,2,0.82,0.82,"Vor allem, weil die Kugel in seinem Thorax die Wahrscheinlichkeit einer Infektion drastisch erhöht.","Vor allem, weil die Kugel in seinem Thorax die Wahrscheinlichkeit einer Infektion drastisch erhöht."
2869,6,3,1.0,1.0,"Das Märchen vor dem Einbruch, das könnt ihr jemand anderem erzählen.","Das Märchen vor dem Einbruch, das könnt ihr jemand anderem erzählen."
2870,5,3,1.0,1.0,"Mit seiner Verlobten Leni, hier am Steuer, hat er mehrere Firmen.","Mit seiner Verlobten Leni, hier am Steuer, hat er mehrere Firmen."
2871,7,4,1.0,1.0,Das Sprachengebet entspricht dem Seufzen oder Stöhnen im Alten Testament.,Das Sprachengebet entspricht dem Seufzen oder Stöhnen im Alten Testament.
2872,7,2,0.92,0.92,"Wir sind stolz darauf, hier daheim zu sein.","Wir sind stolz darauf, hier daheim zu sein."
2873,5,1,1.0,1.0,"Und um diese Leute auch zu kennzeichnen, arbeiten wir mit Armbändchen.","Und um diese Leute auch zu kennzeichnen, arbeiten wir mit Armbändchen."
2874,7,1,0.92,0.92,Die Begegnung mit Samira hat mich nachdenklich gemacht.,Die Begegnung mit Samira hat mich nachdenklich gemacht.
2875,5,3,1.0,1.0,"Und er hilft uns Frauen, wenn wir mit Holz arbeiten.","Martin, du musst die Nägel in das Holz hämmern."
2876,6,2,1.0,1.0,Wir haben in dem Änderungsantrag deutlich gemacht: Wir wollen Weiterbildung einbeziehen.,Wir haben in dem Änderungsantrag deutlich gemacht: Wir wollen Weiterbildung einbeziehen.
2877,6,1,0.88,0.88,"Und das ist auch ein Unrecht, das den Arbeitern und Ingenieuren widerfahren ist.","Und das ist auch ein Unrecht, das den Arbeitern und Ingenieuren widerfahren ist."
2878,7,2,1.0,1.0,"Sicherstellen, dass alles reibungslos und nach Plan verläuft, ohne unerwartete Probleme.","Sicherstellen, dass alles reibungslos und nach Plan verläuft, ohne unerwartete Probleme."
2879,6,1,0.92,0.92,Ich habe ihn noch nie so hilflos gesehen.,Ich habe ihn noch nie so hilflos gesehen.
2880,6,3,1.0,1.0,Y hat sie zerrissen und in der Toilette runtergeschen.,Y hat sie zerrissen und in der Toilette runtergeschen.
2881,7,4,1.0,1.0,Und versuch dich nicht aus dem Büro zu schleichen.,"Ich werde in den Palast schleichen, um mehr zu erfahren."
2882,5,1,1.0,1.0,Für die Beratung würden wir 5% der Gewinne einbehalten.,Für die Beratung würden wir 5% der Gewinne einbehalten.
2883,6,3,0.92,0.92,"In der Abwehr: Robertson, Rüdiger, Saliba und Cancelo.","In der Abwehr: Robertson, Rüdiger, Saliba und Cancelo."
2884,6,2,0.94,0.94,"Jetzt weiß ich nicht mehr, wie ich mich ihm gegenüber benehmen soll.",Heben Sie also Ihr Kinn hoch und benehmen Sie sich wie einer.
2885,4,2,1.0,1.0,"Wo auch immer wir waren, der Missbrauch hörte nicht auf.","Wo auch immer wir waren, der Missbrauch hörte nicht auf."
2886,4,1,0.88,0.88,"Ich sehe, dass die Jahreszeiten auf der Insel anders sind als in England.","Ich sehe, dass die Jahreszeiten auf der Insel anders sind als in England."
2887,5,2,1.0,1.0,Kollidierende Teilchen und Reibung heizen diese Scheibe auf hunderttausende Grad auf.,Kollidierende Teilchen und Reibung heizen diese Scheibe auf hunderttausende Grad auf.
2888,5,3,1.0,1.0,"Und das Nutzen einzelner Stämme, Teile von Stämmen oder Truppen aus.","Und das Nutzen einzelner Stämme, Teile von Stämmen oder Truppen aus."
2889,4,1,1.0,1.0,Als nächstes darf ich ganz herzlich unseren hoffentlich nächsten Ministerpräsidenten ankündigen.,Als nächstes darf ich ganz herzlich unseren hoffentlich nächsten Ministerpräsidenten ankündigen.
2890,6,5,1.0,1.0,"Ich glaube, der Hund kann mir bei der Jagd helfen.","Ich glaube, der Hund kann mir bei der Jagd helfen."
2891,4,3,1.0,1.0,Oder der Gebrauch dieser öffentlich-rechtlichen Nachrichtenmarke als Gütesiegel fürs kommerzielle True-Crime-Entertainment?,Es gibt bessere Infrastruktur und zunehmend ähnliche Regeln und Gebräuche.
2892,5,4,0.92,0.92,Man hat auch noch eine realweltliche Komponente gehabt.,Man hat auch noch eine realweltliche Komponente gehabt.
2893,5,0,0.68,0.68,"Proletarier aller Länder, vereinigt euch!",Die Arbeiter haben sich vereinigt.
2894,6,4,1.0,1.0,So kann man das Gelernte direkt anwenden und vertiefen.,So kann man das Gelernte direkt anwenden und vertiefen.
2895,6,2,1.0,1.0,Auf Frühling und Sommer folgen Herbst und Winter im steten Wechsel.,Auf Frühling und Sommer folgen Herbst und Winter im steten Wechsel.
2896,5,5,1.0,1.0,Viele der früheren Bewohner stecken mittendrin fest und verhungern langsam.,Viele der früheren Bewohner stecken mittendrin fest und verhungern langsam.
2897,6,3,1.0,1.0,Und was macht ein Philosoph wie Marx in so einer Situation?,Und was macht ein Philosoph wie Marx in so einer Situation?
2898,6,4,0.94,0.94,"Ein weiterer Aspekt, den wir nicht vernachlässigen sollten, ist die intrinsische Motivation.","Ein weiterer Aspekt, den wir nicht vernachlässigen sollten, ist die intrinsische Motivation."
2899,6,5,1.0,1.0,Ein weiterer wichtiger Bestandteil der Selbstregulierung ist die Anpassungsfähigkeit.,Ein weiterer wichtiger Bestandteil der Selbstregulierung ist die Anpassungsfähigkeit.
2900,6,4,1.0,1.0,"Zeiterfassung, Kontakte, Schriftwechsel, Berichte, auf die ich Zugriff habe.","Zeiterfassung, Kontakte, Schriftwechsel, Berichte, auf die ich Zugriff habe."
2901,4,0,0.76,0.76,Den haben wir einfach wieder vorgetragen.,Den haben wir einfach wieder vorgetragen.
2902,5,2,1.0,1.0,Auch Handwerker und Händler kommen von überall her nach Rom.,Auch Handwerker und Händler kommen von überall her nach Rom.
2903,5,0,0.76,0.76,Die politische Opposition wird systematisch unterdrückt.,APO nennen sie sich: Außerparlamentarische Opposition.
2904,4,3,1.0,1.0,"Ihr könnt ja mal schauen, was euch davon am meisten interessiert.","Allerdings ist das meiste, was sie schützt, ohnehin nicht besonders wertvoll."
2905,5,2,1.0,1.0,Habt ihr schon mal radikale Tendenzen in eurem Umfeld erlebt?,Habt ihr schon mal radikale Tendenzen in eurem Umfeld erlebt?
2906,5,1,1.0,1.0,Aus welchem Motiv heraus wollen Leute eine Schule umbenennen?,Aus welchem Motiv heraus wollen Leute eine Schule umbenennen?
2907,5,1,0.94,0.94,Das ist in Herrenchiemsee als Verfassung für den neuen Staat erarbeitet worden.,Das ist in Herrenchiemsee als Verfassung für den neuen Staat erarbeitet worden.
2908,5,3,1.0,1.0,"Ich wundere mich, dass ihn überhaupt jemand die Geschichte abgekauft hat.","Da dürfen Sie sich nicht wundern, wenn Sie plechen."
2909,5,3,0.94,0.94,In einer umfassenden Erzählung wie es die Geschichte vom Trojanischen Krieg ist.,In einer umfassenden Erzählung wie es die Geschichte vom Trojanischen Krieg ist.
2910,5,2,1.0,1.0,"Ein paar Leute, die sich nicht ausweisen konnten, wurden festgenommen.","Ein paar Leute, die sich nicht ausweisen konnten, wurden festgenommen."
2911,5,2,1.0,1.0,Damit sollte man die Fantasie eines Mannes anregen können.,Damit sollte man die Fantasie eines Mannes anregen können.
2912,4,3,1.0,1.0,"Und stellt sicher, dass die Finanzierung dauerhaft gesichert ist.",Das Problem: Die Finanzierungen solcher Präventionsprojekte sind oft nur kurzfristig gesichert.
2913,5,2,1.0,1.0,Aber was könnte einen jungen Mann am Islamischen Staat faszinieren?,Aber was könnte einen jungen Mann am Islamischen Staat faszinieren?
2914,5,2,0.88,0.88,Die Studierenden müssen sowohl in der Hochschule als auch im Unternehmen Höchstleistungen erbringen.,Die Studierenden müssen sowohl in der Hochschule als auch im Unternehmen Höchstleistungen erbringen.
2915,5,1,1.0,1.0,"Hör zu, der Regisseur und sein Team wollen mich treffen.","Hör zu, der Regisseur und sein Team wollen mich treffen."
2916,4,1,0.88,0.88,Diese fünf Tipps für ein sicheres Auftreten beim Vortrag habe ich für dich.,Diese fünf Tipps für ein sicheres Auftreten beim Vortrag habe ich für dich.
2917,5,4,1.0,1.0,"Verrat darf Erfolg nicht krönen, hat ein englischer Dichter geschrieben.",Ein Dichter wie er reicht einer Frau schon als Feind.
2918,5,1,1.0,1.0,"Man muss nur etwas klar differenzieren, und das macht die Bundesregierung.","Man muss nur etwas klar differenzieren, und das macht die Bundesregierung."
2919,4,4,1.0,1.0,Hier werden die Gemeinkosten auf die einzelnen Stellen der Entstehung zugerechnet.,Hier werden die Gemeinkosten auf die einzelnen Stellen der Entstehung zugerechnet.
2920,5,1,1.0,1.0,"Alles, was im Fragebogen auf dich zutrifft, solltest du angeben.","Alles, was im Fragebogen auf dich zutrifft, solltest du angeben."
2921,5,3,1.0,1.0,Selbstverständlich habe ich mich mit den Nebenwirkungen intensiv beschäftigt.,Selbstverständlich habe ich mich mit den Nebenwirkungen intensiv beschäftigt.
2922,4,2,0.88,0.88,"Das ist also die praktische Anwendung von allem, was wir bisher besprochen haben.","Das ist also die praktische Anwendung von allem, was wir bisher besprochen haben."
2923,5,2,1.0,1.0,"Tut tut mir leid, ich habe nur meinen Mantel vergessen.","Tut tut mir leid, ich habe nur meinen Mantel vergessen."
2924,3,2,1.0,1.0,"Das ist unsere Kündigung und danke, dass Sie uns beschäftigt haben.","Das ist unsere Kündigung und danke, dass Sie uns beschäftigt haben."
2925,5,3,1.0,1.0,"Wenn man den Horizont berühren kann, ist die Reise beinahe vorüber.","Wenn man den Horizont berühren kann, ist die Reise beinahe vorüber."
2926,5,2,1.0,1.0,Beim direkten Zitieren über drei Zeilen lasst ihr die Anführungszeichen weg.,Beim direkten Zitieren über drei Zeilen lasst ihr die Anführungszeichen weg.
2927,5,2,0.82,0.82,"Oh wow, wer kommt denn da aufgedonnert wie ein Supermodel aus den Ferien zurück?","Oh wow, wer kommt denn da aufgedonnert wie ein Supermodel aus den Ferien zurück?"
2928,4,1,0.92,0.92,Die Angehörigen beklagen einen unangemessenen Umgangston der Polizei.,Die Angehörigen beklagen einen unangemessenen Umgangston der Polizei.
2929,4,1,0.92,0.92,Denn es genügt nicht zu sagen: Vitruv schweigt.,Denn es genügt nicht zu sagen: Vitruv schweigt.
2930,4,0,0.68,0.68,Nochmals danke für Ihre Hilfe.,Nochmals danke für Ihre Hilfe.
2931,3,1,0.94,0.94,Platon hat das mal in Form des Liniengleichnisses in der Politeia geschildert.,Platon hat das mal in Form des Liniengleichnisses in der Politeia geschildert.
2932,5,2,1.0,1.0,Meister W Meister Ab daus hin verweigert sich meinen Anweisungen.,Meister W Meister Ab daus hin verweigert sich meinen Anweisungen.
2933,4,3,0.88,0.88,"Jetzt möchte ich aber studieren, um bessere Chancen auf dem Arbeitsmarkt zu haben.","Jetzt möchte ich aber studieren, um bessere Chancen auf dem Arbeitsmarkt zu haben."
2934,5,4,1.0,1.0,"Powers hat angedeutet, dass die Russen durch Oswold genügend Informationen hatten.","Powers hat angedeutet, dass die Russen durch Oswold genügend Informationen hatten."
2935,5,1,1.0,1.0,Du wirst ein berühmter Maler und ich bin live dabei.,Du wirst ein berühmter Maler und ich bin live dabei.
2936,5,1,0.82,0.82,Zuerst pressen wir jede Qualle Tentakel für Tentakel in eine Neoprenanzug aus Nylon 1111.,Zuerst pressen wir jede Qualle Tentakel für Tentakel in eine Neoprenanzug aus Nylon 1111.
2937,5,1,0.92,0.92,Und auch diese Resultate werden frei zugänglich gemacht.,Und auch diese Resultate werden frei zugänglich gemacht.
2938,5,2,0.92,0.92,Man muss einfach oft aufzeigen und viel erzählen.,Man muss einfach oft aufzeigen und viel erzählen.
2939,5,1,0.92,0.92,Die Post müsste schon in Basen City sein.,Die Post müsste schon in Basen City sein.
2940,6,3,1.0,1.0,"Sein Rückzug ist keine chaotische Flucht, sondern vielmehr taktisches Manöver.","Sein Rückzug ist keine chaotische Flucht, sondern vielmehr taktisches Manöver."
2941,5,3,1.0,1.0,"Das ist also das, was da unter Verarbeitung zu verstehen ist.","Das ist also das, was da unter Verarbeitung zu verstehen ist."
2942,5,1,0.76,0.76,"Also Dina A3, für den ich nicht mal Barf bekomme, aber der sich fantastisch anfällt.","Also Dina A3, für den ich nicht mal Barf bekomme, aber der sich fantastisch anfällt."
2943,5,3,1.0,1.0,Ich werde den Sachverhalt prüfen und mich umgehend bei Ihnen melden.,Aber ohne sich mit dem Sachverhalt auseinander zu setzen.
2944,5,2,1.0,1.0,Ungefähr nach der Hälfte der Probe haben sie die Rampe weggetragen.,Ungefähr nach der Hälfte der Probe haben sie die Rampe weggetragen.
2945,4,1,1.0,1.0,Links biegt sie sich ein bisschen zu weit runter.,Links biegt sie sich ein bisschen zu weit runter.
2946,6,4,1.0,1.0,Fast 300.000 Generationen lang schufen sie eine biologische Grundlage.,Deshalb haben Bäume ausgeklügelte biologische Industrie-Metropolen entwickelt: ihre Kronen.
2947,5,2,1.0,1.0,"Das ist das erste Mal, dass ein Staatsanwalt keine Einsicht bekommt.","Das ist das erste Mal, dass ein Staatsanwalt keine Einsicht bekommt."
2948,5,2,1.0,1.0,"Können Sie uns schildern, was ich da abgespielt hat?",Abspielen und Pausieren kannst du dein Video mit der Leertaste.
2949,5,2,1.0,1.0,"Dass es eine bessere Lösung gäbe, dass er Honecker ablöst.","Dass es eine bessere Lösung gäbe, dass er Honecker ablöst."
2950,5,2,0.92,0.92,"Das sind die Meinungen, die wir nicht abbilden.","Das sind die Meinungen, die wir nicht abbilden."
2951,4,3,1.0,1.0,Diese Reservierung ist zu groß damit ich es selbst abdecken kann.,Diese Reservierung ist zu groß damit ich es selbst abdecken kann.
2952,4,2,1.0,1.0,"Die anderen Autoren haben darauf zurückgegriffen, deshalb stimmen wesentliche Passagen überein.","Die anderen Autoren haben darauf zurückgegriffen, deshalb stimmen wesentliche Passagen überein."
2953,6,2,1.0,1.0,"Der Beschluss bleibt verbindlich, bis er mittels der Anfechtungsklage beseitigt wird.","Der Beschluss bleibt verbindlich, bis er mittels der Anfechtungsklage beseitigt wird."
2954,3,1,0.94,0.94,"Lange ist das Band zwischen Honecker und Naumann sehr eng, sogar privat.","Lange ist das Band zwischen Honecker und Naumann sehr eng, sogar privat."
2955,5,3,1.0,1.0,Hier gab's in den letzten drei Wochen vier Beschwerden.,Hier gab's in den letzten drei Wochen vier Beschwerden.
2956,5,1,1.0,1.0,Ich finde das ist auch noch mal eine wichtige Feststellung.,Ich finde das ist auch noch mal eine wichtige Feststellung.
2957,5,3,1.0,1.0,Hierzu wird das Desinfektionsmittel entweder aufgesprüht oder mit einem Tupfer aufgetragen.,Hierzu wird das Desinfektionsmittel entweder aufgesprüht oder mit einem Tupfer aufgetragen.
2958,5,1,1.0,1.0,"Studien zu sozialer Bewertung zeigen, dass permanente Beobachtung das Stresssystem aktiviert.","Studien zu sozialer Bewertung zeigen, dass permanente Beobachtung das Stresssystem aktiviert."
2959,5,2,1.0,1.0,"Was bedeutet das in der heutigen Zeit, kein Einzelfall?","Was bedeutet das in der heutigen Zeit, kein Einzelfall?"
2960,3,1,1.0,1.0,"Das Ergebnis: Ein starker Anstieg von Wörtern, die KIs gern benutzen.","Das Ergebnis: Ein starker Anstieg von Wörtern, die KIs gern benutzen."
2961,5,1,1.0,1.0,Denn deine Zunge und Gottes Herrlichkeit sind miteinander verknüpft.,Denn deine Zunge und Gottes Herrlichkeit sind miteinander verknüpft.
2962,6,2,1.0,1.0,Wir müssen die Kosten hinsichtlich des Budgets genau prüfen.,"Man weiß nicht, was irgendwann vielleicht hinsichtlich einer Tumorgeschichte wäre."
2963,5,3,1.0,1.0,Mit Beginn der Neuzeit scheiden größere Territorien aus dem Reich aus.,Mit Beginn der Neuzeit scheiden größere Territorien aus dem Reich aus.
2964,3,1,1.0,1.0,"Jallah setzt euch hin, heute alles auf meine Nacken.","Jallah setzt euch hin, heute alles auf meine Nacken."
2965,3,2,1.0,1.0,Sie haben die Pflicht zur Pflege und Erziehung ihrer Kinder.,Sie haben die Pflicht zur Pflege und Erziehung ihrer Kinder.
2966,4,3,1.0,1.0,Schon im frühen Mittelalter sind rund 30 % der Wälder verschwunden.,Schon im frühen Mittelalter sind rund 30 % der Wälder verschwunden.
2967,5,2,1.0,1.0,Gemeinsam können sie mehr durchsetzen und mehr Arbeit bewältigen.,Gemeinsam können sie mehr durchsetzen und mehr Arbeit bewältigen.
2968,5,2,1.0,1.0,Denn Steuern sollen auch zu einem sozialen Ausgleich führen.,Denn Steuern sollen auch zu einem sozialen Ausgleich führen.
2969,4,0,0.76,0.76,Hast du diese App dann ausgestellt?,Hast du diese App dann ausgestellt?
2970,6,6,1.0,1.0,"Ja, es wäre jedenfalls ungünstig, wenn er nicht zustande hat.",Gesellschafterbeschlüsse kommen mit der Mehrheit der abgegebenen stimmen zustande.
2971,5,3,1.0,1.0,"Wenn das Gras zu hoch ist, nach innen fällt.","Wenn das Gras zu hoch ist, nach innen fällt."
2972,5,2,1.0,1.0,Und eigentlich sollte es eher ein Problem mit Stolz sein.,"Aber Stolz ist eine Kategorie, mit der ich weniger anfangen kann."
2973,4,3,0.88,0.88,Herzlich willkommen zu unserem YouTube-Video über Redemittel für die Teilnahme an einer Diskussion!,Herzlich willkommen zu unserem YouTube-Video über Redemittel für die Teilnahme an einer Diskussion!
2974,4,2,0.82,0.82,"Miss Lincoln hat es erworben zusammen mit diesem Tisch, den Stühlen und den Kommoden.","Miss Lincoln hat es erworben zusammen mit diesem Tisch, den Stühlen und den Kommoden."
2975,5,4,1.0,1.0,"Schon gut, wir werden dafür sorgen, dass es eine Unterhaltung wird.","Schon gut, wir werden dafür sorgen, dass es eine Unterhaltung wird."
2976,5,2,1.0,1.0,"Es ist für mich häufig unverständlich, wieso diese Zahl ansteigt.","Es ist für mich häufig unverständlich, wieso diese Zahl ansteigt."
2977,5,1,0.94,0.94,In diesen 25 Jahren hat der Schweizerfranken also massiv an Wert zugelegt.,In diesen 25 Jahren hat der Schweizerfranken also massiv an Wert zugelegt.
2978,6,3,1.0,1.0,Dann hab ich den Schlitz aufgebrochen mit dem Pickel.,Dann hab ich den Schlitz aufgebrochen mit dem Pickel.
2979,6,0,0.76,0.76,"Ich bin heute außerordentlich gehypt, Opa.","Ich bin heute außerordentlich gehypt, Opa."
2980,4,2,1.0,1.0,Arbeitssicherheit ist gesetzlich geregelt und in diversen Vorschriften festgehalten.,Arbeitssicherheit ist gesetzlich geregelt und in diversen Vorschriften festgehalten.
2981,6,0,0.84,0.84,Wir gehen diesen Weg auch konsequent weiter.,"Und eben, wie du sagtest, konsequent geplant."
2982,6,0,0.68,0.68,Mehrere Pferde nebeneinander in Phalanxen.,Mehrere Pferde nebeneinander in Phalanxen.
2983,4,2,1.0,1.0,"Als ich im Krankenhaus war, habe ich etwas realisiert.","Als ich im Krankenhaus war, habe ich etwas realisiert."
2984,6,4,1.0,1.0,"Nachhaltig ist das nicht, aber für viele einfach praktisch.","Nachhaltig ist das nicht, aber für viele einfach praktisch."
2985,5,4,1.0,1.0,"Heumarkt, eine Straße mit Bars und Spielhallen in der Hanauer Innenstadt.","Heumarkt, eine Straße mit Bars und Spielhallen in der Hanauer Innenstadt."
2986,3,2,1.0,1.0,"Ja, hör zu, ich kann super mit Managern umgehen.","Ja, hör zu, ich kann super mit Managern umgehen."
2987,5,3,1.0,1.0,"Dazu kommt der starke Einsatz von Pestiziden, Antibiotika und Wachstumshormonen.","Dazu kommt der starke Einsatz von Pestiziden, Antibiotika und Wachstumshormonen."
2988,6,3,1.0,1.0,"Wir wussten es bei beiden Kindern nicht, dass sie behindert sind.","Wir wussten es bei beiden Kindern nicht, dass sie behindert sind."
2989,4,2,0.88,0.88,"Da gibt es einige wenige Ausnahmen, aber das ist eine Entscheidung des Gesetzgebers.","Da gibt es einige wenige Ausnahmen, aber das ist eine Entscheidung des Gesetzgebers."
2990,5,2,0.92,0.92,Die Linke Die Linke ist eine sozialistische Partei.,Die Linke Die Linke ist eine sozialistische Partei.
2991,6,2,1.0,1.0,"So was ist immer ärgerlich, kommt aber alltäglich vor.","So was ist immer ärgerlich, kommt aber alltäglich vor."
2992,6,4,1.0,1.0,Im Prinzip exakt so wie bei einem echten physischen Notizbuch.,Im Prinzip exakt so wie bei einem echten physischen Notizbuch.
2993,5,2,0.94,0.94,Die Schauspielerin und der Funktionär sind ein schillerndes Paar in der DDR.,Die Schauspielerin und der Funktionär sind ein schillerndes Paar in der DDR.
2994,6,5,1.0,1.0,Und deshalb liegt sie auch symbolisch zu seinen Füßen.,Und deshalb liegt sie auch symbolisch zu seinen Füßen.
2995,5,3,1.0,1.0,"Dieser wird vor Gericht von Stevens verteidigt, der auf Freispruch plädiert.","Dieser wird vor Gericht von Stevens verteidigt, der auf Freispruch plädiert."
2996,3,2,1.0,1.0,"Widerspricht sich das nicht mit der Chancengleichheit, die wir anstreben wollen?","Widerspricht sich das nicht mit der Chancengleichheit, die wir anstreben wollen?"
2997,5,2,1.0,1.0,Israel soll mehr als 200 Palästinenser aus seinen Gefängnissen entlassen.,Israel soll mehr als 200 Palästinenser aus seinen Gefängnissen entlassen.
2998,5,2,1.0,1.0,Ich bevorzuge so etwas mit einem Priester zu besprechen.,Ich bevorzuge so etwas mit einem Priester zu besprechen.
2999,5,1,1.0,1.0,All diese verschiedenen Sprachen müssen einen gemeinsamen Ursprung haben.,All diese verschiedenen Sprachen müssen einen gemeinsamen Ursprung haben.
3000,6,5,1.0,1.0,"Und das ist bemerkenswert, dass das gerade den Zeitgeist trifft.","Und das ist bemerkenswert, dass das gerade den Zeitgeist trifft."
3001,3,2,0.92,0.92,Und ich füge mich in diesen neuen rein.,Elisabeth Stade fügt sich nicht einfach ihrem Schicksal.
3002,5,3,0.94,0.94,Wir sollten nichts übers Knie brechen und das nicht mit Tempo verwechseln.,Wir sollten nichts übers Knie brechen und das nicht mit Tempo verwechseln.
3003,6,2,0.88,0.88,Nach zehn Jahren im Ausland war sie in ihrer Heimat gewissermaßen eine Fremde.,Nach zehn Jahren im Ausland war sie in ihrer Heimat gewissermaßen eine Fremde.
3004,6,3,1.0,1.0,"Weil der Bronzezeitmensch nicht nur mobil, sondern auch erstaunlich schnell wird.","Weil der Bronzezeitmensch nicht nur mobil, sondern auch erstaunlich schnell wird."
3005,5,2,0.92,0.92,"Unruhe noch auffällig, ja, aber dadurch kein Leidensdruck.",Seit Anfang 2021 ist der Ätna wieder auffällig.
3006,6,4,1.0,1.0,Wissenschaftliche Autoren sind bekannt für ihre endlosen und komplizierten Sätze.,Wissenschaftliche Autoren sind bekannt für ihre endlosen und komplizierten Sätze.
3007,6,2,1.0,1.0,Inwieweit setzen Sie sich für Bonn als UN-Standort in Deutschland ein?,Inwieweit setzen Sie sich für Bonn als UN-Standort in Deutschland ein?
3008,6,3,1.0,1.0,Der Nachteil ist dass das Bild anfängt zu rauschen.,"Da unten rauscht das Wasser, hier gehts ins Tal hinein."
3009,6,4,0.94,0.94,"Das sorgt nicht nur für milde Temperaturen, sondern auch für regelmäßige Jahreszeiten.","Das sorgt nicht nur für milde Temperaturen, sondern auch für regelmäßige Jahreszeiten."
3010,4,0,0.84,0.84,Künftig soll ein Gremium den König wählen.,Künftig soll ein Gremium den König wählen.
3011,6,2,0.88,0.88,Und dann hat mir das auch nicht so richtig spürbar einen Unterschied gemacht.,Und dann hat mir das auch nicht so richtig spürbar einen Unterschied gemacht.
3012,6,3,0.94,0.94,Der betroffene Gesellschafter kann die Kündigung aber durch eine Anfechtungsklage nachträglich beseitigen.,Alle nachträglichen Dateien die du hinzufügst werden jetzt auch hier rein kopiert.
3013,6,2,1.0,1.0,Zum Beispiel beim angekündigten strikten Neutralitätsgebot für die Lehrer.,Auch Landrätin Karina Dörk von der CDU ist strikt dagegen.
3014,5,2,0.92,0.92,Allerdings Im Browser steht die Übersicht Videos Playlist.,Allerdings Im Browser steht die Übersicht Videos Playlist.
3015,6,1,0.94,0.94,"Der FC Bayern München wäre ein eigenes Diskussionsthema, lassen wir mal beiseite.","Der FC Bayern München wäre ein eigenes Diskussionsthema, lassen wir mal beiseite."
3016,4,2,0.94,0.94,"Den Pfarrern wird verboten, dass sie sich in Gottesdiensten zur Politik äußern.","Den Pfarrern wird verboten, dass sie sich in Gottesdiensten zur Politik äußern."
3017,6,3,1.0,1.0,"Wie Sie sehen, ist alles sehr modern und hochwertig.","Wie Sie sehen, ist alles sehr modern und hochwertig."
3018,6,1,0.94,0.94,"Bald segeln wir weit vom Land weg, aber wir fangen keinen Fisch.","Bald segeln wir weit vom Land weg, aber wir fangen keinen Fisch."
3019,5,4,1.0,1.0,"Ja, aber ein bisschen musst du dich schon noch gedulden.","Ja, aber ein bisschen musst du dich schon noch gedulden."
3020,5,4,0.94,0.94,เฮ Sehr geehrte Hörinnen und Hörer an den Rundfunkempfängern im ganzen Reich.,เฮ Sehr geehrte Hörinnen und Hörer an den Rundfunkempfängern im ganzen Reich.
3021,5,2,1.0,1.0,Wir mussten eine Rate von dem Darlehen für das Haus bezahlen.,Wir mussten eine Rate von dem Darlehen für das Haus bezahlen.
3022,5,3,1.0,1.0,Für die Lücken im Bohrloch kann man Bauschaum verwenden.,Für die Lücken im Bohrloch kann man Bauschaum verwenden.
3023,5,2,1.0,1.0,Beim Transferaktionsplan könnte man zum Beispiel den Transformationsplan freiwillig konzipieren.,Beim Transferaktionsplan könnte man zum Beispiel den Transformationsplan freiwillig konzipieren.
3024,3,1,1.0,1.0,Du bist mein Vordergrund und ich bin dein Hintergrund.,Du bist mein Vordergrund und ich bin dein Hintergrund.
3025,5,2,1.0,1.0,Die letzte Reparatur hat mich über 500 Euro gekostet.,Die letzte Reparatur hat mich über 500 Euro gekostet.
3026,5,2,1.0,1.0,Hast du mit uns geschimpft oder uns Hausarrest gegeben?,Hast du mit uns geschimpft oder uns Hausarrest gegeben?
3027,5,4,1.0,1.0,"Je mehr Finger gebissen werden, desto größer die unterdrückte Wut.",Nach 90 Sekunden ist der biochemische Prozess der Wut abgeschlossen.
3028,5,2,1.0,1.0,Hier hat der Aufsichtsrat ein strukturiertes Vergütungssystem zu installieren.,Hier hat der Aufsichtsrat ein strukturiertes Vergütungssystem zu installieren.
3029,5,2,1.0,1.0,Das würden die Araber wohl einen schönen Morgen nennen.,"Und das Programm heißt: Frag einen Araber, frag einen Deutschen!"
3030,5,2,0.94,0.94,Die Kunden vertrauen uns ihre Körper an und wir vollbringen wahre Wunder.,Die Kunden vertrauen uns ihre Körper an und wir vollbringen wahre Wunder.
3031,3,2,0.88,0.88,Tim Mälzer hat nach kurzer Zeit den Dreh raus und schüttelt sein Salatdressing.,Tim Mälzer hat nach kurzer Zeit den Dreh raus und schüttelt sein Salatdressing.
3032,4,0,0.84,0.84,Im Netz gibts Rechner für die Formel.,Im Netz gibts Rechner für die Formel.
3033,5,1,0.88,0.88,"Bevor wir gegangen sind, habe ich noch eine Kerze für meinen Vater angezündet.","Bevor wir gegangen sind, habe ich noch eine Kerze für meinen Vater angezündet."
3034,5,2,1.0,1.0,Die Landesregierung hat sich über diese Frage fast entzweit.,Die Landesregierung hat sich über diese Frage fast entzweit.
3035,4,2,0.88,0.88,Im Verlauf des Dezember folgt Bulgarien mit seiner Kriegserklärung an Amerika und England.,Im Verlauf des Dezember folgt Bulgarien mit seiner Kriegserklärung an Amerika und England.
3036,4,2,1.0,1.0,Das Feedback der Kunden zu unserem Service war durchweg positiv.,Das Feedback der Kunden zu unserem Service war durchweg positiv.
3037,5,3,1.0,1.0,Wir legen die Haut auf das Boot und sie trocknet bald.,Hier können Sie gemütlich Ihre Wäsche waschen und trocknen.
3038,4,3,0.92,0.92,Wir haben eben die eindrucksvolle Vorstellung eines Schauspielers.,Wir haben eben die eindrucksvolle Vorstellung eines Schauspielers.
3039,5,3,1.0,1.0,"Kommt, Leute, der Weib hier gefällt mir gar nicht.","Kommt, Leute, der Weib hier gefällt mir gar nicht."
3040,3,3,1.0,1.0,"Der jüdische Musiker, dessen Antisemitismus-Vorwürfe bundesweit für Aufregung sorgten.",Das erlebt Anfang der 80er auch der Berliner Musiker Horst Kussicke.
3041,4,3,1.0,1.0,"Wir sind weiter besitzergreifend, haben Angst vor Verlust und Wandel.","Wir sind weiter besitzergreifend, haben Angst vor Verlust und Wandel."
3042,4,0,0.84,0.84,Wir wollen es zurückführen auf seine Kernfunktion.,Wir wollen es zurückführen auf seine Kernfunktion.
3043,4,3,1.0,1.0,"Ja, dann lassen Sie sie klingen wie ein Gedicht.","Ja, dann lassen Sie sie klingen wie ein Gedicht."
3044,3,1,0.94,0.94,"Die Bibel sagt in 2 Korinther Kapitel 3, dass wir Träger sind.","Die Bibel sagt in 2 Korinther Kapitel 3, dass wir Träger sind."
3045,4,1,0.94,0.94,"Oder vielleicht haben viele vergessen, dass Europa aus dieser Vielfalt hervorgegangen ist.","Oder vielleicht haben viele vergessen, dass Europa aus dieser Vielfalt hervorgegangen ist."
3046,4,2,1.0,1.0,"Zusammen erschaffen sie eine Hochkultur, die Jahrhunderte Bestand hat.","Zusammen erschaffen sie eine Hochkultur, die Jahrhunderte Bestand hat."
3047,4,2,1.0,1.0,"In einer Spezialklinik bei Stuttgart wird Leonie operiert, ein lebensbedrohlicher Eingriff.","In einer Spezialklinik bei Stuttgart wird Leonie operiert, ein lebensbedrohlicher Eingriff."
3048,4,2,0.94,0.94,"Wenn du dich nach links oder rechts lehnen musst, verschiebe die Leiter.","Wenn du dich nach links oder rechts lehnen musst, verschiebe die Leiter."
3049,4,1,0.88,0.88,"Also links sehen wir Verkauf und Marketing, wir sehen den Finanzbereich, den Personalbereich.","Also links sehen wir Verkauf und Marketing, wir sehen den Finanzbereich, den Personalbereich."
3050,4,1,1.0,1.0,Mein Chef lobt mich immer und ich leiste sehr gute Arbeit.,Mein Chef lobt mich immer und ich leiste sehr gute Arbeit.
3051,4,2,0.88,0.88,Genau das ist der Übergang zur zweiten Säule: der Selbstregulierung oder dem Selbstmanagement.,Genau das ist der Übergang zur zweiten Säule: der Selbstregulierung oder dem Selbstmanagement.
3052,4,2,1.0,1.0,"Und zum Beispiel am Stammtisch, Freundeskreis, am Arbeitsplatz fallen Bemerkungen.","Und zum Beispiel am Stammtisch, Freundeskreis, am Arbeitsplatz fallen Bemerkungen."
3053,4,3,1.0,1.0,Zum Höhepunkt des Kalten Krieges gab es weltweit über 70.000 Atomwaffen.,Zum Höhepunkt des Kalten Krieges gab es weltweit über 70.000 Atomwaffen.
3054,4,0,0.68,0.68,Das zahl ich dir heim.,Das zahl ich dir heim.
3055,4,2,1.0,1.0,Minuten später wurde eine Konferenz mit dem Verteidigungsminister Mcnamara angesetzt.,Minuten später wurde eine Konferenz mit dem Verteidigungsminister Mcnamara angesetzt.
3056,4,2,1.0,1.0,Die Fragestellung: Haben wir ein ganzes Netzwerk an Terroristen?,Die Fragestellung: Haben wir ein ganzes Netzwerk an Terroristen?
3057,4,2,0.92,0.92,"So, möchte jemand zu Chair Ausführung Stellung nehmen?","So, möchte jemand zu Chair Ausführung Stellung nehmen?"
3058,4,2,1.0,1.0,Übrigens erhöht die Klage auch den Einigungsdruck auf die Gegenseite.,Übrigens erhöht die Klage auch den Einigungsdruck auf die Gegenseite.
3059,4,2,1.0,1.0,Da haben sie mich mit der Alkoholvergiftung in die Klinik eingeliefert.,Da haben sie mich mit der Alkoholvergiftung in die Klinik eingeliefert.
3060,4,0,0.84,0.84,Du hast uns einen riesen Schreck eingejagt.,Du hast uns einen riesen Schreck eingejagt.
3061,4,1,0.88,0.88,"Betreuung der Arbeit und alles andere in unserer Beziehung, das ist ein Rollenkonflikt.","Betreuung der Arbeit und alles andere in unserer Beziehung, das ist ein Rollenkonflikt."
3062,4,0,0.68,0.68,"Entschuldige, der Empfang ist schlecht.","Entschuldige, der Empfang ist schlecht."
3063,4,2,1.0,1.0,Diese Kennzahlen müssen nicht zu einer Veröffentlichung von schützenswerten Daten führen.,Diese Kennzahlen müssen nicht zu einer Veröffentlichung von schützenswerten Daten führen.
3064,5,3,0.94,0.94,"Den Vorsitz in der Bundesversammlung führt Österreich, beziehungsweise der österreichische Kanzler Metternich.","Den Vorsitz in der Bundesversammlung führt Österreich, beziehungsweise der österreichische Kanzler Metternich."
3065,4,1,1.0,1.0,Nach der Wiedervereinigung geht er mit seiner dritten Ehefrau nach Ecuador.,Nach der Wiedervereinigung geht er mit seiner dritten Ehefrau nach Ecuador.
3066,4,2,1.0,1.0,"Der Statistik zum Trotz, denn seine Mutter war Arbeiterin.","Der Statistik zum Trotz, denn seine Mutter war Arbeiterin."
3067,4,2,0.94,0.94,"Wir müssen wohl einen Bewerber einstellen, der nicht alle unsere Anforderungen erfüllt.","Wir müssen wohl einen Bewerber einstellen, der nicht alle unsere Anforderungen erfüllt."
3068,4,3,1.0,1.0,Pleil selbst hatte solche Vorwürfe in der Vergangenheit stets bestritten.,Pleil selbst hatte solche Vorwürfe in der Vergangenheit stets bestritten.
3069,4,1,0.76,0.76,"Sie wollen also Polizisten werden, um so lang wie möglich in die Kneipe zu gehen?",Dafür ist unsere kleine Kneipe perfekt.
3070,4,4,0.94,0.94,"Bei ihm wird die Seife nicht gekocht, sondern es entsteht sogar Wärme.","Aber irgendwann sterben sogar weisse Zwerge, weil sie langsam an Wärme verlieren."
3071,4,2,1.0,1.0,"Aber wir können noch immer eine Einigung finden, Sergeant.","Aber wir können noch immer eine Einigung finden, Sergeant."
3072,3,1,0.88,0.88,All diese Gesten haben eins gemeinsam: Sie sind Übersprungshandlungen und sie entlarven dich.,All diese Gesten haben eins gemeinsam: Sie sind Übersprungshandlungen und sie entlarven dich.
3073,4,3,1.0,1.0,Ich habe ein rotes Kleid aus dem Katalog ausgewählt.,Ich habe ein rotes Kleid aus dem Katalog ausgewählt.
3074,4,3,1.0,1.0,"Hier, in diesem Stadion, gegen die Mannschaft von Curacao.","Hier, in diesem Stadion, gegen die Mannschaft von Curacao."
3075,5,3,1.0,1.0,Denn die Wetterlage ist wegen der Höhe überwiegend sonnig.,Denn die Wetterlage ist wegen der Höhe überwiegend sonnig.
3076,4,1,0.88,0.88,"Katapulte, Bogen und Schleudern sorgten unter den Verteidigern der Höhenfestung für erste Opfer.","Katapulte, Bogen und Schleudern sorgten unter den Verteidigern der Höhenfestung für erste Opfer."
3077,4,2,1.0,1.0,Doch der Kontinent hat auch den Menschen zur Anpassung gezwungen.,Doch der Kontinent hat auch den Menschen zur Anpassung gezwungen.
3078,4,3,1.0,1.0,"Haben Sie ehrlich das Verlangen, sich meinem Anblick auszusetzen?",Gegen Ende 1942 sind sie ein vertrauter Anblick am Himmel.
3079,3,2,1.0,1.0,Ich kam Ihnen mit der Höflichkeit des Krieges entgegen.,Ich kam Ihnen mit der Höflichkeit des Krieges entgegen.
3080,5,2,1.0,1.0,Auch arbeitet er keineswegs hinter den Kulissen am Sturz des Generalsekretärs.,Auch arbeitet er keineswegs hinter den Kulissen am Sturz des Generalsekretärs.
3081,4,3,0.92,0.92,"Jetzt schwingen, warte, ich helfe dir beim Ersten.",Er bedient die Maschinen oder schwingt die Spitzhacke.
3082,4,2,1.0,1.0,Mein Bruder liegt dabei in einer Kiste und das bedauere ich.,Mein Bruder liegt dabei in einer Kiste und das bedauere ich.
3083,5,2,0.92,0.92,In der Nacht haben wir auch gelegentlich Baustellen.,In der Nacht haben wir auch gelegentlich Baustellen.
3084,3,2,0.92,0.92,Wir haben einer Fusion zugestimmt mit den Deutschen.,Wir haben einer Fusion zugestimmt mit den Deutschen.
3085,4,2,0.94,0.94,"Das heißt, auch da wird ein großer Ausbau von erneuerbaren Energien dazukommen.","Das heißt, auch da wird ein großer Ausbau von erneuerbaren Energien dazukommen."
3086,4,3,1.0,1.0,Das dritthöchste Skigebiet Österreichs ist mit Seilbahnen bestens erschlossen.,Das dritthöchste Skigebiet Österreichs ist mit Seilbahnen bestens erschlossen.
3087,4,2,1.0,1.0,L für viele von uns wä sowas die Erfüllung aller Träume.,L für viele von uns wä sowas die Erfüllung aller Träume.
3088,4,0,0.7,0.7,"Ja, Spesenabrechnung sehe ich da und da ganz links ist auch noch ein ganz umfangreiches Menü.","Ja, Spesenabrechnung sehe ich da und da ganz links ist auch noch ein ganz umfangreiches Menü."
3089,4,3,1.0,1.0,In einer scharfen Kurve am Elbe-Oderhaff-Radweg wurde ein Schaden gemeldet.,In einer scharfen Kurve am Elbe-Oderhaff-Radweg wurde ein Schaden gemeldet.
3090,4,2,0.88,0.88,"Inzwischen eine Ikone der Moderne, wurden heute die Ausstellungen zum 100-jährigen Jubiläum eröffnet.","Inzwischen eine Ikone der Moderne, wurden heute die Ausstellungen zum 100-jährigen Jubiläum eröffnet."
3091,4,1,0.92,0.92,Zusammenhalt und Solidarität gegen den Druck der Verhältnisse.,Zusammenhalt und Solidarität gegen den Druck der Verhältnisse.
3092,4,3,1.0,1.0,Ihm fällt die emotionale Abgrenzung von den Problemen seiner Klienten schwer.,Ihm fällt die emotionale Abgrenzung von den Problemen seiner Klienten schwer.
3093,4,1,1.0,1.0,In Washington wird es jedoch mit wenig Begeisterung aufgenommen.,In Washington wird es jedoch mit wenig Begeisterung aufgenommen.
3094,4,1,0.92,0.92,Die Nazis haben mit einzelnen radikalen Akteuren zusammengearbeitet.,Die Nazis haben mit einzelnen radikalen Akteuren zusammengearbeitet.
3095,4,3,0.94,0.94,"Japan hat daraufhin einen Überraschungsangriff unternommen, der sich auf den Pazifikraum erstreckt.","Japan hat daraufhin einen Überraschungsangriff unternommen, der sich auf den Pazifikraum erstreckt."
3096,4,2,1.0,1.0,Er wird zu einem Feuerball von mehr als 2 km Durchmesser.,Er wird zu einem Feuerball von mehr als 2 km Durchmesser.
3097,5,0,0.84,0.84,Hochparter ist eine Filiale der städtischen Sparkasse.,Hochparter ist eine Filiale der städtischen Sparkasse.
3098,5,2,0.88,0.88,Dieser Vorwurf bringt seit der vergangenen Woche die akademische Berüchte Küche zum Kochen.,Dieser Vorwurf bringt seit der vergangenen Woche die akademische Berüchte Küche zum Kochen.
3099,4,1,0.92,0.92,Dein Hang zur Zahnseite zahlt sich also aus.,Dein Hang zur Zahnseite zahlt sich also aus.
3100,4,3,1.0,1.0,Mit jedem Lasern wird das Tattoo verkleinert und von Flüssigkeit abgetragen.,Mit jedem Lasern wird das Tattoo verkleinert und von Flüssigkeit abgetragen.
3101,4,0,0.84,0.84,"Fräulein, sehen Sie das nicht so eng.","Fräulein, sehen Sie das nicht so eng."
3102,4,1,0.88,0.88,"Deshalb bitte ich auch ausdrücklich darum, neben Gesprächen, Nebengeräusche und Zwischenrufe zu vermeiden.","Deshalb bitte ich auch ausdrücklich darum, neben Gesprächen, Nebengeräusche und Zwischenrufe zu vermeiden."
3103,4,1,0.76,0.76,"Eine Vertretung, die nur Blödsinn macht.",Die Sitzungen des Bundestages werden von dem Bundestagspräsidenten oder der Bundestagspräsidentin oder deren Vertretung geleitet.
3104,3,0,0.68,0.68,Die Konzerne sind doch schuld.,Die Konzerne sind doch schuld.
3105,3,1,0.76,0.76,"Das bedeutet also, dass man eigentlich das Gegenteil von dem erreicht, was man beabsichtigt hat.","Das bedeutet also, dass man eigentlich das Gegenteil von dem erreicht, was man beabsichtigt hat."
3106,5,3,0.92,0.92,In ganz Deutschland gilt seither die Mitteleuropäische Zeit.,In ganz Deutschland gilt seither die Mitteleuropäische Zeit.
3107,4,4,1.0,1.0,"Enttäuschung, zerbrochene Erwartungen und ein Gefühl von Sinnlosigkeit greifen um sich.","Enttäuschung, zerbrochene Erwartungen und ein Gefühl von Sinnlosigkeit greifen um sich."
3108,3,1,1.0,1.0,Es erschwert Kubas Zugang zu internationalen Märkten und Finanzsystemen.,Es erschwert Kubas Zugang zu internationalen Märkten und Finanzsystemen.
3109,4,3,1.0,1.0,Neben dem Festival fördert sie auch neue Skigebiete und große Skihallen.,"Also das Festival, wo man zu den Wurzeln zurückgeht."
3110,5,2,1.0,1.0,Und man kann es auch nicht beliebig schnell erneuern.,Und man kann es auch nicht beliebig schnell erneuern.
3111,4,3,1.0,1.0,Andreas Reif erforscht schon lange die Behandlung von ADHS.,Andreas Reif erforscht schon lange die Behandlung von ADHS.
3112,3,2,0.76,0.76,Unsere Geschwindigkeit hilft uns über alle anderen Anbieter hinwegzuspringen und damit die ersten zu sein.,Unsere Geschwindigkeit hilft uns über alle anderen Anbieter hinwegzuspringen und damit die ersten zu sein.
3113,4,2,0.94,0.94,"Nie von oben gießen, immer von unten ist gar nicht so schwer.","Nie von oben gießen, immer von unten ist gar nicht so schwer."
3114,5,4,1.0,1.0,"Wer so hohe Beträge bar bezahlt, macht sich verdächtig.","Wer so hohe Beträge bar bezahlt, macht sich verdächtig."
3115,4,2,1.0,1.0,Gutes amerikanisches Geld und besser in jeder Hinsicht als Münzen.,"Hier, 140 Euro in Scheinen und 40 Euro in Münzen."
3116,5,4,1.0,1.0,Der Wirtschaftsteil des AfD-Wahlprogramms ist eher national als liberal.,Der Wirtschaftsteil des AfD-Wahlprogramms ist eher national als liberal.
3117,2,0,0.7,0.7,"Denn gestern Abend hatten Sie noch eine andere Haltung, wenn Sie sich an Ihre Haltung erinnern.","Das heißt, wir müssen uns von zwei Dingen befreien: Von unserer kindlich naiven Haltung zur Welt."
3118,5,4,1.0,1.0,"Auch Honecker hat hier seine relativ bescheidene, aber gut bewachte Jagdhütte.","Auch Honecker hat hier seine relativ bescheidene, aber gut bewachte Jagdhütte."
3119,5,2,1.0,1.0,Es bedeutet die herrlichen Vollkommenheiten Gottes und seine wunderbaren Taten.,Das ist schon mal auf jeden Fall eine herrliche Umgebung.
3120,4,1,0.76,0.76,"Und während in Bonn Wirtschaftspolitik gemacht wird, rollen in Wolfsburg die VW Käfer vom Band.","Und während in Bonn Wirtschaftspolitik gemacht wird, rollen in Wolfsburg die VW Käfer vom Band."
3121,4,2,1.0,1.0,Neben der Architektur ging es auch um Handwerk und modernes Design.,Neben der Architektur ging es auch um Handwerk und modernes Design.
3122,4,2,1.0,1.0,"Ich stelle meine Anrufe in 30 Sekunden zusammen, und meinen Kaffee.","Ich stelle meine Anrufe in 30 Sekunden zusammen, und meinen Kaffee."
3123,4,1,0.76,0.76,"Deswegen frage ich Sie: Was werden Sie innerhalb der Bundesregierung tun, um weitere Kürzungen abzuwenden?","Deswegen frage ich Sie: Was werden Sie innerhalb der Bundesregierung tun, um weitere Kürzungen abzuwenden?"
3124,4,2,1.0,1.0,Der Evolutionsbiologe Professor Russel Gray hat tausende Sprachsamples gesammelt und ausgewertet.,Der Evolutionsbiologe Professor Russel Gray hat tausende Sprachsamples gesammelt und ausgewertet.
3125,3,1,0.82,0.82,"Wir könnten interstellare Distanzen zurücklegen, wodurch wir die Planeten weit entfernter Sterne erreichen könnten.","Wir könnten interstellare Distanzen zurücklegen, wodurch wir die Planeten weit entfernter Sterne erreichen könnten."
3126,4,4,1.0,1.0,"Na schon, jeder kann sich eine Waffe beschaffen in Texas.","Con Dorson, beschaffen Sie mir die Computerdaten dieses Gebietes."
3127,5,2,0.94,0.94,Das Ziel des Single-Treffs ist: dass sich die Teilnehmer innen untereinander vernetzen.,Das Ziel des Single-Treffs ist: dass sich die Teilnehmer innen untereinander vernetzen.
3128,5,1,1.0,1.0,Die Arbeiterschaft wird vom bürgerlichen Unternehmertum mit niedrigen Löhnen ausgebeutet.,Die Arbeiterschaft wird vom bürgerlichen Unternehmertum mit niedrigen Löhnen ausgebeutet.
3129,5,3,1.0,1.0,Die empfindlichen Alveolen können mit dieser Belastung nicht umgehen.,Die empfindlichen Alveolen können mit dieser Belastung nicht umgehen.
3130,5,0,0.76,0.76,Es geht um das betriebliche Rechnungswesen.,"Erträge hingegen, steigern den betrieblichen Gewinn."
3131,5,4,1.0,1.0,"Daher entwickelten Wurzeln die Fähigkeit, in die kleinsten Risse zu kriechen.","Daher entwickelten Wurzeln die Fähigkeit, in die kleinsten Risse zu kriechen."
3132,4,1,0.92,0.92,Als Entschuldigung gebe ich euch einen Tag frei!,Als Entschuldigung gebe ich euch einen Tag frei!
3133,5,3,1.0,1.0,"Seefeld hat eine Vermutung, warum sie in bestimmten Regionen vermehrt vorkommen.",Denn er vermehrt sich schneller und ist ihnen überlegen.
3134,5,1,1.0,1.0,Und dann stell ich immer wieder strukturell irgendwas fest.,Und dann stell ich immer wieder strukturell irgendwas fest.
3135,3,2,1.0,1.0,Ich habe mir die Bestimmungen nicht angeschaut in Deutschland.,Ich habe mir die Bestimmungen nicht angeschaut in Deutschland.
3136,4,3,1.0,1.0,Der neunte Prinz möchte sie nun zur Königin machen.,Die Königin von Spanien erobert die iberische Halbinsel zurück.
3137,3,0,0.41,0.41,Wie viel wiegt der Diamant? a) 250 Gramm. b) 500 Gramm. c) 1 Kilogramm.,Wie viel wiegt der Diamant? a) 250 Gramm. b) 500 Gramm. c) 1 Kilogramm.
3138,4,2,1.0,1.0,"Oftmals liegt dennoch die Scham ja bei uns, bei einem selbst.",Oftmals ist dies eine Antwort auf einen Vorschlag oder einen Plan.
3139,5,2,1.0,1.0,"Sie bauten darauf einen Tempel, dessen technische Erklärung präzise dokumentierbar ist.","Sie bauten darauf einen Tempel, dessen technische Erklärung präzise dokumentierbar ist."
3140,5,2,1.0,1.0,"Gerade beraten Lehrpersonal und Kinder gemeinsam, was an der Schule ansteht.","Aber ansonsten, was Putzen angeht, macht halt jeder das, was ansteht."
3141,4,3,1.0,1.0,Und meine ganze Familie kann in einer großen Villa wohnen!,Botschaften sind ja sonst nur so kleine schicke Villen.
3142,3,2,0.92,0.92,"Aber gleichzeitig ja Art, liebevolles Management des Alltags.","Aber gleichzeitig ja Art, liebevolles Management des Alltags."
3143,4,1,1.0,1.0,"Birgit hat mal gesagt: Wie ein altes Ehepaar, nur ohne Sex.","Birgit hat mal gesagt: Wie ein altes Ehepaar, nur ohne Sex."
3144,3,1,0.84,0.84,Die Erholung habe ich mir wirklich verdient.,Die Erholung habe ich mir wirklich verdient.
3145,5,1,0.76,0.76,Sieh aus wie ein blonder Kuschelbär.,Sieh aus wie ein blonder Kuschelbär.
3146,4,1,1.0,1.0,Im Durchschnitt müssen 200 Panels in Adobe Illustrator illustriert werden.,Im Durchschnitt müssen 200 Panels in Adobe Illustrator illustriert werden.
3147,5,0,0.84,0.84,Die Kalibrierung dieser Lochreihen ist erstaunlich gleichmäßig.,Die Kalibrierung dieser Lochreihen ist erstaunlich gleichmäßig.
3148,4,3,1.0,1.0,"Was man mit Germanistik anfangen kann, ist ein weites Feld.","Was man mit Germanistik anfangen kann, ist ein weites Feld."
3149,4,2,1.0,1.0,Der Kasten am Elbe-Oderhaff-Radweg hat manchen Radler stutzig gemacht.,Der Schaden war größer als was der Kasten gekostet hat.
3150,4,3,1.0,1.0,Dieser Makler ist der Vermittler zwischen Vermieter und Mieter.,Dieser Makler ist der Vermittler zwischen Vermieter und Mieter.
3151,4,3,1.0,1.0,Strafverteidigung hat durchaus auch was mit Kreativität zu tun.,"Hier haben wir einen kreativen Raum, der die Kreativität fördern soll."
3152,3,0,0.76,0.76,"Sie wissen, hier ist fliegender Wechsel.","Sie wissen, hier ist fliegender Wechsel."
3153,5,2,1.0,1.0,"Und dann ist es schade, wenn es an schulischen Sachen hängt.","Und dann ist es schade, wenn es an schulischen Sachen hängt."
3154,5,3,1.0,1.0,Das Meer ist ruhig und der Wind weht in Richtung Land.,Da weht der Wind ganz schnell aus einer anderen Richtung.
3155,4,1,0.94,0.94,"Er war seit 2018 Vizekanzler, also der Stellvertreter der Bundeskanzlerin Angela Merkel.","Er war seit 2018 Vizekanzler, also der Stellvertreter der Bundeskanzlerin Angela Merkel."
3156,3,1,1.0,1.0,Den brauch ich die Einladung von so Auftritt gar nicht auszugeben.,Den brauch ich die Einladung von so Auftritt gar nicht auszugeben.
3157,4,1,0.82,0.82,Ein Teil der verbliebenen Juden aus der Provinz wurde in das Lager Vught gebracht.,Ein Teil der verbliebenen Juden aus der Provinz wurde in das Lager Vught gebracht.
3158,4,0,0.68,0.68,"Was für eine Schönheit, Bumelama.","Was für eine Schönheit, Bumelama."
3159,5,3,0.94,0.94,"Wenn da Interesse seitens UNIDO besteht, dann können wir gerne darüber reden.","Wir sehen große Fortschritte und Reformanstrengungen, zum Beispiel seitens Albaniens und Nordmazedoniens."
3160,5,2,1.0,1.0,"Daher schlage ich vor, zur Prüfung des Änderungsantrag es zu schreiten.","Daher schlage ich vor, zur Prüfung des Änderungsantrag es zu schreiten."
3161,3,1,1.0,1.0,"Diese Zellen müssen lernen, zusammenzuarbeiten, um mehrzellige Organismen zu bilden.","Diese Zellen müssen lernen, zusammenzuarbeiten, um mehrzellige Organismen zu bilden."
3162,4,1,0.76,0.76,"Im Wörterbuch Duden wird angemerkt, dass die Form mit -e besonders in Süddeutschland verbreitet ist.",Ich darf mir nichts anmerken lassen.
3163,5,3,1.0,1.0,Es war unerträglich und beinah wurden unsere Pläne ruiniert.,"Die Luft ist beißend, der Smog noch immer unerträglich."
3164,5,3,1.0,1.0,"Bilden wir den Saldo, so sehen wir, dass 18.000 herauskommen.","Bilden wir den Saldo, so sehen wir, dass 18.000 herauskommen."
3165,3,3,1.0,1.0,Zur Gesetzgebung des Bundes sind der Bundestag und Bundesrat berufen.,Zur Gesetzgebung des Bundes sind der Bundestag und Bundesrat berufen.
3166,3,2,0.88,0.88,"Ob sich dadurch durch Chinas Beitrag zur Bekämpfung der Japaner verbessert, ist fraglich.","Ob sich dadurch durch Chinas Beitrag zur Bekämpfung der Japaner verbessert, ist fraglich."
3167,4,1,1.0,1.0,"Stelle dir vor, du bist der Erzähler deines Lebens.","Stelle dir vor, du bist der Erzähler deines Lebens."
3168,3,0,0.84,0.84,"Das müssen Soziologen, Fachleute und andere besprechen.","Das müssen Soziologen, Fachleute und andere besprechen."
3169,2,1,1.0,1.0,"Du musst die Taste drücken, dann Enter und erneut die Taste.","Du musst die Taste drücken, dann Enter und erneut die Taste."
3170,4,2,1.0,1.0,Ich werde die Indianer treffen in ein paar Stunden.,Ich lasse die anderen geben die Indianer ein wenig Kummer.
3171,4,4,1.0,1.0,"Was ich Ihnen empfehle, ist, dass Sie nur die AfD repräsentieren.","Was ich Ihnen empfehle, ist, dass Sie nur die AfD repräsentieren."
3172,4,3,1.0,1.0,Vielleicht ein kleines Regal um meine Ordner besser zu sortieren.,Vielleicht ein kleines Regal um meine Ordner besser zu sortieren.
3173,4,2,0.88,0.88,Errate den Sänger anhand von Ieh Mohtchies Es ist Rumi Bist du bereit?,Errate den Sänger anhand von Ieh Mohtchies Es ist Rumi Bist du bereit?
3174,4,1,1.0,1.0,Sauerstoff ist für den Baum jedoch nicht nur Abfall.,Sauerstoff ist für den Baum jedoch nicht nur Abfall.
3175,4,3,1.0,1.0,"Es gibt keine Erfahrungswerte, auf die Sie zurückgreifen können.","Es gibt keine Erfahrungswerte, auf die Sie zurückgreifen können."
3176,3,2,0.88,0.88,"Daher ist es so wichtig, dass wir diese Texte auch im Vorfeld trainieren.","Daher ist es so wichtig, dass wir diese Texte auch im Vorfeld trainieren."
3177,4,4,1.0,1.0,"Es besiedelte Nischen, geflastert mit den Leichen der Vorgänger.","Es besiedelte Nischen, geflastert mit den Leichen der Vorgänger."
3178,4,2,1.0,1.0,"Es zeigt jedenfalls, dass es keine ganz eindeutige Zuordnung gibt.","Es zeigt jedenfalls, dass es keine ganz eindeutige Zuordnung gibt."
3179,4,0,0.7,0.7,Die Löhne und Gehälter in Deutschland jedenfalls werden von den Tarifpartnern verhandelt und nicht staatlich festgesetzt.,Die Löhne und Gehälter in Deutschland jedenfalls werden von den Tarifpartnern verhandelt und nicht staatlich festgesetzt.
3180,4,2,1.0,1.0,Weil du schon den ganzen Tag so irritierend guter Laune bist.,Weil du schon den ganzen Tag so irritierend guter Laune bist.
3181,3,0,0.64,0.64,"Ja, ich bin der Auffassung, dass es eigentlich einer Demokratie nicht würdig ist, eine Partei zu verbieten.","Ja, ich bin der Auffassung, dass es eigentlich einer Demokratie nicht würdig ist, eine Partei zu verbieten."
3182,3,1,1.0,1.0,Ein paar Tage später ist weiteres Gewebe am Arm entfernt worden.,Ein paar Tage später ist weiteres Gewebe am Arm entfernt worden.
3183,4,3,1.0,1.0,Und wir sind in regem Austausch mit Kommunen und Bürgermeistern.,Und wir sind in regem Austausch mit Kommunen und Bürgermeistern.
3184,4,2,1.0,1.0,"Herr Weißhaupt, können Sie uns etwas zur Stellungnahme der Gutachter sagen?","Herr Weißhaupt, können Sie uns etwas zur Stellungnahme der Gutachter sagen?"
3185,3,0,0.68,0.68,It made me love more.,It made me love more.
3186,4,2,0.94,0.94,"Quasi ein Rohr mit Magneten, welche den Strahl zusammenhalten, bis er austritt.","Quasi ein Rohr mit Magneten, welche den Strahl zusammenhalten, bis er austritt."
3187,4,2,1.0,1.0,"Es gibt zwar keine Wellen, aber die Strömung ist stark.","Es gibt zwar keine Wellen, aber die Strömung ist stark."
3188,3,3,1.0,1.0,"Ähm General de Go Prinz Philip, sogar der sowjetische Außenminister.","Ähm General de Go Prinz Philip, sogar der sowjetische Außenminister."
3189,3,1,0.94,0.94,"Na gut, aber was bedeuten denn nun all diese Annahmen und Ideen?","Na gut, aber was bedeuten denn nun all diese Annahmen und Ideen?"
3190,2,2,1.0,1.0,"Ja, und das ist das zeigt, wie unterschiedlich diese Abbildung.","Ja, und das ist das zeigt, wie unterschiedlich diese Abbildung."
3191,3,2,1.0,1.0,"Italienisch, Türkisch, Vietnamesisch, Arabisch, Indisch, Griechisch, asiatische Fusion, vegane Restaurants.","Italienisch, Türkisch, Vietnamesisch, Arabisch, Indisch, Griechisch, asiatische Fusion, vegane Restaurants."
3192,3,1,1.0,1.0,"Weißt du, woran es uns hier wirklich nicht mangelt?","Weißt du, woran es uns hier wirklich nicht mangelt?"
3193,3,2,0.88,0.88,"Wenn sie gegen Beschlüsse klagen wollen, versäumen Sie bitte nicht die kurze Anfechtungsfrist.","Wenn sie gegen Beschlüsse klagen wollen, versäumen Sie bitte nicht die kurze Anfechtungsfrist."
3194,2,1,0.82,0.82,"Sie wer sich aller Nachfrage, die nicht zu ihrer Aufgabe in Verbindung steht, enthalten.","Sie wer sich aller Nachfrage, die nicht zu ihrer Aufgabe in Verbindung steht, enthalten."
3195,3,2,1.0,1.0,Und was wäre gut für den Wahlkampf des Präsidenten?,Und was wäre gut für den Wahlkampf des Präsidenten?
3196,3,1,1.0,1.0,Delegation bedeutet die Übertragung von Aufgaben und Kompetenzen an andere Personen.,Delegation bedeutet die Übertragung von Aufgaben und Kompetenzen an andere Personen.
3197,3,0,0.64,0.64,"Genau das ist es, was Shopify unterstützen will, und Du kannst Dein eigenes Business mit ihnen aufbauen.","Genau das ist es, was Shopify unterstützen will, und Du kannst Dein eigenes Business mit ihnen aufbauen."
3198,4,2,0.94,0.94,"Ich bezweifel durchaus nicht, dass ihre Pflicht tun, ihre Beamten auch gewiss.","Ich bezweifel durchaus nicht, dass ihre Pflicht tun, ihre Beamten auch gewiss."
3199,3,2,1.0,1.0,"Zehnte Etappe, Rückkehr zur römischen Oberfläche, aber mit anderem Blick.","Zehnte Etappe, Rückkehr zur römischen Oberfläche, aber mit anderem Blick."
3200,3,1,0.76,0.76,"Seine Hoffnung ist, dass sich die Arbeiter von der SPD ab- und dem Staat zuwenden.","Seine Hoffnung ist, dass sich die Arbeiter von der SPD ab- und dem Staat zuwenden."
3201,2,1,0.88,0.88,"Dazu gehören rechtstaatliche Strukturen, Medien- und Meinungsfreiheit, die Stärkung der Demokratie und Korruptionsbekämpfung.","Dazu gehören rechtstaatliche Strukturen, Medien- und Meinungsfreiheit, die Stärkung der Demokratie und Korruptionsbekämpfung."
3202,3,3,1.0,1.0,"Jesus erwiderte, weder dieser Mann noch seine Eltern haben gesündigt.","Jesus erwiderte, weder dieser Mann noch seine Eltern haben gesündigt."
3203,3,1,1.0,1.0,"Wie sich die Prognose zusammensetzt, kannst du dir durch Anklicken anschauen.","Wie sich die Prognose zusammensetzt, kannst du dir durch Anklicken anschauen."
3204,3,1,1.0,1.0,Ich bin der Überzeugung: Deutschland muss dabei maximal mit unterstützen.,Ich bin der Überzeugung: Deutschland muss dabei maximal mit unterstützen.
3205,3,2,0.82,0.82,"Spannend daran ist, dass Platon sie braucht um die Idee des Guten zu etablieren.","Spannend daran ist, dass Platon sie braucht um die Idee des Guten zu etablieren."
3206,3,1,1.0,1.0,Ross Armstrong legte einen Versuch und noch eine Erhöhung der.,Ross Armstrong legte einen Versuch und noch eine Erhöhung der.
3207,3,2,1.0,1.0,Wir begrüßen die Empfängerinnen und Empfänger der diesjährigen Theodor Heuss Medaillen.,Wir begrüßen die Empfängerinnen und Empfänger der diesjährigen Theodor Heuss Medaillen.
3208,3,1,1.0,1.0,Nun schalte ich den Strom über die separate Sicherung ein.,Nun schalte ich den Strom über die separate Sicherung ein.
3209,3,2,1.0,1.0,Zuschauer über einer halbe Million Euro dosierten Turnier zweiten Turnier.,Zuschauer über einer halbe Million Euro dosierten Turnier zweiten Turnier.
3210,3,2,0.94,0.94,"Und ich war mir nicht sicher, ob die Messungen wirklich verlässlich sind.","Und ich war mir nicht sicher, ob die Messungen wirklich verlässlich sind."
3211,3,3,0.94,0.94,"China ist ein Staat, der extrem brutal gegen Kritiker und Kritikerinnen vorgeht.","China ist ein Staat, der extrem brutal gegen Kritiker und Kritikerinnen vorgeht."
3212,3,1,0.94,0.94,In der letzten Spalte kannst du dir die Schnittstelle auch ausblenden lassen.,In der letzten Spalte kannst du dir die Schnittstelle auch ausblenden lassen.
3213,4,1,0.94,0.94,Diesmal ist es zielgerichtet in die grünen Leitmärkte die ökonomische Competition besteht.,Diesmal ist es zielgerichtet in die grünen Leitmärkte die ökonomische Competition besteht.
3214,3,1,0.76,0.76,"Schon während seiner Pilotenausbildung zeichnet sich ab, Hans Stebel ist wie gemacht für die Stucker.","Schon während seiner Pilotenausbildung zeichnet sich ab, Hans Stebel ist wie gemacht für die Stucker."
3215,3,0,0.38,0.38,"Darum geht's ja. Ich habe sie aus der Bereitschaft genommen, weil sie ein Verkehrsunfall hatten.","Darum geht's ja. Ich habe sie aus der Bereitschaft genommen, weil sie ein Verkehrsunfall hatten."
3216,3,2,1.0,1.0,Ist der Dissiationsindex exakt oder kann der Geschwindigkeitsverlust auch geringfügig abweichen?,Ist der Dissiationsindex exakt oder kann der Geschwindigkeitsverlust auch geringfügig abweichen?
3217,2,1,0.76,0.76,"Es ist klar, dass ein ADSler nicht am Band stehen soll und dasselbe machen kann.","Es ist klar, dass ein ADSler nicht am Band stehen soll und dasselbe machen kann."
3218,4,2,1.0,1.0,Als nächste Steuerart gibt es noch die sogenannten sonstigen Einkünfte.,Als nächste Steuerart gibt es noch die sogenannten sonstigen Einkünfte.
3219,3,1,1.0,1.0,Ist das Mode oder ein blinder Fleck der Medizin?,Ist das Mode oder ein blinder Fleck der Medizin?
3220,3,2,0.94,0.94,Kannst du die winzige Öffnung neben den Linsen und der Leuchte sehen?,Kannst du die winzige Öffnung neben den Linsen und der Leuchte sehen?
3221,3,1,0.94,0.94,Künftig will der Stadtkämmerer Marek Wöller-Beetz von der CDU im Rathaus regieren.,Künftig will der Stadtkämmerer Marek Wöller-Beetz von der CDU im Rathaus regieren.
3222,4,3,1.0,1.0,"Also sie sind sehr literarisch, die sind sehr smart.","Also sie sind sehr literarisch, die sind sehr smart."
3223,3,2,1.0,1.0,"Einzelheiten, die für das Verständnis nicht notwendig sind, kannst du weglassen.","Einzelheiten, die für das Verständnis nicht notwendig sind, kannst du weglassen."
3224,4,2,0.92,0.92,So werden aus Jägern und Sammlern allmählich Bauern.,So werden aus Jägern und Sammlern allmählich Bauern.
3225,4,3,0.82,0.82,Du kannst dich ganz einfach über den Link meiner Videobeschreibung informieren und gegebenenfalls anmelden.,Du kannst dich ganz einfach über den Link meiner Videobeschreibung informieren und gegebenenfalls anmelden.
3226,4,0,0.84,0.84,Vielfach liegt es am Lebensstil von Familien.,Vielfach liegt es am Lebensstil von Familien.
3227,4,2,0.94,0.94,Gerechtfertigt wird das mit den geradezu heiligen Schriften der Klassiker des Marxismus-Leninismus.,Gerechtfertigt wird das mit den geradezu heiligen Schriften der Klassiker des Marxismus-Leninismus.
3228,3,0,0.84,0.84,"Ein Umstand, welcher die Angehörigen verzweifeln lässt.","Ein Umstand, welcher die Angehörigen verzweifeln lässt."
3229,4,3,0.92,0.92,Meldungen zufolge soll der Präsident ernsthaft verletzt sein.,Meldungen zufolge soll der Präsident ernsthaft verletzt sein.
3230,3,1,1.0,1.0,Sie kennen die Diskussion über chinesische Investoren im Hamburger Hafen.,Sie kennen die Diskussion über chinesische Investoren im Hamburger Hafen.
3231,3,1,0.88,0.88,Durch Inspektion und Palpation des Armes wird eine zur Punktion geeignete Vene aufgesucht.,Durch Inspektion und Palpation des Armes wird eine zur Punktion geeignete Vene aufgesucht.
3232,2,2,0.82,0.82,"Seine hagere, senige Gestalt mit kantigem Gesicht und gegarbter Haut unterstreicht diese Charakterisierung noch.","Seine hagere, senige Gestalt mit kantigem Gesicht und gegarbter Haut unterstreicht diese Charakterisierung noch."
3233,3,2,1.0,1.0,Doch der Weg über das mächtigste Gebirge Europas ist hart.,Doch der Weg über das mächtigste Gebirge Europas ist hart.
3234,4,1,0.94,0.94,Wann die ersten Siedler hier eintreffen ist bis heute nicht ganz geklärt.,Wann die ersten Siedler hier eintreffen ist bis heute nicht ganz geklärt.
3235,3,1,1.0,1.0,"Die blöde Schulenburg ging sogar soweit, mich zu trösten.","Die blöde Schulenburg ging sogar soweit, mich zu trösten."
3236,4,1,0.76,0.76,"Deswegen finde ich das so problematisch, dass das online so zerrissen wird mit der Selbstdiagnose.","Deswegen finde ich das so problematisch, dass das online so zerrissen wird mit der Selbstdiagnose."
3237,3,3,0.92,0.92,Tim springt auf und rennt in das Nebenzimmer.,Tim springt auf und rennt in das Nebenzimmer.
3238,3,3,0.92,0.92,Hier ist eine Hitze wie in einem Backofen.,Hier drin ist es heißer als im Backofen.
3239,3,2,0.94,0.94,"Das kann eine Versiegelung beeinträchtigen, überdecken oder auch danach eine Nassversiegelung verschlechtern.","Das kann eine Versiegelung beeinträchtigen, überdecken oder auch danach eine Nassversiegelung verschlechtern."
3240,4,2,1.0,1.0,"Für eine kontinuierliche Rollbewegung braucht es eine ebene, vorbereitete Trasse.","Für eine kontinuierliche Rollbewegung braucht es eine ebene, vorbereitete Trasse."
3241,4,1,0.84,0.84,Man riecht die alte Feuchte des Steins.,"Es ist feucht, und es ist heiß."
3242,3,1,0.94,0.94,Deine Eltern sind aus dem Libanon nach Deutschland geflüchtet über Umweg Spanien.,Deine Eltern sind aus dem Libanon nach Deutschland geflüchtet über Umweg Spanien.
3243,3,2,1.0,1.0,"Mal ehrlich, das ist beeindruckend für eine erste Galerie.","Mal ehrlich, das ist beeindruckend für eine erste Galerie."
3244,3,0,0.7,0.7,"Insofern können wir mit wissenschaftlicher Sicherheit sagen: Es gibt keine zwei Personen, deren Gehirn sich gleicht.","Insofern können wir mit wissenschaftlicher Sicherheit sagen: Es gibt keine zwei Personen, deren Gehirn sich gleicht."
3245,3,1,0.76,0.76,Denn über Bischöfe und Klöster können die Päpste Einfluss auf die Politik im Reich nehmen.,Denn über Bischöfe und Klöster können die Päpste Einfluss auf die Politik im Reich nehmen.
3246,4,1,0.94,0.94,"Es lohnt sich die Belichtung manuell einzustellen, damit die Belichtung konstant bleibt.","Es lohnt sich die Belichtung manuell einzustellen, damit die Belichtung konstant bleibt."
3247,3,3,1.0,1.0,"Wir haben dann auch noch Bilder, die man spiegelt.","Aber sag mir doch mal, welches Element spiegelt dich denn wieder?"
3248,4,2,1.0,1.0,Damit machen sie sich zugleich die Erträge der kirchlichen Ländereien zunutze.,Damit machen sie sich zugleich die Erträge der kirchlichen Ländereien zunutze.
3249,4,1,0.76,0.76,Ich bitte Sie alle auf Anfragen aus der Presse vorläufig mit äußerster Zurückhaltung zu reagieren.,Ich bitte Sie alle auf Anfragen aus der Presse vorläufig mit äußerster Zurückhaltung zu reagieren.
3250,3,2,0.88,0.88,"Wird dort in elektrische Impulse umgewandelt, die dein Gehirn nach 100 Millisekunden verarbeitet.",Fünftens Durch die Nutzung externer Fulfillment-Services lassen sich Fixkosten in variable Kosten umwandeln.
3251,3,2,1.0,1.0,"Die sogenannte Orthorexie, der Zwang, sich gesund zu ernähren.","Die sogenannte Orthorexie, der Zwang, sich gesund zu ernähren."
3252,3,2,1.0,1.0,In dem Gespräch wird der Geschäftsführer von Like Germans anwesend sein.,In dem Gespräch wird der Geschäftsführer von Like Germans anwesend sein.
3253,3,2,1.0,1.0,Meiner Meinung nach dauert die Bearbeitung bei manchen Dingen zu lange.,Meiner Meinung nach dauert die Bearbeitung bei manchen Dingen zu lange.
3254,2,1,1.0,1.0,In einigen Studien werden Singles öfter negative Merkmale attestiert.,In einigen Studien werden Singles öfter negative Merkmale attestiert.
3255,3,2,1.0,1.0,"Weil das Kerosin fehlt, haben erste Fluggesellschaften ihren Betrieb eingestellt.","Weil das Kerosin fehlt, haben erste Fluggesellschaften ihren Betrieb eingestellt."
3256,3,1,0.92,0.92,"Die Investitionen sind beträchtlich, die hier vonnöten sind.","Die Investitionen sind beträchtlich, die hier vonnöten sind."
3257,4,2,1.0,1.0,Die großen Kulturen der Antike blühen unter diesen Bedingungen auf.,Die großen Kulturen der Antike blühen unter diesen Bedingungen auf.
3258,4,2,1.0,1.0,Bisher wurden die Medien einseitig von der Staatsanwaltschaft gefüttert.,Bisher wurden die Medien einseitig von der Staatsanwaltschaft gefüttert.
3259,3,1,0.88,0.88,"Hier versucht man, dem katastrophalen Kreislauf von Mord und Blutrache Einhalt zu gebieten.","Hier versucht man, dem katastrophalen Kreislauf von Mord und Blutrache Einhalt zu gebieten."
3260,3,2,1.0,1.0,"Hier unten unter höchsten Anforderungen, sehr, sehr gute Leistungsfähigkeit.","Hier unten unter höchsten Anforderungen, sehr, sehr gute Leistungsfähigkeit."
3261,3,2,1.0,1.0,Für den Salon war es wohl nicht so gut.,"Ein Mann ist nicht einsam, wenn der Salon offen ist."
3262,3,0,0.84,0.84,"Ach so, alles auf Nacken von Toni.","Ach so, alles auf Nacken von Toni."
3263,3,2,0.92,0.92,Ich umarme sie und dann küsse ich sie.,Ich umarme sie und dann küsse ich sie.
3264,2,1,1.0,1.0,"Die EU-Kommission beabsichtigt, die EU-Richtlinie über Industrieemissionen erheblich zu verschärfen.","Die EU-Kommission beabsichtigt, die EU-Richtlinie über Industrieemissionen erheblich zu verschärfen."
3265,3,1,0.92,0.92,Über Jahrzehnte hinweg kommen noch weitere Verordnungen dazu.,Über Jahrzehnte hinweg kommen noch weitere Verordnungen dazu.
3266,3,1,1.0,1.0,"Der französische Staat kompensiert natürlich das, was hierdurch vermindert wurde.","Der französische Staat kompensiert natürlich das, was hierdurch vermindert wurde."
3267,4,2,1.0,1.0,Eine Preiserhöhung führt zwangsläufig zu einem Rückgang der Nachfrage.,Eine Preiserhöhung führt zwangsläufig zu einem Rückgang der Nachfrage.
3268,2,0,0.84,0.84,Der Tourismus ist der wichtigste Wirtschaftszweig Kubas.,Der Tourismus ist der wichtigste Wirtschaftszweig Kubas.
3269,2,0,0.68,0.68,"Musikern, Schriftstellern und Dichtern demonstriert.","Musikern, Schriftstellern und Dichtern demonstriert."
3270,3,2,1.0,1.0,"Die Amtsanwaltschaft wird erbeten, ein solches Gutachten in Auftrag zu geben.","Die Amtsanwaltschaft wird erbeten, ein solches Gutachten in Auftrag zu geben."
3271,3,1,1.0,1.0,Hier kannst du dir steuerliche Änderungen für das ausgewählte Jahr durchlesen.,Hier kannst du dir steuerliche Änderungen für das ausgewählte Jahr durchlesen.
3272,4,3,1.0,1.0,"Ich bin nur mehr wohlergehen, weitaus besorgter als du es bist.",Das waren weitaus nicht alle und schon gar keine Frauen.
3273,3,1,1.0,1.0,"Trump hat durchaus Anerkennung für Regierungschefs, die ihm selbstbewusst gegenübertreten.","Trump hat durchaus Anerkennung für Regierungschefs, die ihm selbstbewusst gegenübertreten."
3274,3,3,1.0,1.0,Weil sie wegen der politischen Rahmenbedingungen keine Zukunft sehen.,Weil sie wegen der politischen Rahmenbedingungen keine Zukunft sehen.
3275,4,1,0.84,0.84,"Sagt euch noch, was ihr aneinander liebt.",Da leben eher die Generationen aneinander vorbei.
3276,2,0,0.7,0.7,"Und im Sinne von mir und dem Buch, vor allem dem Buch, gegenüber den Verlagen handelt.","Und im Sinne von mir und dem Buch, vor allem dem Buch, gegenüber den Verlagen handelt."
3277,3,3,1.0,1.0,Von Roms einstiger Größe zeugen heute nur noch die Ruinen.,Die einstigen germanischen Eroberer werden nun selbst zu Eroberten.
3278,4,1,0.92,0.92,Als interkulturelle Paartherapeutin kennt sie das Konfliktthema Geld.,Als interkulturelle Paartherapeutin kennt sie das Konfliktthema Geld.
3279,4,0,0.68,0.68,Jetzt sei doch mal optimistisch!,Jetzt sei doch mal optimistisch!
3280,3,0,0.76,0.76,Das führt für mich zu nichts.,Das führt für mich zu nichts.
3281,4,2,0.94,0.94,"Und selbst wenn, macht die radioaktive Kontamination es riskant, sich zu nähern.","Und selbst wenn, macht die radioaktive Kontamination es riskant, sich zu nähern."
3282,3,3,1.0,1.0,"Was die Arbeitskräfte angeht, sind wir sehr stark auf Zuwanderung angewiesen.","Ja, uns sie unsere Arbeitskraft, weil wir beide wollen werden Polizisten."
3283,4,1,0.88,0.88,"Und denken Sie daran, hier kann niemand unbemerkt hereinkommen, auch Ihr Mann nicht.","Und denken Sie daran, hier kann niemand unbemerkt hereinkommen, auch Ihr Mann nicht."
3284,2,2,0.82,0.82,"Das war Gegenstand einer kritischen, reflektiven Betrachtung, wo man sagt: Das müssen wir verändern.","Das war Gegenstand einer kritischen, reflektiven Betrachtung, wo man sagt: Das müssen wir verändern."
3285,3,1,0.82,0.82,"Die Fachbereiche auf die wir uns konzentrieren wollen ist Managementlehre, Politikwissenschaft, Rechtswissenschaft und Volkswirtschaftslehre.","Die Fachbereiche auf die wir uns konzentrieren wollen ist Managementlehre, Politikwissenschaft, Rechtswissenschaft und Volkswirtschaftslehre."
3286,2,2,1.0,1.0,"Er liebt es gar nicht, im Mittelpunkt zu stehen.","Er liebt es gar nicht, im Mittelpunkt zu stehen."
3287,3,2,1.0,1.0,"Ich erkundige mich, ob das mit meinem spanischen Abschluss funktioniert.","Ich erkundige mich, ob das mit meinem spanischen Abschluss funktioniert."
3288,2,2,0.76,0.76,"Die zweite Möglichkeit, mit Aktien Geld zu verdienen, ist die Beteiligung am Gewinn des Unternehmens.","Deine aktive Beteiligung ist uns wichtig, und wir sind gespannt darauf, deine Gedanken zu hören."
3289,3,3,0.82,0.82,Weil man durch die Zugabe von Zinn zu Kupfer ein wesentlich härteres Metall bekommt.,Bei einer groß angelegten Kampagne mit Metalldetektoren kamen über 1.000 Schleudergeschosse aus Metall zutage.
3290,1,1,1.0,1.0,"Mein Sohn wird Wilgel heißen, vorausgesetzt , mein Mann ist Deutscher.","Mein Sohn wird Wilgel heißen, vorausgesetzt , mein Mann ist Deutscher."
3291,2,1,0.92,0.92,"Ja, ich kann meine Cranberries CD nicht finden.","Ja, ich kann meine Cranberries CD nicht finden."
3292,2,1,1.0,1.0,"Sie berechtigt wie eine Frage nach einem Kunstfehler, Herr Doktor.","Sie berechtigt wie eine Frage nach einem Kunstfehler, Herr Doktor."
3293,3,1,1.0,1.0,"Die Briten und Franzosen protestieren, unternehmen aber wieder nichts.","Die Briten und Franzosen protestieren, unternehmen aber wieder nichts."
3294,3,1,1.0,1.0,"Ich schätze es, dass genau diese Verknüpfungen machen dein Deutsch flexibel.","Ich schätze es, dass genau diese Verknüpfungen machen dein Deutsch flexibel."
3295,3,1,1.0,1.0,Das ist ein absoluter Klassiker und wird von allen Weltmeistern gespielt.,Das ist ein absoluter Klassiker und wird von allen Weltmeistern gespielt.
3296,3,1,1.0,1.0,Für das Projekt haben sich die Veranstalter mit erfahrenen Astronauten zusammengetan.,Für das Projekt haben sich die Veranstalter mit erfahrenen Astronauten zusammengetan.
3297,2,0,0.46,0.46,Ihr Ziel ist es den Anstieg des harmonisierten Verbraucherpreisindex für das Euro­Währungsgebiet bei unter 2% gegenüber dem Vorjahr zu halten.,Ihr Ziel ist es den Anstieg des harmonisierten Verbraucherpreisindex für das Euro­Währungsgebiet bei unter 2% gegenüber dem Vorjahr zu halten.
3298,3,1,0.88,0.88,Auch hier kann man alternativ „von + Dativ“ ergänzen: außerhalb von meinen Arbeitszeiten.,Auch hier kann man alternativ „von + Dativ“ ergänzen: außerhalb von meinen Arbeitszeiten.
3299,2,2,1.0,1.0,"Das Wort, auf dem meine Sicherheit im Leben beruhte.","Das Wort, auf dem meine Sicherheit im Leben beruhte."
3300,3,2,1.0,1.0,"Aber wirklich toll, die Lüftlmalerei hier an den Fassaden.","Aber wirklich toll, die Lüftlmalerei hier an den Fassaden."
3301,3,3,1.0,1.0,Er hat ja an der philosophischen Fakultät in Kiel bereit.,Er hat ja an der philosophischen Fakultät in Kiel bereit.
3302,2,0,0.7,0.7,"Ob Mörder oder Räuber oder Exhibitionist, wenn Schreiber im TV ist, da glaubst du jeden Mist!","Ob Mörder oder Räuber oder Exhibitionist, wenn Schreiber im TV ist, da glaubst du jeden Mist!"
3303,2,1,0.94,0.94,Die Akquise des neuen Großkunden im letzten Quartal war ein signifikanter Erfolg.,Die Akquise des neuen Großkunden im letzten Quartal war ein signifikanter Erfolg.
3304,3,2,1.0,1.0,"Zum Beispiel, wenn er schlechte Ernten gibt und Nahrungsmittel knapp werden.","Zum Beispiel, wenn er schlechte Ernten gibt und Nahrungsmittel knapp werden."
3305,1,1,0.92,0.92,Ich werde Ihnen nur ein paar Fragen stellen.,Ich werde Ihnen nur ein paar Fragen stellen.
3306,3,3,0.94,0.94,"Das ist auch das, was alle Juristen auf allen Seiten gut können.","Das ist auch das, was alle Juristen auf allen Seiten gut können."
3307,3,3,1.0,1.0,Essen Sie von den Orangen das Vitamin C drin?,Essen Sie von den Orangen das Vitamin C drin?
3308,2,1,1.0,1.0,"Genau, hier ist der angemeldete Benutzer, also der Hans Maier jetzt.","Genau, hier ist der angemeldete Benutzer, also der Hans Maier jetzt."
3309,2,1,1.0,1.0,Die können auch aus diesen bestehenden BVT-Blättern abgeleitet werden.,Die können auch aus diesen bestehenden BVT-Blättern abgeleitet werden.
3310,2,0,0.64,0.64,"Bei der Bilanzpressekonferenz verspricht sie: saubere Toiletten, sichere Bahnhöfe, schnellere Auskünfte bei Verspätungen und eine große Zukunft.","Bei der Bilanzpressekonferenz verspricht sie: saubere Toiletten, sichere Bahnhöfe, schnellere Auskünfte bei Verspätungen und eine große Zukunft."
3311,2,0,0.64,0.64,"Na ja, dann da müsst ihr euch auch die Augen verbinden und die Mädel sich auch ausziehen.","Na ja, dann da müsst ihr euch auch die Augen verbinden und die Mädel sich auch ausziehen."
3312,2,1,0.84,0.84,Das ist zumindest die Begründung der Premierministerin.,Das ist zumindest die Begründung der Premierministerin.
3313,2,1,1.0,1.0,"Pro dahingehend, dass ja quasi rassistische Äußerungen sehr hart geahndet werden.","Pro dahingehend, dass ja quasi rassistische Äußerungen sehr hart geahndet werden."
3314,1,0,0.64,0.64,Gib einen Einblick in deine relevanten Erfahrungen: Welche Qualifikationen und Erfahrungen bringst du für die Stelle mit?,Gib einen Einblick in deine relevanten Erfahrungen: Welche Qualifikationen und Erfahrungen bringst du für die Stelle mit?
3315,2,1,0.76,0.76,"Als die beiden mit der Zahlung zögern, schickt Modelwerk erst Rechnungen, dann Mahnungen und Anwaltsschreiben.","Als die beiden mit der Zahlung zögern, schickt Modelwerk erst Rechnungen, dann Mahnungen und Anwaltsschreiben."
3316,2,1,1.0,1.0,"Das war mein Boss, der sich über mich beugt.","Das war mein Boss, der sich über mich beugt."
3317,1,0,0.17,0.17,"Nach jedem Argumentenpaar wertest oder entkräftest du. Beide Argumente, sowohl das Pro als auch das Kontra solltest du dabei durch Beispiel belegen.","Nach jedem Argumentenpaar wertest oder entkräftest du. Beide Argumente, sowohl das Pro als auch das Kontra solltest du dabei durch Beispiel belegen."
3318,3,0,0.84,0.84,Nächsten Monat können wir neue Sachen kaufen.,Nächsten Monat können wir neue Sachen kaufen.
3319,2,1,0.76,0.76,Herzlich willkommen hier auf The Big Greek eurem Kanal zur gepflegten Vermittlung von königlichen Wissen.,Herzlich willkommen hier auf The Big Greek eurem Kanal zur gepflegten Vermittlung von königlichen Wissen.
3320,2,1,0.94,0.94,"Ich schaue mir an, wie in dieser Zeitschrift außereuropäische Kulturen dargestellt werden.","Ich schaue mir an, wie in dieser Zeitschrift außereuropäische Kulturen dargestellt werden."
3321,2,0,0.58,0.58,"Ist es klug, den Kosovo in einer Hauruck-Aktion aufzunehmen, wenn man dafür die institutionelle Bindung Serbiens langfristig verschlechtert?","Ist es klug, den Kosovo in einer Hauruck-Aktion aufzunehmen, wenn man dafür die institutionelle Bindung Serbiens langfristig verschlechtert?"
3322,2,0,0.76,0.76,Mein Ehegatte war ein großer Mann.,Mein Ehegatte war ein großer Mann.
3323,2,0,0.58,0.58,"Langfristig strebe ich an, eine Führungsposition im Unternehmen zu übernehmen und aktiv an der Gestaltung der Unternehmensstrategie mitzuwirken.","Langfristig strebe ich an, eine Führungsposition im Unternehmen zu übernehmen und aktiv an der Gestaltung der Unternehmensstrategie mitzuwirken."
3324,2,0,0.84,0.84,Selten war Erscheinung und Name so übereinstimmend.,Selten war Erscheinung und Name so übereinstimmend.
3325,3,1,0.94,0.94,"Du siehst das große Ganze, dass dein innerer Vorhersageapparat niemals fassen kann.","Du siehst das große Ganze, dass dein innerer Vorhersageapparat niemals fassen kann."
3326,2,1,0.76,0.76,"Wenn es hier überhaupt eine Differenz gibt, dann haben Sie eher etwas weniger Leistung bekommen.","Wenn es hier überhaupt eine Differenz gibt, dann haben Sie eher etwas weniger Leistung bekommen."
3327,1,1,0.92,0.92,Er konnte angeblich keinen zusammenhängenden Satz auf Russisch.,Er konnte angeblich keinen zusammenhängenden Satz auf Russisch.
3328,2,1,0.94,0.94,"Könntest du mir in deinen eigenen Worten verdeutlichen, warum du hier bist?","Könntest du mir in deinen eigenen Worten verdeutlichen, warum du hier bist?"
3329,2,1,0.82,0.82,"Bis heute umhüllt eine Mauer des Schweigens, auf was die Sieger damals wirklich stießen.","Bis heute umhüllt eine Mauer des Schweigens, auf was die Sieger damals wirklich stießen."
3330,2,0,0.52,0.52,"Das Speichern in der Cloud kostet dich als Privatnutzer nichts, genauso wie dich die Benutzung von OneNote nichts kostet.","Das Speichern in der Cloud kostet dich als Privatnutzer nichts, genauso wie dich die Benutzung von OneNote nichts kostet."
3331,2,1,1.0,1.0,"Das ich da ein Defizit habe, dieses wirklich zu erkennen.","Das ich da ein Defizit habe, dieses wirklich zu erkennen."
3332,2,1,0.82,0.82,Sie dringen in das Quartier der israelischen Mannschaft ein und überwältigen Sportler und Trainer.,Sie dringen in das Quartier der israelischen Mannschaft ein und überwältigen Sportler und Trainer.
3333,2,1,1.0,1.0,"Microsoft hat hier ganze Arbeit geleistet, um Nutzer maximal zu verwirren.","Microsoft hat hier ganze Arbeit geleistet, um Nutzer maximal zu verwirren."
3334,2,0,0.58,0.58,"Die Verbreitung von E-Bikes führt dazu, dass so ziemlich jeder die Berge auch auf dem Fahrrad erkunden kann.","Die Verbreitung von E-Bikes führt dazu, dass so ziemlich jeder die Berge auch auf dem Fahrrad erkunden kann."
3335,2,0,0.84,0.84,Terror statt Tennis: Darum geht es nicht.,Terror statt Tennis: Darum geht es nicht.
3336,3,0,0.76,0.76,Wir brauchen hier keinen angelsächsischen Mittler.,Wir brauchen hier keinen angelsächsischen Mittler.
3337,2,0,0.64,0.64,"Des Weiteren haben wir die Durchführung von Abschiebungen vereinbart, auch dass wir nach Syrien und Afghanistan abschieben.","Des Weiteren haben wir die Durchführung von Abschiebungen vereinbart, auch dass wir nach Syrien und Afghanistan abschieben."
3338,2,0,0.76,0.76,"Meine Burg, mein Fürst, meine Währung.",Auf die Arsch von die Burg.
3339,3,1,1.0,1.0,Hat ihr Gatte auch mit einem künstlerischen Beruf zu tun?,Hat ihr Gatte auch mit einem künstlerischen Beruf zu tun?
3340,2,1,0.88,0.88,"In dieser Mitteilung steht, dass jede andere Trainingsmethode meinen guten Stil versauen würde.","In dieser Mitteilung steht, dass jede andere Trainingsmethode meinen guten Stil versauen würde."
3341,2,1,0.88,0.88,"Ich konnte ihre Einsamkeit und Sehnsucht fühlen, bevor ich die Worte dafür kannte.","Ich konnte ihre Einsamkeit und Sehnsucht fühlen, bevor ich die Worte dafür kannte."
3342,1,1,1.0,1.0,Seit September 2025 feiert die Stiftung Bauhaus in Dessau dieses Datum.,Seit September 2025 feiert die Stiftung Bauhaus in Dessau dieses Datum.
3343,2,1,0.82,0.82,"Wir haben bemerkt, dass bei der Meldung von Vermögenswerten, das heißt, Kunstwerken, Diskrepanzen gibt.","Wir haben bemerkt, dass bei der Meldung von Vermögenswerten, das heißt, Kunstwerken, Diskrepanzen gibt."
3344,2,1,0.84,0.84,Reflexion ist meist nur der erste Schritt.,Reflexion ist meist nur der erste Schritt.
3345,2,1,1.0,1.0,Fazit: Der Erreger muss von außen eingetragen worden sein.,Fazit: Der Erreger muss von außen eingetragen worden sein.
3346,3,3,1.0,1.0,"Zumal, wie wir erfahren, die Konservenfabrik sogar Champignons dazukauft.","Zumal, wie wir erfahren, die Konservenfabrik sogar Champignons dazukauft."
3347,3,0,0.58,0.58,"Der Fernmelder generell muss stationär sein, um eine Verbindung aufzubauen zum OPCEN, sofern er diese große Antenne benutzt.","Der Fernmelder generell muss stationär sein, um eine Verbindung aufzubauen zum OPCEN, sofern er diese große Antenne benutzt."
3348,2,2,1.0,1.0,Es ist eine der ersten Aufführungen des neuen Programms.,Es ist eine der ersten Aufführungen des neuen Programms.
3349,1,0,0.58,0.58,"Dieses amerikanische Feuerwehrfahrzeug kombiniert eine kompakte Bauweise mit einer Leiter, die beeindruckende 30 Meter in die Höhe reicht.","Dieses amerikanische Feuerwehrfahrzeug kombiniert eine kompakte Bauweise mit einer Leiter, die beeindruckende 30 Meter in die Höhe reicht."
3350,2,1,0.88,0.88,"Eisner will seinen Rücktritt erklären, wird aber von einem völkisch-antisemitisch motivierten Attentäter ermordet.","Eisner will seinen Rücktritt erklären, wird aber von einem völkisch-antisemitisch motivierten Attentäter ermordet."
3351,2,1,0.94,0.94,Vor dem Altar hängt ein Vorhang mit einem Bild des deutschen Reichsadlers.,Vor dem Altar hängt ein Vorhang mit einem Bild des deutschen Reichsadlers.
3352,3,1,0.94,0.94,"Einer Zivilisation müssen Kulturen zugrunde liegen, die Fortschritt und technologische Entwicklung wertschätzen.","Einer Zivilisation müssen Kulturen zugrunde liegen, die Fortschritt und technologische Entwicklung wertschätzen."
3353,3,1,0.88,0.88,"Demnach kommt ""nutzen"" im deutschen Sprachraum etwa dreimal so oft vor wie ""nützen"".","Demnach kommt ""nutzen"" im deutschen Sprachraum etwa dreimal so oft vor wie ""nützen""."
3354,1,1,0.94,0.94,"Und ich übe genau diese Themen auch auf Spanisch, Italienisch und Französisch.","Und ich übe genau diese Themen auch auf Spanisch, Italienisch und Französisch."
3355,3,2,1.0,1.0,"Bitte vergesst alles was ihr gesehen habt, also ""etliche Fehler"".","Bitte vergesst alles was ihr gesehen habt, also ""etliche Fehler""."
3356,2,2,0.94,0.94,"Es ist ein bisschen eine Auseinandersetzung Gut gegen Böse, Dunkel gegen Hell.","Es ist ein bisschen die Auseinandersetzung Gut gegen Böse, Dunkel gegen Hell."
3357,3,0,0.76,0.76,Warum grinst du die ganze Zeit?,Warum grinst du die ganze Zeit?
3358,2,2,1.0,1.0,Ich finanziere den im Senat jahrelang ihre teuren Reisen aller Welt.,Ich finanziere den im Senat jahrelang ihre teuren Reisen aller Welt.
3359,2,2,1.0,1.0,Du verdrahtest die Baugruppen und programmierst die elektrische Steuerung.,Du verdrahtest die Baugruppen und programmierst die elektrische Steuerung.
3360,2,0,0.68,0.68,Wir haben beim Pkw angefangen.,Wir haben beim Pkw angefangen.
3361,3,1,0.88,0.88,"Dies ist alles subjektiv und kein Wissenschaftsvideo, du kannst das gerne anders sehen.","Dies ist alles subjektiv und kein Wissenschaftsvideo, du kannst das gerne anders sehen."
3362,2,1,0.76,0.76,"Wichtig ist mir, dass wir vorangehen und dass wir verlässlicher Partner in der Welt bleiben.","Wichtig ist mir, dass wir vorangehen und dass wir verlässlicher Partner in der Welt bleiben."
3363,2,0,0.46,0.46,"Es wird festgelegt, was unter einer „Terroristischen Vereinigung“ zu verstehen und wie die Bildung einer solchen Vereinigung zu bestrafen ist.","Es wird festgelegt, was unter einer „Terroristischen Vereinigung“ zu verstehen und wie die Bildung einer solchen Vereinigung zu bestrafen ist."
3364,3,2,0.84,0.84,"Ich hoffe, es geht ihm einigermaßen gut!","Ich hoffe, es geht ihm einigermaßen gut!"
3365,3,0,0.52,0.52,"Ihr Erfolg lag hauptsächlich darin, dass Deutschland, historisch eine der dynamischsten und mächtigsten Nationen der Welt, am Boden lag.","Ihr Erfolg lag hauptsächlich darin, dass Deutschland, historisch eine der dynamischsten und mächtigsten Nationen der Welt, am Boden lag."
3366,3,2,0.94,0.94,"Aber die analoge Methode, also das selber schreiben, hat einen riesen Vorteil.","Aber die analoge Methode, also das selber schreiben, hat einen riesen Vorteil."
3367,2,1,0.94,0.94,Und von daher finde ich es verkehrt zu sagen: darf gar nicht.,Und von daher finde ich es verkehrt zu sagen: darf gar nicht.
3368,3,0,0.76,0.76,"Ist das prinzipiell gefährlich, abgelaufene Farben?","Ist das prinzipiell gefährlich, abgelaufene Farben?"
3369,3,1,1.0,1.0,"Und dass dann Menschen versterben, das ist traurig, aber bittere Wahrheit.","Und dass dann Menschen versterben, das ist traurig, aber bittere Wahrheit."
3370,2,1,0.92,0.92,Auch hier erfolgt die Zunahme auf der Soll­Seite.,Auch hier erfolgt die Zunahme auf der Soll­Seite.
3371,2,0,0.64,0.64,"Ihre Bemühungen zielten darauf ab, die deutsche Kriegsmaschinerie zu stören und die Kontrolle der Besatzer zu untergraben.","Ihre Bemühungen zielten darauf ab, die deutsche Kriegsmaschinerie zu stören und die Kontrolle der Besatzer zu untergraben."
3372,3,1,1.0,1.0,"Es ist ein Erlebnis, wie ein Vogel übers Tal zu gleiten.","Es ist ein Erlebnis, wie ein Vogel übers Tal zu gleiten."
3373,3,1,0.94,0.94,Der stellvertretende Direktor der CIA Kennedy hat 61 rausgeworfen wegen des Schweinebuchtaskus.,Der stellvertretende Direktor der CIA Kennedy hat 61 rausgeworfen wegen des Schweinebuchtaskus.
3374,1,1,0.76,0.76,"Wir haben in Deutschland im WM stehe ein System, wo die Behörde keine Messen hat.","Wir haben in Deutschland im WM stehe ein System, wo die Behörde keine Messen hat."
3375,3,1,0.94,0.94,Und geleitet wird das Ganze von einer pädagogischen Kraft und einer Fachkraft.,Und geleitet wird das Ganze von einer pädagogischen Kraft und einer Fachkraft.
3376,2,0,0.84,0.84,"Das ist Rafael Sepetini, Eigentümer und Koch.","Das ist Rafael Sepetini, Eigentümer und Koch."
3377,3,2,1.0,1.0,Kein Mittelsmann und unser derzeitiger Arbeitgeber darf absolut nichts erfahren.,Kein Mittelsmann und unser derzeitiger Arbeitgeber darf absolut nichts erfahren.
3378,2,0,0.76,0.76,Sportakrobatik ist ja keine olympische Sportart.,Sportakrobatik ist ja keine olympische Sportart.
3379,2,1,1.0,1.0,Wir haben einen deutlichen Rückgang der illegalen Migration zu verzeichnen.,Wir haben einen deutlichen Rückgang der illegalen Migration zu verzeichnen.
3380,3,1,0.94,0.94,"Hitlers Deutschland, so sein Entschluss, sollte alle deutschsprachigen Völker in Europa einschließen.","Hitlers Deutschland, so sein Entschluss, sollte alle deutschsprachigen Völker in Europa einschließen."
3381,3,1,0.76,0.76,"Nur für den Fall, dass die Familie Ruan mich rauswirft und ich ganz allein dastehe.","Nur für den Fall, dass die Familie Ruan mich rauswirft und ich ganz allein dastehe."
3382,3,2,0.92,0.92,Er hockt den ganzen Tag in meiner Wohnung.,Er hockt den ganzen Tag in meiner Wohnung.
3383,2,1,1.0,1.0,Wir müssen die Stadt mit einem Netz von Spitzeln überziehen.,Wir müssen die Stadt mit einem Netz von Spitzeln überziehen.
3384,2,0,0.7,0.7,Topaktuelle Entdeckungen werden heute innerhalb nur etwa eines Jahres von Laboren auf der ganzen Welt kopiert.,Topaktuelle Entdeckungen werden heute innerhalb nur etwa eines Jahres von Laboren auf der ganzen Welt kopiert.
3385,3,1,1.0,1.0,"Doch um wirklich heimisch zu werden, brauchte der Mensch die Evolution.","Doch um wirklich heimisch zu werden, brauchte der Mensch die Evolution."
3386,1,0,0.84,0.84,"Das bedingt Mobilität, Austausch und auch Migration.","Das bedingt Mobilität, Austausch und auch Migration."
3387,2,2,1.0,1.0,"Ja, ich habe ein Lehrbuch, ein Heft und zwei Stifte dabei.","Stimmt mit dem Buch überein, also mit dem Lösungs Heft."
3388,3,0,0.84,0.84,"Ein mechanisches Gehirn, das superschnell Infos sammelt?","Ein mechanisches Gehirn, das superschnell Infos sammelt?"
3389,2,2,1.0,1.0,"Bei mir steht Spielerfrau, aber geht auch Dritte Liga.","Bei mir steht Spielerfrau, aber geht auch Dritte Liga."
3390,3,1,0.76,0.76,"Zurück an seinem Dienstort im Berliner Bendlerblock, versucht Stauffenberg gleichwohl mit Mitstreitern den Staatsstreich voranzutreiben.","Zurück an seinem Dienstort im Berliner Bendlerblock, versucht Stauffenberg gleichwohl mit Mitstreitern den Staatsstreich voranzutreiben."
3391,2,1,0.94,0.94,"Doch wir wissen: Ihre Fortpflanzungsstrategie ist, dass 99,999 % des Nachwuchses sterben.","Doch wir wissen: Ihre Fortpflanzungsstrategie ist, dass 99,999 % des Nachwuchses sterben."
3392,3,1,0.92,0.92,„Ihre Taille ist eingewickelt.“ aus elektrisch blauem Samt.,„Ihre Taille ist eingewickelt.“ aus elektrisch blauem Samt.
3393,2,0,0.64,0.64,Von der Basis über den Parteitag und das etwa 200 Personen umfassende Zentralkomitee bis hin zum Politbüro.,Von der Basis über den Parteitag und das etwa 200 Personen umfassende Zentralkomitee bis hin zum Politbüro.
3394,1,0,0.46,0.46,"Aber viele Leute, die mehrere Fremdsprachen auf fließendem Niveau beherrschen, üben zudem noch bestimmte Szenarien, die sie im Alltag brauchen.","Aber viele Leute, die mehrere Fremdsprachen auf fließendem Niveau beherrschen, üben zudem noch bestimmte Szenarien, die sie im Alltag brauchen."
3395,3,2,0.94,0.94,"Wie das örtliche Jugendzentrum eines freien Trägers, das er gerne abwickeln möchte.","Wie das örtliche Jugendzentrum eines freien Trägers, das er gerne abwickeln möchte."
3396,1,1,0.88,0.88,Käufer einer Aktie und Verkäufer einer Aktie werden sich auf einen Aktienpreis einigen.,Käufer einer Aktie und Verkäufer einer Aktie werden sich auf einen Aktienpreis einigen.
3397,3,2,0.88,0.88,Nach ärztlicher Aussage hatte der Mann kurz vor seinem Tod einen schweren Schock.,Nach ärztlicher Aussage hatte der Mann kurz vor seinem Tod einen schweren Schock.
3398,2,1,0.82,0.82,Beispielsätze: Sie hat die Problematik in nur einem Satz perfekt auf den Punkt gebracht.,Beispielsätze: Sie hat die Problematik in nur einem Satz perfekt auf den Punkt gebracht.
3399,3,2,0.94,0.94,"Und jedes Gelenk, jeder Muskel, jeder Knochen, jedes Organes erwacht zum Leben.","Und jedes Gelenk, jeder Muskel, jeder Knochen, jedes Organes erwacht zum Leben."
3400,3,3,1.0,1.0,Schließlich entschied sich die 46-jährige Tourismusfachfrau für eine operative Magenverkleinerung.,Schließlich entschied sich die 46-jährige Tourismusfachfrau für eine operative Magenverkleinerung.
3401,3,1,0.94,0.94,"Dabei wären die Signale überflüssig, wenn auch diese Strecke voll digitalisiert würde.","Dabei wären die Signale überflüssig, wenn auch diese Strecke voll digitalisiert würde."
3402,2,1,0.76,0.76,"Jeder von uns ist mehr oder weniger geneigt, ADHS-artige Verhaltensweisen an den Tag zu legen.","Jeder von uns ist mehr oder weniger geneigt, ADHS-artige Verhaltensweisen an den Tag zu legen."
3403,3,2,0.92,0.92,Bei einer voraussichtlich dauerhaften Wertminderung muss ich abschreiben.,Bei einer voraussichtlich dauerhaften Wertminderung muss ich abschreiben.
3404,3,2,1.0,1.0,Weltmächte drohen sich wieder explizit und öffentlich mit Atomangriffen.,Weltmächte drohen sich wieder explizit und öffentlich mit Atomangriffen.
3405,2,1,0.82,0.82,"Das ist der Kanal, durch den er wirken, fließen, heilen, aufrichten und befreien kann.","Das ist der Kanal, durch den er wirken, fließen, heilen, aufrichten und befreien kann."
3406,2,0,0.42,0.42,Haustür fällt zu. Türglocke Journalisten rufen Fragen.,Haustür fällt zu. Türglocke Journalisten rufen Fragen.
3407,3,3,1.0,1.0,"Das tritt, nach meiner Kenntnis ist das sofort, unverzüglich.","Das tritt, nach meiner Kenntnis ist das sofort, unverzüglich."
3408,3,1,0.92,0.92,Immerhin siehst du starr aus mit der Brille.,Immerhin siehst du starr aus mit der Brille.
3409,2,2,1.0,1.0,"Ich möchte hervorheben, dass Samuel eine kriminelle Vergangenheit hat.","Ich möchte hervorheben, dass Samuel eine kriminelle Vergangenheit hat."
3410,2,1,1.0,1.0,Die Planung und Konzeption einer Anlage gehört zu deinem Aufgabenbereich.,Die Planung und Konzeption einer Anlage gehört zu deinem Aufgabenbereich.
3411,3,2,1.0,1.0,"Weisse Zwerge sind blasse, heiße, dichte Kugeln, die nichts mehr tun.","Weisse Zwerge sind blasse, heiße, dichte Kugeln, die nichts mehr tun."
3412,3,0,0.84,0.84,"Ich meine, wieso brüllst du hier rum?","Ich meine, wieso brüllst du hier rum?"
3413,2,1,0.82,0.82,"Wir geben Leuten, die vielleicht gegen die Demokratie kämpfen, sich vielleicht gegen Menschenrechte positionieren.","Wir geben Leuten, die vielleicht gegen die Demokratie kämpfen, sich vielleicht gegen Menschenrechte positionieren."
3414,2,2,0.88,0.88,"Er hatte zum Beispiel, anders als Platon, ein starkes Interesse an den Naturwissenschaften.","Er hatte zum Beispiel, anders als Platon, ein starkes Interesse an den Naturwissenschaften."
3415,3,2,1.0,1.0,Zusammenformen diese alten Freunde und langjährigen Bekannten das Rückgrad amerikanischen Militärführung.,Zusammenformen diese alten Freunde und langjährigen Bekannten das Rückgrad amerikanischen Militärführung.
3416,3,1,0.92,0.92,Möchten Sie eine Entspannungsmassage oder eine therapeutische Massage?,Möchten Sie eine Entspannungsmassage oder eine therapeutische Massage?
3417,1,0,0.46,0.46,"Du kannst WISO Steuer im Web, als Programm auf deinem PC oder als App für dein Smartphone oder Tablet nutzen.","Du kannst WISO Steuer im Web, als Programm auf deinem PC oder als App für dein Smartphone oder Tablet nutzen."
3418,1,0,0.32,0.32,Deshalb bin ich hier. (Stimmengewirr) (Klicken) Zu jeder Saison reisen Models aus aller Welt in die Modehauptstadt.,Deshalb bin ich hier. (Stimmengewirr) (Klicken) Zu jeder Saison reisen Models aus aller Welt in die Modehauptstadt.
3419,2,2,0.92,0.92,"Um Adipositas vorzubeugen, ist Prävention ein wesentlicher Baustein.","Um Adipositas vorzubeugen, ist Prävention ein wesentlicher Baustein."
3420,1,0,0.68,0.68,Keine Zeit für Ihre Fotografien.,Keine Zeit für Ihre Fotografien.
3421,3,1,0.94,0.94,"Zusätzlich gibt's hier noch so eine Rohre, die sind vorne schräg gesägt.","Zusätzlich gibt's hier noch so eine Rohre, die sind vorne schräg gesägt."
3422,2,0,0.52,0.52,"Das dritte Ziel ist, die wirtschaftliche Zusammenarbeit zu stärken, insbesondere mit aufstrebenden Volkswirtschaften wie Indien, Brasilien, Mexiko und Südafrika.","Das dritte Ziel ist, die wirtschaftliche Zusammenarbeit zu stärken, insbesondere mit aufstrebenden Volkswirtschaften wie Indien, Brasilien, Mexiko und Südafrika."
3423,2,0,0.84,0.84,Das zeigt eine Auswertung der Spendenplattform GoFundMe.,Das zeigt eine Auswertung der Spendenplattform GoFundMe.
3424,2,1,0.94,0.94,Das ist die Lehre vom Schutz und der Erhaltung der psychischen Gesundheit.,Das ist die Lehre vom Schutz und der Erhaltung der psychischen Gesundheit.
3425,1,1,1.0,1.0,"Achte darauf, dass dich niemand nach den Grundsätzen der Welt betrügt.","Achte darauf, dass dich niemand nach den Grundsätzen der Welt betrügt."
3426,2,1,0.94,0.94,"Ob das möglich ist, ist allerdings Thema einer hitzigen Debatte unter Physikern.","Ob das möglich ist, ist allerdings Thema einer hitzigen Debatte unter Physikern."
3427,2,0,0.4,0.4,"Das kann doch gar nicht sein."" Also es gibt eher eine Verbundenheit mit der Partei und vielleicht sogar einen gewissen Zuwachs.","Das kann doch gar nicht sein."" Also es gibt eher eine Verbundenheit mit der Partei und vielleicht sogar einen gewissen Zuwachs."
3428,1,0,0.84,0.84,Wir wollen uns heute Oracle NetSuite ankucken.,Wir wollen uns heute Oracle NetSuite ankucken.
3429,2,2,1.0,1.0,Du hast mir nicht mal einen Funken Beachtung geschenkt.,Du hast mir nicht mal einen Funken Beachtung geschenkt.
3430,2,2,0.88,0.88,"Wenn du ein Diplom hast, dann hat das System dich für „gut“ befunden.","Die Beamten schauen sich dein Diplom an, runzeln die Stirn und sagen: „Hm."
3431,2,1,0.82,0.82,Das Radlon ist für viele Radtouristen der Ausgangspunkt für Rundtouren durch die Mecklenburger Seenplatte.,Das Radlon ist für viele Radtouristen der Ausgangspunkt für Rundtouren durch die Mecklenburger Seenplatte.
3432,2,1,1.0,1.0,"Wir geben eine Presseerklärung heraus, dass wir auf Hochtur weiterermitteln.","Wir geben eine Presseerklärung heraus, dass wir auf Hochtur weiterermitteln."
3433,2,1,1.0,1.0,Ein Gruß aus der Haft an den Anwalt Darren Indyke.,Ein Gruß aus der Haft an den Anwalt Darren Indyke.
3434,2,0,0.84,0.84,Also muss man alles in Relation sehen.,Also muss man alles in Relation sehen.
3435,1,1,1.0,1.0,Für viele ist das nach wie vor die Norm.,Für viele ist das nach wie vor die Norm.
3436,1,1,0.94,0.94,"Deswegen dürfen wir nicht glauben, wir können die Adipositas-Epidemie mit Arzneimitteln bekämpfen.","Deswegen dürfen wir nicht glauben, wir können die Adipositas-Epidemie mit Arzneimitteln bekämpfen."
3437,1,0,0.42,0.42,Oh? Dann du kann den Weg weisen.,Oh? Dann du kann den Weg weisen.
3438,1,0,0.7,0.7,"Ja, ich möchte Valereri Bor doch sagen, dass es eine ganze Vielzahl von deutsch-französischen Projekten gibt.","Ja, ich möchte Valereri Bor doch sagen, dass es eine ganze Vielzahl von deutsch-französischen Projekten gibt."
3439,1,1,1.0,1.0,Solche Sammlungen sind für die Wissenschaft von unschätzbarem Wert.,Solche Sammlungen sind für die Wissenschaft von unschätzbarem Wert.
3440,1,0,0.64,0.64,"Sie drückt Löcher in den Boden, legt jeweils ein Saatkorn hinein und bedeckt es wieder mit Erde.","Sie drückt Löcher in den Boden, legt jeweils ein Saatkorn hinein und bedeckt es wieder mit Erde."
3441,1,1,0.82,0.82,Deswegen haben wir auch auf diese Strategie zur Wiederbelebung unter Berücksichtigung der Eigenheiten beharrt.,Deswegen haben wir auch auf diese Strategie zur Wiederbelebung unter Berücksichtigung der Eigenheiten beharrt.
3442,1,0,0.34,0.34,Denn das könnte nicht nur die Liquidität und damit den Fortbestand des Unternehmens belasten sondern würde auch die Gläubiger des Unternehmens gefährden.,Denn das könnte nicht nur die Liquidität und damit den Fortbestand des Unternehmens belasten sondern würde auch die Gläubiger des Unternehmens gefährden.
3443,1,1,0.76,0.76,"Pro Jahr gibt Sachsen-Anhalt fast 200 Millionen Euro für Theater, Orchester, Bibliotheken und Stiftungen aus.","Pro Jahr gibt Sachsen-Anhalt fast 200 Millionen Euro für Theater, Orchester, Bibliotheken und Stiftungen aus."
3444,1,1,0.92,0.92,Ich habe doch mein Auft in der Oper.,Ich habe doch mein Auft in der Oper.
3445,2,0,0.84,0.84,Viel Regen und so manch anderes Problem.,Viel Regen und so manch anderes Problem.
3446,1,0,0.58,0.58,"Die Blitze Gottes zucken und strömen durch diesen Körper, durch jede Hand, die göttlich mit dir verbunden ist.","Die Blitze Gottes zucken und strömen durch diesen Körper, durch jede Hand, die göttlich mit dir verbunden ist."
3447,1,0,0.68,0.68,Fahr einfach zum Shopping Center.,Fahr einfach zum Shopping Center.
3448,1,0,0.23,0.23,"Die Kräfte, die sich in der Klamm zeigen, erstaunen jedes Jahr Hunderttausende Besucher. 6,50 Euro für Erwachsene kostet dieses Naturerlebnis.","Die Kräfte, die sich in der Klamm zeigen, erstaunen jedes Jahr Hunderttausende Besucher. 6,50 Euro für Erwachsene kostet dieses Naturerlebnis."
3449,1,1,1.0,1.0,Wir müssen vor unerwünschtem Einfluss auf der Hut sein.,Wir müssen vor unerwünschtem Einfluss auf der Hut sein.
3450,1,0,0.76,0.76,"Was offen bleibt, ist deren Interpretation.","Was offen bleibt, ist deren Interpretation."
3451,1,0,0.52,0.52,Seit 2013 gibt es in Deutschland einen Rechtsanspruch auf einen Kindergarten- oder Krippenplatz vom ersten Lebensjahr bis zur Einschulung.,Seit 2013 gibt es in Deutschland einen Rechtsanspruch auf einen Kindergarten- oder Krippenplatz vom ersten Lebensjahr bis zur Einschulung.
3452,1,1,0.94,0.94,"Denn Anbau, Vorratshaltung und die Verteilung der Ernte erfordern eine komplexe Organisation.","Denn Anbau, Vorratshaltung und die Verteilung der Ernte erfordern eine komplexe Organisation."
3453,1,1,1.0,1.0,"Das ist meine abschließende Beurteilung, meine “Wahrheit”, die immer gültig ist.","Das ist meine abschließende Beurteilung, meine “Wahrheit”, die immer gültig ist."
3454,1,0,0.42,0.42,Hä? Ich wusste es. Party sind herein!,Hä? Ich wusste es. Party sind herein!
3455,1,0,0.4,0.4,"Wie viele weitere Kammern zwischen dem Jupiter-Tempel und der modernen Ortsmitte liegen, ist nach den Ergebnissen dieser Vermessung eine offene Frage.","Wie viele weitere Kammern zwischen dem Jupiter-Tempel und der modernen Ortsmitte liegen, ist nach den Ergebnissen dieser Vermessung eine offene Frage."
3456,1,0,0.68,0.68,Aber ich bin kein Moslem.,Aber ich bin kein Moslem.
3457,1,0,0.84,0.84,"Deine Haut schmerzt, ist gereizt und geschwollen.","Deine Haut schmerzt, ist gereizt und geschwollen."
3458,1,1,0.88,0.88,Sie haben sich doch nicht gleich seinen Namen auf ihren Tuches tätowieren lassen.,Sie haben sich doch nicht gleich seinen Namen auf ihren Tuches tätowieren lassen.
3459,2,1,0.82,0.82,"Achtsamkeit bedeutet, im gegenwärtigen Moment präsent zu sein, ohne das Erlebte sofort zu bewerten.","Achtsamkeit bedeutet, im gegenwärtigen Moment präsent zu sein, ohne das Erlebte sofort zu bewerten."
3460,1,0,0.84,0.84,Sie haften auch für ihn im Ausland.,Sie haften auch für ihn im Ausland.
3461,2,0,0.4,0.4,"Stell dir vor, ein superintelligenter Supercomputer hätte sich direkt nach dem Urknall alle Eigenschaften sämtlicher Teilchen im Universum angesehen und aufgeschrieben.","Stell dir vor, ein superintelligenter Supercomputer hätte sich direkt nach dem Urknall alle Eigenschaften sämtlicher Teilchen im Universum angesehen und aufgeschrieben."
3462,2,2,1.0,1.0,Oder auch geographisch nach den einzelnen Standorten eines Unternehmens.,Oder auch geographisch nach den einzelnen Standorten eines Unternehmens.
3463,1,0,0.76,0.76,Und es wird ein emotionales Wiedersehen.,Und es wird ein emotionales Wiedersehen.
3464,1,1,0.88,0.88,Jeder Topjournalist kennt auch die Geliebte des Bürgermeisters und den Geliebten des Oppositionsführers.,Jeder Topjournalist kennt auch die Geliebte des Bürgermeisters und den Geliebten des Oppositionsführers.
3465,1,0,0.08,0.08,Mit Sicherheit können wir sagen Es geht nicht ohne Gewalt ab. Diese Zeit zwischen dem vierten und dem sechsten Jahrhundert ist eine Epoche enormer Umwälzungen.,Mit Sicherheit können wir sagen Es geht nicht ohne Gewalt ab. Diese Zeit zwischen dem vierten und dem sechsten Jahrhundert ist eine Epoche enormer Umwälzungen.
3466,1,0,0.58,0.58,"Je mehr du im Geist betest, desto mehr wirst du in einer Zone namens Herrlichkeit leben, der „Herrlichkeitszone“.","Je mehr du im Geist betest, desto mehr wirst du in einer Zone namens Herrlichkeit leben, der „Herrlichkeitszone“."
3467,1,0,0.52,0.52,"Das aber aber eben für neuro typische Mit vier Einheiten ist die Unterscheidung sehr gut, sehr einfach zu erfassen.","Das aber aber eben für neuro typische Mit vier Einheiten ist die Unterscheidung sehr gut, sehr einfach zu erfassen."
3468,1,1,0.94,0.94,Aber auch in der Ecke tragen wir eine kleine Menge davon auf.,Aber auch in der Ecke tragen wir eine kleine Menge davon auf.
3469,2,0,0.64,0.64,Karl hat sich gegen weitere Thronanwärter und gegen verschiedene regionale Herrscher wie den bayrischen Herzog Tassilo durchgesetzt.,"Aber im bayrischen würde man ""Pfiat die Gott"", auf kölsch ""Tschüss"" und auf rheinländisch etwa ""Adjus"" sagen."
3470,1,1,0.88,0.88,"Als Finanzminister kann ich 13 bis 14 Milliarden jedes Jahr aufbringen, nicht mehr.","Als Finanzminister kann ich 13 bis 14 Milliarden jedes Jahr aufbringen, nicht mehr."
3471,1,1,1.0,1.0,Ein bekannter Komponist aus dieser Stadt hat dort gelebt.,Ein bekannter Komponist aus dieser Stadt hat dort gelebt.
3472,1,0,0.68,0.68,Der Abbau nochmals eine Woche.,Der Abbau nochmals eine Woche.
3473,2,0,0.64,0.64,Das ist eine Besonderheit beim Williams-Beuren-Syndrom und dafür können die musikalische Unterschiede viel besser wahrnehmen als wir.,Das ist eine Besonderheit beim Williams-Beuren-Syndrom und dafür können die musikalische Unterschiede viel besser wahrnehmen als wir.
3474,2,0,0.52,0.52,"Deine jährlichen Besuche waren von einer derart leidenschaftlichen Intensität, dass ich kein Bedürfnis mehr nach einem anderen Partner spürte.","Deine jährlichen Besuche waren von einer derart leidenschaftlichen Intensität, dass ich kein Bedürfnis mehr nach einem anderen Partner spürte."
3475,1,1,0.76,0.76,"Eine wichtige Funktion: Wer sich in der Hauptstadt bewährt, empfiehlt sich für noch höhere Aufgaben.","Eine wichtige Funktion: Wer sich in der Hauptstadt bewährt, empfiehlt sich für noch höhere Aufgaben."
3476,1,0,0.58,0.58,"In diesem Bezirk der Hauptstadt Reykjavik gibt es besonders viele Felsen, die als beseelt und damit schützenswert gelten.","In diesem Bezirk der Hauptstadt Reykjavik gibt es besonders viele Felsen, die als beseelt und damit schützenswert gelten."
3477,1,0,0.68,0.68,Ich erfreue mich bester Gesundheit.,Ich erfreue mich bester Gesundheit.
3478,2,1,0.88,0.88,"Nicht bei allen Schülern und Studenten beliebt, aber da müssen wir wohl durch.","Nicht bei allen Schülern und Studenten beliebt, aber da müssen wir wohl durch."
3479,1,1,1.0,1.0,Am Ende jedes Geschäftsjahres muss sie eine Bilanz erstellen.,Am Ende jedes Geschäftsjahres muss sie eine Bilanz erstellen.
3480,1,1,1.0,1.0,"Es ist ein Friedhof, aber irgendwie der Friedhof der Welt.","Es ist ein Friedhof, aber irgendwie der Friedhof der Welt."
3481,1,0,0.68,0.68,"Doch, es hat sich infiziert.","Doch, es hat sich infiziert."
3482,2,1,0.76,0.76,"Platzwetten verbleiben im Spiel, bis eine 7 gewürfelt wird oder bis sie wieder herausgenommen werden.","Platzwetten verbleiben im Spiel, bis eine 7 gewürfelt wird oder bis sie wieder herausgenommen werden."
3483,1,0,0.76,0.76,Du hast Farbe auf der Wange.,Du hast Farbe auf der Wange.
3484,2,0,0.68,0.68,Droht so ein kommunikatives Ungleichgewicht?,Droht so ein kommunikatives Ungleichgewicht?
3485,1,0,0.84,0.84,"Ja, ich habe eine kleine Zeichnung gemacht.","Ja, ich habe eine kleine Zeichnung gemacht."
3486,2,1,1.0,1.0,"Hier geht es um leistungsabhängige Boni, Gewinnbeteiligungen, Aktienoptionen oder virtuelle Anteile.","Hier geht es um leistungsabhängige Boni, Gewinnbeteiligungen, Aktienoptionen oder virtuelle Anteile."
3487,1,1,1.0,1.0,Du hast einen Schützen und einen Beobachter mit Funkgerät pro Team.,Du hast einen Schützen und einen Beobachter mit Funkgerät pro Team.
3488,2,1,0.88,0.88,"Ich hab Vieles klar verstanden, einschließlich Leben, Arbeit, Familie, Ehe und vieles mehr.","Ich hab Vieles klar verstanden, einschließlich Leben, Arbeit, Familie, Ehe und vieles mehr."
3489,1,0,0.52,0.52,"Hartnäckig halten sie am Glauben fest, dass es besser ist zu verhungern, als sich in die Tyrannei zu begeben.","Hartnäckig halten sie am Glauben fest, dass es besser ist zu verhungern, als sich in die Tyrannei zu begeben."
3490,1,0,0.14,0.14,"Eine weitere Frage über den Kollegen am Ensemble. (Rednerwechsel) Frau Präsidentin, lieber Minister, meine Frage geht auf das, was Sie vorhin erwähnt haben.","Eine weitere Frage über den Kollegen am Ensemble. (Rednerwechsel) Frau Präsidentin, lieber Minister, meine Frage geht auf das, was Sie vorhin erwähnt haben."
3491,1,1,1.0,1.0,"Die werden als ""kulturfremd"" charakterisiert, teilweise wird ihre Qualifikation angezweifelt.","Die werden als ""kulturfremd"" charakterisiert, teilweise wird ihre Qualifikation angezweifelt."
3492,1,0,0.68,0.68,Meine Faust in deinem Gesicht.,Meine Faust in deinem Gesicht.
3493,1,1,1.0,1.0,Können Sie sich an das Datum dieser Eintragung erinnern?,Können Sie sich an das Datum dieser Eintragung erinnern?
3494,1,1,0.82,0.82,Jan Chef versauen seimer Hauptmann jede Nacht die Stenke rein in die Lokale rum.,Jan Chef versauen seimer Hauptmann jede Nacht die Stenke rein in die Lokale rum.
3495,2,1,0.88,0.88,"Und wir stehen weiterhin bereit, gemeinsam, auch mit dem Auswärtigen Amt, da mitzuhelfen.","Und wir stehen weiterhin bereit, gemeinsam, auch mit dem Auswärtigen Amt, da mitzuhelfen."
3496,2,2,1.0,1.0,"Und diese Offenheit ist keine Schwäche, sondern ein methodisch redlicher Zustand.",Das ist eine methodische Frage über die Vollständigkeit unseres Wissensarchivs.
3497,1,0,0.64,0.64,"So, in den anderen Sektoren sieht es dann leider ganz anders aus mit der Macht des Konsumenten.","So, in den anderen Sektoren sieht es dann leider ganz anders aus mit der Macht des Konsumenten."
3498,1,0,0.68,0.68,Lauschen wir nun Daniel Rafferty.,Lauschen wir nun Daniel Rafferty.
3499,1,1,1.0,1.0,Was hat die Malerei mit dem Judenturm zu tun?,Was hat die Malerei mit dem Judenturm zu tun?
3500,2,2,1.0,1.0,Nach vielen vergeblichen Anfragen gibt es endlich eine Zusage.,Nach vielen vergeblichen Anfragen gibt es endlich eine Zusage.
3501,1,0,0.52,0.52,"Sophie Scholl, Biologie- und Philosophiestudentin, Mitglied einer Widerstandsgruppe an der Münchner Universität, zusammen mit ihrem Bruder Hans und anderen.","Sophie Scholl, Biologie- und Philosophiestudentin, Mitglied einer Widerstandsgruppe an der Münchner Universität, zusammen mit ihrem Bruder Hans und anderen."
3502,2,0,0.46,0.46,"Ja, melde dich einfach mal per E-Mail und ich sende dir alle weiteren Infos zum Start und die organisatorischen Details.","Ja, melde dich einfach mal per E-Mail und ich sende dir alle weiteren Infos zum Start und die organisatorischen Details."
3503,2,1,0.76,0.76,Gemeinsam mit dem einheimischen Chefarchäologen besteigt Seefeld im strömenden Tropenregen die Tribüne der einstigen Maya-Herrscher.,Gemeinsam mit dem einheimischen Chefarchäologen besteigt Seefeld im strömenden Tropenregen die Tribüne der einstigen Maya-Herrscher.
3504,1,0,0.46,0.46,Eine Millisekunde schneller. ist hier der verdammte Champion.,Eine Millisekunde schneller. ist hier der verdammte Champion.
3505,2,1,0.92,0.92,Jetzt haben wir reichlich Vorräte auf dem Boot.,Jetzt haben wir reichlich Vorräte auf dem Boot.
3506,1,0,0.28,0.28,"Gerade in der Wissenschaft, also auch an der Universität, ist es besonders wichtig, dass Texte eine klare Gliederung, also eine klare Struktur, aufweisen.","Gerade in der Wissenschaft, also auch an der Universität, ist es besonders wichtig, dass Texte eine klare Gliederung, also eine klare Struktur, aufweisen."
3507,2,0,0.4,0.4,"""Wir verschärfen die Sanktionen, an die Grenze dessen, was verfassungsrechtlich zulässig ist."" Wie passt das mit Ihren persönlichen Erfahrungen auch zusammen?","""Wir verschärfen die Sanktionen, an die Grenze dessen, was verfassungsrechtlich zulässig ist."" Wie passt das mit Ihren persönlichen Erfahrungen auch zusammen?"
3508,2,1,1.0,1.0,"Stevens bekommt eine weitere mediale Plattform, um seine Fälle öffentlich auszubreiten.","Stevens bekommt eine weitere mediale Plattform, um seine Fälle öffentlich auszubreiten."
3509,1,0,0.28,0.28,"Und es gibt sogar bei thyssenkrupp beim Werk Duisburg zum Beispiel, da wird dank Gewebe gewickelte an Staub wird von einem Milligramm erreicht.","Und es gibt sogar bei thyssenkrupp beim Werk Duisburg zum Beispiel, da wird dank Gewebe gewickelte an Staub wird von einem Milligramm erreicht."
3510,2,0,0.52,0.52,"Eine Gruppierung mit einer Mitgliederzahl allenfalls im niedrigen zweistelligen Bereich, von denen auch nicht alle Mitglieder selber Juden sind.","Eine Gruppierung mit einer Mitgliederzahl allenfalls im niedrigen zweistelligen Bereich, von denen auch nicht alle Mitglieder selber Juden sind."
3511,1,0,0.52,0.52,"Ebola ist eine Krankheit, die über Körperflüssigkeiten übertragen wird, wie Spucke, Schweiß oder Blut, aber nicht über die Luft.","Ebola ist eine Krankheit, die über Körperflüssigkeiten übertragen wird, wie Spucke, Schweiß oder Blut, aber nicht über die Luft."
3512,1,0,0.41,0.41,Was zum Teufel tust du da? Handyl Warum musst du immer diese Steckdose nehmen?,Was zum Teufel tust du da? Handyl Warum musst du immer diese Steckdose nehmen?
3513,1,1,1.0,1.0,Über die genaue Zusammensetzung des Kabinetts ist noch nichts Näheres verlaut.,Über die genaue Zusammensetzung des Kabinetts ist noch nichts Näheres verlaut.
3514,1,0,0.64,0.64,"Ein dritter Faktor, den wir berücksichtigen müssen, ist der beispiellose Anstieg der Zinssätze in den letzten Jahrzehnten.","Ein dritter Faktor, den wir berücksichtigen müssen, ist der beispiellose Anstieg der Zinssätze in den letzten Jahrzehnten."
3515,1,1,0.82,0.82,"Nachdem du eine Zulassung von deiner Universität erhalten hast, musst du dich erstmal immatrikulieren.","Nachdem du eine Zulassung von deiner Universität erhalten hast, musst du dich erstmal immatrikulieren."
3516,2,1,1.0,1.0,"Weißt du eigentlich, dass mich berufstätige Frauen total anmachen?","Weißt du eigentlich, dass mich berufstätige Frauen total anmachen?"
3517,2,2,0.76,0.76,"Da wir in diesem Video natürlich jetzt sehr fachlich arbeiten werden, hole ich einmal Literatur.","Da wir in diesem Video natürlich jetzt sehr fachlich arbeiten werden, hole ich einmal Literatur."
3518,2,0,0.68,0.68,Es gibt einen regelrechten Bismarck-Kult.,Es gibt einen regelrechten Bismarck-Kult.
3519,1,1,0.88,0.88,"Denn genau zu dieser Zeit lehrte der Herr mich wirklich, dass Gunst funktioniert.","Denn genau zu dieser Zeit lehrte der Herr mich wirklich, dass Gunst funktioniert."
3520,1,0,0.76,0.76,Dein Glied liegt auf meinem Bauch.,Dein Glied liegt auf meinem Bauch.
3521,1,1,0.76,0.76,Im Frühjahr 1943 lernt er dann den damaligen Oberstleutnant Claus Schenk Graf von Stauffenberg kennen.,Im Frühjahr 1943 lernt er dann den damaligen Oberstleutnant Claus Schenk Graf von Stauffenberg kennen.
3522,1,0,0.68,0.68,Ich konnte das Magazin entlehren.,Ich konnte das Magazin entlehren.
3523,2,1,0.94,0.94,Aber es ist nie auch nur ein militärisch bedeutsamer Funkspruch gesendet worden.,Aber es ist nie auch nur ein militärisch bedeutsamer Funkspruch gesendet worden.
3524,2,1,0.92,0.92,"Erst zur Hälfte, im zweiten Schritt dann gänzlich.","Erst zur Hälfte, im zweiten Schritt dann gänzlich."
3525,2,2,0.92,0.92,Und wir haben das Bild eines flüchtigen ADHS.,Ist es nicht verboten ein Flüchtigen zu verstecken?
3526,2,1,0.88,0.88,"Aus dem Umfeld erfahren wir, der Junge hätte kognitive Einschränkungen und eine Lernschwäche.","Aus dem Umfeld erfahren wir, der Junge hätte kognitive Einschränkungen und eine Lernschwäche."
3527,2,1,0.88,0.88,"Er wird vorzeitig von den Marines entlassen, angeblich weil seine Mutter krank ist.","Er wird vorzeitig von den Marines entlassen, angeblich weil seine Mutter krank ist."
3528,2,1,0.94,0.94,Simon Kaupert ist Identitärer Aktivist und dreht für die Szene ästhetische Propagandafilme.,Simon Kaupert ist Identitärer Aktivist und dreht für die Szene ästhetische Propagandafilme.
3529,2,1,0.92,0.92,"Dann passen wir vier Jahr glänzend zusammen, nicht?","Dann passen wir vier Jahr glänzend zusammen, nicht?"
3530,1,1,0.76,0.76,"Welche eine Steigerung vom Kapital zu den drei Musketieren, von der Analyse zum politischen Abenteuerroman?","Welche eine Steigerung vom Kapital zu den drei Musketieren, von der Analyse zum politischen Abenteuerroman?"
3531,1,0,0.68,0.68,Beschränkung der Werbung für Ungesundes.,Beschränkung der Werbung für Ungesundes.
3532,1,0,0.28,0.28,"Patton, ebenfalls Westpoint Absolvent, hatte sich im ersten Weltkrieg freiwillig als Panzergrenadier gemeldet und sah in Kriegsmaschinen eine Reflexion auf seine eigene Persönlichkeit.","Patton, ebenfalls Westpoint Absolvent, hatte sich im ersten Weltkrieg freiwillig als Panzergrenadier gemeldet und sah in Kriegsmaschinen eine Reflexion auf seine eigene Persönlichkeit."
3533,1,1,0.94,0.94,"Wenn man sich nicht abgrenzt, verschwimmen die Grenzen zwischen Privatleben und Beruf.","Wenn man sich nicht abgrenzt, verschwimmen die Grenzen zwischen Privatleben und Beruf."
3534,1,1,0.92,0.92,Die Frequenz lassen wir auf 48 K eingestellt.,Die Frequenz lassen wir auf 48 K eingestellt.
3535,1,1,0.92,0.92,Irgendwas hat dich total aus der Fassung gebracht.,Irgendwas hat dich total aus der Fassung gebracht.
3536,1,1,0.94,0.94,"Man kann versuchen, das öffentliche Forum im Gegensatz zum Gerichtsforum zu beeinflussen.","Man kann versuchen, das öffentliche Forum im Gegensatz zum Gerichtsforum zu beeinflussen."
3537,1,0,0.29,0.29,Deutschland ist das größte Industrieland in der EU. Dennoch gibt es keine deutliche Positionierung der Bundesregierung zur IED-Richtlinie.,Deutschland ist das größte Industrieland in der EU. Dennoch gibt es keine deutliche Positionierung der Bundesregierung zur IED-Richtlinie.
3538,1,1,1.0,1.0,Der Sozialdemokrat soll in einer Regierung nach Hitler Vizekanzler werden.,Der Sozialdemokrat soll in einer Regierung nach Hitler Vizekanzler werden.
3539,1,1,0.88,0.88,Sie können zum Beispiel in eine Anleihe investieren und einem Unternehmen Geld leihen.,Sie können zum Beispiel in eine Anleihe investieren und einem Unternehmen Geld leihen.
3540,1,0,0.46,0.46,"Neben der Einkommensteuererklärung kannst du mit WISO Steuer auch eine Umsatzsteuererklärung, Gewerbesteuererklärung und Fragebogen zur steuerlichen Erfassung erstellen und abschicken.","Neben der Einkommensteuererklärung kannst du mit WISO Steuer auch eine Umsatzsteuererklärung, Gewerbesteuererklärung und Fragebogen zur steuerlichen Erfassung erstellen und abschicken."
3541,1,1,0.82,0.82,Ich versuche die Außeneinheit mit den mitgelieferten Schrauben und Kunststoff Teilen sinnvoll zu befestigen.,Ich versuche die Außeneinheit mit den mitgelieferten Schrauben und Kunststoff Teilen sinnvoll zu befestigen.
3542,1,0,0.52,0.52,"Sie grasen am Meeresboden oder Riffen, jagen Quallen in der Tiefe oder fressen an der Oberfläche Plankton und Algen.","Sie grasen am Meeresboden oder Riffen, jagen Quallen in der Tiefe oder fressen an der Oberfläche Plankton und Algen."
3543,1,1,0.88,0.88,"Dummerweise unterscheidet der deutsche Gesetzgeber, also das Steuerrecht, zwischen zwei Arten der Selbstständigkeit.","Dummerweise unterscheidet der deutsche Gesetzgeber, also das Steuerrecht, zwischen zwei Arten der Selbstständigkeit."
3544,1,0,0.28,0.28,"Mehrere Siedlungen oder Dörfer bilden dann einen Stamm von kleinen Einheiten, kleine Dörfer, die kaum mehr produzieren, als sie selbst zum Leben brauchen.","Mehrere Siedlungen oder Dörfer bilden dann einen Stamm von kleinen Einheiten, kleine Dörfer, die kaum mehr produzieren, als sie selbst zum Leben brauchen."
3545,1,0,0.52,0.52,"All diese Quallenwürfel ergeben zusammen ein Becken, dessen Volumen etwa sieben mal so groß ist wie das des Fuji.","All diese Quallenwürfel ergeben zusammen ein Becken, dessen Volumen etwa sieben mal so groß ist wie das des Fuji."
3546,1,0,0.16,0.16,Was ist denn die Monopfokal Plus Linse und was macht sie im Vergleich zur sphärischen Monopfokallinse oder zur sphärischen Monopfokallinse noch mal so viel besonderer?,Was ist denn die Monopfokal Plus Linse und was macht sie im Vergleich zur sphärischen Monopfokallinse oder zur sphärischen Monopfokallinse noch mal so viel besonderer?
3547,1,0,0.2,0.2,"Das war sehr schön dort, ja. Münster, unsere Heimatstadt, ist nicht unbekannt, aber ist jetzt auch nicht die touristischste Stadt Deutschlands.","Das war sehr schön dort, ja. Münster, unsere Heimatstadt, ist nicht unbekannt, aber ist jetzt auch nicht die touristischste Stadt Deutschlands."
3548,1,1,0.76,0.76,Auf dem Gebiet eines ehemaligen Tagebaus im Ruhrgebiet werden ökologische Wohnungen für verschiedene Generationen gebaut.,Auf dem Gebiet eines ehemaligen Tagebaus im Ruhrgebiet werden ökologische Wohnungen für verschiedene Generationen gebaut.
3549,1,0,0.35,0.35,"Tatsächlich ausgeprägt, aber nicht jeder Prozess ist sinnlos und vieles hängt vom konkreten Bereich ab. Lächeln?","Tatsächlich ausgeprägt, aber nicht jeder Prozess ist sinnlos und vieles hängt vom konkreten Bereich ab. Lächeln?"
3550,1,1,0.88,0.88,"Wir haben ferner vereinbart, dass wir auch die Zusammenarbeit der Sicherheitskräfte deutlich stärken.","Wir haben ferner vereinbart, dass wir auch die Zusammenarbeit der Sicherheitskräfte deutlich stärken."
3551,1,1,0.94,0.94,"Es gibt Kindergärten, die von der evangelischen oder katholischen Kirche finanziert werden.","Es gibt Kindergärten, die von der evangelischen oder katholischen Kirche finanziert werden."
3552,1,0,0.28,0.28,"Vielleicht nicht genau die selbe, aber alle sind eigentlich quasi irgendwie so: ""Muss man auf jeden Fall machen."" Remigration bedeutet auch nicht Deportation.","Vielleicht nicht genau die selbe, aber alle sind eigentlich quasi irgendwie so: ""Muss man auf jeden Fall machen."" Remigration bedeutet auch nicht Deportation."
3553,1,1,0.82,0.82,"Kurz gesagt funktioniert diese Sprache etwa so: Den Anfang machen Aminosäuren, winzige organische Moleküle.","Kurz gesagt funktioniert diese Sprache etwa so: Den Anfang machen Aminosäuren, winzige organische Moleküle."
3554,1,0,0.7,0.7,Christoph Kolumbus und die ihm nachfolgenden Seefahrer und Entdecker wollen die Welt für ihre Herrscher erobern.,Christoph Kolumbus und die ihm nachfolgenden Seefahrer und Entdecker wollen die Welt für ihre Herrscher erobern.
3555,1,0,0.34,0.34,Schon im jetzigen Zustand würden wir als Freie Demokraten eine Abkehr vom Einstimmigkeitsprinzip zugunsten der qualifizierten Mehrheit bei wichtigen Entscheidungen ausdrücklich begrüßen.,Schon im jetzigen Zustand würden wir als Freie Demokraten eine Abkehr vom Einstimmigkeitsprinzip zugunsten der qualifizierten Mehrheit bei wichtigen Entscheidungen ausdrücklich begrüßen.
3556,1,1,0.92,0.92,Infolge eines Energieausfalls konnten wir nicht früher senden.,Infolge eines Energieausfalls konnten wir nicht früher senden.
3557,1,1,0.82,0.82,"Ist dieser Aufwand gerechtfertigt, um eine konventionelle Bombe auf eine amerikanische Großstadt zu werfen?","Ist dieser Aufwand gerechtfertigt, um eine konventionelle Bombe auf eine amerikanische Großstadt zu werfen?"
3558,1,1,1.0,1.0,Das Gespräch mit dem Kommissar verlief professionell und diskret.,Das Gespräch mit dem Kommissar verlief professionell und diskret.
3559,1,1,0.94,0.94,"Er hat dazu sicher auch einen charakteristischen Zug, der keinen Widerspruch zulässt.","Er hat dazu sicher auch einen charakteristischen Zug, der keinen Widerspruch zulässt."
3560,1,0,0.84,0.84,Schildert detailliert die Funktionsweise seiner eingesetzten Selbstbauraketen.,Schildert detailliert die Funktionsweise seiner eingesetzten Selbstbauraketen.
3561,1,1,1.0,1.0,Ich bin vorige Woche mit Ihnen im Fahrstuhl stecken geblieben.,Ich bin vorige Woche mit Ihnen im Fahrstuhl stecken geblieben.
3562,1,0,0.46,0.46,"Ein Vorsitzender darf insoweit nur rechtswirksam nach außen hin agieren, mit einer Rechtsfolge, wenn ein Beschluss des Gremiums dahinter steckt.","Ein Vorsitzender darf insoweit nur rechtswirksam nach außen hin agieren, mit einer Rechtsfolge, wenn ein Beschluss des Gremiums dahinter steckt."
3563,1,0,0.58,0.58,"Pop kennt da jeden und unsere pakistanischen Partner, die geben uns all die Ausweise und das ganze Zeug.","Pop kennt da jeden und unsere pakistanischen Partner, die geben uns all die Ausweise und das ganze Zeug."
3564,1,1,0.92,0.92,Jetzt zum ersten Mal auch auf deutsch erhältlich.,Jetzt zum ersten Mal auch auf deutsch erhältlich.
3565,1,1,0.76,0.76,"Als die Soldaten und Matrosen zu ihren Waffen eilen, regnet es schon Zerstörung vom Himmel.","Als die Soldaten und Matrosen zu ihren Waffen eilen, regnet es schon Zerstörung vom Himmel."
3566,1,1,1.0,1.0,Die bestehenden Arbeitsverträge gehen über und gelten in unveränderter Form fort.,Die bestehenden Arbeitsverträge gehen über und gelten in unveränderter Form fort.
3567,1,1,0.82,0.82,"Einmal, weil Frankreich und Großbritannien nicht, wie eigentlich vertraglich versprochen, Polen zur Hilfe kommen.","Einmal, weil Frankreich und Großbritannien nicht, wie eigentlich vertraglich versprochen, Polen zur Hilfe kommen."
3568,1,0,0.84,0.84,Doch nun fehlt noch die amtliche Beglaubigung.,Doch nun fehlt noch die amtliche Beglaubigung.
3569,1,0,0.84,0.84,Jahrmilliarden haben elementare Kräfte unseren Planeten geformt.,Jahrmilliarden haben elementare Kräfte unseren Planeten geformt.
3570,1,1,0.94,0.94,"Wir können es normativ oder quantitativ definieren, was Mitte und Rand ist.","Wir können es normativ oder quantitativ definieren, was Mitte und Rand ist."
3571,1,0,0.76,0.76,In drei Minuten bist du fällig.,In drei Minuten bist du fällig.
3572,1,0,0.64,0.64,In ländlichen Gegenden sind die Bauernsich bei der Produktion von Lebensmitteln für das Militär und das Volk.,In ländlichen Gegenden sind die Bauernsich bei der Produktion von Lebensmitteln für das Militär und das Volk.
3573,1,1,0.92,0.92,Hintergrund ist das BGH-Urteil vom Oktober zwanzig fünfundzwanzig.,Hintergrund ist das BGH-Urteil vom Oktober zwanzig fünfundzwanzig.
3574,1,0,0.68,0.68,Die Ernte-Erträge sind vergleichsweise gering.,Die Ernte-Erträge sind vergleichsweise gering.
3575,1,1,0.92,0.92,"Ein Narrativ, das auch in rechtsextremen Kreisen vorherrscht.","Ein Narrativ, das auch in rechtsextremen Kreisen vorherrscht."
3576,1,0,0.52,0.52,Es gebä vielleicht noch einen Weg über die als Täter in betracht kommende Person ist zweifellos irgendwo Reizmaterial vorhanden.,Es gebä vielleicht noch einen Weg über die als Täter in betracht kommende Person ist zweifellos irgendwo Reizmaterial vorhanden.
