sent,build,surface,initial,tag,st_xpos,md,md_repaired,st,acc,att_md_repaired,att_st,text
2,subtitle,mich,0,PRF,PPER,sich,sich,ich,ich,1,1,Du hast mich wieder verarscht.
4,subtitle,alle,0,PIAT,PIAT,aller,aller,alle,alle,1,1,Da kommt erstmal so eine Blende runter und dahinter verschwinden dann alle Pins.
8,subtitle,im,0,APPRART,ART,in,in,im,im,1,1,"Ich saß eigentlich immer so, auch im Deutschunterricht."
9,subtitle,Im,1,APPRART,ART,in,in,im,im,1,1,"Im Zivilschutzgesetz ist vorgegeben, dass man einmal jährlich eine Risikoanalyse zur Zivilverteidigung an das Parlament gibt."
9,subtitle,zur,0,APPRART,APPR,zu,zu,zur,zur,1,1,"Im Zivilschutzgesetz ist vorgegeben, dass man einmal jährlich eine Risikoanalyse zur Zivilverteidigung an das Parlament gibt."
13,subtitle,ersten,0,ADJA,ADJA,erster,erster,erst,erst,1,1,"Und tatsächlich, auf den ersten Blick sieht das alles ganz gut aus."
15,subtitle,im,0,APPRART,ART,in,in,im,imen,1,1,"Die Leute waren hier gesessen, haben ihre Wäsche gewaschen im Sommer."
16,subtitle,uns,0,PRF,PRF,sich,sich,wir,wir,1,1,"Erkennen wir Anzeichen für Sicherheit und Nahrung, fühlen wir uns gut."
19,subtitle,im,0,APPRART,ART,in,in,im,imen,1,1,Wir können im See schwimmen und den Sonnenuntergang betrachten.
20,subtitle,gleiche,0,ADJA,NN,gleich,gleich,gleichen,gleichen,1,1,Das gleiche passiert bei der elektrischen Ladung.
22,subtitle,VHS-Kassetten,0,NN,NN,VHS-Kassetten,vhs-kassetten,VHS-Kassette,VHS-Kassette,1,1,"Kein Mensch nutzt mehr VHS-Kassetten, außer vielleicht Nostalgiker."
23,subtitle,krasseren,0,ADJA,ADJA,krasseren,krasseren,krass,krass,1,1,Was ist mit so krasseren Formen wie Hot-Yoga?
24,subtitle,mich,0,PRF,PRF,sich,sich,ich,ich,1,1,"Jetzt weiß ich nicht mehr, wie ich mich ihm gegenüber benehmen soll."
24,subtitle,ihm,0,PPER,PPER,ihm,ihm,er,er,1,1,"Jetzt weiß ich nicht mehr, wie ich mich ihm gegenüber benehmen soll."
26,subtitle,im,0,APPRART,ART,in,in,im,im,1,1,Es hatte sich alles im Laufe der Jahre dazu deformiert.
28,subtitle,Stell,1,ADJD,VVFIN,stell,stell,stellen,stellen,1,1,"Stell dir vor, eine Maus würde durch deinen Mund in dich hineinkriechen und deine Innereien, Knochen und dein Fettgewebe als Mäusefabrik benutzen."
28,subtitle,dir,0,PPER,PPER,dir,dir,du,dir,1,1,"Stell dir vor, eine Maus würde durch deinen Mund in dich hineinkriechen und deine Innereien, Knochen und dein Fettgewebe als Mäusefabrik benutzen."
28,subtitle,dich,0,PRF,PPER,dich,dich,du,du,1,1,"Stell dir vor, eine Maus würde durch deinen Mund in dich hineinkriechen und deine Innereien, Knochen und dein Fettgewebe als Mäusefabrik benutzen."
29,subtitle,uns,0,PPER,PPER,uns,uns,wir,wir,1,1,Lass uns tiefer in die Sache einsteigen.
30,subtitle,im,0,APPRART,ART,in,in,im,imen,1,1,Ich saß doch gerade deswegen im Knast.
31,subtitle,einführen,0,VVINF,VVINF,einführen,einführen,einfahren,einfahren,1,1,Sachsen will solche Beschränkungen jetzt auch ab Montagnacht 0:00 Uhr einführen.
34,subtitle,im,0,APPRART,ART,in,in,im,im,1,1,"Das Mutterkreuz, im Volksmund auch Karnickelorden genannt, soll den Einsatz der Mutter von Leib und Leben bei der Geburt ehren."
34,subtitle,Karnickelorden,0,NN,NN,Karnickelorde,karnickelorde,Karnickelorden,Karnickelord,0,1,"Das Mutterkreuz, im Volksmund auch Karnickelorden genannt, soll den Einsatz der Mutter von Leib und Leben bei der Geburt ehren."
36,subtitle,am,0,APPRART,ART,an,an,am,am,1,1,Risiko Nummer zwei: Nur durch Glück entgeht der sowjetischen Aufklärung am selben Tag ein routinemäßiger US-Raketenabschuss.
39,subtitle,Aufständische,0,NN,NN,Aufständische,aufständische,Aufständischer,Aufständischer,1,1,"Der Name dieser Miliz war ""Dschandschawid"". 2003 hat Diktator al-Baschir sie gegen Aufständische in Darfur eingesetzt."
40,subtitle,ihr,0,PPER,PPER,ihr,ihr,sie,sie,1,1,"Hier oben auf dem I kommt ihr zum Kanal ""MrWissen2go Geschichte""."
40,subtitle,zum,0,APPRART,ART,zu,zu,zum,zum,1,1,"Hier oben auf dem I kommt ihr zum Kanal ""MrWissen2go Geschichte""."
41,subtitle,gelitten,0,VVPP,VVPP,gelitten,gelitten,leiden,leiden,1,1,"Sie wissen, ich hatte das nicht und sie sagen, ich hätte immer darunter gelitten."
42,subtitle,’s,0,ADV,PPER,’s,’s,'s,'s,0,0,"Ihr seht: Hier geht’s darum, dass man eine Person über etwas informiert, was diese Person in dem Moment nicht weiß."
45,subtitle,dich,0,PPER,PPER,dich,dich,du,du,1,1,Ist Tanzen für dich auch verbunden mit dem Thema Partnerschaft?
46,subtitle,dich,0,PPER,PPER,dich,dich,du,du,1,1,Wie du eine erfüllende Karriere für dich finden könntest. (Dynamische Musik) Für die meisten Menschen ist das der größte Teil des Lebens.
46,subtitle,meisten,0,PIAT,PIAT,meister,meister,meist,meist,1,1,Wie du eine erfüllende Karriere für dich finden könntest. (Dynamische Musik) Für die meisten Menschen ist das der größte Teil des Lebens.
48,subtitle,viele,0,PIAT,PIAT,vieler,vieler,viel,viel,1,1,So viele Gäste werde ich nicht empfangen.
49,subtitle,dich,0,PPER,PPER,dich,dich,du,du,1,1,"Na komm, Ari, hab dich nicht so! Hey, was machst du da? Runter von meiner Liege!"
49,subtitle,was,0,PWS,PWS,wer,wer,was,was,1,1,"Na komm, Ari, hab dich nicht so! Hey, was machst du da? Runter von meiner Liege!"
51,subtitle,schicken,0,ADJA,ADJA,schick,schick,schicken,schicken,1,1,"Was ist nicht in schicken Schaufenster zu sehen, gehört aber trotzdem zur Wahrheit dazu?"
51,subtitle,zur,0,APPRART,ART,zu,zu,zur,zu,1,1,"Was ist nicht in schicken Schaufenster zu sehen, gehört aber trotzdem zur Wahrheit dazu?"
52,subtitle,ihr,0,PPER,PPER,ihr,ihr,sie,sie,1,1,"Es ist sehr wichtig, dass ich mit ihr spreche."
53,subtitle,wenige,0,PIAT,PIAT,weniger,weniger,wenig,wenig,1,1,"Wenn etwa wenige Milliardäre noch reicher werden, verzerrt das das arithmetische Mittel nach oben, der Median bleibt aber gleich."
54,subtitle,im,0,APPRART,ART,in,in,im,imen,1,1,Weil man auf der anderen Seite seine Kollegen nicht im Stich lassen wollte.
56,subtitle,Beim,1,APPRART,ART,bei,bei,beim,ber,1,1,Beim nicht-zertifizierten Anbieter sieht es anders aus.
57,subtitle,Am,1,PTKA,APPR,an,an,Am,Am,1,1,"Am meisten ist momentan Lars aktiv, den alten Freunden der Sonne noch bekannt als ""Lars und die Welt""."
57,subtitle,meisten,0,PIS,PIS,meister,meister,meist,meist,1,1,"Am meisten ist momentan Lars aktiv, den alten Freunden der Sonne noch bekannt als ""Lars und die Welt""."
57,subtitle,bekannt,0,ADJD,ADJD,bekannt,bekannt,bekennen,bekennen,1,1,"Am meisten ist momentan Lars aktiv, den alten Freunden der Sonne noch bekannt als ""Lars und die Welt""."
60,subtitle,Abflachen,0,NN,NN,Abflachen,abflachen,Abflache,Abflach,1,1,Denn Abflachen alleine würde zu lange dauern.
62,subtitle,was,0,PWAT,PIS,wer,wer,was,was,1,1,"Mama, ich hab noch was Wichtiges zu erledigen, ich geh jetzt!"
62,subtitle,Wichtiges,0,NN,NN,Wichtig,wichtig,Wichtige,Wichtige,1,1,"Mama, ich hab noch was Wichtiges zu erledigen, ich geh jetzt!"
63,subtitle,am,0,APPRART,ART,an,an,am,am,1,1,Ich muss nur am Wochenende weg.
65,subtitle,zur,0,APPRART,APPR,zu,zu,zur,zu,1,1,"Je länger du hier unten bist, desto schwächer Ihre Verbindung zur Quelle wird."
66,subtitle,vom,0,APPRART,ART,von,von,vom,vom,1,1,"Ich spreche nicht vom Filet, ich spreche von den zwei Hühnern."
66,subtitle,Hühnern,0,NN,NN,Hühner,hühner,Huhn,Huhn,1,1,"Ich spreche nicht vom Filet, ich spreche von den zwei Hühnern."
67,subtitle,sparsamer,0,ADJD,ADJD,sparsamer,sparsamer,sparsam,sparsam,1,1,"Aus der Frage nach dem Kleid schließt sie: Du findest also, ich gebe zu viel Geld für Klamotten aus und sollte sparsamer sein."
70,subtitle,all,0,PIAT,PIS,all,all,alle,alle,1,1,Sie sind eng verbunden mit all den anderen.
71,subtitle,mich,0,PPER,PPER,mich,mich,ich,ich,1,1,Yara soll mich in 30 Minuten anrufen.
72,subtitle,ihn,0,PPER,PPER,ihn,ihn,er,er,1,1,"Hast ihn so lange beschimpft, bis er sich müde geprügelt hat."
78,subtitle,lieber,0,ADV,ADV,lieber,lieber,lieb,lieb,1,1,"Ja, vielleicht ja vielleicht dann lieber bei Fastbinder, da waren die Bücher glaube ich besser."
79,subtitle,frag,0,VVFIN,VVFIN,frag,frag,fragen,fragen,1,1,"Ich frag: „Wo geht's zum Bahnhof?“, sie sagt: „Je ne sais pas.“ Ich sag: „Äh, dir auch 'n schönen Tag!“ Was redet die?"
79,subtitle,geht's,0,VVFIN,VVFIN,geht's,gehen,gehe'en,geht's,1,0,"Ich frag: „Wo geht's zum Bahnhof?“, sie sagt: „Je ne sais pas.“ Ich sag: „Äh, dir auch 'n schönen Tag!“ Was redet die?"
79,subtitle,zum,0,APPRART,ART,zu,zu,zum,zum,1,1,"Ich frag: „Wo geht's zum Bahnhof?“, sie sagt: „Je ne sais pas.“ Ich sag: „Äh, dir auch 'n schönen Tag!“ Was redet die?"
79,subtitle,dir,0,PPER,PPER,dir,dir,du,dir,1,1,"Ich frag: „Wo geht's zum Bahnhof?“, sie sagt: „Je ne sais pas.“ Ich sag: „Äh, dir auch 'n schönen Tag!“ Was redet die?"
80,subtitle,früher,0,ADJD,ADV,früh,früh,früher,früher,1,1,"Ist es heute schwieriger, das Abi zu machen als früher?"
83,subtitle,euch,0,PPER,PPER,euch,euch,ihr,ihr,1,1,Sarah wollte sich bei euch entschuldigen.
86,subtitle,dich,0,PPER,PPER,dich,dich,du,du,1,1,Dankbarkeitsübungen können dich also tatsächlich umprogrammieren.
87,subtitle,bitte,0,ADV,VVFIN,bitte,bitte,bitten,bitten,1,1,"Komm bitte zu mir, Sara."
87,subtitle,mir,0,PPER,PPER,mir,mir,ich,ich,1,1,"Komm bitte zu mir, Sara."
90,subtitle,euren,0,PPOSAT,ADJA,eur,eur,euer,euer,1,1,"""Erkennt das Ergebnis in euren Staaten nicht an"", könnte er auftragen."
94,subtitle,am,0,APPRART,ART,an,an,am,am,1,1,Es gab ein wichtiges Meeting am Morgen.
96,subtitle,engagiert,0,VVPP,VVPP,engagieren,engagieren,engagiert,engagiert,1,1,"Sie sind in Vereinen engagiert, machen Politik."
98,subtitle,Danke,1,NN,PTKANT,Danke,danke,Dank,Dank,1,1,"Danke, dass ich so schnell einen Termin bekommen habe."
101,subtitle,euch,0,PPER,PPER,euch,euch,ihr,ihr,1,1,Ihr stellt euch nicht so an. Rein damit euch!
101,subtitle,euch,0,PPER,PPER,euch,euch,ihr,ihr,1,1,Ihr stellt euch nicht so an. Rein damit euch!
103,subtitle,am,0,APPRART,APPR,an,an,am,am,1,1,"Das liegt nicht nur am Einsatz von Maschinen, sondern vor allem an der verbesserten Ernährung der Pflanzen."
103,subtitle,verbesserten,0,ADJA,ADJA,verbessert,verbessert,verbessern,verbessern,1,1,"Das liegt nicht nur am Einsatz von Maschinen, sondern vor allem an der verbesserten Ernährung der Pflanzen."
107,subtitle,ins,0,APPRART,ART,in,in,ecser,ins,1,0,"Hier bringen die Grünen ein, wie sie es nennen, ""Zukunftsinvestitionsprogramm Bildung"" ins Spiel."
108,subtitle,Fettzellen,0,NN,NN,Fettzellen,fettzellen,Fettzelle,Fettzelle,1,1,Also noch mal: Fett lagert in unseren Fettzellen.
113,subtitle,am,0,APPRART,APPR,an,an,am,am,1,1,"Dann sag, am Anfang fand ich es, inzwischen, zum Beispiel, am Anfang fand ich die Mülltrennung verwirrend."
113,subtitle,zum,0,APPRART,ART,zu,zu,zum,zum,1,1,"Dann sag, am Anfang fand ich es, inzwischen, zum Beispiel, am Anfang fand ich die Mülltrennung verwirrend."
113,subtitle,am,0,APPRART,APPR,an,an,am,am,1,1,"Dann sag, am Anfang fand ich es, inzwischen, zum Beispiel, am Anfang fand ich die Mülltrennung verwirrend."
114,subtitle,im,0,APPRART,ART,in,in,im,imen,1,1,"Und deswegen wissen wir im Moment nicht, was kommen wird."
115,subtitle,ihr,0,PPER,PPER,ihr,ihr,sie,sie,1,1,Wir geben ihr nur ein leichtes Schmerzmittel.
122,subtitle,Dass,1,KOUS,KOUS,dass,dass,daß,daß,1,1,Dass aus dem einen Status ein andere werden würde.
124,subtitle,ihr,0,PPER,PPER,ihr,ihr,sie,sie,1,1,"Wenn ihr jetzt verstanden habt, wo im Deutschen das Verb steht, dann habt ihr Gold gewonnen in der Kategorie „Deutsche Grammatik“!"
124,subtitle,im,0,APPRART,ART,in,in,im,imen,1,1,"Wenn ihr jetzt verstanden habt, wo im Deutschen das Verb steht, dann habt ihr Gold gewonnen in der Kategorie „Deutsche Grammatik“!"
124,subtitle,Deutschen,0,NN,NN,deutsche,deutsche,deutsch,Deutsche,1,1,"Wenn ihr jetzt verstanden habt, wo im Deutschen das Verb steht, dann habt ihr Gold gewonnen in der Kategorie „Deutsche Grammatik“!"
125,subtitle,Verrückte,0,ADJA,ADJA,verrückt,verrückt,Verrückte,Verrückte,1,1,"Ihr könnt gerne in mein Buch schauen, das heißt ""Verrückte Geschichte""."
127,subtitle,ihr,0,PPER,PPER,ihr,ihr,sie,sie,1,1,"Wie ihr eventuell im Hintergrund erkennen könnt, liebe ich es, Bücher zu lesen."
127,subtitle,im,0,APPRART,ART,in,in,im,im,1,1,"Wie ihr eventuell im Hintergrund erkennen könnt, liebe ich es, Bücher zu lesen."
128,subtitle,Schauen,1,VVFIN,VVFIN,schauen,schauen,Schau,Schau,1,1,"Schauen wir uns noch ein letztes Beispiel an, wie es richtig geht."
128,subtitle,uns,0,PRF,PRF,sich,sich,wir,wir,1,1,"Schauen wir uns noch ein letztes Beispiel an, wie es richtig geht."
128,subtitle,letztes,0,ADJA,ADJA,letzter,letzter,letzt,letzt,1,1,"Schauen wir uns noch ein letztes Beispiel an, wie es richtig geht."
130,subtitle,drücktest,0,VVFIN,VVFIN,drückteen,drücktest,drücken,drücken,1,1,"Gebrauchtest du den Konjunktiv häufiger, drücktest du dich nicht nur viel eloquenter aus."
130,subtitle,dich,0,PRF,PPER,dich,dich,du,du,1,1,"Gebrauchtest du den Konjunktiv häufiger, drücktest du dich nicht nur viel eloquenter aus."
132,subtitle,beim,0,APPRART,ART,bei,bei,beim,bei,1,1,"Klar, beim Verfassungsschutz gibt es ganz normale Beamte, Leute in der Verwaltung, im wissenschaftlichen Dienst, Leute, die Informationen auswerten."
132,subtitle,im,0,APPRART,ART,in,in,im,imen,1,1,"Klar, beim Verfassungsschutz gibt es ganz normale Beamte, Leute in der Verwaltung, im wissenschaftlichen Dienst, Leute, die Informationen auswerten."
137,subtitle,ins,0,APPRART,APPR,in,in,ins,ins,1,1,"Los Samuel, ab ins Wohnzimmer!"
139,subtitle,Dass,1,KOUS,KOUS,dass,dass,daß,daß,1,1,Dass es immer wieder Streit gab über den ganzen Zeitraum der Legislaturperiode hinweg.
140,subtitle,Einige,1,PIAT,PIAT,einiger,einiger,einige,einige,1,1,"Einige Experten gehen deshalb davon aus, dass das die Einnahmen auf längere Sicht wieder ausgleichen würde."
141,subtitle,zum,0,APPRART,APPR,zu,zu,zum,zum,1,1,Da habe ich gesagt: Dann geh doch zum Automaten.
142,subtitle,mich,0,PPER,PRF,mich,mich,ich,ich,1,1,"Denn nur, weil du dann sorglos bist, entsorgst du mich."
150,subtitle,Testzertifikaten,0,NN,NN,Testzertifikaten,testzertifikaten,Testzertifikat,Testzertifikat,1,1,"Natürlich muss man auch mit Dingen rechnen wie gefälschte Impfzertifikate, passiert ja jetzt auch schon bei Testzertifikaten."
152,subtitle,Weiß,0,NN,NN,weiße,weiße,Weiß,Weiß,1,1,Jetzt runter von meinem Weiß nicht.
156,subtitle,im,0,APPRART,ART,in,in,im,imen,1,1,"Insgesamt hört man im deutschen Sprachraum aber viel häufiger ""nutzen"" statt ""nützen""."
158,subtitle,mir,0,PPER,PPER,mir,mir,ich,ich,1,1,"Stopp mal, mir wird übel."
160,subtitle,euch,0,PRF,PPER,euch,euch,ihr,ihr,1,1,Ich bin Rieke und ich habe euch beim letzten Mal schon Redewendungen mit der Farbe blau vorgestellt.
160,subtitle,beim,0,APPRART,ART,bei,bei,beim,bei,1,1,Ich bin Rieke und ich habe euch beim letzten Mal schon Redewendungen mit der Farbe blau vorgestellt.
160,subtitle,letzten,0,ADJA,ADJA,letzter,letzter,letzt,letzt,1,1,Ich bin Rieke und ich habe euch beim letzten Mal schon Redewendungen mit der Farbe blau vorgestellt.
161,subtitle,zieht,0,VVFIN,VVFIN,ziehen,ziehen,zeihen,ziehen,1,1,Plötzlich zieht ein Mann seine abgesägte Schrotflinte unter seinem Mantel hervor und schießt dem schwarzen Bürgerrechtler direkt in die Brust.
164,subtitle,einige,0,PIAT,PIAT,einiger,einiger,einige,einige,1,1,Aber es sind einige Leute vor uns angekommen.
164,subtitle,uns,0,PPER,PPER,uns,uns,wir,wir,1,1,Aber es sind einige Leute vor uns angekommen.
165,subtitle,im,0,APPRART,ART,in,in,im,imen,1,1,"Und wenn so Rollen im Konflikt stehen, dann können Erwartungen kollidieren und wenn das passiert, dann vertraut man uns weniger."
165,subtitle,uns,0,PPER,PPER,uns,uns,wir,wir,1,1,"Und wenn so Rollen im Konflikt stehen, dann können Erwartungen kollidieren und wenn das passiert, dann vertraut man uns weniger."
165,subtitle,weniger,0,ADV,PIS,weniger,weniger,wenig,weniger,1,1,"Und wenn so Rollen im Konflikt stehen, dann können Erwartungen kollidieren und wenn das passiert, dann vertraut man uns weniger."
166,subtitle,Gesagten,0,NN,NN,Gesagten,gesagten,Gesagt,Gesagt,1,1,"Gleichzeitig distanziert sie sich von dem Gesagten und stellt infrage, ob Markus wirklich Kopfweh hat oder nicht."
172,subtitle,versickert,0,VVPP,VVPP,versickern,versickert,versickern,versickern,1,1,"Da wurden teilweise Aufträge nicht offiziell ausgeschrieben, sondern einfach so unter der Hand vergeben, sehr undurchsichtig, Geld ist versickert."
173,subtitle,im,0,APPRART,ART,in,in,im,im,1,1,"Und wenn du noch mehr über umgangssprachliche Ausdrücke im Deutschen erfahren möchtest, schau dir gern meine Playlist an. Ich verlink sie dir hier."
173,subtitle,dir,0,PPER,PPER,dir,dir,du,dir,1,1,"Und wenn du noch mehr über umgangssprachliche Ausdrücke im Deutschen erfahren möchtest, schau dir gern meine Playlist an. Ich verlink sie dir hier."
173,subtitle,verlink,0,VVFIN,VVFIN,verlink,verlink,verlinken,verlinken,1,1,"Und wenn du noch mehr über umgangssprachliche Ausdrücke im Deutschen erfahren möchtest, schau dir gern meine Playlist an. Ich verlink sie dir hier."
173,subtitle,dir,0,PPER,PPER,dir,dir,du,dir,1,1,"Und wenn du noch mehr über umgangssprachliche Ausdrücke im Deutschen erfahren möchtest, schau dir gern meine Playlist an. Ich verlink sie dir hier."
175,subtitle,mich,0,PPER,PPER,mich,mich,ich,ich,1,1,"Das ist unsere Amme, die mich zu den Deutschen geschickt hat."
176,subtitle,ihr,0,PPER,PPER,ihr,ihr,sie,sie,1,1,"Ich bin übrigens auch auf Instagram, ihr müsst mir folgen."
176,subtitle,mir,0,PPER,PPER,mir,mir,ich,ich,1,1,"Ich bin übrigens auch auf Instagram, ihr müsst mir folgen."
177,subtitle,letzte,0,ADJA,ADJA,letzter,letzter,letzt,letzt,1,1,Und als letzte Möglichkeit: Ist das der nächste Mohammed Atta?
177,subtitle,nächste,0,ADJA,ADJA,nächster,nächster,nah,nah,1,1,Und als letzte Möglichkeit: Ist das der nächste Mohammed Atta?
178,subtitle,tu,0,VVFIN,VVFIN,tu,tu,tun,tun,1,1,"Bitte tu das nicht, Maria."
180,subtitle,bestimmt,0,ADJD,ADV,bestimmen,bestimmen,bestimmt,bestimmt,1,1,"Dann sagen Sie jetzt, ich habe Dokumente, die Sie ganz bestimmt interessieren."
181,subtitle,zur,0,APPRART,ART,zu,zu,zur,zu,1,1,Wie lange noch bis zur Notaufnahme?
182,subtitle,dir,0,PPER,PPER,dir,dir,du,dir,1,1,"Was machst du da? Schaust du dir die Bilder von Jungs an? Nein, mach ich nicht."
183,subtitle,stilsicher,0,ADJD,ADJD,stilsich,stilsich,stilsicher,stilsicher,1,1,"Und generell muss ich echt sagen, so schrottig das alles aussieht, irgendwie ist es doch in sich auch stilsicher, oder?"
184,subtitle,Gutes,0,NN,NN,gute,gute,Gut,Gut,1,1,"Wir sammeln spenden, um dem Tierschutzverein etwas Gutes zu tun."
185,subtitle,im,0,APPRART,ART,in,in,im,im,1,1,"Die Lebensmittelrationen sind so knapp bemessen, dass ein Jahr nach Einführung täglich mehr als 2000 Menschen im Warschauergto verhungern."
187,subtitle,viele,0,PIAT,PIAT,vieler,vieler,viel,viel,1,1,Inzwischen sind viele Akten von damals vernichtet.
187,subtitle,Akten,0,NN,NN,Akte,akte,Akt,Akt,1,1,Inzwischen sind viele Akten von damals vernichtet.
189,subtitle,vom,0,APPRART,ART,von,von,vom,vom,1,1,"In Bremen, Niedersachsen und Baden-Württemberg werden die Landesverbände der Jungen Alternativen inzwischen vom Verfassungsschutz beobachtet."
195,subtitle,uns,0,PRF,PRF,sich,sich,wir,wir,1,1,Aber der Iran sagt trotzdem: Wir müssen uns hier verteidigen.
198,subtitle,1950er-Jahren,0,NN,NN,1950er-Jahren,1950er-jahren,1950er-Jahre,1950er-Jahre,1,1,"Schon in den 1950er-Jahren bekommen Fußballer sogenannte ""Kampffliegerschokolade""."
198,subtitle,sogenannte,0,ADJA,ADJA,sogenannter,sogenannter,sogenannt,sogenannt,1,1,"Schon in den 1950er-Jahren bekommen Fußballer sogenannte ""Kampffliegerschokolade""."
199,subtitle,vom,0,APPRART,ART,von,von,vom,vom,1,1,"Weil der Mensch die Erde so stark verändert hat, spricht die Wissenschaft vom Anthropozän."
200,subtitle,Scheitert,0,VVFIN,VVFIN,scheiteren,scheitert,scheitern,Scheitern,1,1,"Und deshalb sage ich: Scheitert der Euro, dann scheitert Europa."
205,subtitle,Im,1,APPRART,ART,in,in,im,im,1,1,Im New Yorker Stadtteil Manhattan blüht die Discolandschaft voller Glitzer und Glamour.
207,subtitle,mich,0,PPER,PPER,mich,mich,ich,ich,1,1,Das ist für mich nicht die gleiche erste Aquidistanz Da geht es nicht um dieselben demokratische Verhältnisse.
207,subtitle,erste,0,ADJA,ADJA,erster,erster,erst,erst,1,1,Das ist für mich nicht die gleiche erste Aquidistanz Da geht es nicht um dieselben demokratische Verhältnisse.
208,subtitle,dich,0,PPER,PPER,dich,dich,du,du,1,1,Ich bin wirklich stolz auf dich.
212,subtitle,weniger,0,ADV,PIS,weniger,weniger,wenig,wenig,1,1,Unternehmen müssen sparen und investieren weniger in teure Software.
214,subtitle,dich,0,PPER,PPER,dich,dich,du,du,1,1,Ohne dich hätte ich es nie geschafft.
216,subtitle,dir,0,PPER,PPER,dir,dir,du,dir,1,1,"Jetzt mach dir nicht in die Hose, Markus."
218,subtitle,beim,0,APPRART,ART,bei,bei,beim,bei,1,1,Er hat beim ersten Mal richtig Glück gehabt.
218,subtitle,ersten,0,ADJA,ADJA,erster,erster,erst,erst,1,1,Er hat beim ersten Mal richtig Glück gehabt.
219,subtitle,gefällt,0,VVFIN,VVFIN,gefällen,gefällt,gefallen,gefallen,1,1,Ich hoffe Nina gefällt mein Outfit.
220,subtitle,fünfte,0,ADJA,ADJA,fünfter,fünfter,fünft,fünft,1,1,"Zitat: (Er liest vor.) Ganz konkret heißt das: Jede fünfte Studentin, jeder fünfte Student ist nicht sicher, das eigene Studium erfolgreich beenden zu können."
220,subtitle,fünfte,0,ADJA,ADJA,fünfter,fünfter,fünft,fünft,1,1,"Zitat: (Er liest vor.) Ganz konkret heißt das: Jede fünfte Studentin, jeder fünfte Student ist nicht sicher, das eigene Studium erfolgreich beenden zu können."
221,subtitle,alle,0,PIAT,PIAT,aller,aller,alle,alle,1,1,Vielleicht erstreckt sich das Universum in alle Ewigkeit und nur das langweilige Zeug wiederholt sich.
222,subtitle,Rechten,0,NN,NN,rechte,rechte,Recht,Recht,1,1,"Wir klären Fragen, kontrollieren die Unterlagen, schauen nach dem Rechten."
223,subtitle,Stell,1,ADJD,VVFIN,stell,stell,stellen,stellen,1,1,"Stell dir vor, ein radioaktives Element zerfällt zufällig und verursacht in einem Säugetier in der Nähe eine genetische Mutation."
223,subtitle,dir,0,PPER,PPER,dir,dir,du,dir,1,1,"Stell dir vor, ein radioaktives Element zerfällt zufällig und verursacht in einem Säugetier in der Nähe eine genetische Mutation."
226,subtitle,Mitreisenden,0,NN,NN,Mitreisender,mitreisender,Mitreisende,Mitreisende,1,1,Ein verspäteter Regionalzug und schon kennt man seine Mitreisenden.
228,subtitle,Schauen,1,VVFIN,VVFIN,schauen,schauen,Schau,Schau,1,1,"Schauen wir uns mal noch ein Beispiel an: Vor einiger Zeit mussten Handwerker in meine Wohnung kommen, weil ich ein Fenster nicht mehr schließen konnte."
228,subtitle,uns,0,PRF,PRF,sich,sich,wir,wir,1,1,"Schauen wir uns mal noch ein Beispiel an: Vor einiger Zeit mussten Handwerker in meine Wohnung kommen, weil ich ein Fenster nicht mehr schließen konnte."
228,subtitle,einiger,0,PIAT,PIAT,einiger,einiger,einige,einige,1,1,"Schauen wir uns mal noch ein Beispiel an: Vor einiger Zeit mussten Handwerker in meine Wohnung kommen, weil ich ein Fenster nicht mehr schließen konnte."
229,subtitle,Macht,1,NN,VVFIN,Macht,macht,machen,machen,1,1,"Macht anderen Mut, gebt Tipps."
230,subtitle,im,0,APPRART,ART,in,in,im,im,1,1,"Damit trägt die Niederlage im deutsch- deutschen Duell vielleicht sogar dazu bei, dass die westdeutsche Mannschaft beim Heimturnier 1974 am Ende den Weltmeistertitel holt."
230,subtitle,beim,0,APPRART,ART,bei,bei,beim,beim,1,1,"Damit trägt die Niederlage im deutsch- deutschen Duell vielleicht sogar dazu bei, dass die westdeutsche Mannschaft beim Heimturnier 1974 am Ende den Weltmeistertitel holt."
230,subtitle,am,0,APPRART,APPR,an,an,am,am,1,1,"Damit trägt die Niederlage im deutsch- deutschen Duell vielleicht sogar dazu bei, dass die westdeutsche Mannschaft beim Heimturnier 1974 am Ende den Weltmeistertitel holt."
231,subtitle,euch,0,PPER,PPER,euch,euch,ihr,ihr,1,1,Ich werde euch nichts tun.
232,subtitle,im,0,APPRART,ART,in,in,im,imen,1,1,"Hier im Beispiel: Ich rufe dich an, bevor ich zu dir komme."
232,subtitle,dich,0,PRF,PRF,dich,dich,du,du,1,1,"Hier im Beispiel: Ich rufe dich an, bevor ich zu dir komme."
232,subtitle,dir,0,PPER,PPER,dir,dir,du,dir,1,1,"Hier im Beispiel: Ich rufe dich an, bevor ich zu dir komme."
233,subtitle,Landen,0,NN,NN,Lande,lande,Land,Land,1,1,Acht Millionen Menschen leben um 1200 in deutschen Landen.
234,subtitle,ersten,0,ADJA,ADJA,erster,erster,erst,erst,1,1,Ende des ersten Jahrtausends und im 14. Jahrhundert beschädigen Erdbeben die Kirche wieder schwer.
234,subtitle,im,0,APPRART,ART,in,in,im,imen,1,1,Ende des ersten Jahrtausends und im 14. Jahrhundert beschädigen Erdbeben die Kirche wieder schwer.
238,subtitle,komm,0,VVFIN,VVFIN,kommn,komm,kommen,kommen,1,1,"Nun komm, Go. Na los, geh schlag zurück."
238,subtitle,schlag,0,VVIMP,ADJD,Schlag,schlag,schlagen,schlagen,1,1,"Nun komm, Go. Na los, geh schlag zurück."
240,subtitle,Einfluss,0,NN,NN,Einfluss,einfluss,Einfluß,Einfluß,1,1,"Kaum jemand anderes habe mehr Einfluss auf das Leben auf der Erde, schreibt die Redaktion damals."
241,subtitle,Demütige,1,VVFIN,VVIMP,demütig,demütige,demütigen,demütigen,1,1,Demütige dich nicht noch mehr.
241,subtitle,dich,0,PRF,PPER,dich,dich,du,du,1,1,Demütige dich nicht noch mehr.
242,subtitle,Verdiente,0,NN,NN,verdienter,verdienter,Verdiente,Verdienter,1,1,Besonders Verdiente von ihnen wurden zum Gefreiten befördert.
242,subtitle,ihnen,0,PPER,PPER,ihnen,ihnen,sie,sie,1,1,Besonders Verdiente von ihnen wurden zum Gefreiten befördert.
242,subtitle,zum,0,APPRART,APPR,zu,zu,zum,zum,1,1,Besonders Verdiente von ihnen wurden zum Gefreiten befördert.
242,subtitle,Gefreiten,0,NN,NN,Gefreiten,gefreiten,Gefreite,Gefreit,1,1,Besonders Verdiente von ihnen wurden zum Gefreiten befördert.
246,subtitle,Sag,1,VVIMP,ITJ,sag,sagen,sag,Sag,1,1,"Sag mal, Männer, wie ist der Polizeipräsident eigentlich auf euch gekommen?"
246,subtitle,euch,0,PPER,PPER,euch,euch,ihr,ihr,1,1,"Sag mal, Männer, wie ist der Polizeipräsident eigentlich auf euch gekommen?"
247,subtitle,meinen,0,VVFIN,VVFIN,meinen,meinen,mein,mein,1,1,"Nur so versteht sie, dass wir es ernst meinen."
248,subtitle,Drohnen,0,NN,NN,Drohne,drohne,Drohnen,Drohne,1,1,Da wurden Drohnen aus Iran abgefangen.
248,subtitle,abgefangen,0,VVPP,VVPP,abgefangen,abgefangen,abfangen,abfangen,1,1,Da wurden Drohnen aus Iran abgefangen.
251,subtitle,im,0,APPRART,ART,in,in,im,im,1,1,"Eine andere Folge ist, im Nahen Osten droht ein Krieg, der die gesamte Region noch weiter destabilisiert."
251,subtitle,weiter,0,ADV,ADV,weiter,weiter,weit,weit,1,1,"Eine andere Folge ist, im Nahen Osten droht ein Krieg, der die gesamte Region noch weiter destabilisiert."
251,subtitle,destabilisiert,0,VVPP,VVFIN,destabilisieren,destabilisiert,destabilisieren,destabilisieren,1,1,"Eine andere Folge ist, im Nahen Osten droht ein Krieg, der die gesamte Region noch weiter destabilisiert."
252,subtitle,im,0,APPRART,ART,in,in,im,imen,1,1,"Ja, ich habe nur leider überhaupt keine Erfahrung im Retten."
254,subtitle,Beim,1,APPRART,ART,bei,bei,beim,beim,1,1,"Beim Lesen spielen verschiedene Prozesse zusammen, die aufeinander aufbauen."
257,subtitle,was,0,PRELS,PRELS,wer,wer,was,was,1,1,"Aber die Realität ist, dass das, was wir tun, hauptsächlich euretwegen möglich ist."
259,subtitle,Blauen,0,NN,NN,blaue,blaue,Blauen,Blau,1,1,So kommt das rote Boot hinter dem Blauen durch.
261,subtitle,Im,1,APPRART,ART,in,in,im,im,1,1,Im offenen Drama soll sich der Zuschauer v.a. Gedanken machen und einen eigenen Standpunkt finden.
263,subtitle,vom,0,APPRART,ART,von,von,vom,vom,1,1,"Das ist vom Himmel nun gekommen, nicht von der Autobahn."
267,subtitle,dir,0,PPER,PPER,dir,dir,du,dir,1,1,"Ist eine Überraschung, aber es wird dir gefallen."
268,subtitle,ersten,0,ADJA,ADJA,erster,erster,erst,erst,1,1,Die negativen Erfahrungen aus dem ersten Weltkrieg werden äh kanalisiert in der Schaffung von Heldenfiguren.
269,subtitle,dir,0,PPER,PPER,dir,dir,du,dir,1,1,"Ich erkläre sie dir, damit du sicher planen kannst."
270,subtitle,beim,0,APPRART,ART,bei,bei,beim,beim,1,1,Wie kam sie beim Volk an? Die sitzt alles aus.
272,subtitle,dir,0,PPER,PRF,dir,dir,du,dir,1,1,Wir haben dir nicht geglaubt.
276,subtitle,uns,0,PPER,PPER,uns,uns,wir,wir,1,1,"Denn das Blutzuckertief würde uns so hungrig und schlapp machen, dass wir uns kaum noch bewegen, also weniger Kalorien verbrennen."
276,subtitle,uns,0,PRF,PRF,sich,sich,wir,wir,1,1,"Denn das Blutzuckertief würde uns so hungrig und schlapp machen, dass wir uns kaum noch bewegen, also weniger Kalorien verbrennen."
276,subtitle,weniger,0,PIAT,PIAT,weniger,weniger,wenig,wenig,1,1,"Denn das Blutzuckertief würde uns so hungrig und schlapp machen, dass wir uns kaum noch bewegen, also weniger Kalorien verbrennen."
277,subtitle,im,0,APPRART,ART,in,in,im,im,1,1,Es lag im Park auf dem Boden.
281,subtitle,zur,0,APPRART,APPR,zu,zu,zur,zur,1,1,Rund um die Welt wird der Tag zur Nacht.
282,subtitle,kaume,0,ADV,ADV,kaumen,kaumen,kaume,kaume,0,1,"Torhüter Schmoranzer hat bei diesem Strahl fast kaume eine Chance, also eigentlich so gut wie gar keine, das Tor zu verhindern."
284,subtitle,Redmonder,0,NN,NN,Redmond,redmond,Redmonder,Redmonder,1,1,"Glücklicherweise gelang es Sandy und Tony, die Redmonder vom Gegenteil zu überzeugen, da es wenig Entwickler und ebenso weniger Monate Arbeit bedurfte."
284,subtitle,vom,0,APPRART,ART,von,von,vom,vom,1,1,"Glücklicherweise gelang es Sandy und Tony, die Redmonder vom Gegenteil zu überzeugen, da es wenig Entwickler und ebenso weniger Monate Arbeit bedurfte."
284,subtitle,weniger,0,PIAT,PIAT,weniger,weniger,wenig,wenig,1,1,"Glücklicherweise gelang es Sandy und Tony, die Redmonder vom Gegenteil zu überzeugen, da es wenig Entwickler und ebenso weniger Monate Arbeit bedurfte."
286,subtitle,Im,1,APPRART,ART,in,in,im,im,1,1,Im Westen halten die Fußballfunktionäre sehr lange am Ideal des Amateurspielers fest.
286,subtitle,am,0,APPRART,ART,an,an,am,am,1,1,Im Westen halten die Fußballfunktionäre sehr lange am Ideal des Amateurspielers fest.
287,subtitle,gibt's,0,VVFIN,VVFIN,gibt's,geben,gibte'n,gibten,1,0,Dazu gibt's Minister und ein Parlament.
289,subtitle,mich,0,PPER,PPER,mich,mich,ich,ich,1,1,Also für mich war der Samuel unschuldig.
291,subtitle,euch,0,PRF,PPER,euch,euch,ihr,ihr,1,1,"Ich hoffe, euch hat das Video gefallen und wir sehen uns, wie immer bei der BogenSportWelt!"
291,subtitle,uns,0,PPER,PRF,sich,sich,wir,wir,1,1,"Ich hoffe, euch hat das Video gefallen und wir sehen uns, wie immer bei der BogenSportWelt!"
294,subtitle,beachten,0,VVINF,VVINF,beachten,beachten,beachen,beachen,1,0,"Was musst du noch beachten, wenn du dich selbstständig machen willst?"
294,subtitle,dich,0,PRF,PPER,dich,dich,du,du,1,1,"Was musst du noch beachten, wenn du dich selbstständig machen willst?"
294,subtitle,selbstständig,0,ADJD,ADJD,selbstständig,selbstständig,selbständig,selbständig,1,1,"Was musst du noch beachten, wenn du dich selbstständig machen willst?"
294,subtitle,willst,0,VMFIN,VMFIN,wollsten,willst,wollen,wollen,1,1,"Was musst du noch beachten, wenn du dich selbstständig machen willst?"
295,subtitle,am,0,APPRART,ART,an,an,am,am,1,1,"Oder durch selbst beurteilen, in dem die Teilnehmer an ihrem Handgelenk lecken und anschließend am getrockneten Speichel riechen."
303,subtitle,mich,0,PPER,PPER,mich,mich,ich,ich,1,1,"Interessiert mich ja, aber für mich sind das die zehn besten Eröffnungen."
303,subtitle,mich,0,PPER,PPER,mich,mich,ich,ich,1,1,"Interessiert mich ja, aber für mich sind das die zehn besten Eröffnungen."
306,subtitle,vielen,0,PIAT,PIAT,vieler,vieler,viel,viel,1,1,Deshalb wird Bandera auch heute noch von vielen Ukrainern verehrt.
307,subtitle,Lichtblitze,0,NN,NN,Lichtblitze,lichtblitze,Lichtblitz,Lichtblitz,1,1,"Keine Lichtblitze, Feuersbrünste oder Explosionen."
307,subtitle,Feuersbrünste,0,NN,NN,Feuersbrünst,feuersbrünst,Feuersbrunst,Feuersbrunst,0,1,"Keine Lichtblitze, Feuersbrünste oder Explosionen."
310,subtitle,vielen,0,PIAT,PIAT,vieler,vieler,viel,viel,1,1,Bei unseren Forschungsbeispielen wurden sehr komplexe Signale von sehr vielen Neuronen in ein stark vereinfachtes Ausgangssignal übersetzt.
311,subtitle,viele,0,PIAT,PIAT,vieler,vieler,viel,viel,1,1,"Auf unserem Kanal findest du viele weitere Kultmarken, schau gerne vorbei."
311,subtitle,Kultmarken,0,NN,NN,Kultmarken,kultmarken,Kultmarke,Kultmarke,1,1,"Auf unserem Kanal findest du viele weitere Kultmarken, schau gerne vorbei."
312,subtitle,besondere,0,ADJA,ADJA,besonderer,besonderer,besonder,besonder,1,1,Es geht um besondere Einsätze.
313,subtitle,dir,0,PPER,PRF,dir,dir,du,dir,1,1,Das habe ich dir doch gesagt.
314,subtitle,was,0,PRELS,PWS,wer,wer,was,was,1,1,"Darin aufgelistet ist alles, was die Politik darf und was sie wiederum nicht darf."
315,subtitle,Bin,1,VAFIN,VAFIN,Bin,bin,sein,sein,1,1,Bin jetzt hier bei Kaufland angekommen.
320,subtitle,mich,0,PRF,PRF,sich,sich,ich,ich,1,1,"Und ich mich dann durchaus freue, auch irgendwie mal Sachen durch die Gegend schleppen zu können."
321,subtitle,uns,0,PRF,PRF,sich,sich,wir,wir,1,1,"Wir haben uns angefreundet, als wir zusammen für die Klausuren gelernt haben."
321,subtitle,angefreundet,0,VVPP,VVPP,angefreunden,angefreundet,anfreunden,anfreunden,1,1,"Wir haben uns angefreundet, als wir zusammen für die Klausuren gelernt haben."
321,subtitle,Klausuren,0,NN,NN,Klausure,klausure,Klausur,Klausur,0,1,"Wir haben uns angefreundet, als wir zusammen für die Klausuren gelernt haben."
322,subtitle,schnapp,0,VVFIN,VVFIN,schnapp,schnapp,schnappen,schnappen,1,1,"Okay, ich lade die restlichen Stühler ab und schnapp mir eine Schütze."
322,subtitle,mir,0,PPER,PPER,mir,mir,ich,ich,1,1,"Okay, ich lade die restlichen Stühler ab und schnapp mir eine Schütze."
324,subtitle,kann's,0,VMFIN,VMFIN,kann's,kann's,könne'n,kann'esen,0,0,"Man kann's nicht anders sagen: Ich war verrückt nach den Produkten von ""Lego""."
325,subtitle,ihr,0,PPER,PPER,ihr,ihr,sie,sie,1,1,Da könnt ihr euch mit diesem Thema beschäftigen.
325,subtitle,euch,0,PRF,PPER,euch,euch,ihr,ihr,1,1,Da könnt ihr euch mit diesem Thema beschäftigen.
328,subtitle,Viele,1,PIS,PIS,viele,viele,viel,viel,1,1,Viele ihrer Wähler wählen sie aus Protest.
329,subtitle,vielen,0,PIAT,PIAT,vieler,vieler,viel,viel,1,1,Deshalb gibt es auch die vielen Tochterfirmen und Beteiligungen: Damit die jeweiligen Anforderungen gut verteilt werden können.
329,subtitle,Tochterfirmen,0,NN,NN,Tochterfirm,tochterfirm,Tochterfirma,Tochterfirma,0,1,Deshalb gibt es auch die vielen Tochterfirmen und Beteiligungen: Damit die jeweiligen Anforderungen gut verteilt werden können.
332,subtitle,verlinkt,0,VVPP,VVPP,verlinken,verlinkt,verlinken,verlinken,1,1,"Mehr zu den technischen Details in einem eigenen Video dazu, oben auf dem ""I"" verlinkt."
334,subtitle,Bitte,1,PTKANT,ADV,bitte,bitte,bitten,bitten,1,1,Bitte bringen Sie Ihre Krankenkassenkarte mit.
338,subtitle,Russland,0,NN,NE,Russland,russland,Rußland,Rußland,1,1,"Für Russland ist Serbien ein wichtiger strategischer Partner auf dem Balkan, um die EU und die NATO nicht noch größer werden zu lassen."
339,subtitle,mich,0,PPER,PPER,mich,mich,ich,ich,1,1,Er steht so krass auf mich.
345,subtitle,Armen,0,NN,NN,arme,arme,Arm,Arm,1,1,"Die Armen werden nicht ärmer, weil die Reichen reicher werden."
345,subtitle,Reichen,0,NN,NN,reiche,reiche,Reich,Reich,1,1,"Die Armen werden nicht ärmer, weil die Reichen reicher werden."
348,subtitle,’s,0,NN,PPER,’s,’s,'s,'s,0,0,Mehr zu dazu gibt’s in unserem Video zur Radioaktivität.
348,subtitle,zur,0,APPRART,APPR,zu,zu,zur,zur,1,1,Mehr zu dazu gibt’s in unserem Video zur Radioaktivität.
350,subtitle,dich,0,PPER,PPER,dich,dich,du,du,1,1,Aber Nina redet sehr gut über dich.
351,subtitle,ins,0,APPRART,ART,in,in,ecser,ins,1,0,"Monster, die mit einer undenkbaren Gewalt explodieren und ins Leere schreien."
354,subtitle,Am,1,APPRART,APPR,an,an,Am,Am,1,1,Am 26. April 1937 verdunkeln zahlreiche Flugzeuge den Himmel über der kleinen baskischen Stadt.
356,subtitle,vom,0,APPRART,APPR,von,von,vom,vom,1,1,Christiane Ludwig und Yannic Eggert vom Verein für soziale Rechtspflege Dresden haben mit uns über das Projekt gesprochen.
356,subtitle,Rechtspflege,0,NN,NN,Rechtspfleg,rechtspfleg,Rechtspflege,Rechtspflege,0,1,Christiane Ludwig und Yannic Eggert vom Verein für soziale Rechtspflege Dresden haben mit uns über das Projekt gesprochen.
356,subtitle,uns,0,PPER,PPER,uns,uns,wir,wir,1,1,Christiane Ludwig und Yannic Eggert vom Verein für soziale Rechtspflege Dresden haben mit uns über das Projekt gesprochen.
357,subtitle,ihnen,0,PPER,PPER,ihnen,ihnen,sie,sie,1,1,"Mit ihnen können wir Adjektive verstärken, aber auch Verben."
357,subtitle,Verben,0,NN,NN,Verbe,verbe,Verb,Verb,1,1,"Mit ihnen können wir Adjektive verstärken, aber auch Verben."
359,subtitle,mir,0,PPER,PPER,mir,mir,ich,ich,1,1,Bei mir hörten die Blutungen nach einem Monat Haft auf.
363,subtitle,im,0,APPRART,ART,in,in,im,imen,1,1,"Überall im Land treiben in den Tagen nach dem 6. April Soldaten oder Partei Milizen die Tutsi zusammen, um sie umzubringen."
364,subtitle,warst,0,VVFIN,VAFIN,warn,warst,sein,sein,1,1,Du warst ein paar Tage im Koma.
364,subtitle,im,0,APPRART,ART,in,in,im,imen,1,1,Du warst ein paar Tage im Koma.
367,subtitle,WLANs,0,NN,NN,WLANs,wlans,WLAN,WLAN,1,1,"Unterwegs verschlüsselt NordVPN deine Verbindung in unsicheren WLANs, etwa in Hotels, Flughäfen oder Caféses."
367,subtitle,Caféses,0,NN,NN,Caféses,caféses,Cafés,Cafése,1,1,"Unterwegs verschlüsselt NordVPN deine Verbindung in unsicheren WLANs, etwa in Hotels, Flughäfen oder Caféses."
368,subtitle,ihr,0,PPER,PPER,ihr,ihr,sie,sie,1,1,"Daran reifen Menschen, sie werden stark, das ist eine tolle Sache!"" Was macht ihr?"
371,subtitle,musstest,0,VMFIN,VMFIN,musstest,musstest,müssen,müssen,1,1,Du musstest Namen und so angeben.
372,subtitle,letzten,0,ADJA,ADJA,letzter,letzter,letzt,letzt,1,1,"""Große Koalition"" passt da vielleicht nicht so ganz, die SPD hat bei der letzten Wahl gerade mal um die 12% bekommen."
376,subtitle,mir,0,PPER,PPER,mir,mir,ich,ich,1,1,Heute war der Chef bei mir im Büro.
376,subtitle,im,0,APPRART,ART,in,in,im,im,1,1,Heute war der Chef bei mir im Büro.
377,subtitle,zur,0,APPRART,ART,zu,zu,zur,zu,1,1,Wir können nicht zur Tagesordnung übergehen.
380,subtitle,im,0,APPRART,ART,in,in,im,im,1,1,Wobei man auch Resveratrol als Pulver im Internet bestellen kann.
383,subtitle,einigen,0,PIAT,PIAT,einiger,einiger,einige,einige,1,1,Aber in so einigen Fällen solltest du den Konjunktiv doch nutzen.
384,subtitle,mir,0,PPER,PPER,mir,mir,ich,ich,1,1,Was möchtest du mir denn sagen?
385,subtitle,am,0,APPRART,ART,an,an,am,am,1,1,Pro zusätzlichen 50 g verarbeitetem Fleisch am Tag steigt das relative Darmkrebsrisiko um 18%.
388,subtitle,uns,0,PPER,PPER,uns,uns,wir,wir,1,1,"Das bedeutet für uns, es wird umständlicher."
390,subtitle,Fakten,0,NN,NN,Fakt,fakt,Faktum,Faktum,1,1,Zuerst mal die Fakten: Den Digitalpaktschule haben Bund und Bundesländer gemeinsam im Mai dieses Jahres beschlossen.
390,subtitle,im,0,APPRART,ART,in,in,im,im,1,1,Zuerst mal die Fakten: Den Digitalpaktschule haben Bund und Bundesländer gemeinsam im Mai dieses Jahres beschlossen.
392,subtitle,dir,0,PPER,PPER,dir,dir,du,dir,1,1,Ich muss mit dir sprechen.
393,subtitle,dich,0,PRF,PPER,dich,dich,du,du,1,1,"Ok, ich wollte dich erweichen."
395,subtitle,sogenannten,0,ADJA,ADJA,sogenannter,sogenannter,sogenannt,sogenannt,1,1,Und das ist ganz einfach gesagt: Der deutsche Staat verbietet Drogen und zwar mit dem sogenannten Betäubungsmittelgesetz.
397,subtitle,Wollen,1,VMFIN,VMFIN,wollen,wollen,Wolle,Wolle,1,1,Wollen wir noch kurz einen Film schauen?
399,subtitle,ihr,0,PPER,PPER,ihr,ihr,sie,sie,1,1,Was macht ihr heute Abend?
400,subtitle,im,0,APPRART,ART,in,in,im,im,1,1,Estee Williams hat sich im September 2022 auf TikTok schon einmal zur Kritik am Tradwife-Trend geäußert.
400,subtitle,zur,0,APPRART,APPR,zu,zu,zur,zu,1,1,Estee Williams hat sich im September 2022 auf TikTok schon einmal zur Kritik am Tradwife-Trend geäußert.
400,subtitle,am,0,APPRART,APPR,an,an,am,am,1,1,Estee Williams hat sich im September 2022 auf TikTok schon einmal zur Kritik am Tradwife-Trend geäußert.
401,subtitle,was,0,PWS,PWS,wer,wer,was,was,1,1,"Und Dubai ist besser, oder was?"
402,subtitle,Starten,1,VVFIN,VVFIN,Starn,starten,Start,Start,1,1,"Starten wir mal mit Szenario Nr. 1: Ja, wir nehmen ""Die Partei"" wörtlich."
407,subtitle,Mir,1,PPER,PPER,mir,mir,ich,ich,1,1,Mir sind auch die Morddrohungen durchaus bekannt.
407,subtitle,bekannt,0,ADJD,ADJD,bekannt,bekannt,bekennen,bekennen,1,1,Mir sind auch die Morddrohungen durchaus bekannt.
409,subtitle,uns,0,PRF,PRF,sich,sich,wir,wir,1,1,Das schauen wir uns mal genauer an. Im Community-Tab auf meinem Kanal haben wir einen Aufruf gestartet.
409,subtitle,Im,0,APPRART,ART,in,in,im,im,1,1,Das schauen wir uns mal genauer an. Im Community-Tab auf meinem Kanal haben wir einen Aufruf gestartet.
411,subtitle,spitzen,0,VVFIN,VVFIN,spitzen,spitzen,spitz,spitz,1,1,"In kaum einem anderen Jahr spitzen sich die Entwicklungen so zu, sowohl negativ als auch positiv."
412,subtitle,bitte,0,ADV,VVFIN,bitte,bitte,bitten,bitten,1,1,Stellen Sie bitte nichts auf den Radweg.
414,subtitle,Faden,0,NN,NN,Faden,faden,fade,fade,1,1,Diese Punkte ziehen sich auch wie ein roter Faden durchs Programm.
414,subtitle,durchs,0,APPRART,APPR,durch,durch,durchs,durchs,1,1,Diese Punkte ziehen sich auch wie ein roter Faden durchs Programm.
415,subtitle,im,0,APPRART,ART,in,in,im,imen,1,1,"Und was jetzt im Raum steht, das sind Schläge nicht nur gegen Militärbasen Irans, sondern auch gegen Anlagen, in denen an Atomwaffen gearbeitet wird."
417,subtitle,garst,0,ADJA,NN,Garst,garst,garen,garen,1,1,Wir haben das garst Biest erlegt und haben jetzt sein Horn.
418,subtitle,meisten,0,PIS,PIS,meister,meister,meist,meist,1,1,"Aber die meisten der Pazifikinseln sind nur ein paar nasse Felsen oder Korallen, vielleicht ein paar Palmen und mal einem Vogel auf der Durchreise."
418,subtitle,Felsen,0,NN,NN,Fels,fels,Felsen,Felsen,1,1,"Aber die meisten der Pazifikinseln sind nur ein paar nasse Felsen oder Korallen, vielleicht ein paar Palmen und mal einem Vogel auf der Durchreise."
419,subtitle,mich,0,PPER,PPER,mich,mich,ich,ich,1,1,Das freut mich zu hören.
421,subtitle,mich,0,PPER,PPER,mich,mich,ich,ich,1,1,"Achmed, warum schreist du so? Lass mich noch ein bisschen schlafen."
424,subtitle,alle,0,PIAT,PIAT,aller,aller,alle,alle,1,1,"Die Wärter sollten eigentlich alle 30 Minuten nach ihm schauen, das haben sie aber nicht gemacht."
424,subtitle,ihm,0,PPER,PPER,ihm,ihm,er,er,1,1,"Die Wärter sollten eigentlich alle 30 Minuten nach ihm schauen, das haben sie aber nicht gemacht."
426,subtitle,am,0,APPRART,APPR,an,an,am,am,1,1,"Denn Stalin will den Krieg um jeden Preis am Laufen halten, um die Vereinigten Staaten militärisch zu schwächen."
427,subtitle,Verben,0,NN,NN,Verbe,verbe,Verb,Verb,1,1,Adjektive können wie Verben auch durch Pronomen zu Substantiven werden.
428,subtitle,ihn,0,PPER,PPER,ihn,ihn,er,er,1,1,Dabei nannte er ihn „Vater“.
431,subtitle,Im,1,APPRART,ART,in,in,im,im,1,1,"Im November 2023 hat das Bundesverfassungsgericht in Karlsruhe entschieden: Der Nachtragshaushalt der Bundesregierung für das Jahr 2021, beschlossen im Jahr 2022, ist ungültig."
431,subtitle,im,0,APPRART,ART,in,in,im,im,1,1,"Im November 2023 hat das Bundesverfassungsgericht in Karlsruhe entschieden: Der Nachtragshaushalt der Bundesregierung für das Jahr 2021, beschlossen im Jahr 2022, ist ungültig."
433,subtitle,habt,0,VAFIN,VAFIN,habtn,habt,haben,haben,1,1,Du und dein Vater habt euch ja schon entschieden.
433,subtitle,euch,0,PPER,PPER,euch,euch,ihr,ihr,1,1,Du und dein Vater habt euch ja schon entschieden.
435,subtitle,dich,0,PPER,PPER,dich,dich,du,du,1,1,"Wenn du aber ein Tattoo machen lässt, kannst du direkt erleben, wie dein Immunsystem dich beschützt."
436,subtitle,Im,1,APPRART,ART,in,in,im,im,1,1,"Im Moment referenziert CapCut nämlich noch die Clips aus dem Ordner, aus dem du sie importiert hast."
436,subtitle,referenziert,0,VVFIN,VVFIN,referenzieren,referenziert,referenzieren,referenzieren,1,0,"Im Moment referenziert CapCut nämlich noch die Clips aus dem Ordner, aus dem du sie importiert hast."
438,subtitle,Insider,1,NN,NN,Insid,insid,Insider,Insider,0,1,"Insider sprechen davon, dass er eine Art Vaterfigur für Vance sei und einen großen Einfluss auf ihn habe."
438,subtitle,Einfluss,0,NN,NN,Einfluss,einfluss,Einfluß,Einfluß,1,1,"Insider sprechen davon, dass er eine Art Vaterfigur für Vance sei und einen großen Einfluss auf ihn habe."
438,subtitle,ihn,0,PPER,PPER,ihn,ihn,er,er,1,1,"Insider sprechen davon, dass er eine Art Vaterfigur für Vance sei und einen großen Einfluss auf ihn habe."
442,subtitle,mir,0,PRF,PPER,mir,mir,ich,ich,1,1,"Bist du bereit, mir von deinem Geheimnis zu erzählen?"
444,subtitle,Kongress,0,NN,NN,Kongress,kongress,Kongreß,Kongreß,1,1,"Doch nachdem Hitler zu weit gegangen war, gibt der Kongress seine Zurückhaltung auf und erklärt Deutschland den Krieg."
445,subtitle,Sagen,1,VVFIN,VVFIN,sagen,sagen,Sage,Sage,1,1,"Sagen Sie uns, wo wir Niewald finden."
445,subtitle,uns,0,PPER,PPER,uns,uns,wir,wir,1,1,"Sagen Sie uns, wo wir Niewald finden."
448,subtitle,im,0,APPRART,ART,in,in,im,imen,1,1,"Und gesellschaftlich eine eher rückständige Zeit, ganz besonders im militaristischen Deutschen Kaiserreich."
450,subtitle,zum,0,APPRART,ART,zu,zu,zum,zum,1,1,Denn das Jugendamt München steht vor anderen Herausforderungen als zum Beispiel das Jugendamt in Pirmasens.
451,subtitle,im,0,APPRART,ART,in,in,im,imen,1,1,Diese Trasse wurde im Gelände zwischen Steinbruch und Anlage nie gefunden.
452,subtitle,Infos,0,NN,NN,Infos,infos,Info,Info,1,1,"Mehr Infos, wie vorhin schon gesagt, findet ihr in der Infobox."
452,subtitle,ihr,0,PPER,PPER,ihr,ihr,sie,sie,1,1,"Mehr Infos, wie vorhin schon gesagt, findet ihr in der Infobox."
453,subtitle,dir,0,PPER,PPER,dir,dir,du,dir,1,1,Was hast du dir für die Zukunft vorgenommen?
455,subtitle,trank,0,VVFIN,VVFIN,treanken,trank,trinken,trinken,1,1,"Wissen Sie, Tambul trank nur sehr wenig Wasser."
456,subtitle,Bitten,0,NN,NN,bitten,bitten,Bitte,Bitte,1,1,Sophie und Alexander Schmorell hätten nur einmal auf sein Bitten hin Flugblätter in andere Städte gefahren.
457,subtitle,im,0,APPRART,ART,in,in,im,im,1,1,"Verteilen sie sich über das Blut im Körper, wird der Patient wahrscheinlich sterben."
458,subtitle,im,0,APPRART,ART,in,in,im,imen,1,1,"Und im Übrigen gibt es gar keine gesetzliche Möglichkeit, begleitend zu einer Geldstrafe eine Therapieauflage zu verhängen."
458,subtitle,Übrigen,0,NN,NN,Übrig,übrig,Übrige,Übrige,1,1,"Und im Übrigen gibt es gar keine gesetzliche Möglichkeit, begleitend zu einer Geldstrafe eine Therapieauflage zu verhängen."
459,subtitle,ichbezogener,0,ADJD,ADJD,ichbezogener,ichbezogener,ichbezogen,ichbezogen,1,1,"Diese Wahrnehmung kann dazu führen, dass wir ichbezogener werden, um uns selbst zu schützen."
459,subtitle,uns,0,PPER,PPER,uns,uns,wir,wir,1,1,"Diese Wahrnehmung kann dazu führen, dass wir ichbezogener werden, um uns selbst zu schützen."
460,subtitle,ihr,0,PPER,PPER,ihr,ihr,sie,sie,1,1,"Kommt, ich will, dass ihr alle dabei seid."
461,subtitle,euch,0,PPER,PPER,euch,euch,ihr,ihr,1,1,"Ich blende euch hier mal ein, welche Sprachen ihr mit Busuu lernen könnt."
461,subtitle,ihr,0,PPOSAT,PPER,ihr,ihr,sie,sie,1,1,"Ich blende euch hier mal ein, welche Sprachen ihr mit Busuu lernen könnt."
462,subtitle,lockere,0,ADJA,ADJA,locker,locker,lockern,lockern,1,1,Die lockere Stimmung ist nur Fassade.
463,subtitle,bitte,0,ADV,VVINF,bitte,bitte,bitten,bitten,1,1,Schreibt das gerne unten in die Kommentare und bitte bleibt wie immer fair und sachlich dabei.
467,subtitle,faste,0,VVFIN,VVFIN,faste,fasten,fasen,fasen,1,0,"Irgendjemand in diesem Haus hat mein Schoki Doch, ich faste."
470,subtitle,im,0,APPRART,ART,in,in,im,imen,1,1,"Solche Menschenopfer sind nicht an der Tagesordnung, aber im 15. Jahrhundert kommen sie vor."
473,subtitle,Sternkreiszeichen,0,NN,NN,Sternkreiszeiche,sternkreiszeiche,Sternkreiszeichen,Sternkreiszeichen,0,1,"Geschlecht wechseln und haben erstaunliche Fähigkeiten wie Werkzeuggebrauch, Orientierung oder das Erkennen von Sternkreiszeichen."
474,subtitle,zum,0,APPRART,ART,zu,zu,zum,zum,1,1,"Das bedeutet, dass man jemanden zum Schweigen bringt."
476,subtitle,Bakterien,0,NN,NN,Bakterie,bakterie,Bakterium,Bakterie,1,1,"Der sagt, Bakterien oder Viren führen nicht dazu, dass man erkrankt, sondern alle Erkrankungen kommen nur durch irgendwelche psychische Traumen."
476,subtitle,Viren,0,NN,NN,Viren,viren,Virus,Virus,1,1,"Der sagt, Bakterien oder Viren führen nicht dazu, dass man erkrankt, sondern alle Erkrankungen kommen nur durch irgendwelche psychische Traumen."
476,subtitle,alle,0,PIAT,PIAT,aller,aller,alle,alle,1,1,"Der sagt, Bakterien oder Viren führen nicht dazu, dass man erkrankt, sondern alle Erkrankungen kommen nur durch irgendwelche psychische Traumen."
476,subtitle,Traumen,0,NN,NN,Traumus,traumus,Trauma,Trauma,0,1,"Der sagt, Bakterien oder Viren führen nicht dazu, dass man erkrankt, sondern alle Erkrankungen kommen nur durch irgendwelche psychische Traumen."
479,subtitle,ihr,0,PPER,PPER,ihr,ihr,sie,sie,1,1,"Wie geht ihr damit um? Was, denkt ihr, sollte getan werden?"
479,subtitle,ihr,0,PPER,PPER,ihr,ihr,sie,sie,1,1,"Wie geht ihr damit um? Was, denkt ihr, sollte getan werden?"
483,subtitle,Nächstes,1,ADJA,ADJA,Nächstes,nächstes,nah,nah,1,1,Nächstes Datum: Worum geht es? Qin Shi Huang Di war erster Herrscher des Kaiserreichs China.
483,subtitle,erster,0,ADJA,ADJA,erster,erster,erst,erst,1,1,Nächstes Datum: Worum geht es? Qin Shi Huang Di war erster Herrscher des Kaiserreichs China.
490,subtitle,dir,0,PPER,PPER,dir,dir,du,dir,1,1,"Jetzt raus mit dir, oder es klatscht nochmal."
492,subtitle,viele,0,PIAT,PIAT,vieler,vieler,viel,viel,1,1,Auch viele Intellektuelle sind darunter.
495,subtitle,euch,0,PPER,PPER,euch,euch,ihr,ihr,1,1,"Sie informiert euch, wenn ein neues Video online ist."
497,subtitle,regelmässig,0,ADJD,ADJD,regelmässig,regelmässig,regelmäßig,regelmäßig,1,1,In den USA fühlen sich 46% der gesamten Bevölkerung regelmässig allein.
499,subtitle,einen,0,PIS,PIS,einer,einer,ein,ein,1,1,"Das Leben geht weiter, denn für einen, der geschieden und pleite ist."
499,subtitle,geschieden,0,ADJA,VVPP,geschied,geschied,scheiden,geschieden,0,1,"Das Leben geht weiter, denn für einen, der geschieden und pleite ist."
500,subtitle,Verben,0,NN,NN,Verbe,verbe,Verb,Verb,1,1,"Aber manchmal ist es schon wichtig, dass man die Verben nicht verwechselt."
501,subtitle,was,0,PWS,PWS,wer,wer,was,was,1,1,"Martin, was machst du? Ich habe dir gesagt, dass du nach links laufen sollst, nicht nacht rechts!"
501,subtitle,dir,0,PPER,PPER,dir,dir,du,dir,1,1,"Martin, was machst du? Ich habe dir gesagt, dass du nach links laufen sollst, nicht nacht rechts!"
501,subtitle,nacht,0,NN,VVFIN,Nacht,nacht,nachten,nacht,1,1,"Martin, was machst du? Ich habe dir gesagt, dass du nach links laufen sollst, nicht nacht rechts!"
503,subtitle,vom,0,APPRART,ART,von,von,vom,vom,1,1,"Hoheit, ich bin Da vom Shaolin und noch ein Schüler."
504,subtitle,Verschwörungsmythen,0,NN,NN,Verschwörungsmythe,verschwörungsmythe,Verschwörungsmythos,Verschwörungsmythos,0,1,Kann Telegram mehr als nur Verschwörungsmythen inkubieren?
508,subtitle,dritte,0,ADJA,ADJA,dritter,dritter,dritt,dritt,1,1,"Das heißt, nicht nur die vollständigen zwei Impfungen, sondern danach auch noch die dritte Boosterimpfung."
512,subtitle,Klimaschutz-Vereinbarungen,0,NN,NN,Klimaschutz-Vereinbarunge,klimaschutz-vereinbarunge,Klimaschutz-Vereinbarung,Klimaschutz-Vereinbarung,0,1,Länder wie Brasilien und die USA z.B. haben Klimaschutz-Vereinbarungen wieder zurückgenommen.
514,subtitle,shoppen,0,NN,VVFIN,Shoppe,shoppe,shoppen,shoppen,0,1,Gehen wir shoppen und danach Döner?
515,subtitle,dir,0,PPER,PPER,dir,dir,du,dir,1,1,Bist du dir wirklich so sicher?
516,subtitle,zum,0,APPRART,APPR,zu,zu,zum,zum,1,1,Die Weberameisen sind bereit zum Kampf.
517,subtitle,Hör,1,VVIMP,ITJ,Hör,hören,hör,Hör,1,1,"Hör mal, ich habe nachgedacht."
519,subtitle,weniger,0,PIAT,PIAT,weniger,weniger,wenig,wenig,1,1,Innerhalb weniger Jahre hat sich die wirtschaftliche Situation des Landes und auch der Bevölkerung spürbar verbessert.
522,subtitle,einigen,0,PIS,PIS,einiger,einiger,einige,einige,1,1,"Man serviert sozusagen eine Methode, die zufällig bei einigen wunderbar funktioniert und der Rest muss irgendwie sehen, wie er sich durch schlängelt."
528,subtitle,erforscht,0,VVPP,VVPP,erforschen,erforschen,erforscht,erforscht,1,1,"Wie es Begleitpersonen während der Geburt geht, ist kaum erforscht."
530,subtitle,reingelassen,0,VVFIN,VVPP,reingelassen,reingelassen,reinlassen,reinlassen,1,1,Wer hat den hier reingelassen?
533,subtitle,missbraucht,0,VVPP,VVPP,missbrauchen,missbraucht,mißbrauchen,mißbrauchen,1,1,Das ist in der Beziehung zwischen Lehrer und Schüler gegeben und kann deshalb leicht missbraucht werden.
534,subtitle,Pfade,0,NN,NN,Pfade,pfade,Pfad,Pfad,1,1,"Sie führte über steile Pfade und erforderte viel Ausdauer."" Die Wanderung war nicht einfach und es gab einige Herausforderungen."
534,subtitle,einige,0,PIAT,PIAT,einiger,einiger,einige,einige,1,1,"Sie führte über steile Pfade und erforderte viel Ausdauer."" Die Wanderung war nicht einfach und es gab einige Herausforderungen."
544,subtitle,Regierenden,0,NN,NN,regierend,regierend,Regierende,Regierende,1,1,"Und damit auch weg von denen, die den größten Hebel haben: Den Regierenden."
545,subtitle,vom,0,APPRART,ART,von,von,vom,vom,1,1,Krone vom Kopf Richtung Decke.
547,subtitle,zur,0,APPRART,APPR,zu,zu,zur,zu,1,1,"Entweder werden diese Menschen zu Protestwählern, oder aber sie gehen gar nicht mehr zur Wahl."
548,subtitle,gibt's,0,VVFIN,VVFIN,gibt'sn,geben,gibte'n,gibten,1,0,Eine Steigerung gibt's auch beim Freibetrag.
548,subtitle,beim,0,APPRART,ART,bei,bei,beim,beim,1,1,Eine Steigerung gibt's auch beim Freibetrag.
556,subtitle,Im,1,APPRART,ART,in,in,im,im,1,1,"Im Mittelalter galten Juden noch als ""bekehrbar""."
557,subtitle,ihn,0,PPER,PPER,ihn,ihn,er,er,1,1,"Wir, seine Kameraden, befehlen ihn Gottes Barmherzigkeit an. Der Herr ist mein Hirte."
561,subtitle,halbe,0,ADJA,ADJA,halb,halb,halbe,halb,1,1,Mehr als eine halbe Million Minen und Blindgänger konnten dafür entfernt werden.
564,subtitle,im,0,APPRART,ART,in,in,im,im,1,1,"Laut Kooperationsverbot im Grundgesetz ist es nicht so einfach möglich, dass man da zusammenarbeitet."
567,subtitle,zur,0,APPRART,ART,zu,zu,zur,zu,1,1,Denn bis zur Wahl dauert es noch einige Wochen.
567,subtitle,einige,0,PIAT,PIAT,einiger,einiger,einige,einige,1,1,Denn bis zur Wahl dauert es noch einige Wochen.
568,subtitle,Geheimnisvolle,0,ADJA,ADJA,geheimnisvoll,geheimnisvoll,Geheimnisvolle,Geheimnisvolle,1,1,Geheimnis Nummer sieben: Geheimnisvolle Pfützen.
569,subtitle,wochenlangen,0,ADJA,ADJA,wochenlang,wochenlang,wochenlangen,wochenlang,1,1,"Auch internationale Wahlbeobachter zweifeln den demokratischen Ablauf an. Es kommt zu wochenlangen Protesten auf dem Hauptplatz in Kiew, dem Majdan."
570,subtitle,bitte,0,ADV,VVFIN,bitte,bitte,bitten,bitten,1,1,"Du hast ja Easy German vor sechzehn, siebzehn Jahren zufällig gegründet, aber jetzt bitte nicht die ganze Geschichte noch mal so ganz lange erzählen."
573,subtitle,Proteinen,0,NN,NN,Proteine,proteine,Proteinen,Proteinen,1,1,Bei pflanzlichen Proteinen zeigt sich ein geringeres Sterberisiko.
574,subtitle,dir,0,PPER,PPER,dir,dir,du,dir,1,1,Und wie stellst du dir dein Leben in ein paar Jahren vor?
576,subtitle,früher,0,ADJD,ADJD,früh,früh,früher,früher,1,1,"Wenn wir jetzt nach New York fliegen, dann ist es da sechs Stunden früher als bei uns."
576,subtitle,uns,0,PPER,PPER,uns,uns,wir,wir,1,1,"Wenn wir jetzt nach New York fliegen, dann ist es da sechs Stunden früher als bei uns."
577,subtitle,Wichtigste,0,NN,NN,Wichtigste,wichtigste,wichtig,wichtig,1,1,Wie ein Kurzgesagt-Video in 2000 Stunden oder mehr entsteht Das Wichtigste zuerst: Wir brauchen ein Thema.
579,subtitle,ihnen,0,PPER,PPER,ihnen,ihnen,sie,sie,1,1,"Gegen ihre übermächtigen Gegner entwickeln sie eine terroristische Taktik, die ihnen aber wenig nützt."
581,subtitle,was,0,PRELS,PRELS,wer,wer,was,was,1,1,"Es gibt aber ein paar Theorien, was an ihrem Rand passiert. (Mysteriöse Musik) Schwarze Löcher verlieren Masse durch Strahlung."
583,subtitle,Irren,0,NN,NN,irre,irre,Irrus,Irre,1,0,Aber dieses Irren ist den Wissenschaftlern sehr bewusst.
583,subtitle,bewusst,0,ADJD,ADJD,bewusst,bewusst,bewußt,bewußt,1,1,Aber dieses Irren ist den Wissenschaftlern sehr bewusst.
586,subtitle,viele,0,PIAT,PIAT,vieler,vieler,viel,viel,1,1,Auch gibt es viele Berichte über Menschenrechtsverletzungen durch die Übergangsregierung unter dem ehemaligen Terroristen Ahmed al-Scharaa.
588,subtitle,zur,0,APPRART,APPR,zu,zu,zur,zur,1,1,Zunächst einmal möchte ich die beiden Minister beglückwünschen zu ihrem Bestreben zur Zusammenarbeit über wirtschaftliche und industrielle Themen.
589,subtitle,Migrierende,1,NN,ADJA,Migrierender,migrierender,migrierend,migrierend,0,0,Migrierende Milchbauern verbreiteten diese Mutation weiter.
590,subtitle,Unterm,1,APPRART,APPR,Unter,unter,unterm,unterm,1,1,"Unterm Strich kommt die Autorin zu dem Ergebnis, dass einzelne Kosmetikprodukte mit Parabenen der besten Kenntnis nach kein Risiko darstellen."
590,subtitle,Parabenen,0,NN,NN,Paraben,paraben,Parabene,Parabene,1,1,"Unterm Strich kommt die Autorin zu dem Ergebnis, dass einzelne Kosmetikprodukte mit Parabenen der besten Kenntnis nach kein Risiko darstellen."
591,subtitle,viele,0,PIAT,PIAT,vieler,vieler,viel,viel,1,1,"Da gibt es sehr viele Dinge, die nicht ausreichend geregelt sind, ich habe euch dazu noch mal was in der Infobox verlinkt."
591,subtitle,euch,0,PRF,PPER,euch,euch,ihr,ihr,1,1,"Da gibt es sehr viele Dinge, die nicht ausreichend geregelt sind, ich habe euch dazu noch mal was in der Infobox verlinkt."
591,subtitle,verlinkt,0,VVPP,VVPP,verlinkt,verlinkt,verlinken,verlinken,1,1,"Da gibt es sehr viele Dinge, die nicht ausreichend geregelt sind, ich habe euch dazu noch mal was in der Infobox verlinkt."
592,subtitle,ihn,0,PPER,PPER,ihn,ihn,er,er,1,1,"Nein, ich will ihn nicht weiter gegen uns aufbringen."
592,subtitle,uns,0,PPER,PPER,uns,uns,wir,wir,1,1,"Nein, ich will ihn nicht weiter gegen uns aufbringen."
596,subtitle,guck,0,VVIMP,VVIMP,guck,guck,gucken,gucken,1,1,"Yeah, guck dir das an. Oh, hab dich nicht so alles okay."
596,subtitle,dir,0,PPER,PPER,dir,dir,du,dir,1,1,"Yeah, guck dir das an. Oh, hab dich nicht so alles okay."
596,subtitle,dich,0,PPER,PPER,dich,dich,du,du,1,1,"Yeah, guck dir das an. Oh, hab dich nicht so alles okay."
598,subtitle,mir,0,PRF,PPER,mir,mir,ich,ich,1,1,Die Agenten zeigten mir Fotos von irgendwelchen Männern.
599,subtitle,Am,1,APPRART,ART,an,an,Am,Am,1,1,"Am oberen Ende wäre die Basketballerin Satou Sabally mit 1,93."
599,subtitle,oberen,0,ADJA,ADJA,oberer,oberer,ober,ober,1,1,"Am oberen Ende wäre die Basketballerin Satou Sabally mit 1,93."
600,subtitle,zum,0,APPRART,ART,zu,zu,zum,zum,1,1,"Alles Gute zum Geburtstag, Herr Abdul."
604,subtitle,eine,0,PIS,PIS,einer,einer,ein,ein,1,1,Antje ist eine von ihnen.
604,subtitle,ihnen,0,PPER,PPER,ihnen,ihnen,sie,sie,1,1,Antje ist eine von ihnen.
607,subtitle,Im,1,APPRART,ART,in,in,im,im,1,1,Im 2. Weltkrieg ist Schweden neutral.
613,subtitle,kräftige,0,ADJA,ADJA,kräftig,kräftig,kräftigen,kräftigen,1,1,"Ey, das sind kräftige Knochen."
617,subtitle,was,0,PRELS,PRELS,wer,wer,was,was,1,1,"Das entscheidet in Runde 2, was an einer Schule nötig ist."
619,subtitle,alle,0,PIS,PIS,aller,aller,alle,alle,1,1,"Aber als ich ankam, da waren alle meine Labubus schon weg."
620,subtitle,Affenpocken,0,NN,NN,Affenpock,affenpock,Affenpocken,Affenpocken,0,1,Die Affenpocken werden nicht als klassisch sexuell übertragbare Krankheit verstanden.
622,subtitle,mir,0,PPER,PPER,mir,mir,ich,ich,1,1,"Die unterbrechen gerade das Training, um mir zuzuschauen."
622,subtitle,zuzuschauen,0,VVIZU,VVIZU,zuzuschauen,zuzuschauen,zuschauen,zuschauen,1,1,"Die unterbrechen gerade das Training, um mir zuzuschauen."
623,subtitle,dich,0,PPER,PPER,dich,dich,du,du,1,1,"Hey, mach dich doch mal locker."
625,subtitle,ihr,0,PPER,PPER,ihr,ihr,sie,sie,1,1,"Ein ganz wichtiges Korrelat, das ihr alle kennt, ist im Deutschen “es”."
625,subtitle,im,0,APPRART,ART,in,in,im,imen,1,1,"Ein ganz wichtiges Korrelat, das ihr alle kennt, ist im Deutschen “es”."
625,subtitle,Deutschen,0,NN,NN,deutsche,deutsche,deutsch,Deutsche,1,1,"Ein ganz wichtiges Korrelat, das ihr alle kennt, ist im Deutschen “es”."
627,subtitle,zum,0,APPRART,ART,zu,zu,zum,zum,1,1,"Es braucht Unterstützung, denn wer soll diese Unterstützung sonst leisten, wenn sie die Eltern zum Beispiel nicht leisten können?"
628,subtitle,Piemas,0,NN,NN,Piemas,piemas,Piema,Piemas,1,0,Um dein Piemas heroppe oder was?
628,subtitle,was,0,PWS,PWS,wer,wer,was,was,1,1,Um dein Piemas heroppe oder was?
630,subtitle,linksliberaler,0,NN,ADJA,Linksliberaler,linksliberaler,linksliberal,linksliberal,1,1,Weg von linksliberaler hin zu nationalkonservativer Politik.
634,subtitle,euch,0,PPER,PPER,euch,euch,ihr,ihr,1,1,"Stellt euch nicht so an. Ich glaub, du bist süchtig geworden."
634,subtitle,glaub,0,ADV,VVFIN,Glaub,glaub,glauben,glauben,1,1,"Stellt euch nicht so an. Ich glaub, du bist süchtig geworden."
637,subtitle,Weißen,0,NN,NN,weiße,weiße,Weiß,Weiß,1,1,"Nach und nach beginnen die Weißen, das Land zu besiedeln."
639,subtitle,mir,0,PPER,PRF,mir,mir,ich,ich,1,1,"Ich bin mir sicher, das bekommt ihr hin."
639,subtitle,ihr,0,PPER,PPER,ihr,ihr,sie,sie,1,1,"Ich bin mir sicher, das bekommt ihr hin."
640,subtitle,glaubst,0,ADJD,VVFIN,glaubst,glaubst,glauben,glauben,1,1,"Was glaubst du eigentlich, wer ich bin?"
643,subtitle,dir,0,PPER,PPER,dir,dir,du,dir,1,1,Ich würde gerne wieder mehr Zeit mit dir verbringen.
647,subtitle,glaub,0,ADJD,VVFIN,glaub,glaub,glauben,glauben,1,1,"Ich glaub, ich hab gerade mein Herz verloren."
650,subtitle,uns,0,PPER,PPER,uns,uns,wir,wir,1,1,"Wer hat uns das Geld geliehen, als er sein Restaurant aufmachen wollte?"
650,subtitle,geliehen,0,VVPP,VVPP,geliehen,geliehen,leihen,leihen,1,1,"Wer hat uns das Geld geliehen, als er sein Restaurant aufmachen wollte?"
656,subtitle,Invasionsflotte,0,NN,NN,Invasionsflott,invasionsflott,Invasionsflotte,Invasionsflotte,1,1,Um 22 Uhr Erdenzeit wird die Kerntruppe unserer Invasionsflotte am verabredeten Treffpunkt ankommen.
656,subtitle,am,0,APPRART,APPR,an,an,am,am,1,1,Um 22 Uhr Erdenzeit wird die Kerntruppe unserer Invasionsflotte am verabredeten Treffpunkt ankommen.
656,subtitle,verabredeten,0,ADJA,ADJA,verabredet,verabredet,verabreden,verabreden,1,1,Um 22 Uhr Erdenzeit wird die Kerntruppe unserer Invasionsflotte am verabredeten Treffpunkt ankommen.
657,subtitle,zum,0,APPRART,ART,zu,zu,zum,zum,1,1,"Und dann habe ich auch die Menschen zum ersten Mal gesehen, die dort mit mir wohnen werden."
657,subtitle,ersten,0,ADJA,ADJA,erster,erster,erst,erst,1,1,"Und dann habe ich auch die Menschen zum ersten Mal gesehen, die dort mit mir wohnen werden."
657,subtitle,mir,0,PPER,PPER,mir,mir,ich,ich,1,1,"Und dann habe ich auch die Menschen zum ersten Mal gesehen, die dort mit mir wohnen werden."
658,subtitle,Zum,1,APPRART,ART,zu,zu,zum,zum,1,1,"Zum Beispiel in dem Satz: ""Ich habe eine Bewerbung geschrieben."
659,subtitle,motivierten,0,ADJA,ADJA,motiviert,motiviert,motivieren,motivieren,1,1,"Eisner will seinen Rücktritt erklären, wird aber von einem völkisch-antisemitisch motivierten Attentäter ermordet."
660,subtitle,ihr,0,PPER,PPER,ihr,ihr,sie,sie,1,1,"Elektronegativ könnt ihr euch ungefähr so vorstellen: Mal angenommen ihr habt ein Wassermolekül, also H2O."
660,subtitle,euch,0,PRF,PPER,euch,euch,ihr,ihr,1,1,"Elektronegativ könnt ihr euch ungefähr so vorstellen: Mal angenommen ihr habt ein Wassermolekül, also H2O."
660,subtitle,ihr,0,PPER,PPER,ihr,ihr,sie,sie,1,1,"Elektronegativ könnt ihr euch ungefähr so vorstellen: Mal angenommen ihr habt ein Wassermolekül, also H2O."
661,subtitle,Anglizismen,0,NN,NN,Anglizisme,anglizisme,Anglizismus,Anglizismus,0,1,Bei Anglizismen spricht man auch von Lehnwörtern.
661,subtitle,Lehnwörtern,0,NN,NN,Lehnwörtern,lehnwörtern,Lehnwort,Lehnwort,1,1,Bei Anglizismen spricht man auch von Lehnwörtern.
665,subtitle,lieber,0,ADV,ADV,lieber,lieber,lieb,lieb,1,1,"Eigentlich wollte man für die Gründung eine Halle nutzen, ist dann aber aus Sicherheitsgründen lieber spontan aufs Wasser ausgewichen."
665,subtitle,aufs,0,APPRART,APPR,auf,auf,aufs,aufs,1,1,"Eigentlich wollte man für die Gründung eine Halle nutzen, ist dann aber aus Sicherheitsgründen lieber spontan aufs Wasser ausgewichen."
665,subtitle,ausgewichen,0,VVPP,VVPP,ausgewichen,ausgewichen,ausweichen,ausweichen,1,1,"Eigentlich wollte man für die Gründung eine Halle nutzen, ist dann aber aus Sicherheitsgründen lieber spontan aufs Wasser ausgewichen."
666,subtitle,Echtes,1,ADJA,ADJA,echter,echter,echt,echt,1,1,"Echtes Zuhören bedingt und erzeugt eine Form des Miteinanders, die nicht planbar ist."
667,subtitle,Grossteil,0,NN,NN,Grossteil,grossteil,Großteil,Großteil,1,1,Die Kommunistische Partei unter Miguel Díaz-Canel kontrolliert bis heute einen Grossteil des öffentlichen Lebens.
668,subtitle,erster,0,ADJA,ADJA,erster,erster,erst,erst,1,1,"Bis Nelson Mandela als erster freigewählter, schwarzer Präsident Südafrikas am 10. Mai 1994 sein Amt antritt, müssen viele Menschen sterben."
668,subtitle,freigewählter,0,NN,ADJA,Freigewählter,freigewählter,freigewählt,freigewählt,1,1,"Bis Nelson Mandela als erster freigewählter, schwarzer Präsident Südafrikas am 10. Mai 1994 sein Amt antritt, müssen viele Menschen sterben."
668,subtitle,am,0,APPRART,APPR,an,an,am,am,1,1,"Bis Nelson Mandela als erster freigewählter, schwarzer Präsident Südafrikas am 10. Mai 1994 sein Amt antritt, müssen viele Menschen sterben."
668,subtitle,viele,0,PIAT,PIAT,vieler,vieler,viel,viel,1,1,"Bis Nelson Mandela als erster freigewählter, schwarzer Präsident Südafrikas am 10. Mai 1994 sein Amt antritt, müssen viele Menschen sterben."
669,subtitle,Regularien,0,NN,NN,Regularie,regularie,Regularium,Regularium,0,0,Die europäische Ebene adressiert mit verschiedenen Regularien die Umwelt und Klimaschutzanliegen.
669,subtitle,Klimaschutzanliegen,0,NN,NN,Klimaschutzanlieg,klimaschutzanlieg,Klimaschutzanliegen,Klimaschutzanlieg,0,1,Die europäische Ebene adressiert mit verschiedenen Regularien die Umwelt und Klimaschutzanliegen.
670,subtitle,Schauen,1,VVFIN,VVFIN,schauen,schauen,Schau,Schau,1,1,"Schauen wir uns mal eine der neuesten über Alkoholkonsum und Demenz an, die 2018 rauskam."
670,subtitle,uns,0,PRF,PRF,sich,sich,wir,wir,1,1,"Schauen wir uns mal eine der neuesten über Alkoholkonsum und Demenz an, die 2018 rauskam."
670,subtitle,eine,0,PIS,PIS,einer,einer,ein,ein,1,1,"Schauen wir uns mal eine der neuesten über Alkoholkonsum und Demenz an, die 2018 rauskam."
670,subtitle,rauskam,0,PTKVZ,VVFIN,rauskam,rauskam,rauskommen,rauskommen,1,1,"Schauen wir uns mal eine der neuesten über Alkoholkonsum und Demenz an, die 2018 rauskam."
673,subtitle,mich,0,PRF,PRF,sich,sich,ich,ich,1,1,"Nein, ich ich würde mich nicht wohlfühlen."
674,subtitle,uns,0,PPER,PPER,uns,uns,wir,wir,1,1,Versuch nicht uns zu folgen.
675,subtitle,Hör,1,VVFIN,PTKANT,Hör,hören,Hör,Hör,1,1,"Hör auf, die Karten zu essen."
679,subtitle,im,0,APPRART,ART,in,in,im,im,1,1,Und dann im Amt tatsächlich auch umgesetzt.
682,subtitle,im,0,APPRART,ART,in,in,im,im,1,1,Das hat der Digitalverband Bitkom im Mai 2023 herausgefunden.
682,subtitle,herausgefunden,0,VVPP,VVPP,herausfinden,herausgefunden,herausfinden,herausfinden,1,1,Das hat der Digitalverband Bitkom im Mai 2023 herausgefunden.
688,subtitle,Deutsche,0,NN,NN,deutsche,deutsche,deutsch,deutsch,1,1,"Sicher hat nicht jede:r Deutsche:r Kenntnis oder ein Vorstellung, was im Osten Europas geschieht."
688,subtitle,was,0,PRELS,PRELS,wer,wer,was,was,1,1,"Sicher hat nicht jede:r Deutsche:r Kenntnis oder ein Vorstellung, was im Osten Europas geschieht."
688,subtitle,im,0,APPRART,ART,in,in,im,im,1,1,"Sicher hat nicht jede:r Deutsche:r Kenntnis oder ein Vorstellung, was im Osten Europas geschieht."
690,subtitle,euch,0,PPER,PPER,euch,euch,ihr,ihr,1,1,"Stellt euch vor, ihr spielt mit einem Freund das Spiel “Mensch ärgere dich nicht” und euer Freund schlägt all eure Figuren."
690,subtitle,ihr,0,PPER,PPER,ihr,ihr,sie,sie,1,1,"Stellt euch vor, ihr spielt mit einem Freund das Spiel “Mensch ärgere dich nicht” und euer Freund schlägt all eure Figuren."
690,subtitle,dich,0,PPER,PPER,dich,dich,du,du,1,1,"Stellt euch vor, ihr spielt mit einem Freund das Spiel “Mensch ärgere dich nicht” und euer Freund schlägt all eure Figuren."
690,subtitle,all,0,PIAT,PIAT,all,all,alle,alle,1,1,"Stellt euch vor, ihr spielt mit einem Freund das Spiel “Mensch ärgere dich nicht” und euer Freund schlägt all eure Figuren."
690,subtitle,eure,0,PPOSAT,PPOSAT,eur,eur,euer,euer,1,1,"Stellt euch vor, ihr spielt mit einem Freund das Spiel “Mensch ärgere dich nicht” und euer Freund schlägt all eure Figuren."
693,subtitle,Im,1,APPRART,ART,in,in,im,im,1,1,Im Osten nur bei 2690 Euro.
694,subtitle,im,0,APPRART,ART,in,in,im,im,1,1,Der Sudeten-Mohrenfalter kommt weltweit nur im Raum Grindelwald vor und wird deshalb besonders geschützt.
698,subtitle,Findet,1,VVFIN,VVFIN,Finden,finden,Findet,findet,1,1,Findet ihr oben auf dem I verlinkt.
698,subtitle,ihr,0,PPER,PPER,ihr,ihr,sie,sie,1,1,Findet ihr oben auf dem I verlinkt.
698,subtitle,verlinkt,0,VVPP,VVPP,verlinken,verlinkt,verlinken,verlinken,1,1,Findet ihr oben auf dem I verlinkt.
701,subtitle,dir,0,PPER,PPER,dir,dir,du,dir,1,1,"Was ist denn los mit dir, Berny?"
702,subtitle,im,0,APPRART,ART,in,in,im,imen,1,1,"Seine Anhänger schreckt das nicht ab, im Gegenteil."
707,subtitle,einer,0,PIS,PIS,einer,einer,ein,ein,1,1,In diesem von Deutschland ausgehenden Vernichtungskrieg ist die Ukraine einer der Hauptschauplätze.
707,subtitle,Hauptschauplätze,0,NN,NN,Hauptschauplätze,hauptschauplätze,Hauptschauplatz,Hauptschauplatz,1,1,In diesem von Deutschland ausgehenden Vernichtungskrieg ist die Ukraine einer der Hauptschauplätze.
708,subtitle,mich,0,PPER,PPER,mich,mich,ich,ich,1,1,Diese Familie macht mich fertig!
710,subtitle,Empfinden,0,NN,NN,Empfinde,empfinde,Empfinden,Empfinden,1,1,Es ist einfach dieses komplett innere Empfinden.
714,subtitle,Bakterien,0,NN,NN,Bakterie,bakterie,Bakterium,Bakterie,1,1,"Resistente Bakterien entwickelten sich, verbreiteten sich erst von Tier zu Tier."
719,subtitle,beim,0,APPRART,ART,bei,bei,beim,beim,1,1,Schlaf spielt für das Gehirn eine wichtige Rolle beim Regenerieren.
719,subtitle,Regenerieren,0,NN,NN,regenerieren,regenerieren,Regenerier,Regenerieren,1,0,Schlaf spielt für das Gehirn eine wichtige Rolle beim Regenerieren.
725,subtitle,viele,0,PIAT,PIAT,vieler,vieler,viel,viel,1,1,"Die Luft hier oben ist extrem gut, und für viele Messungen sind wir eine Referenzstation."
726,subtitle,ersten,0,ADJA,ADJA,erster,erster,erst,erst,1,1,Damit sind wir auch schon direkt bei der ersten Frage in diesem Video hier nämlich: Wie lautet das Ergebnis der Landtagswahl in Sachsen-Anhalt?
727,subtitle,längsten,0,ADJD,NN,längsten,längsten,lang,lang,1,1,Am längsten wohnt im Weißen Haus: FDR wird er oft einfach nur genannt.
727,subtitle,im,0,APPRART,ART,in,in,im,imen,1,1,Am längsten wohnt im Weißen Haus: FDR wird er oft einfach nur genannt.
728,subtitle,mich,0,PRF,PRF,sich,sich,ich,ich,1,1,"Wie lange es noch dauert, bis ich mich umgewöhnt habe?"
728,subtitle,umgewöhnt,0,VVPP,VVPP,umgewöhnen,umgewöhnt,umwöhnen,umgewöhnen,1,0,"Wie lange es noch dauert, bis ich mich umgewöhnt habe?"
729,subtitle,Stress,0,NN,NN,Stress,stress,Streß,Streß,1,1,"Warum halten wir an? Oha, da draußen gibt es Stress."
730,subtitle,dir,0,PPER,PPER,dir,dir,du,dir,1,1,"Es kommt morgen bei dir an!” Bei “etwas abschicken” steht also die Person, die etwas schickt, im Mittelpunkt."
730,subtitle,im,0,APPRART,ART,in,in,im,imen,1,1,"Es kommt morgen bei dir an!” Bei “etwas abschicken” steht also die Person, die etwas schickt, im Mittelpunkt."
733,subtitle,mich,0,PPER,PPER,mich,mich,ich,ich,1,1,Max wartet dort auf mich.
736,subtitle,im,0,APPRART,ART,in,in,im,imen,1,1,Das hat er im Wahlkampf schon versprochen.
739,subtitle,breiten,0,VVFIN,VVFIN,breien,breiten,breit,breit,1,1,Dadurch breiten sich die Zuckermoleküle langsam aus.
739,subtitle,Zuckermoleküle,0,NN,NN,Zuckermoleküle,zuckermoleküle,Zuckermolekül,Zuckermolekül,1,1,Dadurch breiten sich die Zuckermoleküle langsam aus.
744,subtitle,Leitbilder,0,NN,NN,Leitbilder,leitbilder,Leitbild,Leitbild,1,1,Ihre Leitbilder sind Demokratie und Marktwirtschaft.
745,subtitle,im,0,APPRART,ART,in,in,im,imen,1,1,"Temperatur ist im Grunde genommen die Messung der Durchschnittsgeschwindigkeit all dieser Tänzer, die sich den ganzen Tag austoben."
745,subtitle,all,0,PIAT,PIS,all,all,alle,alle,1,1,"Temperatur ist im Grunde genommen die Messung der Durchschnittsgeschwindigkeit all dieser Tänzer, die sich den ganzen Tag austoben."
746,subtitle,ihnen,0,PPER,PPER,ihnen,ihnen,sie,sie,1,1,"Grund dafür ist ein Mangel an dem Protein, das ihnen sagt, wann es Zeit ist zu sterben."
747,subtitle,erzogen,0,VVPP,VVPP,erzogen,erzogen,erziehen,erziehen,1,1,"Ja, sie hat sie großartig erzogen."
751,subtitle,freu,0,VVFIN,VVFIN,freu,freu,freuen,freuen,1,1,"Wenn ihr Lust habt, freu ich mich selbstverständlich, wenn ihr dem Gedicht noch eine Strophe verleiht und das Oxymoron anwendet."
751,subtitle,mich,0,PRF,PRF,sich,sich,ich,ich,1,1,"Wenn ihr Lust habt, freu ich mich selbstverständlich, wenn ihr dem Gedicht noch eine Strophe verleiht und das Oxymoron anwendet."
751,subtitle,ihr,0,PPER,PPER,ihr,ihr,sie,sie,1,1,"Wenn ihr Lust habt, freu ich mich selbstverständlich, wenn ihr dem Gedicht noch eine Strophe verleiht und das Oxymoron anwendet."
752,subtitle,Epstein-Files,0,NN,NN,Epstein-Fil,epstein-fil,Epstein-Files,Epstein-Files,0,1,Klar ist auf jeden Fall: Die Aufklärung zu den Epstein-Files wird weitergehen.
754,subtitle,mehreren,0,PIAT,PIAT,mehrere,mehrere,mehr,mehr,1,1,Die Ausbildungszeit wurde von mehreren Monaten auf wenige Wochen eingedampft.
754,subtitle,wenige,0,PIAT,PIAT,weniger,weniger,wenig,wenig,1,1,Die Ausbildungszeit wurde von mehreren Monaten auf wenige Wochen eingedampft.
755,subtitle,euch,0,PPER,PPER,euch,euch,ihr,ihr,1,1,Sind die Noten bei euch auch verteilt worden?
756,subtitle,viele,0,PIS,PIS,viele,viele,viel,viel,1,1,"Das nutzen viele, um ihre Geldbeutel aufzufüllen."
756,subtitle,aufzufüllen,0,VVINF,VVIZU,aufzufüllen,aufzufüllen,auffüllen,auffüllen,1,1,"Das nutzen viele, um ihre Geldbeutel aufzufüllen."
758,subtitle,zur,0,APPRART,ART,zu,zu,zur,zur,1,1,Die Ausrüstung stellt der Orden zur Verfügung.
760,subtitle,Imperien,0,NN,NN,Imperie,imperie,Imperium,Imperium,0,1,"Tausende galaktische Imperien Jeder Stern fliegt auf seiner eigenen Umlaufbahn durch die Galaxie, und die meisten Stern-Nachbarschaften gibt es nur vorübergehend."
760,subtitle,meisten,0,PIAT,PIAT,meister,meister,meist,meist,1,1,"Tausende galaktische Imperien Jeder Stern fliegt auf seiner eigenen Umlaufbahn durch die Galaxie, und die meisten Stern-Nachbarschaften gibt es nur vorübergehend."
760,subtitle,Stern-Nachbarschaften,0,NN,NN,Stern-Nachbarschaften,stern-nachbarschaften,Stern-Nachbarschaft,Stern-Nachbarschaft,1,1,"Tausende galaktische Imperien Jeder Stern fliegt auf seiner eigenen Umlaufbahn durch die Galaxie, und die meisten Stern-Nachbarschaften gibt es nur vorübergehend."
764,subtitle,im,0,APPRART,ART,in,in,im,imen,1,1,"Steve sitzt im Gefängnis, weil er euch hat entkommen lassen."
764,subtitle,euch,0,PRF,PPER,euch,euch,ihr,ihr,1,1,"Steve sitzt im Gefängnis, weil er euch hat entkommen lassen."
765,subtitle,Im,1,APPRART,ART,in,in,im,im,1,1,Im Allgemeinen liebe ich alle Feiertage.
765,subtitle,Allgemeinen,0,ADJA,NN,allgemein,allgemein,Allgemeine,Allgemeine,1,1,Im Allgemeinen liebe ich alle Feiertage.
765,subtitle,alle,0,PIAT,PIAT,aller,aller,alle,alle,1,1,Im Allgemeinen liebe ich alle Feiertage.
767,subtitle,weißt,0,VVFIN,VVFIN,weißen,wissen,weißen,weißen,1,1,"Du weißt ganz genau, dass ich dir nicht sagen kann."
767,subtitle,dir,0,PPER,PRF,dir,dir,du,dir,1,1,"Du weißt ganz genau, dass ich dir nicht sagen kann."
769,subtitle,einer,0,PIS,PIS,einer,einer,ein,ein,1,1,"Inzwischen sei er einer der erfolg- reichsten Produzenten Deutschlands in diesem Bereich, sagt er selbst."
769,subtitle,erfolg-,0,TRUNC,ADJA,erfolg,erfolg,erfolg-,erfolg-,1,0,"Inzwischen sei er einer der erfolg- reichsten Produzenten Deutschlands in diesem Bereich, sagt er selbst."
773,subtitle,früher,0,ADJD,ADV,früh,früh,früher,früher,1,1,Schon gut eine Stunde früher beginnen die Deutschen mit Bombardierungen.
774,subtitle,zur,0,APPRART,ART,zu,zu,zur,zu,1,1,Aber diese große Freiheit stand auch immer wieder zur Diskussion.
778,subtitle,albaner,0,NN,ADJD,Albaner,albaner,alban,alban,1,0,"Vorsicht Toni, er ist albaner."
781,subtitle,Anthemios,0,NN,NE,Anthemio,anthemio,Anthemios,Anthemios,0,1,"Denn schon 40 Tage nachdem die alte Hagia Sophia in Flammen aufgeht, beginnen die Architekten Anthemios und Isidoros von Milet mit dem Neubau."
784,subtitle,lass,0,VMFIN,VVFIN,lass,lassen,laß,laß,1,1,Dann lass uns doch im Westpark eine Runde spazieren gehen.
784,subtitle,uns,0,PPER,PPER,uns,uns,wir,wir,1,1,Dann lass uns doch im Westpark eine Runde spazieren gehen.
784,subtitle,im,0,APPRART,ART,in,in,im,im,1,1,Dann lass uns doch im Westpark eine Runde spazieren gehen.
786,subtitle,Hör,1,VAFIN,PTKANT,Hör,hören,Hör,Hör,1,1,Hör auf mit dem Gewimmer!
789,subtitle,zum,0,APPRART,ART,zu,zu,zum,zum,1,1,Denn zum ersten Mal nachweislich den Boden der EU betreten hat sie in Spanien.
789,subtitle,ersten,0,ADJA,ADJA,erster,erster,erst,erst,1,1,Denn zum ersten Mal nachweislich den Boden der EU betreten hat sie in Spanien.
792,subtitle,was,0,PWS,PWS,wer,wer,was,was,1,1,"Aber nicht unbedingt am besten, was man zum Beispiel an dieser Metaanalyse sieht."
792,subtitle,zum,0,APPRART,ART,zu,zu,zum,zum,1,1,"Aber nicht unbedingt am besten, was man zum Beispiel an dieser Metaanalyse sieht."
794,subtitle,Bleiben,1,VVFIN,VVFIN,Bleiben,bleiben,Bleibe,Bleibe,1,1,"Bleiben wir bei 100 %. Ich meine, hier spricht Jugend und Unerfahrenheit."
795,subtitle,blöder,0,ADJA,ADJA,blöd,blöd,blöde,blöd,1,1,"Da bin ich ja eine Stunde unterwegs!” Mit “Du bist gut” sage ich hier, “Haha, was für ein blöder Vorschlag."
797,subtitle,vom,0,APPRART,ART,von,von,vom,vom,1,1,Werden die Kreuzritter vom Orden der Templer und der Johanniter ihm folgen?
797,subtitle,ihm,0,PPER,PPER,ihm,ihm,er,er,1,1,Werden die Kreuzritter vom Orden der Templer und der Johanniter ihm folgen?
798,subtitle,Im,1,APPRART,ART,in,in,im,im,1,1,"Im europäischen Norden dünnes Knäckebrot, dass sich im skandinavischen Winter besonders lange lagern lässt."
798,subtitle,im,0,APPRART,ART,in,in,im,imen,1,1,"Im europäischen Norden dünnes Knäckebrot, dass sich im skandinavischen Winter besonders lange lagern lässt."
799,subtitle,gespannt,0,ADJD,VVPP,gespannt,gespannt,spannen,spannen,1,1,"Ich bin gespannt, was ihr denkt, schreibt in die Kommentare."
799,subtitle,ihr,0,PPER,PPER,ihr,ihr,sie,sie,1,1,"Ich bin gespannt, was ihr denkt, schreibt in die Kommentare."
800,subtitle,viele,0,PIAT,PIAT,vieler,vieler,viel,viel,1,1,So viele Menschen sind isoliert.
802,subtitle,Dritte,0,NN,NN,dritter,dritter,dritt,dritt,1,1,"Plötzlich sieht es so aus, als könnte Scholz der lachende Dritte sein und ins Kanzleramt einziehen."
802,subtitle,ins,0,APPRART,ART,in,in,ecser,ins,1,0,"Plötzlich sieht es so aus, als könnte Scholz der lachende Dritte sein und ins Kanzleramt einziehen."
804,subtitle,Positives,0,NN,NN,Positives,positives,Positive,Positive,1,1,"Diese Dienste können ja sehr viel Positives mit sich bringen, das ist richtig, aber eben auch einige negative Dinge."
804,subtitle,einige,0,PIAT,PIAT,einiger,einiger,einige,einige,1,1,"Diese Dienste können ja sehr viel Positives mit sich bringen, das ist richtig, aber eben auch einige negative Dinge."
806,subtitle,Mir,1,PPER,PPER,mir,mir,ich,ich,1,1,"Mir kommt es gerade so vor, als würden wir wissen, dass es im Keller richtig doll brennt."
806,subtitle,im,0,APPRART,ART,in,in,im,imen,1,1,"Mir kommt es gerade so vor, als würden wir wissen, dass es im Keller richtig doll brennt."
807,subtitle,was,0,PRELS,PWS,wer,wer,was,was,1,1,"Du hast hier doch alles, was du brauchst."
809,subtitle,beim,0,APPRART,ART,bei,bei,beim,beim,1,1,"Man muss sich beim Einwohnermeldeamt melden und hier Bescheid geben, dass man umzieht."
810,subtitle,euch,0,PPER,PPER,euch,euch,ihr,ihr,1,1,"Also holt euch einen Tee, macht’s euch gemütlich."
810,subtitle,’s,0,NN,PPER,’s,’s,'s,'s,0,0,"Also holt euch einen Tee, macht’s euch gemütlich."
810,subtitle,euch,0,PPER,PPER,euch,euch,ihr,ihr,1,1,"Also holt euch einen Tee, macht’s euch gemütlich."
812,subtitle,mir,0,PPER,PPER,mir,mir,ich,ich,1,1,"Das tut mir leid für dich, Lara."
812,subtitle,dich,0,PPER,PPER,dich,dich,du,du,1,1,"Das tut mir leid für dich, Lara."
813,subtitle,im,0,APPRART,ART,in,in,im,imen,1,1,"Das war deshalb möglich, weil im Grundgesetz nur steht, dass Männer verpflichtet werden können, aber nicht verpflichtet werden müssen."
815,subtitle,euch,0,PPER,PPER,euch,euch,ihr,ihr,1,1,"Ja, ich möchte mit euch über meine Zukunft sprechen."
817,subtitle,dich,0,PPER,PPER,dich,dich,du,du,1,1,"Ich will nicht, dass dich was bedrückt."
818,subtitle,Betroffenen,0,NN,NN,betroffener,betroffener,Betroffene,Betroffene,1,1,"Narkolepsie ist eine seltene Krankheit, wo die Betroffenen plötzlich von Schlafanfällen übermannt werden."
818,subtitle,Schlafanfällen,0,NN,NN,Schlafanfälle,schlafanfälle,Schlafanfall,Schlafanfall,0,1,"Narkolepsie ist eine seltene Krankheit, wo die Betroffenen plötzlich von Schlafanfällen übermannt werden."
820,subtitle,einige,0,PIAT,PIAT,einiger,einiger,einige,einige,1,1,"Auch wenn einige Ideen und auch Teile der 68er-Kultur in der DDR ankommen, die Staatsführung lässt sich nicht beirren."
824,subtitle,zur,0,APPRART,APPR,zu,zu,zur,zu,1,1,Den Link zur Anmeldung findet ihr auch unten in der Videobeschreibung.
824,subtitle,ihr,0,PPER,PPER,ihr,ihr,sie,sie,1,1,Den Link zur Anmeldung findet ihr auch unten in der Videobeschreibung.
825,subtitle,bitte,0,ADV,VVFIN,bitte,bitte,bitten,bitten,1,1,"Ich werde alles klären und dann können wir immer noch entscheiden, wo wir bitte ich."
826,subtitle,mir,0,PPER,PPER,mir,mir,ich,ich,1,1,"Sie wusste, dass Markus ein Lügner ist und hat es mir gesagt."
827,subtitle,ihn,0,PPER,PPER,ihn,ihn,er,er,1,1,"Biden wiederum, wer kennt ihn noch?"
828,subtitle,Ur-Ur-Ur-Ur-Vorfahre,0,NN,NN,Ur-Ur-Ur-Ur-Vorfahr,ur-ur-ur-ur-vorfahr,Ur-Ur-Ur-Ur-Vorfahre,Ur-Ur-Ur-Ur-Vorfahre,1,1,"Autoped der Ur-Ur-Ur-Ur-Vorfahre von unserem heutigen E-Scootern, produziert ab 1915."
828,subtitle,E-Scootern,0,NN,NN,E-Scootern,e-scootern,E-Scooter,E-Scooter,1,1,"Autoped der Ur-Ur-Ur-Ur-Vorfahre von unserem heutigen E-Scootern, produziert ab 1915."
829,subtitle,mir,0,PPER,PPER,mir,mir,ich,ich,1,1,"Fel mir, dass er mich an an ein Vermächtnis erinnert und wir verdammte Scheiße dazu keinen Beitrag leisten konnten."
829,subtitle,mich,0,PRF,PPER,mich,mich,ich,ich,1,1,"Fel mir, dass er mich an an ein Vermächtnis erinnert und wir verdammte Scheiße dazu keinen Beitrag leisten konnten."
829,subtitle,verdammte,0,ADJA,ADJA,verdammt,verdammt,verdammen,verdammen,1,1,"Fel mir, dass er mich an an ein Vermächtnis erinnert und wir verdammte Scheiße dazu keinen Beitrag leisten konnten."
831,subtitle,Klickt,1,VVIMP,VVFIN,klicken,klickt,klicken,Klicken,1,1,"Klickt auf den Link in der Videobeschreibung, um euch bei italki anzumelden."
831,subtitle,euch,0,PPER,PPER,euch,euch,ihr,ihr,1,1,"Klickt auf den Link in der Videobeschreibung, um euch bei italki anzumelden."
833,subtitle,am,0,APPRART,ART,an,an,am,am,1,1,Das sorgt am Anfang für Schwierigkeiten und schreckt einige Wähler ab. Unter anderem deshalb fällt das Ergebnis 2007 so schlecht aus.
833,subtitle,einige,0,PIAT,PIAT,einiger,einiger,einige,einige,1,1,Das sorgt am Anfang für Schwierigkeiten und schreckt einige Wähler ab. Unter anderem deshalb fällt das Ergebnis 2007 so schlecht aus.
834,subtitle,viele,0,PIAT,PIAT,vieler,vieler,viel,viel,1,1,"Es gibt viele Theorien, wieso."
838,subtitle,gegossen,0,VVPP,VVPP,gegossen,gegossen,gießen,gießen,1,1,"Eine Richtlinie, so nennt man eine Ansage der EU, die später noch in nationales Recht gegossen werden muss."
839,subtitle,ihr,0,PPER,PPER,ihr,ihr,sie,sie,1,1,Könnt ihr mich nicht einfach hierlassen?
839,subtitle,mich,0,PRF,PPER,sich,sich,ich,ich,1,1,Könnt ihr mich nicht einfach hierlassen?
841,subtitle,einige,0,PIAT,PIAT,einiger,einiger,einige,einige,1,1,"Doch weil es nur einige wenige Königinnen in diese neue Welt geschafft haben, verfügten die Kolonien über eine geringe genetische Vielfalt."
841,subtitle,wenige,0,PIAT,PIAT,weniger,weniger,wenig,wenig,1,1,"Doch weil es nur einige wenige Königinnen in diese neue Welt geschafft haben, verfügten die Kolonien über eine geringe genetische Vielfalt."
842,subtitle,auseinandergesetzt,0,VVPP,VVPP,auseinandergesetzt,auseinandergesetzt,auseinandersetzen,auseinandersetzen,1,1,"Weil sich jemand jahrelang mit einem bestimmten Thema auseinandergesetzt hat, das erforscht hat."
847,subtitle,Dass,1,KOUS,KOUS,dass,dass,daß,daß,1,1,"Dass mal das Eine gemacht wird, mal das Andere."
847,subtitle,Eine,0,NN,NN,einer,einer,ein,ein,1,1,"Dass mal das Eine gemacht wird, mal das Andere."
847,subtitle,Andere,0,NN,PIS,andere,andere,anderer,anderer,1,1,"Dass mal das Eine gemacht wird, mal das Andere."
848,subtitle,bitte,0,PTKANT,VVFIN,bitte,bitte,bitten,bitten,1,1,"Ah, Glücksspiel mit Seelen für zwei, bitte."
849,subtitle,Knochen,0,NN,NN,Knoche,knoche,Knochen,Knochen,0,1,"Tatsächlich wiesen die Knochen des Mammuts, das zusammen mit den Kugeln gefunden wurde, Spuren von Steinwerkzeugen auf."
855,subtitle,meisten,0,PIAT,PIAT,meister,meister,meist,meist,1,1,Vor 300.000 Jahren Leben die meisten Menschen Arten kleinen Jäger und Sammler Gemeinschaften zusammen.
856,subtitle,Im,1,APPRART,ART,in,in,im,im,1,1,"Im Gegenteil: Es fehlt an Wissen, an Anlaufstellen."
860,subtitle,zum,0,APPRART,APPR,zu,zu,zum,zum,1,1,Sie gehört zum Physik- Lehrbuchwissen und ist ein esoterischer Business-Zweig.
860,subtitle,Lehrbuchwissen,0,NN,NN,Lehrbuchwisse,lehrbuchwisse,Lehrbuchwissen,Lehrbuchwissen,0,1,Sie gehört zum Physik- Lehrbuchwissen und ist ein esoterischer Business-Zweig.
862,subtitle,euch,0,PPER,PPER,euch,euch,ihr,ihr,1,1,"Ja, nur eine kleine Sache für euch, aber eine große Hilfe für uns."
862,subtitle,uns,0,PPER,PPER,uns,uns,wir,wir,1,1,"Ja, nur eine kleine Sache für euch, aber eine große Hilfe für uns."
865,subtitle,ihr,0,PPER,PPER,ihr,ihr,sie,sie,1,1,"Vielleicht ja, weil ihr mich abonniert habt, dann vielen Dank dafür."
865,subtitle,mich,0,PPER,PPER,sich,sich,ich,ich,1,1,"Vielleicht ja, weil ihr mich abonniert habt, dann vielen Dank dafür."
865,subtitle,vielen,0,PIAT,PIAT,vieler,vieler,viel,viel,1,1,"Vielleicht ja, weil ihr mich abonniert habt, dann vielen Dank dafür."
866,subtitle,mich,0,PPER,PPER,mich,mich,ich,ich,1,1,Bringt mich nachts sogar im Traum im tiefen Schlaf noch auf dem Baum.
866,subtitle,im,0,APPRART,ART,in,in,im,imen,1,1,Bringt mich nachts sogar im Traum im tiefen Schlaf noch auf dem Baum.
866,subtitle,im,0,APPRART,ART,in,in,im,im,1,1,Bringt mich nachts sogar im Traum im tiefen Schlaf noch auf dem Baum.
867,subtitle,dich,0,PRF,PPER,dich,dich,du,du,1,1,Warum hat sie dich geschlagen?
868,subtitle,muslimischen,0,ADJA,ADJA,muslimisch,muslimisch,muslimischen,muslimischen,1,1,"Und die muslimischen Nachbarn warten darauf, mit einer militärischen Übermacht ihre Gebiete zurückzuholen."
869,subtitle,Rattern,0,NN,NN,Ratter,ratter,Rattern,Rattern,0,1,"Aber auch, warum es auch so ein emotionales Thema ist. (Rattern, Klingeln) Sinti und Roma erfahren in Deutschland immer noch Diskriminierung."
869,subtitle,Klingeln,0,NN,NN,Klingeln,klingeln,Klingel,Klingel,1,1,"Aber auch, warum es auch so ein emotionales Thema ist. (Rattern, Klingeln) Sinti und Roma erfahren in Deutschland immer noch Diskriminierung."
869,subtitle,Roma,0,NN,NN,Rom,rom,Roma,Rom,1,1,"Aber auch, warum es auch so ein emotionales Thema ist. (Rattern, Klingeln) Sinti und Roma erfahren in Deutschland immer noch Diskriminierung."
870,subtitle,Viele,1,PIS,PIS,viele,viele,viel,viel,1,1,"Viele von uns beten, als ob wir es wüssten."
870,subtitle,uns,0,PPER,PPER,uns,uns,wir,wir,1,1,"Viele von uns beten, als ob wir es wüssten."
870,subtitle,wüssten,0,VVFIN,VVFIN,wüssen,wüssten,wissen,wissen,1,1,"Viele von uns beten, als ob wir es wüssten."
873,subtitle,Missverständnisse,1,NN,NN,Missverständnisse,missverständnisse,Missverständnis,Missverständnis,1,1,Missverständnisse oder unklare Anweisungen sind enorme Stressquellen.
874,subtitle,Früher,1,ADJD,ADV,früh,früh,früher,früher,1,1,"Früher, wahrlich, liebte ich ihn."
874,subtitle,ihn,0,PPER,PPER,ihn,ihn,er,er,1,1,"Früher, wahrlich, liebte ich ihn."
875,subtitle,erfolgreichste,0,ADJA,ADJA,erfolgreichste,erfolgreichste,erfolgreich,erfolgreich,1,1,Die Erweiterungspolitik der EU war über lange Zeit das erfolgreichste Instrument europäischer Außen- und Sicherheitspolitik.
878,subtitle,Süßstoffen,0,NN,NN,Süßstoffe,süßstoffe,Süßstoff,Süßstoff,1,1,Nach Warnsignalen aus Tierversuchen oder einzelnen Studien stellten ausführliche Studien keinen Zusammenhang zwischen Süßstoffen und Krebs an Menschen fest.
881,subtitle,anläuft,0,VVFIN,VVFIN,anläufen,anläuft,anlaufen,anlaufen,1,1,"Wenn dann wieder alles anläuft, ist man quasi beim Stand vor dem Ausfall des Internets."
881,subtitle,beim,0,APPRART,ART,bei,bei,beim,bei,1,1,"Wenn dann wieder alles anläuft, ist man quasi beim Stand vor dem Ausfall des Internets."
881,subtitle,Internets,0,NN,NN,Internet,internet,Internets,Internets,1,1,"Wenn dann wieder alles anläuft, ist man quasi beim Stand vor dem Ausfall des Internets."
883,subtitle,Jugendämtern,0,NN,NN,Jugendämter,jugendämter,Jugendamt,Jugendamt,1,1,Für Sozialarbeiter in Jugendämtern keine Selbstverständlichkeit.
884,subtitle,alle,0,PIAT,PIAT,aller,aller,alle,alle,1,1,Dann gehen wir alle Zom-Döner essen.
888,subtitle,organisierten,0,ADJA,ADJA,organisiert,organisiert,organisieren,organisieren,1,1,Sie strenghierarchisch organisierten Clans funktionieren wie Familien mit einem Vater an der Spitze.
889,subtitle,mich,0,PRF,PRF,sich,sich,ich,ich,1,1,"Okay, wo werde ich mich nur verstecken?"
892,subtitle,mich,0,PPER,PPER,mich,mich,ich,ich,1,1,"Ich bin sehr ruhig geworden, lasse mich nicht mehr stressen."
894,subtitle,Sagen,1,VVFIN,VVFIN,sagen,sagen,Sage,Sage,1,1,Sagen wir in Deutschland leiden mehr Menschen an Osteoporose als in Vietnam.
895,subtitle,war's,0,VVFIN,VAFIN,war's,war's,wer'en,sein,0,0,"Siehst du, da war's schon wieder."
896,subtitle,ihr,0,PPER,PPER,ihr,ihr,sie,sie,1,1,"Jetzt müssen nur noch die Zuschauer glauben, dass ihr euch wirklich mögt."
896,subtitle,euch,0,PPER,PPER,euch,euch,ihr,ihr,1,1,"Jetzt müssen nur noch die Zuschauer glauben, dass ihr euch wirklich mögt."
897,subtitle,Hab,1,NN,VAFIN,Hab,hab,haben,haben,1,1,Hab Stress mit der Polizei.
897,subtitle,Stress,0,NN,NN,Stress,stress,Streß,Streß,1,1,Hab Stress mit der Polizei.
901,subtitle,viele,0,PIS,PIS,viele,viele,viel,viel,1,1,"In der Bibel steht, dass viele in der Gemeinde schwach und krank sind und entschlafen, weil sie den Leib nicht richtig erkennen."
903,subtitle,zum,0,APPRART,ART,zu,zu,zum,zum,1,1,Hier zum Beispiel wurden die Namen überschrieben.
905,subtitle,ihr,0,PPER,PPER,ihr,ihr,sie,sie,1,1,Ich schreibe ihr noch mal.
908,subtitle,mir,0,PPER,PPER,mir,mir,ich,ich,1,1,"Entschuldigung, können Sie mir sagen, wo die Kasse ist?"
910,subtitle,mir,0,PPER,PPER,mir,mir,ich,ich,1,1,Weil die Uni in Münster einen sehr guten Ruf hat und mir der Campus gut gefällt.
910,subtitle,gefällt,0,VVPP,VVFIN,fällen,fällen,gefallen,gefallen,1,1,Weil die Uni in Münster einen sehr guten Ruf hat und mir der Campus gut gefällt.
912,subtitle,fände,0,VVFIN,VVFIN,fänden,fände,finden,finden,1,1,"Ja, ein Hotel fände ich gut."
914,subtitle,mich,0,PPER,PPER,mich,mich,ich,ich,1,1,"Lass mich rein, oder ich kacke auf deinem Kopf."
914,subtitle,kacke,0,ADJD,VVFIN,kacke,kacke,kacken,kacken,1,1,"Lass mich rein, oder ich kacke auf deinem Kopf."
921,subtitle,Klümpchen,0,NN,NN,Klümpche,klümpche,Klümpchen,Klümpchen,0,1,"Wichtig: Speisestärke nicht einfach reinschütten, sonst gibt es Klümpchen, sondern erst mit kaltem Wasser mischen."
922,subtitle,mehrere,0,PIAT,PIAT,mehrere,mehrere,mehr,mehr,1,1,Experten nennen mehrere Gründe dafür.
924,subtitle,mich,0,PRF,PRF,sich,sich,ich,ich,1,1,Ehrlich gesagt fühle ich mich nicht gut.
927,subtitle,ihr,0,PPER,PPER,ihr,ihr,sie,sie,1,1,"Darunter findet ihr ein Video der Kollegen von ""Terra X"", die sich auch mit den Maya befassen."
929,subtitle,aller,0,PIAT,PIAT,aller,aller,alle,alle,1,1,In aller Offenheit führt er die Wehrpflicht ein.
933,subtitle,Schauen,1,VVFIN,VVFIN,schauen,schauen,Schau,Schau,1,1,"Schauen wir erst mal, wie weit die Forschung gekommen ist."
935,subtitle,uns,0,PPER,PRF,sich,sich,wir,wir,1,1,"Ich will, dass wir uns alle vertragen!"
935,subtitle,alle,0,PIS,PIS,aller,aller,alle,alle,1,1,"Ich will, dass wir uns alle vertragen!"
937,subtitle,im,0,APPRART,ART,in,in,im,im,1,1,Wir haben auch zusammen gesungen im Royal Orleans.
938,subtitle,am,0,APPRART,ART,an,an,am,am,1,1,"Das bedeutet, dass immer am ersten Tag des Monats die Miete an meinen Vermieter überwiesen wird."
938,subtitle,ersten,0,ADJA,ADJA,erster,erster,erst,erst,1,1,"Das bedeutet, dass immer am ersten Tag des Monats die Miete an meinen Vermieter überwiesen wird."
939,subtitle,dich,0,PPER,PPER,dich,dich,du,du,1,1,Ich hab echt lange auf dich gewartet.
943,subtitle,Duschen,0,NN,NN,Duschen,duschen,Dusche,Dusche,1,1,"Nach dem Duschen, die riechen auch jetzt schon gar nicht mehr nach Essig."
944,subtitle,weiter,0,ADV,ADV,weiter,weiter,weit,weit,1,1,"Das hat sich immer noch weiter verschärft vermutlich, oder?"
945,subtitle,ihn,0,PPER,PPER,ihn,ihn,er,er,1,1,"Bannon wollte offenbar einen Dokumentarfilm über Epstein produzieren, der ihn rehabilitieren sollte."
946,subtitle,einer,0,PIS,PIS,einer,einer,ein,ein,1,1,"Ich hatte gehofft, Terry würde auch einer."
949,subtitle,dir,0,PPER,PPER,dir,dir,du,dir,1,1,Aber das mag ich an dir.
953,subtitle,allen,0,PIAT,PIAT,aller,aller,alle,alle,1,1,Er passt auch nicht in allen Situationen gut.
956,subtitle,uns,0,PRF,PRF,sich,sich,wir,wir,1,1,Vielleicht sollten wir uns aufteilen.
961,subtitle,Zum,1,APPRART,ART,zu,zu,zum,zum,1,1,Zum Teil musste auch zurückgerudert werden.
961,subtitle,zurückgerudert,0,VVPP,VVPP,zurückgeruderen,zurückgerudert,zurückrudern,zurückrudern,1,1,Zum Teil musste auch zurückgerudert werden.
962,subtitle,am,0,APPRART,ART,an,an,am,am,1,1,"Was wir am Karfreitag bei Kundus erleben mussten, das bezeichnen die meisten verständlicherweise als Krieg."
962,subtitle,meisten,0,PIS,PIS,meister,meister,meist,meist,1,1,"Was wir am Karfreitag bei Kundus erleben mussten, das bezeichnen die meisten verständlicherweise als Krieg."
966,subtitle,all,0,PIAT,PIAT,all,all,alle,alle,1,1,Die Folgen von all dem sind bis heute spürbar.
969,subtitle,im,0,APPRART,ART,in,in,im,im,1,1,Untertitel: WDR mediagroup GmbH im Auftrag des WDR Wir starten unsere Reise in Oberstdorf.
970,subtitle,mich,0,PRF,PRF,sich,sich,ich,ich,1,1,"Mittelfristig sehe ich mich in einer Position mit noch mehr Verantwortung, beispielsweise als Teamleiter oder in einer strategischen Rolle im Vertrieb."
970,subtitle,im,0,APPRART,ART,in,in,im,im,1,1,"Mittelfristig sehe ich mich in einer Position mit noch mehr Verantwortung, beispielsweise als Teamleiter oder in einer strategischen Rolle im Vertrieb."
973,subtitle,bösen,0,ADJA,ADJA,böse,böse,bös,bös,1,1,Igor hatte safe keine bösen Absichten.
975,subtitle,Zum,1,APPRART,APPR,zu,zu,zum,zum,1,1,"Zum Glück gibt es solche Sticker fürs Handy, die die Strahlung abhalten oder neutralisieren sollen."
975,subtitle,fürs,0,APPRART,ART,für,für,fürser,fürs,1,0,"Zum Glück gibt es solche Sticker fürs Handy, die die Strahlung abhalten oder neutralisieren sollen."
976,subtitle,im,0,APPRART,ART,in,in,im,imen,1,1,Du bist sowieso im Mietverzug.
982,subtitle,Dass,1,KOUS,KOUS,dass,dass,daß,daß,1,1,"Dass man oft in einem Bereich ist, wo man sagt, es reicht noch nicht, um es als Herz-Kreislauf-Training zu klassifizieren."
985,subtitle,langbeinige,0,PIS,ADJA,langbeiniger,langbeiniger,langbeinig,langbeinig,0,0,"Wir haben klein köpfige, groß köpfige, lang rückläufige, kurz rückläufige, langbeinige, kurzweilige."
987,subtitle,uns,0,PPER,PPER,sich,sich,wir,wir,1,1,"Nein, bringen wir es hinter uns."
988,subtitle,Am,1,APPRART,APPR,an,an,Am,Am,1,1,Am Anfang waren seine Reden wie Gewitter.
989,subtitle,Danke,1,NN,PTKANT,Danke,danke,Dank,Dank,1,1,"Danke, ich gehe jetzt zur Riton."
989,subtitle,zur,0,APPRART,APPR,zu,zu,zur,zur,1,1,"Danke, ich gehe jetzt zur Riton."
990,subtitle,Zyklopen,0,NN,NN,Zyklope,zyklope,Zyklop,Zyklop,0,1,Vor Schmerz schreiend ruft Polyphem die anderen Zyklopen.
994,subtitle,einiger,0,PIS,PIS,einiger,einiger,einige,einige,1,1,Auf dem Boden einiger dieser Truhen war ein Hund aufgemalt.
994,subtitle,aufgemalt,0,VVFIN,VVPP,aufmalen,aufgemalt,aufmalen,aufgemalt,1,1,Auf dem Boden einiger dieser Truhen war ein Hund aufgemalt.
997,subtitle,Viele,1,PIS,PIS,viele,viele,viel,viel,1,1,"Viele der Sagen beschreiben die Gefahr, sich mit etwas Übernatürlichem einzulassen, das man nicht versteht."
999,subtitle,Muslimen,0,NN,NN,Muslim,muslim,Muslime,Muslim,1,1,Der Fokus dürfte aber auf Muslimen liegen.
1000,subtitle,androhen,0,VVINF,VVINF,androhen,androhen,andriehen,androhen,1,0,Ein Land darf keine Gewalt gegen ein anderes Land ausüben oder diese Gewalt androhen.
1005,subtitle,eine,0,PIS,PIS,einer,einer,ein,ein,1,1,Positiv hier: Für Ukrainisch erhielt die App eine der besten Bewertungen im Test.
1005,subtitle,im,0,APPRART,ART,in,in,im,imen,1,1,Positiv hier: Für Ukrainisch erhielt die App eine der besten Bewertungen im Test.
1007,subtitle,weiter,0,ADV,ADV,weit,weit,weiter,weiter,1,1,Aber gehen wir das mal weiter durch.
1013,subtitle,lass,0,VVFIN,VVFIN,lass,lassen,laß,laß,1,1,"Einsteins Idee war: Dann lass doch einfach checken, ob wir bestimmte Sterne in ihrer Position verschoben sehen, wenn die Sonne zwischen ihnen und uns steht."
1013,subtitle,ihnen,0,PPER,PPER,ihnen,ihnen,sie,sie,1,1,"Einsteins Idee war: Dann lass doch einfach checken, ob wir bestimmte Sterne in ihrer Position verschoben sehen, wenn die Sonne zwischen ihnen und uns steht."
1013,subtitle,uns,0,PPER,PPER,uns,uns,wir,wir,1,1,"Einsteins Idee war: Dann lass doch einfach checken, ob wir bestimmte Sterne in ihrer Position verschoben sehen, wenn die Sonne zwischen ihnen und uns steht."
1015,subtitle,euch,0,PPER,PPER,euch,euch,ihr,ihr,1,1,"Ich muss dringend mit euch reden, es ist etwas passiert."
1016,subtitle,geforzt,0,VVPP,VVPP,forzen,geforzt,forzen,forzen,1,0,Weil eine Schülerin zu krass geforzt hat.
1018,subtitle,mich,0,PPER,PPER,mich,mich,ich,ich,1,1,"Ich nutze Readly, um mich in Themen einzulesen, die mich interessieren."
1018,subtitle,mich,0,PPER,PPER,mich,mich,ich,ich,1,1,"Ich nutze Readly, um mich in Themen einzulesen, die mich interessieren."
1020,subtitle,Vielen,1,PIAT,PIAT,vieler,vieler,viel,viel,1,1,"Vielen Dank, Herr Weihnachtsmann Ich habe auch ein Geschenk für Sie."
1025,subtitle,zum,0,APPRART,ART,zu,zu,zum,zum,1,1,Davor warnen zum Beispiel Jugendschützer in Australien.
1026,subtitle,mich,0,PPER,PPER,mich,mich,ich,ich,1,1,Zuerst hat mich meine Freundin verlassen.
1027,subtitle,ihn,0,PPER,PPER,ihn,ihn,er,er,1,1,"Du musst ihn wettmachen, Lisa."
1028,subtitle,Prozess,0,NN,NN,Prozess,prozess,Prozeß,Prozeß,1,1,"Man kann von einem Justizskandal sprechen, denn der Prozess hätte rechtlich gesehen auch damals so nie stattfinden dürfen, was auch schon einige Zeitgenossen kritisieren."
1028,subtitle,was,0,PRELS,PWS,wer,wer,was,was,1,1,"Man kann von einem Justizskandal sprechen, denn der Prozess hätte rechtlich gesehen auch damals so nie stattfinden dürfen, was auch schon einige Zeitgenossen kritisieren."
1028,subtitle,einige,0,PIAT,PIAT,einiger,einiger,einige,einige,1,1,"Man kann von einem Justizskandal sprechen, denn der Prozess hätte rechtlich gesehen auch damals so nie stattfinden dürfen, was auch schon einige Zeitgenossen kritisieren."
1029,subtitle,Lieben,0,NN,NN,Lieben,lieben,Liebe,Liebe,1,1,"Hallo ihr Lieben, mein Name ist Kelly und ich studiere im zehnten Semester Lehramt für die berufsbildenden Schulen in der Fächerkombination Sozialpädagogik und Deutsch."
1029,subtitle,im,0,APPRART,ART,in,in,im,imen,1,1,"Hallo ihr Lieben, mein Name ist Kelly und ich studiere im zehnten Semester Lehramt für die berufsbildenden Schulen in der Fächerkombination Sozialpädagogik und Deutsch."
1029,subtitle,zehnten,0,ADJA,ADJA,zehnter,zehnter,zehnt,zehnt,1,0,"Hallo ihr Lieben, mein Name ist Kelly und ich studiere im zehnten Semester Lehramt für die berufsbildenden Schulen in der Fächerkombination Sozialpädagogik und Deutsch."
1030,subtitle,gehört,0,VVPP,VVPP,hören,hören,gehören,gehören,1,1,"Das sind Dinge, die bisher eher nicht unbedingt zu den Stärken der deutschen Autobauer gehört haben."
1033,subtitle,mich,0,PRF,PRF,sich,sich,ich,ich,1,1,"Entschuldigung, ich habe mich verredet."
1033,subtitle,verredet,0,VVFIN,VVPP,verreden,verredet,verreden,verreden,1,1,"Entschuldigung, ich habe mich verredet."
1034,subtitle,im,0,APPRART,ART,in,in,im,imen,1,1,Ich habe mit dem Hund gespielt.” “Wohin?” fragt im Vergleich dazu: In welche Richtung bewegst du dich?
1034,subtitle,bewegst,0,VVFIN,VVFIN,bewegsen,bewegst,bewegen,bewegen,1,1,Ich habe mit dem Hund gespielt.” “Wohin?” fragt im Vergleich dazu: In welche Richtung bewegst du dich?
1034,subtitle,dich,0,PRF,PPER,dich,dich,du,du,1,1,Ich habe mit dem Hund gespielt.” “Wohin?” fragt im Vergleich dazu: In welche Richtung bewegst du dich?
1035,subtitle,weniger,0,PIAT,PIAT,weniger,weniger,wenig,wenig,1,1,Die “Butter des Waldes” verbraucht auch weniger Wasser als die normale Butter.
1038,subtitle,Besondere,0,NN,NN,besondere,besondere,Besonderes,Besonderes,1,1,"Das Besondere bei dem Verb “streicheln” ist: erstens, dass man nur Menschen und Tiere streicheln kann."
1039,subtitle,dich,0,PPER,PPER,dich,dich,du,du,1,1,Er schmeißt dich vom Balkon.
1039,subtitle,vom,0,APPRART,ART,von,von,vom,vom,1,1,Er schmeißt dich vom Balkon.
1040,subtitle,Ihnen,0,PPER,PPER,ihnen,ihnen,Sie,Sie,1,1,"Aber wenn ich Ihnen was empfehlen darf, nehmen Sie das."
1042,subtitle,dir,0,PPER,PPER,dir,dir,du,dir,1,1,Wieso musst du dir solche Geschichten ausdenken?
1045,subtitle,Rechten,0,NN,NN,rechte,rechte,Recht,Recht,1,1,"Zu den Rechten gehört, dass er oder sie jederzeit sagen können, ""Ich will nicht mehr weitermachen""."
1051,subtitle,Im,1,APPRART,ART,in,in,im,im,1,1,Im Wald um Krügersdorf werden nun mobile Peilantennen aufgestellt.
1051,subtitle,Peilantennen,0,NN,NN,Peilantenn,peilantenn,Peilantenne,Peilantenne,0,0,Im Wald um Krügersdorf werden nun mobile Peilantennen aufgestellt.
1052,subtitle,im,0,APPRART,ART,in,in,im,imen,1,1,Mit den unmittelbaren Nachbarn liegt Polen auch wegen territorialer Fragen im vollständigen Streit.
1054,subtitle,gelangweilt,0,ADJD,ADJD,gelangweilt,gelangweilt,langweilen,langweilen,1,1,"Oder ob sie sich gelangweilt in die Ecke setzt, oder den Anschein erweckt, beschäftigt zu sein."
1055,subtitle,ihr,0,PPER,PPER,ihr,ihr,sie,sie,1,1,Das habt ihr sehr gut gemacht heute.
1058,subtitle,euch,0,PPER,PPER,euch,euch,ihr,ihr,1,1,"Ich geh mal ganz einfach davon aus, dass neun und neunzig komma neun prozent von euch gesagt haben: hai!"
1062,subtitle,uns,0,PPER,PPER,uns,uns,wir,wir,1,1,Lass uns mal einen Strich ziehen.
1064,subtitle,Beim,0,APPRART,ART,bei,bei,beim,beim,1,1,Hühnerknochenbrühe Beim japanischen Essen wird auch oft Hühnerknochenbrühe benutzt.
1064,subtitle,Hühnerknochenbrühe,0,NN,NN,Hühnerknochenbrüh,hühnerknochenbrüh,Hühnerknochenbrühe,Hühnerknochenbrühe,0,1,Hühnerknochenbrühe Beim japanischen Essen wird auch oft Hühnerknochenbrühe benutzt.
1069,subtitle,mich,0,PRF,PRF,sich,sich,ich,ich,1,1,Ich freue mich für dich mein Sohn!
1069,subtitle,dich,0,PPER,PPER,dich,dich,du,du,1,1,Ich freue mich für dich mein Sohn!
1072,subtitle,mir,0,PPER,PRF,mir,mir,ich,ich,1,1,"Ich kann mir keine Witze merken.” Also: Keine Ahnung, ich kann dir keinen guten Witz erzählen."
1072,subtitle,Witze,0,NN,NN,Witze,witze,Witz,Witz,1,1,"Ich kann mir keine Witze merken.” Also: Keine Ahnung, ich kann dir keinen guten Witz erzählen."
1072,subtitle,dir,0,PPER,PPER,dir,dir,du,dir,1,1,"Ich kann mir keine Witze merken.” Also: Keine Ahnung, ich kann dir keinen guten Witz erzählen."
1076,subtitle,im,0,APPRART,ART,in,in,im,imen,1,1,"Da sitzt man im Kurs und merkt plötzlich: Hilfe, was ist das denn?"
1077,subtitle,letztes,0,ADJA,ADJA,letzter,letzter,letzt,letzt,1,1,"Oh, ich habe letztes Jahr die niedlichsten Kuchenform von Elt gekauft."
1078,subtitle,ihm,0,PPER,PPER,ihm,ihm,er,er,1,1,"So, dass man sagt, man glaubt ihm, und er unbefleckt aus dem Gerichtssaal laufen kann."
1080,subtitle,dritte,0,ADJA,ADJA,dritter,dritter,dritt,dritt,1,1,Ich verstehe immer nur jedes dritte Wort.
1081,subtitle,im,0,APPRART,ART,in,in,im,imen,1,1,"Also, wo ist er? Er ist im Gefängnis."
1082,subtitle,Lochs,0,NN,NN,Lochs,lochs,Loch,Loch,1,1,In der Nähe eines Schwarzen Lochs ist es aber auch sehr gefährlich.
1088,subtitle,im,0,APPRART,ART,in,in,im,imen,1,1,"Ganz egal, wie mächtig sie jeweils sind, welcher Konfession sie angehören, und sogar unabhängig davon, ob eine Seite im Recht ist oder nicht."
1089,subtitle,zack,0,NN,ADJD,Zack,zack,zacken,zacken,1,1,"Und zack: In der Folge werden dir Werbungen für Dinge angezeigt, nach denen du vor wenigen Minuten erst gesucht hast."
1089,subtitle,dir,0,PPER,PPER,dir,dir,du,dir,1,1,"Und zack: In der Folge werden dir Werbungen für Dinge angezeigt, nach denen du vor wenigen Minuten erst gesucht hast."
1089,subtitle,wenigen,0,PIAT,PIAT,weniger,weniger,wenig,wenig,1,1,"Und zack: In der Folge werden dir Werbungen für Dinge angezeigt, nach denen du vor wenigen Minuten erst gesucht hast."
1095,subtitle,gibt's,0,VVFIN,VVFIN,gibt's,geben,gibte'n,gibten,1,0,"Das ist ganz klar, da gibt's nichts zu debattieren."
1100,subtitle,im,0,APPRART,ART,in,in,im,imen,1,1,Das steht auch im Brief.
1101,subtitle,dir,0,PPER,PPER,dir,dir,du,dir,1,1,"Das ist sehr vereinfacht, aber stell dir Materie als U-Bahn und Elektronen als Passagiere vor."
1104,subtitle,im,0,APPRART,ART,in,in,im,im,1,1,"Sie alle haben im Profisport Bestleistungen erzielt, mit ihren Teams gewonnen, Medaillen geholt."
1106,subtitle,zum,0,APPRART,APPR,zu,zu,zum,zum,1,1,"Verantwortlich für diese Schäden ist zum einen die UV-Strahlung, genauso wie zu viel UV-Licht die Haut verbrennt, kann zu viel UV-Licht auch unsere Augen verbrennen."
1106,subtitle,einen,0,PIS,PIS,einer,einer,ein,ein,1,1,"Verantwortlich für diese Schäden ist zum einen die UV-Strahlung, genauso wie zu viel UV-Licht die Haut verbrennt, kann zu viel UV-Licht auch unsere Augen verbrennen."
1107,subtitle,ersten,0,ADJA,ADJA,erster,erster,erst,erst,1,1,Wann die ersten Siedler hier eintreffen ist bis heute nicht ganz geklärt.
1108,subtitle,alldem,0,PIS,PIS,alldem,alldem,allder,alldem,1,0,Aber bei alldem stellt sich natürlich die Frage: Warum sind überhaupt Soldaten aus den USA dauerhaft in Deutschland?
1109,subtitle,Knochenfunden,0,NN,NN,Knochenfunde,knochenfunde,Knochenfund,Knochenfund,0,1,"Untersuchungen an Knochenfunden haben ergeben, dass die Kämpfer sich wohl großteils vegetarisch ernährt haben."
1110,subtitle,Dass,1,KOUS,KOUS,dass,dass,daß,daß,1,1,Dass Patienten mit einer Vorgeschichte von Glaukom dadurch eine Verschlimmerung verursachen können.
1111,subtitle,zum,0,APPRART,APPR,zu,zu,zum,zum,1,1,"Sie fahren weiter nach Berlin, zum Verteidigungsministerium."
1112,subtitle,ihn,0,PPER,PPER,ihn,ihn,er,er,1,1,"Als wir ihn bekommen haben, da war ich noch in der Schule."
1114,subtitle,zum,0,APPRART,APPR,zu,zu,zum,zum,1,1,Von kleinen Spielereien bis zum Megamarkt.
1115,subtitle,mir,0,PPER,PRF,mir,mir,ich,ich,1,1,Ich muss mir den XK leihen.
1116,subtitle,Unterm,1,APPRART,APPR,Unter,unter,unterm,unterm,1,1,"Unterm Strich kann man sagen, die AfD hat den Bundestag und auch die bundesdeutsche Politik verändert."
1118,subtitle,Sagt,1,VVFIN,VVFIN,sagen,sagen,sagt,sagen,1,1,"Sagt ihr, da kann man auch heute noch Rückschlüsse daraus ziehen?"
1118,subtitle,ihr,0,PPER,PPER,ihr,ihr,sie,sie,1,1,"Sagt ihr, da kann man auch heute noch Rückschlüsse daraus ziehen?"
1118,subtitle,Rückschlüsse,0,NN,NN,Rückschluß,rückschluß,Rückschluss,Rückschluss,1,1,"Sagt ihr, da kann man auch heute noch Rückschlüsse daraus ziehen?"
1119,subtitle,Hölzchen,0,NN,NN,Hölzch,hölzch,Hölzchen,Hölzchen,0,1,"Ich glaube, da würden wir von Hölzchen aufs Stöckchen kommen."
1119,subtitle,aufs,0,APPRART,APPR,auf,auf,aufs,aufs,1,1,"Ich glaube, da würden wir von Hölzchen aufs Stöckchen kommen."
1120,subtitle,mich,0,PPER,PPER,mich,mich,ich,ich,1,1,"Deutschland fühlt sich eigentlich für mich sehr gut an. Viele sind skeptisch darüber, was hier passiert in Deutschland, aber ich find’s ’n gutes Land."
1120,subtitle,Viele,0,PIS,PIS,viele,viele,viel,viel,1,1,"Deutschland fühlt sich eigentlich für mich sehr gut an. Viele sind skeptisch darüber, was hier passiert in Deutschland, aber ich find’s ’n gutes Land."
1120,subtitle,’s,0,NN,PPER,’s,’s,'s,'s,0,0,"Deutschland fühlt sich eigentlich für mich sehr gut an. Viele sind skeptisch darüber, was hier passiert in Deutschland, aber ich find’s ’n gutes Land."
1121,subtitle,uns,0,PPER,PPER,sich,sich,wir,wir,1,1,"Er kehrte stets wieder zu uns zurück, zu seiner geliebten Familie."
1130,subtitle,mich,0,PPER,PPER,mich,mich,ich,ich,1,1,Return hat mich dazu gezwungen.
1132,subtitle,lieber,0,ADV,ADV,lieber,lieber,lieb,lieb,1,1,Dann solltest du es vielleicht lieber nicht lassen bleibe hier zu lange rum.
1133,subtitle,vom,0,APPRART,APPR,von,von,vom,vom,1,1,Auch eine Übertragung vom Tier auf den Mensch ist möglich.
1134,subtitle,keiner,0,PIS,PIS,keiner,keiner,kein,kein,1,1,"Ja, das Video ist inzwischen offline, damit keiner falsch informiert wird."
1135,subtitle,weniger,0,PIAT,PIAT,weniger,weniger,wenig,wenig,1,1,"Nur weil die FDP nur 2% geholt hat in Sachsenanhalt, heißt es nicht, dass sie weniger Redebeitrag haben sollten als die anderen."
1136,subtitle,nächste,0,ADJA,ADJA,nächster,nächster,nah,nah,1,1,Aber nächste Mal sind Sie bitte pünktlich.
1136,subtitle,bitte,0,ADV,ADV,bitte,bitte,bitten,bitten,1,1,Aber nächste Mal sind Sie bitte pünktlich.
1139,subtitle,ungeiler,0,NN,ADJD,Ungeiler,ungeiler,ungeil,ungeil,1,1,"Jetzt, wo wir so fahren, ich finde schon wieder ein bisschen ungeiler."
1142,subtitle,erster,0,ADJA,ADJA,erster,erster,erst,erst,1,1,"Wenn man das erster Mal in große Menschengruppen gelangt, dann findet ja häufig 'ne Erstinfektion mit ganz verschiedenen Viren statt."
1142,subtitle,gelangt,0,VVFIN,VVFIN,gelangen,gelangt,gelangen,gelangen,1,1,"Wenn man das erster Mal in große Menschengruppen gelangt, dann findet ja häufig 'ne Erstinfektion mit ganz verschiedenen Viren statt."
1143,subtitle,Weiter,1,ADV,ADV,weiter,weiter,weit,weiter,1,1,Weiter geht es mit Mythos 7. Mythos 7. Die deutsche Mülltrennung ist praktisch unmöglich zu verstehen.
1145,subtitle,ihr,0,PPER,PPER,ihr,ihr,sie,sie,1,1,Könnt ihr euch drauf freuen.
1145,subtitle,euch,0,PRF,PPER,euch,euch,ihr,ihr,1,1,Könnt ihr euch drauf freuen.
1147,subtitle,erste,0,ADJA,ADJA,erster,erster,erst,erst,1,1,Die erste ist die kontinentale Erdkruste.
1148,subtitle,Vergiss,1,VVFIN,VVFIN,Vergiss,vergiss,vergessen,vergiss,1,1,"Vergiss nie, dass unsere Zeit auf dieser Welt begrenzt ist."
1150,subtitle,versteh,0,VVFIN,VVFIN,versteh,versteh,verstehen,verstehen,1,1,"Und ich will hier jetzt nicht Heuchler in Schutz nehmen, versteh das nicht falsch, Klaus, aber ich will nur sagen, wir sind alle irgendwie Heuchler."
1153,subtitle,kniet,0,VVFIN,VVFIN,kniet,knien,knieen,knieen,1,0,"Ja. Spukona, nun kniet ihr vor mir."
1153,subtitle,ihr,0,PPER,PPER,ihr,ihr,sie,sie,1,1,"Ja. Spukona, nun kniet ihr vor mir."
1153,subtitle,mir,0,PPER,PPER,mir,mir,ich,ich,1,1,"Ja. Spukona, nun kniet ihr vor mir."
1156,subtitle,Sagen,1,VVFIN,VVFIN,sagen,sagen,Sage,Sage,1,1,"Sagen Sie, nicht wahr? etwas vergessen?"
1157,subtitle,im,0,APPRART,ART,in,in,im,im,1,1,Und auf der Suche nach dem Täter sind Hunderte Polizeikräfte in der Stadt im Einsatz gewesen und auch immer noch im Einsatz.
1157,subtitle,im,0,APPRART,ART,in,in,im,imen,1,1,Und auf der Suche nach dem Täter sind Hunderte Polizeikräfte in der Stadt im Einsatz gewesen und auch immer noch im Einsatz.
1160,subtitle,im,0,APPRART,ART,in,in,im,im,1,1,"Oder ist das jetzt irgendwie nur eher auch eine Art Tripet-Reaktion im Rahmen dessen, das jetzt auch mal mit zu kritisieren?"
1163,subtitle,Abwegen,0,VVINF,VVINF,Abwegen,abwegen,Abweg,Abweg,1,0,Wo ich Content gegen Klickbarkeit Abwegen müsste.
1164,subtitle,im,0,APPRART,ART,in,in,im,imen,1,1,"Es gibt zwei Gruppen im Studiengang: Die einen fangen ohne Vorkenntnisse an, da haben wir natürlich in den ersten Semestern den Fokus auf dem Sprachunterricht."
1164,subtitle,Vorkenntnisse,0,NN,NN,Vorkenntnisse,vorkenntnisse,Vorkenntnis,Vorkenntnis,1,1,"Es gibt zwei Gruppen im Studiengang: Die einen fangen ohne Vorkenntnisse an, da haben wir natürlich in den ersten Semestern den Fokus auf dem Sprachunterricht."
1164,subtitle,ersten,0,ADJA,ADJA,erster,erster,erst,erst,1,1,"Es gibt zwei Gruppen im Studiengang: Die einen fangen ohne Vorkenntnisse an, da haben wir natürlich in den ersten Semestern den Fokus auf dem Sprachunterricht."
1167,subtitle,mir,0,PPER,PPER,mir,mir,ich,ich,1,1,"Sag mir gerne, wie das Gespräch mit deinem Vermieter war."
1169,subtitle,viele,0,PIAT,PIAT,vieler,vieler,viel,viel,1,1,Denn viele Gewürze werden sehr oft benutzt.
1170,subtitle,mir,0,PPER,PPER,mir,mir,ich,ich,1,1,Anredungsform ist mir jetzt erst mal egal.
1171,subtitle,dich,0,PRF,PRF,dich,dich,du,du,1,1,Auf keinen Fall schmeiß ich dich darunter.
1173,subtitle,im,0,APPRART,ART,in,in,im,imen,1,1,Und das Angebot ist deutlich besser ausgebaut als im Westen.
1174,subtitle,Säure,0,NN,NN,Säur,säur,Säure,Säure,0,1,"Wie sich herausgestellt hat, ist Säure schlecht für die Ozonschicht."
1175,subtitle,vielen,0,PIAT,PIAT,vieler,vieler,viel,viel,1,1,"Dazu gehört auch, dass in Xinjiang vielen Moscheen zerstört wurden, Kulturhäuser zerstört."
1176,subtitle,im,0,APPRART,ART,in,in,im,imen,1,1,Das ist ein ganz wichtiger Knackpunkt im Nahostkonflikt.
1178,subtitle,erstes,0,ADJA,ADJA,erster,erster,erst,erst,1,1,Als erstes müssen wir Wasser suchen.
1184,subtitle,viele,0,PIS,PIS,viele,viele,viel,viel,1,1,"Es gibt viele, die zum Beispiel eine therapeutische Ausbildung haben und dann die Heilpraktikerprüfung oben draufsetzen."
1184,subtitle,zum,0,APPRART,ART,zu,zu,zum,zum,1,1,"Es gibt viele, die zum Beispiel eine therapeutische Ausbildung haben und dann die Heilpraktikerprüfung oben draufsetzen."
1185,subtitle,Danke,1,NN,PTKANT,Danke,danke,Dank,Dank,1,1,"Danke, hab auch echt viel Milch getrunken."
1185,subtitle,getrunken,0,VVPP,VVPP,trunken,getrunken,trinken,trinken,1,1,"Danke, hab auch echt viel Milch getrunken."
1186,subtitle,letzten,0,ADJA,ADJA,letzter,letzter,letzt,letzt,1,1,"Herr Huizinga, die Abnehmspritze, großes Thema in den letzten Wochen und Monaten, auch von den Medien extrem hochgespielt."
1186,subtitle,hochgespielt,0,VVPP,VVPP,hochgespielen,hochgespielt,hochspielen,hochspielen,1,1,"Herr Huizinga, die Abnehmspritze, großes Thema in den letzten Wochen und Monaten, auch von den Medien extrem hochgespielt."
1188,subtitle,geht's,0,VVFIN,VVFIN,geht's,gehen,gehe'en,geht's,1,0,Seriöser geht's fast gar nicht.
1189,subtitle,dich,0,PPER,PPER,dich,dich,du,du,1,1,Du wirst dich viel besser fühlen mit der Seeluft.
1190,subtitle,vom,0,APPRART,APPR,von,von,vom,vom,1,1,"Das ist ein Verband, der vom Islamischen Zentrum Hamburgs, kurz IZH, gegründet worden ist."
1190,subtitle,Islamischen,0,ADJA,ADJA,islamisch,islamisch,Islamischen,islamisch,1,1,"Das ist ein Verband, der vom Islamischen Zentrum Hamburgs, kurz IZH, gegründet worden ist."
1191,subtitle,mich,0,PPER,PPER,mich,mich,ich,ich,1,1,Für mich ist ehrlich gesagt diese Balance das Allerbeste daran.
1191,subtitle,Allerbeste,0,NN,NN,allerbeste,allerbeste,Allerbester,Allerb,1,1,Für mich ist ehrlich gesagt diese Balance das Allerbeste daran.
1192,subtitle,spielst,0,VVFIN,VVFIN,spielsen,spielst,spielen,spielen,1,1,"Hey Abdul, spielst du heute auch?"
1193,subtitle,Göttern,0,NN,NN,Götter,götter,Gott,Gott,1,1,Die Karthager beten zu verschiedenen Göttern.
1195,subtitle,ihr,0,PPER,PPER,ihr,ihr,sie,sie,1,1,Dank ihr können wir Sonnenlicht zurück zur Sonne richten.
1195,subtitle,zur,0,APPRART,APPR,zu,zu,zur,zur,1,1,Dank ihr können wir Sonnenlicht zurück zur Sonne richten.
1196,subtitle,abstruse,0,ADJA,ADJA,abstrus,abstrus,abstruse,abstrus,0,1,"Aber anders als andere abstruse Behauptungen über Impfrisiken wie Autismus oder magnetische Arme, wäre das theoretisch denkbar."
1196,subtitle,Impfrisiken,0,NN,NN,Impfrisike,impfrisike,Impfrisiko,Impfrisiko,0,1,"Aber anders als andere abstruse Behauptungen über Impfrisiken wie Autismus oder magnetische Arme, wäre das theoretisch denkbar."
1198,subtitle,Fakten,0,NN,NN,Fakt,fakt,Faktum,Faktum,1,1,"Es hat ein paar Jahre gedauert, bis ich akzeptieren konnte, dass Wissenschaft ausschließlich auf staubtrockenen Fakten beruht."
1199,subtitle,mir,0,PPER,PPER,mir,mir,ich,ich,1,1,Das würde er mir nicht antun.
1200,subtitle,Krasses,0,NN,NN,Krasser,krasser,Krass,Krass,1,1,"Aber Markus sagt, er hat was richtig Krasses geplant."
1201,subtitle,euch,0,PPER,PPER,euch,euch,ihr,ihr,1,1,"Freunde der Sonne, holt euch einen Tee, macht es euch gemütlich, wir gehen der Sache auf den Grund."
1201,subtitle,euch,0,PPER,PPER,euch,euch,ihr,ihr,1,1,"Freunde der Sonne, holt euch einen Tee, macht es euch gemütlich, wir gehen der Sache auf den Grund."
1202,subtitle,euch,0,PRF,PPER,euch,euch,ihr,ihr,1,1,Da habe ich euch das genauer aufgelistet.
1203,subtitle,euch,0,PPER,PPER,euch,euch,ihr,ihr,1,1,"Ich persönlich sage das nicht so oft, ""Mensch Meier"", aber da man es immer mal wieder hört, möchte ich euch den Ausdruck kurz vorstellen."
1204,subtitle,uns,0,PPER,PPER,uns,uns,wir,wir,1,1,Lasst uns also die Bombe zünden.
1206,subtitle,ihm,0,PPER,PPER,ihm,ihm,er,er,1,1,"""Wave Race!"" (Feierliche Klänge) Als Plattner während einer Regatta Schiffbruch erleidet, fährt Ellisons Jacht an ihm vorbei ohne zu helfen."
1207,subtitle,mich,0,PPER,PRF,mich,mich,ich,ich,1,1,"Ich glaube, ich muss mich tatsächlich noch mal hinlegen."
1208,subtitle,zum,0,APPRART,ART,zu,zu,zum,zum,1,1,Also zum Beispiel Feedposts bei TikTok oder Nachrichten im Facebook-Messenger.
1208,subtitle,im,0,APPRART,ART,in,in,im,im,1,1,Also zum Beispiel Feedposts bei TikTok oder Nachrichten im Facebook-Messenger.
1211,subtitle,zur,0,APPRART,APPR,zu,zu,zur,zur,1,1,Ich bin jetzt wieder da. Geh zur Schulleitung!
1212,subtitle,vom,0,APPRART,ART,von,von,vom,vom,1,1,"All das macht es schwer, vom ""Ich-Ohr"", der eigenen Selbstüberzeugtheit, zum ""Du-Ohr"", der nicht- egozentrischen Aufmerksamkeit, überzuwechseln."
1212,subtitle,zum,0,APPRART,ART,zu,zu,zum,zum,1,1,"All das macht es schwer, vom ""Ich-Ohr"", der eigenen Selbstüberzeugtheit, zum ""Du-Ohr"", der nicht- egozentrischen Aufmerksamkeit, überzuwechseln."
1212,subtitle,überzuwechseln,0,VVIZU,VVIZU,überzuwechsel,überzuwechseln,überwechseln,überwechseln,1,1,"All das macht es schwer, vom ""Ich-Ohr"", der eigenen Selbstüberzeugtheit, zum ""Du-Ohr"", der nicht- egozentrischen Aufmerksamkeit, überzuwechseln."
1213,subtitle,zum,0,APPRART,APPR,zu,zu,zum,zum,1,1,"Das kann man nicht vergleichen, zum Beispiel nicht mit aktuellen Konflikten."
1215,subtitle,Faktorstufen,0,NN,NN,Faktorstufen,faktorstufen,Faktorstufe,Faktorstufe,1,1,Die Anzahl der jeweiligen Faktorstufen tritt für diese Systematisierung in den Hintergrund und es wird abstrakt und ohne Zahlen gearbeitet.
1218,subtitle,glaub,0,ADV,VVFIN,glaub,glaub,glauben,glauben,1,1,Ich glaub Lisa hat recht.
1221,subtitle,einige,0,PIAT,PIAT,einiger,einiger,einige,einige,1,1,Ich entdecke einige Ziegen und jage sie.
1224,subtitle,im,0,APPRART,ART,in,in,im,imen,1,1,"Du hast im Vergleich zu eingesetzt und mit für mich persönlich deutlich gemacht, dass du nicht für alle Lernenden sprichst."
1224,subtitle,mich,0,PPER,PPER,mich,mich,ich,ich,1,1,"Du hast im Vergleich zu eingesetzt und mit für mich persönlich deutlich gemacht, dass du nicht für alle Lernenden sprichst."
1224,subtitle,alle,0,PIAT,PIAT,aller,aller,alle,alle,1,1,"Du hast im Vergleich zu eingesetzt und mit für mich persönlich deutlich gemacht, dass du nicht für alle Lernenden sprichst."
1225,subtitle,euch,0,PRF,PPER,euch,euch,ihr,ihr,1,1,"Ich werde euch noch in mehreren Videos zeigen, wie man ganz einfach eine super Miso-Suppe zubereiten kann!"
1225,subtitle,mehreren,0,PIAT,PIAT,mehrere,mehrere,mehr,mehr,1,1,"Ich werde euch noch in mehreren Videos zeigen, wie man ganz einfach eine super Miso-Suppe zubereiten kann!"
1228,subtitle,was,0,PRELS,PRELS,wer,wer,was,was,1,1,"Also alles, was jetzt von Russland besetzt ist, inklusive der Krim, soll wieder ukrainisch werden."
1228,subtitle,Russland,0,NN,NE,Russland,russland,Rußland,Rußland,1,1,"Also alles, was jetzt von Russland besetzt ist, inklusive der Krim, soll wieder ukrainisch werden."
1231,subtitle,ihm,0,PPER,PPER,ihm,ihm,er,er,1,1,Ich will für immer mit ihm zusammen sein.
1232,subtitle,Schokoladentorte,0,NN,NN,Schokoladentort,schokoladentort,Schokoladentorte,Schokoladentorte,0,1,Zwei weiche Eier Schokoladentorte mit Schlagsahne.
1233,subtitle,im,0,APPRART,ART,in,in,im,imen,1,1,"Wie effektiv die neuen Arbeitsmethoden der Agenten sein können, zeigt sich vor allem im Zweiten Weltkrieg."
1233,subtitle,Zweiten,0,ADJA,ADJA,zweiter,zweiter,zweit,zweit,1,1,"Wie effektiv die neuen Arbeitsmethoden der Agenten sein können, zeigt sich vor allem im Zweiten Weltkrieg."
1234,subtitle,mich,0,PPER,PPER,mich,mich,ich,ich,1,1,Dann könnte er mich noch mehr unterstützen als ihr es jetzt schon tut.
1234,subtitle,ihr,0,PPER,PPER,ihr,ihr,sie,sie,1,1,Dann könnte er mich noch mehr unterstützen als ihr es jetzt schon tut.
1236,subtitle,konzentriert,0,VVPP,ADJD,konzentrieren,konzentrieren,konzentriert,konzentriert,1,1,Wichtig bei der Kletterei: schön konzentriert und ruhig bleiben.
1238,subtitle,eins,0,PIS,ADV,einer,einer,ein,ein,1,1,"Der Tag nach Kennedys Beisetzung. damit eins klar ist, ich lasse Vietnam nicht wie China vor die Hunde gehen."
1239,subtitle,allen,0,PIAT,PIAT,aller,aller,alle,alle,1,1,"Wichtig dabei ist, wie bei allen anderen Wahlprogrammen, das ist nicht nur ein Wahlprogramm, auch ein Wahlwerbeprogramm."
1240,subtitle,alles,0,PIAT,PIS,aller,aller,alle,alle,1,1,"Und insofern ist Ihre Partei alles mögliche, nur nicht die Mitte."
1242,subtitle,verwöhnt,0,VVPP,VVPP,verwöhnen,verwöhnen,verwöhnt,verwöhnt,1,1,Ihr seid viel zu verwöhnt.
1243,subtitle,engagierte,0,ADJA,ADJA,engagiert,engagiert,engagieren,engagieren,1,1,"Wir haben Glück gehabt, weil wir engagierte Eltern hatten, die Eltern von den Schülern."
1244,subtitle,Im,1,APPRART,ART,in,in,im,im,1,1,"Im Verhandeln war sie ""knallhart"", heißt es aus dem Kreis von dem deutschen Bundeskanzler Helmut Schmidt."
1244,subtitle,Verhandeln,0,NN,NN,Verhandeln,verhandeln,Verhandel,Verhandeln,1,1,"Im Verhandeln war sie ""knallhart"", heißt es aus dem Kreis von dem deutschen Bundeskanzler Helmut Schmidt."
1246,subtitle,uns,0,PRF,PRF,sich,sich,wir,wir,1,1,In 50 Jahren werden wir uns definitiv noch schneller und noch bequemer fortbewegen als heute.
1247,subtitle,isst,0,VVFIN,VVFIN,isen,isst,essen,essen,1,1,"Je schneller du isst, umso früher sind wir fertig."
1247,subtitle,früher,0,ADJD,ADV,früh,früh,früher,früher,1,1,"Je schneller du isst, umso früher sind wir fertig."
1248,subtitle,bitte,0,ADV,ADV,bitte,bitte,bitten,bitten,1,1,Und bitte lasst uns fair und sachlich diskutieren.
1248,subtitle,uns,0,PPER,PPER,uns,uns,wir,wir,1,1,Und bitte lasst uns fair und sachlich diskutieren.
1249,subtitle,zur,0,APPRART,ART,zu,zu,zur,zur,1,1,"Er ist z.B. total bodenständig mit dem Fahrrad zur Arbeit gefahren, war in lustigen Klamotten joggen."
1250,subtitle,ersten,0,ADJA,ADJA,erster,erster,erst,erst,1,1,"Und bei der ersten Frage, die lautet: Wie eingangs erwähnt, herrscht seit zwei Jahren Krieg im Gazastreifen."
1250,subtitle,im,0,APPRART,ART,in,in,im,im,1,1,"Und bei der ersten Frage, die lautet: Wie eingangs erwähnt, herrscht seit zwei Jahren Krieg im Gazastreifen."
1251,subtitle,gegessen,0,VVPP,VVPP,gegessen,gegessen,essen,essen,1,1,"Ja, ich habe Brot gegessen."
1254,subtitle,ihn,0,PPER,PPER,ihn,ihn,er,er,1,1,Ich nehme einen Topf und mache ein Feuer um ihn herum.
1257,subtitle,eurer,0,PPOSAT,PIAT,eur,eur,euer,euer,1,1,Ihr müsst nur noch die Angaben eurer Quellen eintragen.
1259,subtitle,mir,0,PPER,PPER,mir,mir,ich,ich,1,1,Der Kurs macht mir viel Spaß.
1262,subtitle,uns,0,PPER,PPER,uns,uns,wir,wir,1,1,"Der Arzt hat uns gesagt, dass wir Zwillinge bekommen."
1265,subtitle,mich,0,PPER,PRF,mich,mich,ich,ich,1,1,"Ich kümmere mich darum, Sabine."
1266,subtitle,letzte,0,ADJA,ADJA,letzter,letzter,letzt,letzt,1,1,Ich wache letzte Nacht auf und er ist weg.
1267,subtitle,zieht,0,VVFIN,VVFIN,ziehen,ziehen,zeihen,ziehen,1,1,Die Regenwahrscheinlichkeit ist 65 %. Ein Tiefdruckgebiet zieht aus Nordwest heran.
1271,subtitle,wüsste,0,VVFIN,VVFIN,wüssen,wüsste,wissen,wissen,1,1,"Wenn ich das wüsste, wären wir bestimmt der Lösung dieses Problems vielleicht ein bisschen näher."
1271,subtitle,bestimmt,0,VVFIN,ADV,bestimmen,bestimmen,bestimmt,bestimmt,1,1,"Wenn ich das wüsste, wären wir bestimmt der Lösung dieses Problems vielleicht ein bisschen näher."
1274,subtitle,ins,0,APPRART,ART,in,in,ecser,ins,1,0,"Wenn er dafür mit den Kommunisten ins Bett gehen musste, war dies ein geringer Preis."
1275,subtitle,vom,0,APPRART,APPR,von,von,vom,vom,1,1,Dann bestellt er sich einen Aristoteles vom Ping-Pong-Trinker im Atom-U-Boot und schaltet zurück auf seinen Footer.
1275,subtitle,im,0,APPRART,ART,in,in,im,im,1,1,Dann bestellt er sich einen Aristoteles vom Ping-Pong-Trinker im Atom-U-Boot und schaltet zurück auf seinen Footer.
1276,subtitle,Bitte,1,PTKANT,ADV,bitte,bitte,bitten,Bitte,1,1,"Bitte sagen Sie ja, Felix."
1280,subtitle,ihr,0,PPER,PPER,ihr,ihr,sie,sie,1,1,Auf die westliche Länge kommt ihr dann weil Westen gegenüber Osten ist.
1281,subtitle,zum,0,APPRART,ART,zu,zu,zum,zum,1,1,Also kommen wir jetzt zum wichtigsten Teil der Botschaft.
1282,subtitle,Wollen,1,VMFIN,VMFIN,wollen,wollen,Wolle,Wolle,1,1,Wollen Sie auch eine SIM-Karte?
1285,subtitle,mich,0,PRF,PPER,mich,mich,ich,ich,1,1,Gefährliche Tiere könnten mich fressen.
1287,subtitle,Viele,1,PIS,PIS,viele,viele,viel,viel,1,1,Viele von ihnen sterben im I.Weltkrieg. Wichtige Vertreter des Expressionismus sind Franz Werfel oder Gottfried Benn.
1287,subtitle,ihnen,0,PPER,PPER,ihnen,ihnen,sie,sie,1,1,Viele von ihnen sterben im I.Weltkrieg. Wichtige Vertreter des Expressionismus sind Franz Werfel oder Gottfried Benn.
1287,subtitle,im,0,APPRART,ART,in,in,im,im,1,1,Viele von ihnen sterben im I.Weltkrieg. Wichtige Vertreter des Expressionismus sind Franz Werfel oder Gottfried Benn.
1290,subtitle,mir,0,PPER,PPER,mir,mir,ich,ich,1,1,"Ich mache das jetzt seit einem Jahr und es bringt mir ganz, ganz viel auf verschiedenen Ebenen."
1291,subtitle,was,0,PRELS,PRELS,wer,wer,was,was,1,1,"Eben das, was uns zu Menschen macht."
1291,subtitle,uns,0,PPER,PPER,uns,uns,wir,wir,1,1,"Eben das, was uns zu Menschen macht."
1292,subtitle,verlinke,0,VVFIN,VVFIN,verlinken,verlinke,verlinken,verlinken,1,1,Das verlinke ich euch auch unten in der Videobeschreibung.
1292,subtitle,euch,0,PRF,PPER,euch,euch,ihr,ihr,1,1,Das verlinke ich euch auch unten in der Videobeschreibung.
1293,subtitle,Ihnen,0,PPER,PPER,ihnen,ihnen,Sie,Sie,1,1,"Ich muss Ihnen leider mitteilen, dass der Beirat sich vorerst aus der Akademie ausgeschlossen hat, bis dieses Missverständnis geklärt ist."
1294,subtitle,ihr,0,PPER,PPER,ihr,ihr,sie,sie,1,1,Oder wollt ihr es nicht?
1297,subtitle,Im,0,APPRART,ART,in,in,im,im,1,1,Aber der Senat blockiert und nimmt diese Nominierung nie an. Im Senat halten nämlich die Republikaner die Mehrheit.
1300,subtitle,Fossile,1,NN,ADJA,Fossil,fossil,fossile,fossil,1,1,"Fossile Brennstoffe sind aktuell unser mächtigster Hebel, etwas zu bewegen."
1301,subtitle,letztes,0,ADJA,ADJA,letzter,letzter,letzt,letzt,1,1,"Ja, letztes Mal zum Abschied und dann verschwinde ich aus deinem Leben hier."
1301,subtitle,zum,0,APPRART,ART,zu,zu,zum,zum,1,1,"Ja, letztes Mal zum Abschied und dann verschwinde ich aus deinem Leben hier."
1303,subtitle,einen,0,PIS,PIS,einer,einer,ein,ein,1,1,"Scha, es sind zehn gegen einen."
1306,subtitle,rollen,0,NN,VVINF,Rolle,rolle,rollen,rollen,1,1,Rollen heißt aufrollen und rollen.
1308,subtitle,alle,0,PIAT,PIAT,aller,aller,alle,alle,1,1,Gleichzeitig kenne ich noch nicht alle Informationen.
1311,subtitle,ersten,0,ADJA,ADJA,erster,erster,erst,erst,1,1,"In einer ersten Erklärung heißt es, Iran solle an den Verhandlungstisch kommen."
1313,subtitle,Am,1,APPRART,APPR,an,an,Am,Am,1,1,Am 20. September versammelt sich dort wieder eine Menschenmenge.
1315,subtitle,Privaträume,0,NN,NN,Privaträume,privaträume,Privatraum,Privatraum,1,1,"Die Privaträume von Trump werden durchsucht, weil eine konkrete Gefahr für das Land drohen könnte."
1316,subtitle,im,0,APPRART,ART,in,in,im,im,1,1,"Lenin, der sich bis dahin im Schweizer Exil befindet, fährt mit der deutschen Reichsbahn zurück nach Russland."
1316,subtitle,Russland,0,NN,NE,Russland,russland,Rußland,Rußland,1,1,"Lenin, der sich bis dahin im Schweizer Exil befindet, fährt mit der deutschen Reichsbahn zurück nach Russland."
1318,subtitle,zuzutrauen,0,VVINF,VVIZU,zuzutrauen,zuzutrauen,zutrauen,zutrauen,1,1,"Mirco, ist den historischen Galliern Mobbing zuzutrauen?"
1319,subtitle,Zur,1,APPRART,ART,zu,zu,zur,zur,1,1,"Zur Kompensation liefern Becherzellen extra Schleim, wodurch das Atmen schwerer wird."
1319,subtitle,Becherzellen,0,NN,NN,Becherzell,becherzell,Becherzelle,Becherzelle,0,1,"Zur Kompensation liefern Becherzellen extra Schleim, wodurch das Atmen schwerer wird."
1320,subtitle,zum,0,APPRART,ART,zu,zu,zum,zum,1,1,"Was ist zum Beispiel, wenn Expertinnen und Experten unterschiedlicher Meinung sind?"
1324,subtitle,im,0,APPRART,ART,in,in,im,imen,1,1,"Mein Handy ist im Wohnzimmer, ich werde es holen."
1327,subtitle,viele,0,PIAT,PIAT,vieler,vieler,viel,viel,1,1,"Die Preise sind gestiegen, viele Dinge sind einfach nicht mehr verfügbar."
1331,subtitle,im,0,APPRART,ART,in,in,im,imen,1,1,Und damit zu Punkt Nummer sieben: Es gibt schon seit Januar 2022 starke Beschränkungen für ungefähr 4.000 Chemikalien im Zusammenhang mit Tattoo oder Permanent Make-up.
1333,subtitle,zum,0,APPRART,ART,zu,zu,zum,zum,1,1,Scheibchen für Scheibchen bis zum Zipfel.
1334,subtitle,Falls,1,KOUS,KOUS,falls,falls,Fall,Fall,1,1,"Falls euch das noch interessiert, schreibt es in die Kommentare mit euren Fragen."
1334,subtitle,euch,0,PPER,PPER,euch,euch,ihr,ihr,1,1,"Falls euch das noch interessiert, schreibt es in die Kommentare mit euren Fragen."
1334,subtitle,euren,0,PPOSAT,PPOSAT,eur,eur,euer,euer,1,1,"Falls euch das noch interessiert, schreibt es in die Kommentare mit euren Fragen."
1335,subtitle,dich,0,PPER,PPER,dich,dich,du,du,1,1,Ich habe eine ernste Frage an dich!
1336,subtitle,Liegen,0,NN,NN,liegen,liegen,Liege,Liege,1,1,"Ziel dieser Studie war, den Muskelabbau durch striktes Liegen zu erforschen."
1337,subtitle,Zweiten,0,ADJA,ADJA,zweiter,zweiter,zweit,zweit,1,1,"Als nach dem Zweiten Weltkrieg die DDR dort den Abbau vergrößert und weitere Industrie ansiedelt, wächst das Städtchen zu einer Stadt mit etwa 70.000 Einwohnern."
1340,subtitle,dich,0,PPER,PPER,dich,dich,du,du,1,1,"(Idyllische Geräusche) Auf der kleinsten Ebene des Universums um dich herum herrscht ein unsichtbarer aber erbitterter Krieg, unter den wahren Herrschern dieses Planeten, den Mikroorganismen."
1340,subtitle,Mikroorganismen,0,NN,NN,Mikroorganisme,mikroorganisme,Mikroorganismus,Mikroorganismus,0,1,"(Idyllische Geräusche) Auf der kleinsten Ebene des Universums um dich herum herrscht ein unsichtbarer aber erbitterter Krieg, unter den wahren Herrschern dieses Planeten, den Mikroorganismen."
1342,subtitle,beim,0,APPRART,ART,bei,bei,beim,bei,1,1,"Aber man hört auch immer wieder, dass sie gar nicht nachhaltig ist, weil beim Anbau sehr viel Wasser verbraucht wird."
1349,subtitle,Am,1,APPRART,APPR,an,an,Am,Am,1,1,Am 20. November fallen die Temperaturen im härtesten Winter seit Jahren auf -30°.
1349,subtitle,im,0,APPRART,ART,in,in,im,imen,1,1,Am 20. November fallen die Temperaturen im härtesten Winter seit Jahren auf -30°.
1352,subtitle,alle,0,PIAT,PIAT,aller,aller,alle,alle,1,1,"Weil ich dachte, das haben alle Menschen so. Alle Menschen sehen Buchstaben und Zahlen in Farben."
1352,subtitle,Alle,0,PIAT,PIAT,aller,aller,alle,alle,1,1,"Weil ich dachte, das haben alle Menschen so. Alle Menschen sehen Buchstaben und Zahlen in Farben."
1353,subtitle,ihr,0,PPER,PPER,ihr,ihr,sie,sie,1,1,"Wenn ihr die Unterschiede zwischen “fordern” und “fördern” und die Präfixverben aus diesem Video üben möchtet, schaut gern auf meiner Website vorbei."
1353,subtitle,Präfixverben,0,NN,NN,Präfixverbe,präfixverbe,Präfixverb,Präfixverb,0,1,"Wenn ihr die Unterschiede zwischen “fordern” und “fördern” und die Präfixverben aus diesem Video üben möchtet, schaut gern auf meiner Website vorbei."
1355,subtitle,mir,0,PPER,PPER,mir,mir,ich,ich,1,1,"Bei mir steht, ich soll E-Sportler werden."
1360,subtitle,zur,0,APPRART,APPR,zu,zu,zur,zu,1,1,Das nehme ich zur Kenntnis.
1363,subtitle,Fortnite,0,NN,NN,Fortnite,fortnite,Fortnit,Fortnite,1,1,"Martin, wir müssen aufhören, Fortnite zu zocken."
1364,subtitle,nächstes,0,ADJA,ADJA,nächster,nächster,nah,nah,1,1,"Na ja, sag deiner Mutter, sie soll nächstes Mal eine Briefmarke raufkleben."
1364,subtitle,Briefmarke,0,NN,NN,Briefmark,briefmark,Briefmarke,Briefmarke,1,1,"Na ja, sag deiner Mutter, sie soll nächstes Mal eine Briefmarke raufkleben."
1366,subtitle,Im,1,APPRART,ART,in,in,im,im,1,1,"Im Jahr 2023 hat die damalige Bundesregierung das Gesamtszenario Zivile Verteidigung auf den Weg gebracht, in dem es unter anderem auch um Schutzräume geht."
1368,subtitle,dich,0,PRF,PPER,dich,dich,du,du,1,1,"Ja, ich liebe dich auch, Schwesterherz."
1369,subtitle,ins,0,APPRART,APPR,in,in,ins,ins,1,1,Samuel wurde ins Gefängnis gebracht.
1371,subtitle,beim,0,APPRART,ART,bei,bei,beim,beim,1,1,"Okay, nicht unbedingt in der Klasse, aber gern beim Üben oder zu Hause."
1372,subtitle,mir,0,PPER,PPER,mir,mir,ich,ich,1,1,Aber du anscheinend nicht mit mir.
1374,subtitle,wen,0,PWS,PWS,wen,wen,wer,wen,1,1,Für wen bist du dann?
1375,subtitle,ihr,0,PPER,PPER,ihr,ihr,sie,sie,1,1,"Oder ihr sagt, es ist noch viel schlimmer."
1378,subtitle,weinst,0,ADJD,VVFIN,weinst,weinst,weinen,weinen,1,1,Warum weinst du? Herr Kunze hat heute allen Schülern eine 6 gegeben!
1378,subtitle,allen,0,PIAT,PIAT,aller,aller,alle,alle,1,1,Warum weinst du? Herr Kunze hat heute allen Schülern eine 6 gegeben!
1379,subtitle,dir,0,PPER,PPER,dir,dir,du,dir,1,1,Ich will 500.000 Euro von dir.
1384,subtitle,manifesten,0,ADJA,ADJA,manifest,manifest,manif,manifest,1,0,Bei einer manifesten majoren Depression.
1386,subtitle,benutzte,0,ADJA,ADJA,benutzt,benutzt,benutzen,benutzen,1,1,Noch eine sehr oft benutzte Abkürzung ist “egtl”.
1387,subtitle,was,0,PRELS,PRELS,wer,wer,was,was,1,1,"Du bist ja offenkundig ein politischer Mensch, was auch in deine Comedy einfließt."
1389,subtitle,zweiten,0,ADJA,ADJA,zweiter,zweiter,zweit,zweit,1,1,Hä? Es gibt einen zweiten Stockwerk.
1390,subtitle,kriegsmüden,0,ADJA,ADJA,kriegsmüd,kriegsmüd,kriegsmüden,kriegsmüden,0,1,"Als die kriegsmüden Nato-Staaten sich zurückziehen, bricht ihre Macht wie ein Kartenhaus zusammen."
1391,subtitle,Mikroorganismen,0,NN,NN,Mikroorganism,mikroorganism,Mikroorganismus,Mikroorganismus,0,1,Die Ozeane sind mit über 40 °C so heiß wie ein Whirlpool und Mikroorganismen breiten sich überall aus.
1391,subtitle,breiten,0,VVFIN,VVFIN,breien,breiten,breit,breit,1,1,Die Ozeane sind mit über 40 °C so heiß wie ein Whirlpool und Mikroorganismen breiten sich überall aus.
1393,subtitle,Im,1,APPRART,ART,in,in,im,im,1,1,"Im Nachhinein habe ich gemerkt, wenn diese Motivation da ist, wird in der Regel auch was außergewöhnlich Positives daraus."
1393,subtitle,Positives,0,NN,NN,Positives,positives,Positive,Positive,1,1,"Im Nachhinein habe ich gemerkt, wenn diese Motivation da ist, wird in der Regel auch was außergewöhnlich Positives daraus."
1396,subtitle,90ern,0,NN,NN,90er,90er,90ern,90er,0,0,"Das ist allerdings ein Eindruck, der erst später entstand, in den 90ern und 2000ern."
1396,subtitle,2000ern,0,NN,NN,2000er,2000er,2000ern,2000ern,0,0,"Das ist allerdings ein Eindruck, der erst später entstand, in den 90ern und 2000ern."
1397,subtitle,einige,0,PIAT,PIAT,einiger,einiger,einige,einige,1,1,"Auch wenn sei damals schon einige Jahre vergangen sind, ist das noch gar nicht so lange her."
1398,subtitle,was,0,PRELS,PWS,wer,wer,was,was,1,1,"Das ist das Mindeste, was ich für dich tun kann."
1398,subtitle,dich,0,PPER,PPER,dich,dich,du,du,1,1,"Das ist das Mindeste, was ich für dich tun kann."
1399,subtitle,Unterhause,0,NN,NN,Unterhause,unterhause,Unterhaus,Unterhaus,1,1,Ich brauche gleich ein neues Unterhause.
1403,subtitle,ihr,0,PPER,PPER,ihr,ihr,sie,sie,1,1,"Das Adjektiv “eisern” sehen wir auch in einem wichtigen historischen Begriff, den ihr vielleicht schon mal gehört habt: “Der Eiserne Vorhang”."
1403,subtitle,gehört,0,VVPP,VVPP,hören,hören,gehören,gehören,1,1,"Das Adjektiv “eisern” sehen wir auch in einem wichtigen historischen Begriff, den ihr vielleicht schon mal gehört habt: “Der Eiserne Vorhang”."
1404,subtitle,weißt,0,VVFIN,VVFIN,weißen,wissen,weißen,weißen,1,1,Wieso weißt du überhaupt davon?
1405,subtitle,zusammengetan,0,VVPP,VVPP,zusammentun,zusammengetan,zusammentun,zusammentun,1,1,Für das Projekt haben sich die Veranstalter mit erfahrenen Astronauten zusammengetan.
1409,subtitle,Dass,1,KOUS,KOUS,dass,dass,daß,daß,1,1,"Dass das ein Kipppunkt ist, das ist sehr sicher."
1413,subtitle,Einzige,0,NN,NN,einzige,einzige,einzig,einzig,1,1,"Das Einzige, das bis heute überdauert hat, ist die Sprache."
1416,subtitle,lügst,0,VVFIN,VVFIN,lügstn,lügst,lügen,lügen,1,1,Du lügst mich die ganze Zeit an. Ich weiß alles.
1416,subtitle,mich,0,PPER,PPER,mich,mich,ich,ich,1,1,Du lügst mich die ganze Zeit an. Ich weiß alles.
1418,subtitle,solche,0,PIS,PIS,solche,solche,solcher,solcher,1,1,Zumindest die Wahl als solche.
1421,subtitle,Beiten,0,NN,NN,Beit,beit,Beiten,Beit,0,1,Hier in den Beiten des Landes ist das Leben prek.
1422,subtitle,was,0,PRELS,PWS,wer,wer,was,was,1,1,"Und das ist doch das, was zählt."
1423,subtitle,erste,0,ADJA,ADJA,erster,erster,erst,erst,1,1,"Ja, ich hab gleich meine erste Aufgabe."
1425,subtitle,vorbeizuschauen,0,VVIZU,VVIZU,vorbeizuschauen,vorbeizuschauen,vorbeischauen,vorbeischauen,1,1,"Es lohnt sich also, immer mal wieder hier auf dem Kanal vorbeizuschauen."
1427,subtitle,uns,0,PRF,PRF,sich,sich,wir,wir,1,1,Dann können wir uns nach neuen Orten zum Besiedeln umsehen.
1427,subtitle,zum,0,APPRART,ART,zu,zu,zum,zum,1,1,Dann können wir uns nach neuen Orten zum Besiedeln umsehen.
1428,subtitle,hunderttausende,0,NN,CARD,hunderttausend,hunderttausend,hunderttausende,hunderttausende,1,1,"Wenn etwas unser Sonnensystem so streift, bringt das über hunderttausende Jahre die Umlaufbahnen von Millionen Objekten in der Oortschen Wolke durcheinander."
1429,subtitle,zum,0,APPRART,ART,zu,zu,zum,zum,1,1,"Sie verweisen darauf, dass Merz zum Beispiel eine große Kompetenz bei Wirtschaftsthemen habe und genau wisse, wie man das Land voranbringen könne."
1433,subtitle,viele,0,PIS,PIS,viele,viele,viel,viel,1,1,"Deutschland wäre wegen seiner hohen Bevölkerungszahl ein interessanter Absatzmarkt, aber davon wollen dann viele profitieren."
1435,subtitle,ihm,0,PPER,PPER,ihm,ihm,er,er,1,1,Ich muss ihm diese Woche noch ein Geburtstagsgeschenk besorgen.
1437,subtitle,'nem,0,ART,PDAT,'n,'n,'nemer,'ne,0,0,"Man merkt, dass wir seit 'nem Jahr in 'ner Krise sind, die alle belastet."
1437,subtitle,ner,0,ART,PIAT,n,n,ner,ner,1,1,"Man merkt, dass wir seit 'nem Jahr in 'ner Krise sind, die alle belastet."
1439,subtitle,sogenannten,0,ADJA,ADJA,sogenannter,sogenannter,sogenannt,sogenannt,1,1,"Na klar, wir lesen es von Dienstgradklappen auf den Schultern ab. „Schulterstück ist eigentlich schon eine Rückbildung der sogenannten Epauletten."
1441,subtitle,im,0,APPRART,ART,in,in,im,im,1,1,"“Deutsch mit Rieke”-Mitglied Jana hat neulich im Mitgliederbereich gefragt, ob ich ein Video über diese Verben mit “setzen” drehen könnte."
1441,subtitle,Verben,0,NN,NN,Verbe,verbe,Verb,Verb,1,1,"“Deutsch mit Rieke”-Mitglied Jana hat neulich im Mitgliederbereich gefragt, ob ich ein Video über diese Verben mit “setzen” drehen könnte."
1444,subtitle,ihn,0,PPER,PPER,ihn,ihn,er,er,1,1,"Schafft er es nicht, Lösungen zu finden, könnte es eng werden für ihn."
1445,subtitle,am,0,APPRART,APPR,an,an,am,am,1,1,Aber was könnte einen jungen Mann am Islamischen Staat faszinieren?
1445,subtitle,Islamischen,0,ADJA,ADJA,islamisch,islamisch,Islamischen,islamisch,1,1,Aber was könnte einen jungen Mann am Islamischen Staat faszinieren?
1446,subtitle,Halte,1,VVFIN,VVFIN,Halte,halte,Halt,Halt,1,1,"Halte dich da lieber raus, Sarah!"
1446,subtitle,dich,0,PPER,PPER,dich,dich,du,du,1,1,"Halte dich da lieber raus, Sarah!"
1447,subtitle,mehrerer,0,PIAT,PIAT,mehrere,mehrere,mehr,mehr,1,1,"Trotz mehrerer Verhandlungsrunden können Sie sich einfach nicht darauf einigen, ob im Betrieb zukünftig an 4 oder an 5 Tagen die Woche gearbeitet werden soll."
1447,subtitle,im,0,APPRART,ART,in,in,im,imen,1,1,"Trotz mehrerer Verhandlungsrunden können Sie sich einfach nicht darauf einigen, ob im Betrieb zukünftig an 4 oder an 5 Tagen die Woche gearbeitet werden soll."
1449,subtitle,dich,0,PRF,PPER,dich,dich,du,du,1,1,Wo fühlst du dich wohl?
1451,subtitle,Falls,1,KOUS,KOUS,falls,falls,Fall,Fall,1,1,Falls ihr diese Serie nicht gesehen habt: Es kommt jetzt kein Spoiler.
1451,subtitle,ihr,0,PPER,PPER,ihr,ihr,sie,sie,1,1,Falls ihr diese Serie nicht gesehen habt: Es kommt jetzt kein Spoiler.
1457,subtitle,im,0,APPRART,ART,in,in,im,imen,1,1,"Übrigens auch im Bereich Desinformation, das ist noch mal ein Thema für sich."
1458,subtitle,Zusammenhängen,0,NN,NN,Zusammenhäng,zusammenhäng,Zusammenhang,Zusammenhang,0,1,"Es geht dabei sehr oft um Texte, aber man kann dieses Verb auch in anderen Zusammenhängen benutzen."
1459,subtitle,am,0,APPRART,APPR,an,an,am,am,1,1,"Diese Listen wurden wirklich erst am Vorabend, in der Nacht vom 8. auf den 9. Oktober erarbeitet."
1459,subtitle,vom,0,APPRART,APPR,von,von,vom,vom,1,1,"Diese Listen wurden wirklich erst am Vorabend, in der Nacht vom 8. auf den 9. Oktober erarbeitet."
1460,subtitle,Einige,1,PIAT,PIAT,einiger,einiger,einige,einige,1,1,Einige Wochen später: Vor-Ort-Besuch mit Eisenbahn-Professor Markus Hecht.
1463,subtitle,dir,0,PPER,PPER,dir,dir,du,dir,1,1,Warum schmeckt dir mein Essen nicht?
1466,subtitle,uns,0,PPER,PPER,uns,uns,wir,wir,1,1,Was wollen Sie von uns?
1467,subtitle,dir,0,PPER,PPER,dir,dir,du,dir,1,1,"Okay, keine Sorge, ich werde dir helfen."
1468,subtitle,uns,0,PPER,PPER,uns,uns,wir,wir,1,1,Noch ein Tor für uns!
1470,subtitle,Einschleimen,0,NN,NN,Einschleimen,einschleimen,Einschleim,Einschleim,1,1,Das wird wohl nichts mit dem Einschleimen.
1471,subtitle,vom,0,APPRART,ART,von,von,vom,vom,1,1,"Zuerst aus der Luft, dann auch vom Boden aus."
1472,subtitle,liebsten,0,ADJD,NN,lieb,lieb,gerne,gerne,1,1,Auch Strasser möchte am liebsten allein regieren.
1473,subtitle,im,0,APPRART,ART,in,in,im,im,1,1,"Und ich will die christlichen Minderheiten nicht vergessen, die politisch im Libanon und in Syrien eine Rolle spielen."
1474,subtitle,im,0,APPRART,ART,in,in,im,imen,1,1,Welche heute im Bundestag schon vertretene?
1474,subtitle,vertretene,0,VVFIN,ADJA,vertretenen,vertretene,vertreten,vertreten,1,1,Welche heute im Bundestag schon vertretene?
1477,subtitle,erste,0,ADJA,ADJA,erster,erster,erst,erst,1,1,"Das erste wäre definitiv eine verlustfreie Quelle des Audios, was ihr aufnehmen wollt."
1477,subtitle,was,0,PRELS,PRELS,wer,wer,was,was,1,1,"Das erste wäre definitiv eine verlustfreie Quelle des Audios, was ihr aufnehmen wollt."
1477,subtitle,ihr,0,PPER,PPER,ihr,ihr,sie,sie,1,1,"Das erste wäre definitiv eine verlustfreie Quelle des Audios, was ihr aufnehmen wollt."
1484,subtitle,im,0,APPRART,ART,in,in,im,imen,1,1,"Ich wohne im Sovalsky-Bezirk, und meine Mutter fragte ihn, und er sagte, sie dürfe das nicht."
1484,subtitle,ihn,0,PPER,PPER,ihn,ihn,er,er,1,1,"Ich wohne im Sovalsky-Bezirk, und meine Mutter fragte ihn, und er sagte, sie dürfe das nicht."
1488,subtitle,letzten,0,ADJA,ADJA,letzter,letzter,letzt,letzt,1,1,"Deshalb waren die letzten BVT-Merkblätter gerade mit der eins zu eins Umsetzung im Umweltschutz, Gesundheitsschutz ein Stillstand."
1488,subtitle,BVT-Merkblätter,0,NN,NN,BVT-Merkblätter,bvt-merkblätter,BVT-Merkblatt,BVT-Merkblätter,1,1,"Deshalb waren die letzten BVT-Merkblätter gerade mit der eins zu eins Umsetzung im Umweltschutz, Gesundheitsschutz ein Stillstand."
1488,subtitle,im,0,APPRART,ART,in,in,im,im,1,1,"Deshalb waren die letzten BVT-Merkblätter gerade mit der eins zu eins Umsetzung im Umweltschutz, Gesundheitsschutz ein Stillstand."
1492,subtitle,euch,0,PPER,PPER,euch,euch,ihr,ihr,1,1,"Lasst euch nicht ablenken von dieser Orthese hier am Arm, da ist immer noch was gebrochen."
1492,subtitle,am,0,APPRART,ART,an,an,am,am,1,1,"Lasst euch nicht ablenken von dieser Orthese hier am Arm, da ist immer noch was gebrochen."
1492,subtitle,gebrochen,0,VVPP,VVPP,brechen,brechen,gebrochen,gebrochen,1,1,"Lasst euch nicht ablenken von dieser Orthese hier am Arm, da ist immer noch was gebrochen."
1493,subtitle,großgezogen,0,VVPP,VVPP,großziehen,großgezogen,großziehen,großziehen,1,1,"Dieser Kanal ist ja auch mein Baby, ich habe den ja von klein an großgezogen."
1494,subtitle,zweiten,0,ADJA,ADJA,zweiter,zweiter,zweit,zweit,1,1,In der zweiten Phase werden Astronauten die erste Mondbasis errichten.
1494,subtitle,erste,0,ADJA,ADJA,erster,erster,erst,erst,1,1,In der zweiten Phase werden Astronauten die erste Mondbasis errichten.
1495,subtitle,zur,0,APPRART,APPR,zu,zu,zur,zur,1,1,"In Deutschland ist die Situation längst nicht so verheerend, weil wir hier eben viel mehr Wasser zur Verfügung haben."
1497,subtitle,im,0,APPRART,ART,in,in,im,im,1,1,"Damit könnte man theoretisch vorbeugen, dass man später mal im Krieg mit der Waffe eingesetzt wird."
1498,subtitle,uns,0,PPER,PPER,uns,uns,wir,wir,1,1,Bei der Stromerzeugung hat sich EU-weit und auch bei uns in Deutschland schon einiges getan.
1504,subtitle,ihr,0,PPER,PPER,ihr,ihr,sie,sie,1,1,"Mehr dazu erfahrt ihr in dem Video oben auf dem ""i""."
1507,subtitle,Ihnen,0,PPER,PPER,ihnen,ihnen,Sie,Sie,1,1,"Wir haben bei Ihnen auf der Website versucht, Medikamente gegen Migräne zu bestellen."
1507,subtitle,Migräne,0,NN,NN,Migran,migran,Migräne,Migräne,0,1,"Wir haben bei Ihnen auf der Website versucht, Medikamente gegen Migräne zu bestellen."
1509,subtitle,viele,0,PIAT,PIAT,vieler,vieler,viel,viel,1,1,"Ihr habt viele Fragen, ihr habt viele Interessen."
1509,subtitle,ihr,0,PPER,PPER,ihr,ihr,sie,sie,1,1,"Ihr habt viele Fragen, ihr habt viele Interessen."
1509,subtitle,viele,0,PIAT,PIAT,vieler,vieler,viel,viel,1,1,"Ihr habt viele Fragen, ihr habt viele Interessen."
1510,subtitle,ihr,0,PPER,PPER,ihr,ihr,sie,sie,1,1,"Und was meint ihr, wie zum Beispiel das Wort Hotel auf Japanisch heißt?"
1510,subtitle,zum,0,APPRART,ART,zu,zu,zum,zum,1,1,"Und was meint ihr, wie zum Beispiel das Wort Hotel auf Japanisch heißt?"
1511,subtitle,vorem,0,ADJA,ADV,vor,vor,vorem,vorem,1,1,"Ich werde persönlich mit dem Mikro vorem scheiß Rathaus auftreten und den Ausländern sagen, was Sache ist."
1511,subtitle,scheiß,0,ADV,ADJA,scheiß,scheiß,scheißen,scheißen,1,1,"Ich werde persönlich mit dem Mikro vorem scheiß Rathaus auftreten und den Ausländern sagen, was Sache ist."
1511,subtitle,was,0,PWS,PWS,wer,wer,was,was,1,1,"Ich werde persönlich mit dem Mikro vorem scheiß Rathaus auftreten und den Ausländern sagen, was Sache ist."
1512,subtitle,im,0,APPRART,ART,in,in,im,im,1,1,"Nicht ganz zufällig ist dabei aber auch die Ähnlichkeit zu dem arabischen Begriff ""Da'wa"", der im Islam vor allem für Missionierung steht."
1516,subtitle,mich,0,PPER,PPER,mich,mich,ich,ich,1,1,"Ihre Begeisterung für die Reise war so spürbar, dass sie mich mitgerissen hat."
1516,subtitle,mitgerissen,0,VVPP,VVPP,mitgerissen,mitgerissen,mitreißen,mitreißen,1,0,"Ihre Begeisterung für die Reise war so spürbar, dass sie mich mitgerissen hat."
1517,subtitle,mir,0,PPER,PPER,mir,mir,ich,ich,1,1,"Mario, willst du mir nicht deine Freunde vorstellen?"
1518,subtitle,vielen,0,PIS,PIAT,viele,viele,viel,viel,1,1,Patruschew ist Anfang 70 und gilt bei vielen als zweimächtigster Mann Russland.
1518,subtitle,zweimächtigster,0,ADJA,ADJA,zweimächtigst,zweimächtigst,zweimächtig,zweimächtigst,0,1,Patruschew ist Anfang 70 und gilt bei vielen als zweimächtigster Mann Russland.
1518,subtitle,Russland,0,NN,NE,Russland,russland,Rußland,Rußland,1,1,Patruschew ist Anfang 70 und gilt bei vielen als zweimächtigster Mann Russland.
1519,subtitle,Bakterien,0,NN,NN,Bakterie,bakterie,Bakterium,Bakterie,1,1,"Deshalb lohnt es sich auch, anhand eines Speichelabstrichs die Anzahl bestimmter Bakterien zu bestimmen."
1521,subtitle,Einer,1,PIS,PIS,einer,einer,ein,ein,1,1,"Einer aber bleibt völlig unversehrt, Adolf Hitler."
1522,subtitle,im,0,APPRART,ART,in,in,im,imen,1,1,"Wir wissen nicht, ob es da draußen noch andere gibt oder ob wir allein im Wald sind."
1523,subtitle,danke,0,VVFIN,ITJ,danke,danke,danken,danken,1,1,"Herr Habeck, vielleicht. (Rednerwechsel) Ja, danke."
1524,subtitle,Zum,1,APPRART,ART,zu,zu,zum,zum,1,1,Zum Beispiel auch für die Wissenschaft.
1525,subtitle,Bienenvölker,0,NN,NN,Bienenvölker,bienenvölker,Bienenvolk,Bienenvolk,1,1,Viel effektiver als starr Bienenvölker oder winzige Wolfsrudel.
1526,subtitle,Tataren,0,NN,NN,Tatare,tatare,Tatar,Tatar,0,1,"Du meinst, wir Tataren holen alles durch ein Loch heraus, und ihr Deutschen stellt eure Truhe auf den Tisch, richtig?"
1526,subtitle,eure,0,PPOSAT,PPOSAT,eur,eur,euer,euer,1,1,"Du meinst, wir Tataren holen alles durch ein Loch heraus, und ihr Deutschen stellt eure Truhe auf den Tisch, richtig?"
1527,subtitle,ihr,0,PPER,PPER,ihr,ihr,sie,sie,1,1,Wir sind da! Da seid ihr endlich.
1531,subtitle,mir,0,PPER,PPER,mir,mir,ich,ich,1,1,"Was mir momentan durch diese schwierige Zeit hilft, ist wirklich das tägliche Nachdraußengehen."
1533,subtitle,zusammenzubringen,0,VVIZU,VVIZU,zusammenzubringen,zusammenzubringen,zusammenbringen,zusammenbringen,1,1,"Die Börse hat also nur die Aufgabe, diese beiden Gruppen zusammenzubringen."
1536,subtitle,uns,0,PPER,PPER,uns,uns,wir,wir,1,1,Und die Jobs bei uns sind zu einem großen Teil auch gut bezahlt!
1537,subtitle,ihr,0,PPER,PPER,ihr,ihr,sie,sie,1,1,"Wenn ihr noch mehr Videos sehen wollt, hier haben wir recherchiert, was Neonazis rund um die inzwischen verbotene Gruppe Nordadler geplant haben."
1537,subtitle,recherchiert,0,VVPP,VVPP,recherchieren,recherchiert,recherchieren,recherchieren,1,1,"Wenn ihr noch mehr Videos sehen wollt, hier haben wir recherchiert, was Neonazis rund um die inzwischen verbotene Gruppe Nordadler geplant haben."
1541,subtitle,mich,0,PPER,PPER,mich,mich,ich,ich,1,1,Du könntest reizvoll für mich sein mit deinen unbedeckten Knien.
1542,subtitle,einige,0,PIAT,PIAT,einiger,einiger,einige,einige,1,1,"Das heißt: Der Negativtrend, den es in Deutschland einige Jahre gab, ist nicht nur gestoppt, sondern es geht jetzt in die andere Richtung."
1546,subtitle,zum,0,APPRART,APPR,zu,zu,zum,zum,1,1,"Manche Schmerzmittel machen auch beides, zum Beispiel Paracetamol oder ASS, also Acetylsalicylsäure."
1548,subtitle,euch,0,PPER,PPER,euch,euch,ihr,ihr,1,1,Ich stelle euch heute diese umgangssprachlichen Ausdrücke vor.
1549,subtitle,beim,0,APPRART,ART,bei,bei,beim,beim,1,1,"Er sagt, Venezuela spiele eine zentrale Rolle beim Drogenschmuggel in die USA."
1552,subtitle,gibt's,0,VVFIN,VVFIN,gibt's,geben,gibte'n,gibten,1,0,"Insgesamt gibt's im gesamten Staatsgebiet nur circa 500 Einwohner, die dauerhaft dort wohnen."
1552,subtitle,im,0,APPRART,ART,in,in,im,imen,1,1,"Insgesamt gibt's im gesamten Staatsgebiet nur circa 500 Einwohner, die dauerhaft dort wohnen."
1555,subtitle,zum,0,APPRART,ART,zu,zu,zum,zum,1,1,"Er ist entweder auf dem Weg zum Laden, im Laden oder schon wieder auf dem Weg nach Hause."
1555,subtitle,im,0,APPRART,ART,in,in,im,im,1,1,"Er ist entweder auf dem Weg zum Laden, im Laden oder schon wieder auf dem Weg nach Hause."
1556,subtitle,kapierte,0,VVFIN,VVFIN,kapiern,kapierte,kapieren,kapieren,1,1,Auch das Lutherdeutsch kapierte man nicht überall.
1557,subtitle,mich,0,PPER,PPER,mich,mich,ich,ich,1,1,Das war für mich ein Traum. 9-mal zuvor war Australien in der Qualifikation gescheitert.
1559,subtitle,schaff,0,VVFIN,VVFIN,schaff,schaff,schaffen,schaffen,1,1,"Ja, ich schaff es länger als du. Was ist mit dem Verlierer?"
1562,subtitle,zur,0,APPRART,ART,zu,zu,zur,zu,1,1,"Wenn jemand fragt, ob Anonymus nicht XYZ machen könnte, erhält er zur Antwort NYPA: ""not your personal army""."
1564,subtitle,Wievielte,1,NN,ADJA,Wievielte,wievielte,wievielt,wievielte,1,0,Wievielte Menschen kann Deutschland aufnehmen?
1565,subtitle,liebst,0,ADV,VVFIN,liebst,liebst,lieben,lieben,1,1,"Du siehst daus, du liebst mich doch."
1565,subtitle,mich,0,PPER,PPER,mich,mich,ich,ich,1,1,"Du siehst daus, du liebst mich doch."
1566,subtitle,einige,0,PIAT,PIAT,einiger,einiger,einige,einige,1,1,"Ich habe die Abrechnung bekommen, aber ich verstehe einige Punkte nicht."
1568,subtitle,im,0,APPRART,ART,in,in,im,imen,1,1,"Vor allem von denen, die grade im Bundestag vertreten sind."
1569,subtitle,im,0,APPRART,ART,in,in,im,imen,1,1,"Das Kindergeld wird ordentlich angehoben, je nach Einkommen auf bis zu 528 Euro im Monat."
1570,subtitle,dich,0,PRF,PRF,dich,dich,du,du,1,1,"Denn die Quelle sagt nicht, sei so und wir werden dich lieben."
1571,subtitle,Besseres,0,NN,NN,Besseres,besseres,Bessere,Bessere,1,1,Hast du nichts Besseres zu tun?
1572,subtitle,im,0,APPRART,ART,in,in,im,im,1,1,Luftangriffe trafen Ziele im Iran.
1573,subtitle,Fühlt,1,VVFIN,VVFIN,Fühln,fühlt,fühlen,fühlen,1,1,"Fühlt sich schrecklich an, wenn man Menschenleben auf dem Gewissen hat."
1574,subtitle,viele,0,PIS,PIS,viele,viele,viel,viel,1,1,Einfach mal Linux installieren und ausprobieren.“ Und das ist dann vielleicht auch schon unser Fazit: Eigentlich müssten viele einfach nur mal ein aktuelles Linux ausprobieren.
1579,subtitle,Verben,0,NN,NN,Verbe,verbe,Verb,Verb,1,1,"Weitere Verben in dieser Bedeutungsgruppe sind “verjagen”, “vernaschen”, “vererben” oder “verbrauchen”."
1580,subtitle,Außengrenzender,0,ADJA,ADJA,Außengrenzend,außengrenzend,Außengrenzender,Außengrenzender,1,1,Auch die Außengrenzender EU sind komplett gesichert.
1582,subtitle,Krallenfüße,0,NN,NN,Krallenfüße,krallenfüße,Krallenfuß,Krallenfuß,1,0,Ich habe Krallenfüße und Krallenfüße sind ungeduldig.
1582,subtitle,Krallenfüße,0,NN,NN,Krallenfüße,krallenfüße,Krallenfuß,Krallenfuß,1,0,Ich habe Krallenfüße und Krallenfüße sind ungeduldig.
1584,subtitle,Angeschnitten,1,NN,VVPP,Angeschnitt,angeschnitt,anschneiden,anschneiden,1,1,"Angeschnitten, und Leute haben sich schon etwas davon genommen."
1587,subtitle,Ihnen,0,PPER,PPER,ihnen,ihnen,Sie,Sie,1,1,"Ja, zu Ihnen wollte ich."
1588,subtitle,steig,0,VVFIN,VVFIN,steig,steig,steigen,steigen,1,1,Jetzt steig wieder in den Wagen.
1589,subtitle,mich,0,PPER,PRF,sich,sich,ich,ich,1,1,"Ich hasse es, wenn du mich weit Wo war du das ganze Wochenende?"
1591,subtitle,Deine,1,PPOSAT,PPOSAT,Deine,deine,dein,dein,1,1,Deine ganzen Freunde von früher und ein paar süße Typen.
1591,subtitle,früher,0,ADJD,ADV,früh,früh,früher,früher,1,1,Deine ganzen Freunde von früher und ein paar süße Typen.
1593,subtitle,alle,0,PIAT,PIAT,aller,aller,alle,alle,1,1,"Hinzu kommt: Das Gehirn verarbeitet ja nicht nur Schmerzreize, sondern alle Reize, die zu irgendeinem Zeitpunkt auf uns einprasseln."
1593,subtitle,uns,0,PPER,PPER,uns,uns,wir,wir,1,1,"Hinzu kommt: Das Gehirn verarbeitet ja nicht nur Schmerzreize, sondern alle Reize, die zu irgendeinem Zeitpunkt auf uns einprasseln."
1595,subtitle,Viertagewoche,0,NN,NN,Viertagewoch,viertagewoch,Viertagewoche,Viertagewoch,0,1,Eine Viertagewoche bei vollem Gehalt lehnt die Partei genauso ab wie telefonische Krankschreibungen.
1596,subtitle,ihr,0,PPER,PPER,ihr,ihr,sie,sie,1,1,"Was, denkt ihr, passiert jetzt?"
1599,subtitle,blassen,0,ADJA,ADJA,blass,blass,blassen,blaß,1,1,Was kommt dann? keinen blassen Schimmer.
1600,subtitle,Ursprünge,0,NN,NN,Ursprüng,ursprüng,Ursprung,Ursprung,0,1,"An einem Ort, wo man immer vermutete, dass dort die Ursprünge Leipzigs liegen könnten, die alte Burg."
1601,subtitle,am,0,APPRART,FM,an,an,am,am,1,1,Eu și soția mea ne am rugat pentru tine și am vrea să primești asta.
1601,subtitle,am,0,APPRART,FM,an,an,am,am,1,1,Eu și soția mea ne am rugat pentru tine și am vrea să primești asta.
1603,subtitle,Verschwinde,1,NN,VVIMP,Verschwinde,verschwinde,verschwinden,Verschwinden,1,1,"Verschwinde mir aus dem Gesicht, denn, während du vielleicht gebunden bist Ich bin nicht an Regeln gebunden."
1603,subtitle,mir,0,PPER,PPER,mir,mir,ich,ich,1,1,"Verschwinde mir aus dem Gesicht, denn, während du vielleicht gebunden bist Ich bin nicht an Regeln gebunden."
1604,subtitle,all,0,PIAT,PIAT,all,all,alle,alle,1,1,Zu all diesen Themen habe ich schon mal Videos gemacht.
1605,subtitle,gelitten,0,VVPP,VVPP,gelitten,gelitten,leiden,leiden,1,1,Das Ansehen des römischen Kaisers hat allerdings schwer gelitten.
1607,subtitle,Abschluss,0,NN,NN,Abschluss,abschluss,Abschluß,Abschluß,1,1,"Mehr als 4.200 hauptamtliche Mitarbeiter erwerben hier einen Abschluss in Jura, obwohl sie sich überwiegend mit Spionagetätigkeiten beschäftigen. 376 promovieren sogar."
1608,subtitle,was,0,PRELS,PWS,wer,wer,was,was,1,1,"Es ist auch eher so das, was mich interessiert im Germanistikstudium, weniger die Sprachwissenschaft, mehr die Literaturwissenschaft."
1608,subtitle,mich,0,PPER,PPER,mich,mich,ich,ich,1,1,"Es ist auch eher so das, was mich interessiert im Germanistikstudium, weniger die Sprachwissenschaft, mehr die Literaturwissenschaft."
1608,subtitle,interessiert,0,ADJD,VVFIN,interessiert,interessiert,interessieren,interessieren,1,1,"Es ist auch eher so das, was mich interessiert im Germanistikstudium, weniger die Sprachwissenschaft, mehr die Literaturwissenschaft."
1608,subtitle,im,0,APPRART,ART,in,in,im,imen,1,1,"Es ist auch eher so das, was mich interessiert im Germanistikstudium, weniger die Sprachwissenschaft, mehr die Literaturwissenschaft."
1610,subtitle,zur,0,APPRART,APPR,zu,zu,zur,zur,1,1,Mehr Informationen zur Mitgliedschaft findet ihr auf deutsch-mit-rieke.de/mitglied. Kennt ihr diese Situation?
1610,subtitle,ihr,0,PPER,PPER,ihr,ihr,sie,sie,1,1,Mehr Informationen zur Mitgliedschaft findet ihr auf deutsch-mit-rieke.de/mitglied. Kennt ihr diese Situation?
1610,subtitle,ihr,0,PPER,PPER,ihr,ihr,sie,sie,1,1,Mehr Informationen zur Mitgliedschaft findet ihr auf deutsch-mit-rieke.de/mitglied. Kennt ihr diese Situation?
1613,subtitle,Ihnen,0,PPER,PPER,ihnen,ihnen,Sie,Sie,1,1,"Aber ich sage Ihnen schon jetzt: Es lebe die Freundschaft zwischen unseren Ländern, zwischen Deutschland und Frankreich."
1614,subtitle,Enzymen,0,NN,NN,Enzyme,enzyme,Enzym,Enzym,1,1,"Übrigens ist auch Sauerstoff ein Oxidationsmittel, nur dass unser Körper mit Enzymen perfekt damit umgehen kann."
1615,subtitle,euch,0,PPER,PPER,euch,euch,ihr,ihr,1,1,"Stellt euch vor, dass Mutter und Vater sich unterhalten und das Kind immer wieder einfach anfängt, die beiden zu unterbrechen."
1616,subtitle,Alle,1,PIAT,PIAT,aller,aller,alle,alle,1,1,Alle anderen südamerikanischen Staaten hatten sich längst gegen den Aggressor gestellt.
1619,subtitle,vom,0,APPRART,APPR,von,von,vom,vom,1,1,Wir werden vom Verlangen getrieben.
1620,subtitle,gefangen,0,ADJD,VVPP,gefangen,gefangen,fangen,fangen,1,1,"Und als Octavian anschließend Kleopatra gefangen nimmt, wählt auch sie den Suizid."
1622,subtitle,Nächstes,0,NN,NN,nächste,nächste,Nächst,Nach,1,1,"Hier sehen wir ukrainische Soldaten, die nahe der russischen Grenze in befestigten Stellungen darauf warten, was als Nächstes passiert."
1631,subtitle,gibt's,0,VVFIN,VVFIN,gibt's,geben,gibte'n,gibten,1,0,"Dazu gibt's noch die übergeordneten Organisationseinheiten Personal, Finanzen und Global Business Services."
1634,subtitle,mich,0,PPER,PPER,mich,mich,ich,ich,1,1,"Allein, dass du existierst, ist schon eine Beleidigung für mich."
1637,subtitle,Biosphäre,0,NN,NN,Biosphär,biosphär,Biosphäre,Biosphäre,0,1,Das Gleichgewicht der neuen Biosphäre muss sorgfältig gepflegt werden.
1638,subtitle,meine,0,VVFIN,VAFIN,meinen,meinen,mein,meinen,1,1,Und welche Serien und Filme meine ich?
1639,subtitle,im,0,APPRART,ART,in,in,im,im,1,1,In Deutschland ist die Diskriminierung im Bereich Psychotherapie gut belegt.
1642,subtitle,am,0,APPRART,ART,an,an,am,am,1,1,Die Verbindungsschleuse kann auf verschiedene Arten am Bus befestigt werden.
1643,subtitle,Keiner,1,PIS,PIS,keiner,keiner,kein,kein,1,1,"Keiner weiß, wer sich die Bilder mit welchem Interesse anschaut."
1644,subtitle,Eigenes,0,NN,NN,Eigenes,eigenes,Eigen,Eigen,1,1,"Deshalb hat Wagenknecht zuletzt angedeutet, sie könnte da etwas Eigenes starten."
1649,subtitle,Nebeneinkünfte,0,NN,NN,Nebeneinkünfte,nebeneinkünfte,Nebeneinkunft,Nebeneinkunft,1,1,Die Nebeneinkünfte gegenüber dem Bundestag verschwiegen hat.
1649,subtitle,verschwiegen,0,VVPP,VVPP,verschwiegen,verschwiegen,verschweigen,verschweigen,1,1,Die Nebeneinkünfte gegenüber dem Bundestag verschwiegen hat.
1650,subtitle,krasses,0,ADJA,ADJA,krass,krass,krasses,krass,1,1,Ein besonders krasses Beispiel war die Hitzewelle im Nordwesten der USA und Kanada 2021.” Diese Hitzewelle war also ein besonders extremes Beispiel.
1650,subtitle,im,0,APPRART,ART,in,in,im,im,1,1,Ein besonders krasses Beispiel war die Hitzewelle im Nordwesten der USA und Kanada 2021.” Diese Hitzewelle war also ein besonders extremes Beispiel.
1651,subtitle,ersten,0,ADJA,ADJA,erster,erster,erst,erst,1,1,Die ersten Tiere waren Fische und andere einfache Meereskreaturen.
1652,subtitle,öfter,0,ADV,ADV,öfter,öfter,oft,oft,1,1,"Und sie spenden Geld, wie sie das öfter machen."
1653,subtitle,zum,0,APPRART,ART,zu,zu,zum,zum,1,1,"Etwa zum Zerschlagen von Knochen, um an das begehrte Mark zu kommen?"
1653,subtitle,begehrte,0,ADJA,ADJA,begehrt,begehrt,begehren,begehren,1,1,"Etwa zum Zerschlagen von Knochen, um an das begehrte Mark zu kommen?"
1654,subtitle,zum,0,APPRART,ART,zu,zu,zum,zum,1,1,Kritik gibt es zum Beispiel auch vom türkischen Präsidenten Erdoğan oder vom stellvertretenden italienischen Ministerpräsidenten Matteo Salvini.
1654,subtitle,vom,0,APPRART,ART,von,von,vom,vom,1,1,Kritik gibt es zum Beispiel auch vom türkischen Präsidenten Erdoğan oder vom stellvertretenden italienischen Ministerpräsidenten Matteo Salvini.
1654,subtitle,vom,0,APPRART,ART,von,von,vom,vom,1,1,Kritik gibt es zum Beispiel auch vom türkischen Präsidenten Erdoğan oder vom stellvertretenden italienischen Ministerpräsidenten Matteo Salvini.
1658,subtitle,im,0,APPRART,ART,in,in,im,im,1,1,Zugleich sind 21 Lobbyisten der Bahn im Bundestag registriert.
1663,subtitle,einer,0,PIS,PIS,einer,einer,ein,ein,1,1,"Ich bin froh, dass der Autor diese Lektion aufgenommen hat, denn dies ist einer der Tipps, die mir auf meiner Reise ins Geschäftsleben geholfen haben."
1663,subtitle,Tipps,0,NN,NN,Tipps,tipps,Tip,Tip,1,1,"Ich bin froh, dass der Autor diese Lektion aufgenommen hat, denn dies ist einer der Tipps, die mir auf meiner Reise ins Geschäftsleben geholfen haben."
1663,subtitle,mir,0,PPER,PPER,mir,mir,ich,ich,1,1,"Ich bin froh, dass der Autor diese Lektion aufgenommen hat, denn dies ist einer der Tipps, die mir auf meiner Reise ins Geschäftsleben geholfen haben."
1663,subtitle,ins,0,APPRART,ART,in,in,ecser,ins,1,0,"Ich bin froh, dass der Autor diese Lektion aufgenommen hat, denn dies ist einer der Tipps, die mir auf meiner Reise ins Geschäftsleben geholfen haben."
1666,subtitle,viele,0,PIS,PIS,viele,viele,viel,viel,1,1,"Ich bin sicher, viele von euch haben interessante Erlebnisse mit ihren Handys."
1666,subtitle,euch,0,PPER,PPER,euch,euch,ihr,ihr,1,1,"Ich bin sicher, viele von euch haben interessante Erlebnisse mit ihren Handys."
1668,subtitle,Dass,1,KOUS,KOUS,dass,dass,daß,daß,1,1,Dass ich mich in meiner Wohnung bewegen kann.
1668,subtitle,mich,0,PRF,PRF,sich,sich,ich,ich,1,1,Dass ich mich in meiner Wohnung bewegen kann.
1676,subtitle,aller,0,PIAT,PIAT,aller,aller,alle,alle,1,1,Interessanterweise auch das aller Bundestage seit 1990.
1676,subtitle,Bundestage,0,NN,NN,Bundestage,bundestage,Bundestag,Bundestag,1,1,Interessanterweise auch das aller Bundestage seit 1990.
1680,subtitle,uns,0,PRF,PRF,sich,sich,wir,wir,1,1,"Ich hoffe, dass er sieht, dass Lara und ich uns lieben und Verständnis für unsere Beziehung hat."
1686,subtitle,zum,0,APPRART,ART,zu,zu,zum,zum,1,1,"Nein, wir gehen jetzt zum Lift."
1687,subtitle,uns,0,PPER,PPER,uns,uns,wir,wir,1,1,Sie liefert uns wichtige Informationen über unsere Umwelt.
1689,subtitle,uns,0,PPER,PPER,uns,uns,wir,wir,1,1,Jede Maßnahme bringt uns weiter auf dem Weg zu unserem Jahresziel.
1691,subtitle,dich,0,PRF,PPER,dich,dich,du,du,1,1,Und du willst dich zwei Wochen ganz allein auf dem Campus rumtreiben?
1693,subtitle,Ebola-Kranke,0,NN,NN,Ebola-Krank,ebola-krank,Ebola-Kranker,Ebola-Kranke,1,1,"Deshalb tragen Ärzte und Helfer, die sich um Ebola-Kranke kümmern, spezielle Schutzanzüge."
1698,subtitle,revolutionärste,0,ADJA,ADJA,revolutionärst,revolutionärst,revolutionär,revolutionär,0,1,"Sie blockiert sie auch in den sozialen Medien, aber das ist nicht der revolutionärste Teil."
1701,subtitle,wen,0,PWS,PWS,wen,wen,wer,wen,1,1,Kapitel 3: Für wen ist eine Ausbildung besser?
1707,subtitle,Russland,0,NN,NE,Russland,russland,Rußland,Rußland,1,1,"In Russland und anderen Ländern, die auf Seiten Russlands stehen, gab es eher Zustimmung."
1709,subtitle,Hierarchie-Stufen,0,NN,NN,Hierarchie-Stuf,hierarchie-stuf,Hierarchie-Stufe,Hierarchie-Stufe,0,1,"Deshalb hat Wikipedia gesagt, wir brauchen verschiedene Hierarchie-Stufen."
1710,subtitle,was,0,PRELS,PWS,wer,wer,was,was,1,1,"Oh, he, was ganz wichtiges vergessen."
1711,subtitle,darfst,0,VMFIN,VMFIN,darfstn,darfst,dürfen,dürfen,1,1,Du darfst die Leitung nicht loslassen.
1712,subtitle,euch,0,PPER,PPER,euch,euch,ihr,ihr,1,1,"Und wenn euch das Video gefallen hat, gebt mir gern einen Daumen nach oben!"
1712,subtitle,mir,0,PPER,PPER,mir,mir,ich,ich,1,1,"Und wenn euch das Video gefallen hat, gebt mir gern einen Daumen nach oben!"
1716,subtitle,einige,0,PIAT,PIAT,einiger,einiger,einige,einige,1,1,"Und einige häufige Ausdrücke mit ""Scheiße"" lassen sich auch sehr gut in englische Ausdrücke mit ""Shit"" übersetzen und sind genauso ""stark""."
1720,subtitle,Schokoladeneisproduzenten,0,NN,NN,schokoladeneisproduzente,schokoladeneisproduzente,Schokoladeneisproduzent,Schokoladeneisproduzent,0,1,"Z.B.: ""Das ist die Tochter des Schokoladeneisproduzenten."" Schokoladeneisproduzent steht im Genitiv."
1720,subtitle,im,0,APPRART,ART,in,in,im,im,1,1,"Z.B.: ""Das ist die Tochter des Schokoladeneisproduzenten."" Schokoladeneisproduzent steht im Genitiv."
1723,subtitle,mir,0,PPER,PPER,mir,mir,ich,ich,1,1,Bei mir lag der Schwerpunkt eher auf Sachsen.
1726,subtitle,Ihnen,0,PPER,PPER,ihnen,ihnen,Sie,Sie,1,1,"Herr Witmann, dürfte ich Ihnen behilflich sein?"
1727,subtitle,mir,0,PPER,PPER,mir,mir,ich,ich,1,1,"Oder: ""Frank will mir sein altes Auto für 400 Euro verkaufen."
1729,subtitle,bitte,0,ADV,ADV,bitte,bitte,bitten,bitten,1,1,Aber bitte passen Sie auf.
1730,subtitle,nächste,0,ADJA,ADJA,nächster,nächster,nah,nah,1,1,"Auch das nächste Gespräch mit einem Beta-Haus-Mitarbeiter startet holprig, wird aber flüssiger."
1733,subtitle,erste,0,ADJA,ADJA,erster,erster,erst,erst,1,1,Der erste Übungseinsatz für heute ist beendet.
1735,subtitle,wär,0,VAFIN,VAFIN,wär,wär,sein,sern,1,1,"Wie wär’s, wenn du was Praktischeres mitbringst?"
1735,subtitle,’s,0,NN,PPER,’s,’s,'s,'s,0,0,"Wie wär’s, wenn du was Praktischeres mitbringst?"
1735,subtitle,Praktischeres,0,NN,NN,Praktischeres,praktischeres,Praktischere,Praktischeres,1,1,"Wie wär’s, wenn du was Praktischeres mitbringst?"
1735,subtitle,mitbringst,0,VVFIN,VVFIN,mitbringstn,mitbringst,mitbringen,mitbringen,1,1,"Wie wär’s, wenn du was Praktischeres mitbringst?"
1736,subtitle,mich,0,PPER,PPER,mich,mich,ich,ich,1,1,"Die Schmerzen sind nicht so schlimm, dass sie mich ständig stören."
1737,subtitle,Betroffenen,0,NN,NN,betroffener,betroffener,Betroffene,Betroffene,1,1,"Nicht nur die Betroffenen leiden und brauchen Hilfe, auch die Familien und Freunde verzweifeln oft am Miteinander."
1737,subtitle,am,0,APPRART,APPR,an,an,am,am,1,1,"Nicht nur die Betroffenen leiden und brauchen Hilfe, auch die Familien und Freunde verzweifeln oft am Miteinander."
1738,subtitle,euch,0,PRF,PPER,euch,euch,ihr,ihr,1,1,Es kommt auch oft auf die Betonung des Satzes an. Das möchte ich euch noch an einem Beispiel zeigen.
1741,subtitle,mich,0,PPER,PPER,mich,mich,ich,ich,1,1,"Und hat auch mich als Person beschrieben aus seiner Sicht, die nicht besonders freundlich war."
1742,subtitle,abgelaufen,0,VVPP,VVPP,ablaufen,ablaufen,abgelaufen,ablaufen,1,1,"Warum das so ist und wie der Vietnamkrieg abgelaufen ist, das erklären wir jetzt."
1745,subtitle,ihn,0,PPER,PPER,ihn,ihn,er,er,1,1,"Es gibt noch so viel, das ich ihn fragen möchte."
1747,subtitle,ihr,0,PPER,PPER,ihr,ihr,sie,sie,1,1,"Und da der Name Clay Bertrand sagt ihr nichts, oder?"
1749,subtitle,ihnen,0,PPER,PPER,ihnen,ihnen,sie,sie,1,1,Ein Beispiel: Geben wir ihnen den Beobachterstatus hier im Europäischen Parlament.
1749,subtitle,im,0,APPRART,ART,in,in,im,im,1,1,Ein Beispiel: Geben wir ihnen den Beobachterstatus hier im Europäischen Parlament.
1754,subtitle,vom,0,APPRART,ART,von,von,vom,vom,1,1,Man sieht den Abdruck vom Ball.
1756,subtitle,viele,0,PIAT,PIAT,vieler,vieler,viel,viel,1,1,"Und ungefähr genau so viele Deutsche finden laut der aktuellsten Forsa-Umfrage zu diesem Thema, dass der Nationalsozialismus ""auch seine gute Seiten hatte""."
1756,subtitle,Deutsche,0,NN,NN,deutsche,deutsche,deutsch,deutsch,1,1,"Und ungefähr genau so viele Deutsche finden laut der aktuellsten Forsa-Umfrage zu diesem Thema, dass der Nationalsozialismus ""auch seine gute Seiten hatte""."
1756,subtitle,aktuellsten,0,ADJA,ADJA,aktuellst,aktuellst,aktuell,aktuell,0,1,"Und ungefähr genau so viele Deutsche finden laut der aktuellsten Forsa-Umfrage zu diesem Thema, dass der Nationalsozialismus ""auch seine gute Seiten hatte""."
1758,subtitle,eingewählt,0,VVPP,VVPP,eingewählen,eingewählt,einwählen,einwählen,1,1,Er hat sich in das System eingewählt.
1759,subtitle,zum,0,APPRART,APPR,zu,zu,zum,zum,1,1,In Dänemark zum Beispiel gibt es eine enorm strenge Migrationspolitik.
1761,subtitle,ihr,0,PPER,PPER,ihr,ihr,sie,sie,1,1,"Wenn ihr mehr wissen wollt zu Che Guevara, könnt ihr bei Instagram vorbeischauen."
1761,subtitle,ihr,0,PPER,PPER,ihr,ihr,sie,sie,1,1,"Wenn ihr mehr wissen wollt zu Che Guevara, könnt ihr bei Instagram vorbeischauen."
1762,subtitle,ihr,0,PPER,PPER,ihr,ihr,sie,sie,1,1,"Dazu guckt ihr auf der Karte, welche Breitengrade in der Nähe sind."
1762,subtitle,Breitengrade,0,NN,NN,Breitengrade,breitengrade,Breitengrad,Breitengrad,1,1,"Dazu guckt ihr auf der Karte, welche Breitengrade in der Nähe sind."
1763,subtitle,uns,0,PPER,PPER,uns,uns,wir,wir,1,1,Lass uns lieber zum Unterricht gehen.
1763,subtitle,lieber,0,ADV,ADV,lieber,lieber,lieb,lieb,1,1,Lass uns lieber zum Unterricht gehen.
1763,subtitle,zum,0,APPRART,ART,zu,zu,zum,zum,1,1,Lass uns lieber zum Unterricht gehen.
1766,subtitle,mir,0,PPER,PRF,sich,sich,ich,ich,1,1,"Dann kann ich mir alles kaufen, was ich will."
1766,subtitle,was,0,PRELS,PWS,wer,wer,was,was,1,1,"Dann kann ich mir alles kaufen, was ich will."
1770,subtitle,Sagen,1,VVFIN,VVFIN,sagen,sagen,Sage,Sage,1,1,Sagen wir es so. Am Ende des Tages wäre natürlich ein Bundesverfassungsgericht dafür zuständig.
1770,subtitle,Am,0,APPRART,APPR,an,an,Am,Am,1,1,Sagen wir es so. Am Ende des Tages wäre natürlich ein Bundesverfassungsgericht dafür zuständig.
1771,subtitle,zum,0,APPRART,ART,zu,zu,zum,zum,1,1,"Hier war der Plan natürlich, dass ich das Ticket zum Bahnhof mitnehme."
1772,subtitle,ihr,0,PPER,PPER,ihr,ihr,sie,sie,1,1,"Es ist so schön, dass ihr eine Klassenfahrt macht!"
1773,subtitle,im,0,APPRART,ART,in,in,im,imen,1,1,"Wenn man sagt, dass ein Mann „der Hahn im Korb“ ist, dann ist er der einzige Mann unter vielen Frauen."
1773,subtitle,vielen,0,PIAT,PIAT,vieler,vieler,viel,viel,1,1,"Wenn man sagt, dass ein Mann „der Hahn im Korb“ ist, dann ist er der einzige Mann unter vielen Frauen."
1775,subtitle,ins,0,APPRART,ART,in,in,ecser,ins,1,0,"Sind wir es? Wenn man Intelligenz definiert als die Fähigkeit, Probleme zu lösen, dann denke ich, könnte man hier schon ein bisschen ins Grübeln kommen."
1776,subtitle,uns,0,PPER,PPER,uns,uns,wir,wir,1,1,"Und es gibt andere Orte, wie bei uns, wo es halt ein bisschen individueller zugeht, und das passt schon nebeneinander durch."
1778,subtitle,im,0,APPRART,ART,in,in,im,im,1,1,"Es ist im Grunde ein Synonym von “auswählen”, aber es ist viel seltener und auch sehr gehoben."
1779,subtitle,vom,0,APPRART,ART,von,von,vom,vom,1,1,Sind Sie vom Marshall Office?
1781,subtitle,ihm,0,PPER,PPER,ihm,ihm,er,er,1,1,"Du solltest mit ihm sprechen und ihn das fragen, anstatt meine Zeit zu verschwenden."
1781,subtitle,ihn,0,PPER,PPER,ihn,ihn,er,er,1,1,"Du solltest mit ihm sprechen und ihn das fragen, anstatt meine Zeit zu verschwenden."
1782,subtitle,mich,0,PRF,PRF,sich,sich,ich,ich,1,1,Ich verlaufe mich permanent auf diesem verdammten Schiff.
1782,subtitle,verdammten,0,ADJA,ADJA,verdammt,verdammt,verdammen,verdammen,1,1,Ich verlaufe mich permanent auf diesem verdammten Schiff.
1783,subtitle,Aliens,0,NN,NN,Alien,alien,Aliens,Aliens,1,1,"Nämlich, nicht wir finden die Aliens, sondern die Aliens finden uns."
1783,subtitle,Aliens,0,NN,NN,Alien,alien,Aliens,Aliens,1,1,"Nämlich, nicht wir finden die Aliens, sondern die Aliens finden uns."
1783,subtitle,uns,0,PPER,PPER,uns,uns,wir,wir,1,1,"Nämlich, nicht wir finden die Aliens, sondern die Aliens finden uns."
1784,subtitle,ins,0,APPRART,ART,in,in,ecser,ins,1,0,"Virenjäger bringen Proben zurück ins Labor, um herauszufinden, ob ein neu entdecktes Virus Menschen anstecken könnte, und um die Gefahr zu katalogisieren."
1784,subtitle,herauszufinden,0,VVIZU,VVIZU,herausfinden,herauszufinden,herausfinden,herausfinden,1,1,"Virenjäger bringen Proben zurück ins Labor, um herauszufinden, ob ein neu entdecktes Virus Menschen anstecken könnte, und um die Gefahr zu katalogisieren."
1786,subtitle,letztes,0,ADJA,ADJA,letzter,letzter,letzt,letzt,1,1,"Ich habe in deinem Profil gesehen, dass du letztes Jahr in Thailand warst."
1787,subtitle,zur,0,APPRART,APPR,zu,zu,zur,zu,1,1,"Aber wenn ich zur Gegenwart komme, schreibe ich nur eine Seite pro Woche nur wichtige Dinge."
1788,subtitle,Dates,0,NN,NN,Dates,dates,Date,Date,1,1,"Ja, nur du und ich und keine Dates."
1789,subtitle,mir,0,PPER,PPER,mir,mir,ich,ich,1,1,Ich bin nicht kam mir fehlt nichts.
1792,subtitle,Viele,1,PIS,PIS,viele,viele,viel,viel,1,1,"Viele meinen, dass der Endkampf zwischen Gott und dem Teufel und die Wiederkunft von Jesus Christus, also das Ende der Welt, kurz bevorsteht."
1792,subtitle,meinen,0,VVFIN,VVINF,meinen,meinen,mein,mein,1,1,"Viele meinen, dass der Endkampf zwischen Gott und dem Teufel und die Wiederkunft von Jesus Christus, also das Ende der Welt, kurz bevorsteht."
1793,subtitle,Macht,1,NN,VVFIN,Macht,macht,machen,machen,1,1,Macht die Brandmauer zur AfD also keinen Sinn mehr?
1793,subtitle,zur,0,APPRART,ART,zu,zu,zur,zur,1,1,Macht die Brandmauer zur AfD also keinen Sinn mehr?
1797,subtitle,all,0,PIAT,PIAT,all,all,alle,alle,1,1,Wie kann man sich also vor all diesen Risiken schützen?
1798,subtitle,dich,0,PPER,PPER,dich,dich,du,du,1,1,"Wie kann dein Immunsystem eine Zelle haben, die eine spezifische Waffe gegen genau das Bakterium hat, das dich infiziert hat?"
1799,subtitle,Umstellen,0,NN,NN,umstellen,umstellen,Umstelle,Umstellen,1,1,Man fast etwas an und stellt es an einen anderen Platz. ‘Umstellen hat aber auch eine übertragene Bedeutung.
1800,subtitle,ne,0,NN,NE,ne,ne,ein,ein,1,1,"Ich hab ja diesen Walkman, ne? Das gelbe kleine Ding."
1803,subtitle,Viele,1,PIAT,PIAT,vieler,vieler,viel,viel,1,1,Viele Jungs stehen auf mich.
1803,subtitle,mich,0,PPER,PPER,mich,mich,ich,ich,1,1,Viele Jungs stehen auf mich.
1804,subtitle,im,0,APPRART,ART,in,in,im,imen,1,1,"""Ich bin der einzige Mann im Land, dem nicht erlaubt wird, seinen eigenen Namen an seine Kinder weiterzugeben"", soll er gesagt haben."
1804,subtitle,weiterzugeben,0,VVIZU,VVIZU,weiterzugeben,weiterzugeben,weitergeben,weitergeben,1,1,"""Ich bin der einzige Mann im Land, dem nicht erlaubt wird, seinen eigenen Namen an seine Kinder weiterzugeben"", soll er gesagt haben."
1808,subtitle,dir,0,PPER,PPER,dir,dir,du,dir,1,1,"Ich will nie wieder lügen und nie wieder jemandem wehtun, vor allem dir nicht."
1809,subtitle,Denen,1,PDS,PDS,Denen,denen,der,der,1,1,Denen fällt rationales Denken halt manchmal ein bisschen schwerer.
1811,subtitle,im,0,APPRART,ART,in,in,im,im,1,1,Müsli im Schweizerdeutschen steht nämlich für eine kleine Maus.
1812,subtitle,dir,0,PPER,PPER,dir,dir,du,dir,1,1,"Ich habe dir alles gesagt, was ich weiß."
1812,subtitle,was,0,PRELS,PWS,wer,wer,was,was,1,1,"Ich habe dir alles gesagt, was ich weiß."
1814,subtitle,Schloss,0,NN,NN,Schloss,schloss,Schloß,Schloß,1,1,"Er ist nach Irland gereist, auf sein Schloss."
1815,subtitle,am,0,APPRART,ART,an,an,am,am,1,1,"Zeitgleich kommt ein Mensch schwerverletzt, am Hals blutend aus der Bar, spricht die Kollegen an. Dort wird Erste Hilfe geleistet."
1815,subtitle,Erste,0,ADJA,ADJA,erster,erster,erst,erst,1,1,"Zeitgleich kommt ein Mensch schwerverletzt, am Hals blutend aus der Bar, spricht die Kollegen an. Dort wird Erste Hilfe geleistet."
1818,subtitle,uns,0,PRF,PRF,uns,uns,wir,wir,1,1,Dann lassen Sie uns mit der ersten Vorlesung anfangen.
1818,subtitle,ersten,0,ADJA,ADJA,erster,erster,erst,erst,1,1,Dann lassen Sie uns mit der ersten Vorlesung anfangen.
1819,subtitle,Holt,1,VVFIN,ITJ,Holt,holen,holt,Holten,1,1,"Holt euch 'n Tee, Freunde der Sonne, ihr habt Fragen, die klären wir."
1819,subtitle,euch,0,PPER,PPER,euch,euch,ihr,ihr,1,1,"Holt euch 'n Tee, Freunde der Sonne, ihr habt Fragen, die klären wir."
1819,subtitle,ihr,0,PPER,PPER,ihr,ihr,sie,sie,1,1,"Holt euch 'n Tee, Freunde der Sonne, ihr habt Fragen, die klären wir."
1821,subtitle,eingeschickt,0,VVPP,VVPP,eingeschicken,eingeschickt,einschicken,einschicken,1,1,Ich habe 6 Studien eingeschickt.
1824,subtitle,ihr,0,PPER,PPER,ihr,ihr,sie,sie,1,1,Und wann abonniert ihr meinen Kanal?
1825,subtitle,am,0,APPRART,APPR,an,an,am,am,1,1,"Wer einen Wocheneinkauf tätigt, der merkt, am Ende bleibt deutlich weniger Geld im Geldbeutel als vor einem oder zwei Jahren."
1825,subtitle,weniger,0,PIAT,PIAT,weniger,weniger,wenig,wenig,1,1,"Wer einen Wocheneinkauf tätigt, der merkt, am Ende bleibt deutlich weniger Geld im Geldbeutel als vor einem oder zwei Jahren."
1825,subtitle,im,0,APPRART,ART,in,in,im,im,1,1,"Wer einen Wocheneinkauf tätigt, der merkt, am Ende bleibt deutlich weniger Geld im Geldbeutel als vor einem oder zwei Jahren."
1826,subtitle,besondere,0,ADJA,ADJA,besonderer,besonderer,besonder,besonder,1,1,Eine besondere Geschichte hat uns Frederik aus Ingolstadt erzählt.
1826,subtitle,uns,0,PPER,PPER,uns,uns,wir,wir,1,1,Eine besondere Geschichte hat uns Frederik aus Ingolstadt erzählt.
1831,subtitle,uns,0,PPER,PPER,uns,uns,wir,wir,1,1,Jetzt möchten Sie es uns heimzahlen.
1833,subtitle,dich,0,PPER,PPER,dich,dich,du,du,1,1,"Du bist doch sonst nicht auf den Mund gefallen!” Also: Vorhin, als Alex dich beledigt hat, hast du gar nicht geantwortet."
1833,subtitle,beledigt,0,VVPP,VVPP,beledigen,beledigt,beledigen,beledigen,1,0,"Du bist doch sonst nicht auf den Mund gefallen!” Also: Vorhin, als Alex dich beledigt hat, hast du gar nicht geantwortet."
1834,subtitle,zum,0,APPRART,KOKOM,zu,zu,zum,zum,1,1,"In dem Fall ist das R auf Deutsch sehr besonders: Er wird zum Vokal, da vibriert nichts mehr."
1834,subtitle,vibriert,0,VVFIN,VVFIN,vibriern,vibriert,vibrieren,vibrieren,1,1,"In dem Fall ist das R auf Deutsch sehr besonders: Er wird zum Vokal, da vibriert nichts mehr."
1835,subtitle,wichtigeren,0,ADJA,ADJA,wichtiger,wichtiger,wichtig,wichtig,1,1,Dabei gibt es doch keinen wichtigeren Job als die Erziehung unserer Kinder.
1839,subtitle,mir,0,PPER,PPER,mir,mir,ich,ich,1,1,Gib mir sofort die Pizza zurück.
1841,subtitle,Alle,1,PIAT,PIAT,aller,aller,alle,alle,1,1,"Alle Geist bis auf einen werden gelöscht und du erlebst immer nur diesen einen Geist, niemals die anderen."
1841,subtitle,einen,0,PIS,PIS,einer,einer,ein,ein,1,1,"Alle Geist bis auf einen werden gelöscht und du erlebst immer nur diesen einen Geist, niemals die anderen."
1842,subtitle,Bewerbungsgesprächen,0,NN,NN,Bewerbungsgespräche,bewerbungsgespräche,Bewerbungsgespräch,Bewerbungsgespräch,1,1,"Auch in Bewerbungsgesprächen, im Deutschkurs, auf Reisen oder bei Treffen wie Sprachtandems."
1842,subtitle,im,0,APPRART,ART,in,in,im,imen,1,1,"Auch in Bewerbungsgesprächen, im Deutschkurs, auf Reisen oder bei Treffen wie Sprachtandems."
1843,subtitle,Ersten,0,ADJA,ADJA,erster,erster,erst,erst,1,1,Unsere Geschichte über sie beginnt mit Ende des Ersten Weltkriegs 1918.
1844,subtitle,im,0,APPRART,ART,in,in,im,im,1,1,"Denn von den geschätzt 1,7 Milliarden Euro, die die Bahn im Jahr 2018 Gewinn gemacht hat, bleibt nicht wirklich viel übrig."
1845,subtitle,fundiert,0,VVPP,ADJD,fundieren,fundieren,fundiert,fundiert,1,1,Das klären wir wie immer fundiert und unaufgeregt.
1846,subtitle,Vierteln,0,NN,NN,Vierteln,vierteln,Viertel,Viertel,1,1,"Und noch immer werden Menschen aus ihren angestammten Vierteln mit mehr oder weniger Gewalt vertrieben, damit die Nachbarschaft religiös-politisch gesäubert wird."
1848,subtitle,mich,0,PPER,PPER,mich,mich,ich,ich,1,1,"Der Typ, da hat mich einfach angegriffen."
1851,subtitle,zum,0,APPRART,ART,zu,zu,zum,zum,1,1,"In Nizhny Novgorod, Astrakhan oder Orjol musste zum Beispiel der Sprit rationiert werden."
1852,subtitle,reingelegt,0,VVPP,VVPP,reingelegen,reingelegt,reinlegen,reinlegen,1,1,Dein Vater hat Samuel reingelegt.
1853,subtitle,Im,1,APPRART,ART,in,in,im,im,1,1,Im Chinesischen ist das nicht so einfach.
1853,subtitle,Chinesischen,0,NN,NN,Chinesischen,chinesischen,chinesisch,chinesisch,1,1,Im Chinesischen ist das nicht so einfach.
1856,subtitle,beim,0,APPRART,ART,bei,bei,beim,beim,1,1,Und beim Dampfen wird es deutlich heißer als 120 Grad.
1859,subtitle,ins,0,APPRART,ART,in,in,ecser,ins,1,0,Fünftens: neue Regel für Reisen ins Vereinigte Königreich.
1859,subtitle,Vereinigte,0,ADJA,ADJA,vereinigt,vereinigt,Vereinigte,Vereinigte,1,1,Fünftens: neue Regel für Reisen ins Vereinigte Königreich.
1860,subtitle,Vergesst,1,VVFIN,VVFIN,Vergesst,vergesst,bergessen,vergesst,1,1,"Vergesst nicht, diesen Kanal zu abonnieren und die Glocke zu aktivieren."
1862,subtitle,im,0,APPRART,ART,in,in,im,im,1,1,Herr Nagel hatte die Aktien im Februar zu 50€ das Stück gekauft.
1867,subtitle,Arbeits-,0,TRUNC,NN,Arbeit,arbeit,Arbeits-,Arbeits-,1,0,"D.h., wenn es um Arbeits- um Sozialpolitik geht, dann kann man AKK tatsächlich eher links einstufen."
1868,subtitle,fiebere,0,ADJA,VVFIN,fieberen,fieberen,fiebern,fiebern,0,1,Und bei dem fiebere ich richtig mit.
1869,subtitle,besuchst,0,VVFIN,VVFIN,besuchstn,besuchst,besuchen,besuchen,1,1,Du besuchst meine Eltern? (Vater:) Ist das so schwer vorstellbar?
1871,subtitle,kämpf,0,VVFIN,VVFIN,kämpf,kämpf,kämpfen,kämpfen,1,1,Steh auf und kämpf wie ein Mann.
1873,subtitle,beim,0,APPRART,ART,bei,bei,beim,bei,1,1,Als Oberstleutnant beim Geheimdienst kann man kaum bessere Jobs finden.
1874,subtitle,am,0,APPRART,APPR,an,an,am,am,1,1,"Die Unternehmensanteile, die am Markt gehandelt werden Und nicht in fester Hand der Großaktionäre sind, zählen zum Streubesitz."
1874,subtitle,zum,0,APPRART,APPR,zu,zu,zum,zum,1,1,"Die Unternehmensanteile, die am Markt gehandelt werden Und nicht in fester Hand der Großaktionäre sind, zählen zum Streubesitz."
1875,subtitle,Ersten,0,ADJA,ADJA,erster,erster,erst,erst,1,1,"Sie nehmen aber an, dass sie gegen Ende des Ersten Weltkrieges entstand."
1877,subtitle,reichere,0,ADJA,ADJA,reicher,reicher,reichern,reichern,1,1,Dazu muss man aber wissen: Ingelheim ist auch eine deutlich reichere Gemeinde im Vergleich zu dem Bezirk in Berlin.
1877,subtitle,im,0,APPRART,ART,in,in,im,im,1,1,Dazu muss man aber wissen: Ingelheim ist auch eine deutlich reichere Gemeinde im Vergleich zu dem Bezirk in Berlin.
1878,subtitle,mir,0,PPER,PRF,sich,sich,ich,ich,1,1,"Ich erlaube mir selbst, einen Glas Wein zu genießen."
1879,subtitle,letzten,0,ADJA,ADJA,letzter,letzter,letzt,letzt,1,1,"Ja, ich konnte die letzten Nächte nicht mehr pennen."
1880,subtitle,Flitterwochen,0,NN,NN,Flitterwoch,flitterwoch,Flitterwochen,Flitterwochen,0,1,"Bist du bereit für unsere Flitterwochen, Schatz?"
1881,subtitle,Bakterien,0,NN,NN,Bakterie,bakterie,Bakterium,Bakterie,1,1,"Der Bedarf an neuen Antibiotika, an die sich die Bakterien noch nicht anpassen konnten, ist also riesig."
1882,subtitle,Verben,0,NN,NN,Verbe,verbe,Verb,Verb,1,1,"Wir können in der Grammatik zwei Sorten von Verben unterscheiden, nämlich sogenannte transitive und intransitive Verben."
1882,subtitle,sogenannte,0,ADJA,ADJA,sogenannter,sogenannter,sogenannt,sogenannt,1,1,"Wir können in der Grammatik zwei Sorten von Verben unterscheiden, nämlich sogenannte transitive und intransitive Verben."
1882,subtitle,Verben,0,NN,NN,Verbe,verbe,Verb,Verb,1,1,"Wir können in der Grammatik zwei Sorten von Verben unterscheiden, nämlich sogenannte transitive und intransitive Verben."
1883,subtitle,Einfluss,0,NN,NN,Einfluss,einfluss,Einfluß,Einfluß,1,1,Er verschafft dem Papsttum wieder weltliche Macht und Einfluss.
1884,subtitle,weiter,0,ADV,ADV,weiter,weiter,weit,weit,1,1,Der Verbrauch fossiler Brennstoffe würde weiter ansteigen statt sinken.
1885,subtitle,mich,0,PPER,PRF,mich,mich,ich,ich,1,1,"Also dieses Ding heißt nicht, ja, ich bin Organspender, dieses Ding heißt lediglich: Ja, ich habe mich entschieden."
1887,subtitle,im,0,APPRART,ART,in,in,im,im,1,1,"Ja, ich wollte das Finale im Stadion schauen."
1888,subtitle,im,0,APPRART,ART,in,in,im,im,1,1,Untertitel: ARD Text im Auftrag von Funk (2018) So'n Mist.
1890,subtitle,Verben,0,NN,NN,Verbe,verbe,Verb,Verb,1,1,"Außerdem habe ich Aufgaben vorbereitet, mit denen du die Bedeutungen der Verben mit “ver-” üben kannst."
1892,subtitle,ihr,0,PPER,PPER,ihr,ihr,sie,sie,1,1,Und seit 2019 ist er mit einer Frau aus Südafrika zusammen und hat mit ihr inzwischen einen gemeinsamen Sohn.
1895,subtitle,Nerden,1,NN,VVFIN,Nerde,nerde,nerden,Nerden,0,1,Nerden wir uns mal rein.
1895,subtitle,uns,0,PRF,PRF,sich,sich,wir,wir,1,1,Nerden wir uns mal rein.
1897,subtitle,meisten,0,PIAT,PIAT,meister,meister,meist,meist,1,1,"Die meisten Betroffenen werden als Kinder verstümmelt, im Alter zwischen 5 und 13 Jahren."
1897,subtitle,Betroffenen,0,NN,NN,betroffener,betroffener,Betroffene,Betroffene,1,1,"Die meisten Betroffenen werden als Kinder verstümmelt, im Alter zwischen 5 und 13 Jahren."
1897,subtitle,im,0,APPRART,ART,in,in,im,imen,1,1,"Die meisten Betroffenen werden als Kinder verstümmelt, im Alter zwischen 5 und 13 Jahren."
1898,subtitle,beim,0,APPRART,ART,bei,bei,beim,beim,1,1,Diese Studien belegen natürlich nicht die Wirksamkeit von Atemübungen beim Yoga.
1900,subtitle,niemandem,0,PIS,PIS,niemand,niemand,niemande,niemand,1,1,Du erzählst das wirklich niemandem?
1902,subtitle,ihr,0,PPER,PPER,ihr,ihr,sie,sie,1,1,Habt ihr ihn eurer Muttersprache einen ähnlichen Ausdruck?
1902,subtitle,ihn,0,PPER,PPER,ihn,ihn,er,er,1,1,Habt ihr ihn eurer Muttersprache einen ähnlichen Ausdruck?
1902,subtitle,eurer,0,PPOSAT,PPOSAT,eur,eur,euer,euer,1,1,Habt ihr ihn eurer Muttersprache einen ähnlichen Ausdruck?
1903,subtitle,erste,0,ADJA,ADJA,erster,erster,erst,erst,1,1,"Der erste zentrale Punkt ist, dass sowohl Israel, das an dem Plan mitgearbeitet hat, als auch die Hamas den Plan annehmen."
1904,subtitle,mir,0,PPER,PPER,mir,mir,ich,ich,1,1,Max ist gerade bei mir.
1907,subtitle,freu,0,VVFIN,VVFIN,freu,freu,freuen,freuen,1,1,"Ich freu mich sehr darauf, von euch zu lesen, und ich freu mich auch, wenn ihr diesem Video einen Daumen nach gebt."
1907,subtitle,mich,0,PRF,PRF,sich,sich,ich,ich,1,1,"Ich freu mich sehr darauf, von euch zu lesen, und ich freu mich auch, wenn ihr diesem Video einen Daumen nach gebt."
1907,subtitle,euch,0,PPER,PPER,euch,euch,ihr,ihr,1,1,"Ich freu mich sehr darauf, von euch zu lesen, und ich freu mich auch, wenn ihr diesem Video einen Daumen nach gebt."
1907,subtitle,freu,0,VVFIN,VVFIN,freu,freu,freuen,freuen,1,1,"Ich freu mich sehr darauf, von euch zu lesen, und ich freu mich auch, wenn ihr diesem Video einen Daumen nach gebt."
1907,subtitle,mich,0,PRF,PRF,sich,sich,ich,ich,1,1,"Ich freu mich sehr darauf, von euch zu lesen, und ich freu mich auch, wenn ihr diesem Video einen Daumen nach gebt."
1907,subtitle,ihr,0,PPER,PPER,ihr,ihr,sie,sie,1,1,"Ich freu mich sehr darauf, von euch zu lesen, und ich freu mich auch, wenn ihr diesem Video einen Daumen nach gebt."
1909,subtitle,sogenannte,0,ADJA,ADJA,sogenannter,sogenannter,sogenannt,sogenannt,1,1,Es beginnt der sogenannte Lange Marsch.
1909,subtitle,Lange,0,ADJA,ADJA,lang,lang,Lange,Lange,1,1,Es beginnt der sogenannte Lange Marsch.
1911,subtitle,Erste,0,NN,ADJA,erster,erster,erst,erst,1,1,"Ich warte schon, bis der Erste kommt und das uns nachmacht und sagt, das ist seine Erfindung."
1911,subtitle,uns,0,PPER,PPER,uns,uns,wir,wir,1,1,"Ich warte schon, bis der Erste kommt und das uns nachmacht und sagt, das ist seine Erfindung."
1911,subtitle,nachmacht,0,ADJD,VVFIN,nachmacht,nachmacht,nachmachen,nachmachen,1,1,"Ich warte schon, bis der Erste kommt und das uns nachmacht und sagt, das ist seine Erfindung."
1913,subtitle,Grund-,0,TRUNC,NN,Grund-,grund-,Grund,Grund-,0,1,"Dabei muss man sagen, wenn man sich nur das Grund- satzprogramm der Partei durchliest, dann ist da gar nicht so viel von Spaß zu erkennen."
1914,subtitle,zur,0,APPRART,APPR,zu,zu,zur,zur,1,1,"Die Bitcoin-Wallet war eingerichtet, das Geld bereit zur Überweisung."
1918,subtitle,Sättigendem,0,NN,NN,Sättigendem,sättigendem,Sättigend,Sättigend,1,1,Wir gehen den Abend mal durch und starten mit dem Sättigendem.
1921,subtitle,mir,0,PPER,PRF,mir,mir,ich,ich,1,1,"Das wünsche ich mir auch, aber es ist schon zu spät."
1922,subtitle,im,0,APPRART,ART,in,in,im,imen,1,1,Eigentlich wollten wir im Video auch die Statistik hinter der Sensitivität und Spezifität von Corona-Antikörpertests machen.
1923,subtitle,einiges,0,PIS,PIS,einiger,einiger,einige,einige,1,1,Und einiges könnte sich bald ändern.
1924,subtitle,brave,0,ADJA,ADJA,brav,brav,brave,brave,1,1,"Dort wird sie unseren leidgeprüften Soldaten Trost spenden dürfen, so wie es sich für eine brave Dienerin gehört."
1926,subtitle,ihn,0,PPER,PPER,ihn,ihn,er,er,1,1,"Der einzige Weg, ihn loszuwerden, ist, ihn ganz langsam aus dem Bein zu ziehen."
1926,subtitle,loszuwerden,0,VVIZU,VVIZU,loswerden,loszuwerden,loswerden,loswerden,1,1,"Der einzige Weg, ihn loszuwerden, ist, ihn ganz langsam aus dem Bein zu ziehen."
1926,subtitle,ihn,0,PPER,PPER,ihn,ihn,er,er,1,1,"Der einzige Weg, ihn loszuwerden, ist, ihn ganz langsam aus dem Bein zu ziehen."
1928,subtitle,früher,0,ADJD,ADV,früh,früh,früher,früher,1,1,Ich hätte viel früher damit anfangen sollen.
1930,subtitle,zweite,0,ADJA,ADJA,zweiter,zweiter,zweit,zweit,1,1,"Der Herr will also das gleiche Ticket, aber in grün, für die zweite Klasse."
1933,subtitle,euch,0,PPER,PPER,euch,euch,ihr,ihr,1,1,Schaut euch das bei Gelegenheit an. Hier rechne ich es genau vor.
1934,subtitle,dich,0,PPER,PPER,dich,dich,du,du,1,1,"Was sollen wir ohne dich machen, Luca?"
1935,subtitle,Früher,1,ADJD,ADV,früh,früh,früher,früher,1,1,Früher lag hier ein großer See.
1937,subtitle,Tauschgeschäfte,0,NN,NN,Tauschgeschäfte,tauschgeschäfte,Tauschgeschäft,Tauschgeschäft,1,1,Die Menschen weichen auf Tauschgeschäfte aus.
1938,subtitle,uns,0,PPER,PPER,uns,uns,wir,wir,1,1,Das Pulver hat es uns verraten.
1945,subtitle,was,0,PRELS,PWS,wer,wer,was,was,1,1,"Das heißt, wenn man sich infiziert, muss man hoffen, dass schnell erkannt wird, was die Ursache ist, und dass die Symptome entsprechend behandelt werden."
1946,subtitle,Vielen,0,PIAT,PIAT,vieler,vieler,viel,viel,1,1,Das ist bedauerlich. (Rednerwechsel) Vielen Dank.
1948,subtitle,ihr,0,PPER,PPER,ihr,ihr,sie,sie,1,1,"Und was ist, wenn ihr am Wochenende oder an einem Feiertag plötzlich starke Zahnschmerzen bekommt?"
1948,subtitle,am,0,APPRART,ART,an,an,am,am,1,1,"Und was ist, wenn ihr am Wochenende oder an einem Feiertag plötzlich starke Zahnschmerzen bekommt?"
1949,subtitle,dahintersteckt,0,PROAV,VVFIN,dahintersteckt,dahintersteckt,dahinterstecken,dahinterstecken,1,1,"So was konnte man hier zwar nicht kaufen, aber das 17. Jahrhundert war die Blütezeit der Pflanze, die dahintersteckt."
1950,subtitle,eine,0,PIS,PIS,einer,einer,ein,ein,1,1,Was macht eine deiner Zellen überhaupt zu einem Teil von dir?
1950,subtitle,dir,0,PPER,PPER,dir,dir,du,dir,1,1,Was macht eine deiner Zellen überhaupt zu einem Teil von dir?
1952,subtitle,zweites,0,ADJA,ADJA,zweiter,zweiter,zweit,zweit,1,1,Ein zweites Bombergeschwader ist bereits im Anflug.
1952,subtitle,im,0,APPRART,ART,in,in,im,imen,1,1,Ein zweites Bombergeschwader ist bereits im Anflug.
1953,subtitle,Achte,1,NN,NN,achte,achte,Acht,Achten,1,1,"Achte darauf, dass dich niemand nach den Grundsätzen der Welt betrügt."
1953,subtitle,dich,0,PPER,PPER,dich,dich,du,du,1,1,"Achte darauf, dass dich niemand nach den Grundsätzen der Welt betrügt."
1953,subtitle,betrügt,0,VVPP,VVFIN,betrügen,betrügen,betragen,betrügen,1,1,"Achte darauf, dass dich niemand nach den Grundsätzen der Welt betrügt."
1957,subtitle,Deutsche,1,NN,NN,deutsche,deutsche,deutsch,deutsch,1,1,"Deutsche sagen immer brutal direkt, was sie denken."
1959,subtitle,mir,0,PPER,PPER,mir,mir,ich,ich,1,1,Der Bericht stammt von mir.
1961,subtitle,steifen,0,ADJA,ADJA,steif,steif,steifen,steif,1,1,"Mit Hilfe von kleinen, steifen Härchen, kämmt er Nahrung aus dem Wasser."
1961,subtitle,Härchen,0,NN,NN,Härche,härche,Härchen,Härchen,0,1,"Mit Hilfe von kleinen, steifen Härchen, kämmt er Nahrung aus dem Wasser."
1964,subtitle,Großen,0,NN,NN,große,große,groß,groß,1,1,"Nach diesen Kriterien reiht man Katharina in eine Linie mit Alexander, Karl oder Peter dem Großen ein."
1965,subtitle,im,0,APPRART,ART,in,in,im,im,1,1,"Ist ja wohl klar, dass Marinelli dabei seine Finger im Spiel hatte und das Attentat arrangiert hat."
1966,subtitle,was,0,PRELS,PRELS,wer,wer,was,was,1,1,"Auch ich bin, egal in welcher Rolle, ich bin immer tagaktuell informiert über das, was gerade ansteht."
1967,subtitle,besonderes,0,ADJA,ADJD,besonderer,besonderer,besonder,besonder,1,1,Er war etwas besonderes und jetzt soll ich ihn einfach ersetzen?
1967,subtitle,ihn,0,PPER,PPER,ihn,ihn,er,er,1,1,Er war etwas besonderes und jetzt soll ich ihn einfach ersetzen?
1970,subtitle,ihr,0,PPER,PPER,ihr,ihr,sie,sie,1,1,"Mit der Zeit werdet ihr dann ein Gefühl dafür bekommen, welches Verb wann am besten passt. “Verleihen” hat noch zwei weitere Bedeutungen."
1970,subtitle,Verleihen,0,NN,NN,verleihen,verleihen,Verleih,Verleih,1,1,"Mit der Zeit werdet ihr dann ein Gefühl dafür bekommen, welches Verb wann am besten passt. “Verleihen” hat noch zwei weitere Bedeutungen."
1971,subtitle,selbstständig,0,ADJD,ADJD,selbstständig,selbstständig,selbständig,selbständig,1,1,"Die Staaten erhalten Geld, um es selbstständig und nach eigenen Kriterien an Opfer von Naziterror und Verfolgung auszuzahlen."
1971,subtitle,auszuzahlen,0,VVIZU,VVIZU,auszuzahlen,auszuzahlen,auszahlen,auszahlen,1,1,"Die Staaten erhalten Geld, um es selbstständig und nach eigenen Kriterien an Opfer von Naziterror und Verfolgung auszuzahlen."
1975,subtitle,Kochtöpfen,0,NN,NN,Kochtöpfen,kochtöpfen,Kochtopf,Kochtopf,1,1,Nur in unseren Wasserkochern und Kochtöpfen kann es nervig werden.
1976,subtitle,Im,1,APPRART,ART,in,in,im,im,1,1,Im März 2021 erklärt das Bundesverfassungsgericht dieses Gesetz für unvereinbar mit dem Grundgesetz.
1977,subtitle,Vielen,1,PIAT,PIAT,vieler,vieler,viel,viel,1,1,"Vielen Dank, Frau Dr. Pflüger."
1979,subtitle,im,0,APPRART,ART,in,in,im,imen,1,1,"Gut, aber du stehst im Bild."
1982,subtitle,postet,0,VVFIN,VVFIN,posten,posten,posen,posen,1,1,"Und wenn ihr Fragen habt zu diesem oder zu anderen Themen, dann postet sie einfach unten in die Kommentare."
1983,subtitle,willst,0,VMFIN,VMFIN,willen,willen,wollen,wollen,1,1,"Also willst du wirklich eine offene Beziehung führen und es wäre ok für dich, wenn ich andere Frauen treffe?"
1983,subtitle,dich,0,PPER,PPER,dich,dich,du,du,1,1,"Also willst du wirklich eine offene Beziehung führen und es wäre ok für dich, wenn ich andere Frauen treffe?"
1984,subtitle,Chloratome,0,NN,NN,Chloratome,chloratome,Chloratom,Chloratom,1,0,"Das heißt, man fügt der Saccharose Chloratome hinzu."
1986,subtitle,weißt,0,VVFIN,VVFIN,weißen,wissen,weißen,weißen,1,1,"Du weißt doch gar nicht mehr, was in diesem Haus überhaupt los ist."
1987,subtitle,Sagen,0,VVFIN,VVFIN,sagen,sagen,Sage,Sage,1,1,"""Hallo!"" ""Sagen Sie doch was!"" Bitte reden Sie doch mit mir!"
1987,subtitle,Bitte,0,ADV,ADV,bitte,bitte,bitten,bitten,1,1,"""Hallo!"" ""Sagen Sie doch was!"" Bitte reden Sie doch mit mir!"
1987,subtitle,mir,0,PPER,PPER,mir,mir,ich,ich,1,1,"""Hallo!"" ""Sagen Sie doch was!"" Bitte reden Sie doch mit mir!"
1990,subtitle,allen,0,PIAT,PIAT,aller,aller,alle,alle,1,1,"Außerdem will die Lufthansa ihre Dachmarke stärken und bei allen Airlines mehr in den Vordergrund stellen, dass sie zur Lufthansa Group dazugehören."
1990,subtitle,zur,0,APPRART,ART,zu,zu,zur,zur,1,1,"Außerdem will die Lufthansa ihre Dachmarke stärken und bei allen Airlines mehr in den Vordergrund stellen, dass sie zur Lufthansa Group dazugehören."
1991,subtitle,zum,0,APPRART,ART,zu,zu,zum,zum,1,1,Daran ändern auch Katharinas zum Teil wirklich fortschrittliche Reformen nichts.
1992,subtitle,Befragten,0,NN,NN,befragter,befragter,Befragt,Befragter,1,1,Laut einer aktuellen Umfrage des Instituts für Demoskopie Allensbach bewerten 55 Prozent der Befragten einen zwölfmonatigen Grundwehrdienst positiv. 26 Prozent negativ.
1994,subtitle,Früher,1,ADJD,ADV,früh,früh,früher,früher,1,1,"Früher verwendeten vor allem Seefahrer das Gradnetz, um ihre Position auf dem Meer zu bestimmen."
1996,subtitle,komplizierten,0,ADJA,ADJA,kompliziert,kompliziert,komplizieren,komplizieren,1,1,"D.h. also, wir haben es hier mit einer extrem komplizierten Situation zu tun."
2001,subtitle,angepasst,0,VVPP,VVPP,angepassen,angepasst,anpassen,anpassen,1,1,"Klingt erst Mal gut, ist aber eigentlich eine Selbstverständlichkeit, denn der Mindestlohn wird an die Entwicklung des allgemeinen Lohnniveaus angepasst."
2002,subtitle,mich,0,PRF,PRF,sich,sich,ich,ich,1,1,Ich habe mich da so blöd verhalten.
2003,subtitle,Abschluss,0,NN,NN,Abschluss,abschluss,Abschluß,Abschluß,1,1,"Ich habe vielleicht nicht den gleichen Abschluss wie die Anderen, aber dafür arbeite ich doppelt so viel."
2004,subtitle,ihr,0,PPER,PPER,ihr,ihr,sie,sie,1,1,Wollt ihr zwei Spieler oder einen von uns nehmen?
2004,subtitle,einen,0,ART,PIS,einer,einer,ein,ein,1,1,Wollt ihr zwei Spieler oder einen von uns nehmen?
2004,subtitle,uns,0,PPER,PPER,uns,uns,wir,wir,1,1,Wollt ihr zwei Spieler oder einen von uns nehmen?
2005,subtitle,ihr,0,PPER,PPER,ihr,ihr,sie,sie,1,1,"Was macht ihr da? Sarah, du musst uns helfen."
2005,subtitle,uns,0,PPER,PPER,uns,uns,wir,wir,1,1,"Was macht ihr da? Sarah, du musst uns helfen."
2006,subtitle,Probanden,0,NN,NN,Probande,probande,Proband,Proband,1,1,Bei einem Probanden wurde für die Kriminalität das Bild eines wilden Tieres genutzt.
2007,subtitle,Danke,1,NN,PTKANT,Danke,danke,Dank,Dank,1,1,"Danke, dass ihr gekommen seid."
2007,subtitle,ihr,0,PPER,PPER,ihr,ihr,sie,sie,1,1,"Danke, dass ihr gekommen seid."
2009,subtitle,dir,0,PPER,PRF,dir,dir,du,dir,1,1,"Ich muss dir etwas sagen, Markus."
2011,subtitle,Falls,1,KOUS,KOUS,falls,falls,Fall,Fall,1,1,"Falls ihr später noch einmal miteinander telefoniert, sagst du: Bis später!"
2011,subtitle,ihr,0,PPER,PPER,ihr,ihr,sie,sie,1,1,"Falls ihr später noch einmal miteinander telefoniert, sagst du: Bis später!"
2012,subtitle,Eiern,0,NN,NN,Eier,eier,Ei,Ei,1,1,"Wenn ein Vogel auf seinen Eiern sitzt, bis die Küken schlüpfen, sagen wir: Der Vogel brütet die Eier aus."
2012,subtitle,Küken,0,NN,NN,Küke,küke,Küken,Küken,0,1,"Wenn ein Vogel auf seinen Eiern sitzt, bis die Küken schlüpfen, sagen wir: Der Vogel brütet die Eier aus."
2015,subtitle,einigen,0,PIAT,PIAT,einiger,einiger,einige,einige,1,1,"Vor einigen Jahren veröffentlichten zwei Politikwissenschaftler aus Köln und Toronto eine Studie, die für Wirbel sorgte."
2015,subtitle,veröffentlichten,0,ADJA,VVFIN,veröffentlicht,veröffentlicht,veröffentlichen,veröffentlichen,1,1,"Vor einigen Jahren veröffentlichten zwei Politikwissenschaftler aus Köln und Toronto eine Studie, die für Wirbel sorgte."
2016,subtitle,gewohnt,0,ADJD,ADJD,wohnen,wohnen,gewohnt,gewohnt,1,1,Die ist gewohnt zu kämpfen.
2017,subtitle,schwör,0,VVFIN,VVFIN,schwör,schwör,schwören,schwören,1,1,"Einen von denen haben wir, ich schwör es euch."
2017,subtitle,euch,0,PPER,PPER,euch,euch,ihr,ihr,1,1,"Einen von denen haben wir, ich schwör es euch."
2020,subtitle,keine,0,PIS,PIS,keiner,keiner,kein,kein,1,1,Doch keine dieser sorgfältig durchgeführten Studien zeigt irgendwelche Benefits von Curcumin.
2021,subtitle,am,0,APPRART,APPR,an,an,am,am,1,1,"Ich bin noch am Lernen, aber jetzt schon weiß ich vieles und stolz Demokrat zu sein."
2021,subtitle,vieles,0,PIS,PIS,viele,viele,viel,viel,1,1,"Ich bin noch am Lernen, aber jetzt schon weiß ich vieles und stolz Demokrat zu sein."
2022,subtitle,kanns,0,VMFIN,VMFIN,kanns,kanns,können,können,1,1,Ich kanns auch raufstellen auf die Treppe.
2022,subtitle,raufstellen,0,NN,VVINF,Raufstell,raufstell,raufstellen,raufstellen,0,1,Ich kanns auch raufstellen auf die Treppe.
2024,subtitle,mir,0,PPER,PPER,mir,mir,ich,ich,1,1,"Er kann aber auch sagen: Nein, das ist mir alles zu unsicher, ich rufe eine Neuwahl aus."
2025,subtitle,Böses,0,ADJA,ADJA,böse,böse,bös,bös,1,1,"Vielleicht löschen sie das Universum selbst. (Böses Lachen) (Fröhliche Musik) Ein schwarzes Locher erscheint, wenn eine unfassbare Menge Materie auf ganz kleinem Raum konzentriert ist."
2026,subtitle,uns,0,PRF,PRF,sich,sich,wir,wir,1,1,"Wir können uns dabei an der Natur orientieren: Insbesondere an der Eruption des Pinatubo von 1991, dem zweitgrößte Vulkanausbruch des 20. Jahrhunderts."
2026,subtitle,zweitgrößte,0,ADJA,ADJA,zweitgrößter,zweitgrößter,zweitgroß,zweitgroß,1,0,"Wir können uns dabei an der Natur orientieren: Insbesondere an der Eruption des Pinatubo von 1991, dem zweitgrößte Vulkanausbruch des 20. Jahrhunderts."
2029,subtitle,im,0,APPRART,ART,in,in,im,im,1,1,"Der Kinderschutz kann nicht mehr gewährleistet werden, weil die Sozialarbeiter innen im ASD zu viele Familien betreuen."
2029,subtitle,viele,0,PIAT,PIAT,vieler,vieler,viel,viel,1,1,"Der Kinderschutz kann nicht mehr gewährleistet werden, weil die Sozialarbeiter innen im ASD zu viele Familien betreuen."
2030,subtitle,Vergesst,1,VVFIN,VVFIN,Vergesst,vergesst,bergessen,vergesst,1,1,Vergesst die heißen Typen nicht.
2030,subtitle,heißen,0,ADJA,ADJA,heiß,heiß,heißen,heißen,1,1,Vergesst die heißen Typen nicht.
2032,subtitle,IIn,0,NN,NN,iInr,iinr,IIn,IIn,0,1,"Das Potenzial der Biotechnologie Man findet Biotechnologie immer häufiger IIn der Baumwolle deiner Kleider, im Gemüse auf deinem Teller, in deinem Hund."
2032,subtitle,im,0,APPRART,ART,in,in,im,im,1,1,"Das Potenzial der Biotechnologie Man findet Biotechnologie immer häufiger IIn der Baumwolle deiner Kleider, im Gemüse auf deinem Teller, in deinem Hund."
2033,subtitle,Im,1,APPRART,ART,in,in,im,im,1,1,Im Deutschen werden Emotionen und Zustände sehr präzise beschrieben.
2033,subtitle,Deutschen,0,NN,NN,deutsche,deutsche,deutsch,Deutsche,1,1,Im Deutschen werden Emotionen und Zustände sehr präzise beschrieben.
2033,subtitle,präzise,0,ADJD,ADJD,präzise,präzise,präzis,präzis,1,1,Im Deutschen werden Emotionen und Zustände sehr präzise beschrieben.
2038,subtitle,uns,0,PPER,PPER,uns,uns,wir,wir,1,1,"Mein Kollege Caspar Dudek trifft die beiden, die nur anonym mit uns sprechen möchten."
2043,subtitle,mich,0,PPER,PPER,mich,mich,ich,ich,1,1,"Und wenn ich sie treffe, als sie mich unterrichtet hat, und gerissen zu sein wird schließlich durch die Luft übertragen."
2043,subtitle,gerissen,0,ADJD,VVPP,gerissen,gerissen,reißen,gerissen,1,1,"Und wenn ich sie treffe, als sie mich unterrichtet hat, und gerissen zu sein wird schließlich durch die Luft übertragen."
2044,subtitle,alle,0,PIS,PIS,aller,aller,alle,alle,1,1,Merz könnte alle seine SPD-Ministerinnen und -Minister entlassen.
2044,subtitle,SPD-Ministerinnen,0,NN,NN,SPD-Ministerinne,spd-ministerinne,SPD-Ministerin,SPD-Ministerin,0,1,Merz könnte alle seine SPD-Ministerinnen und -Minister entlassen.
2045,subtitle,ins,0,APPRART,ART,in,in,ecser,ins,1,0,Und genau da kommt das Jahr 2049 ins Spiel.
2050,subtitle,Einfachen,1,NN,ADJA,Einfachen,einfachen,einfach,einfach,1,1,"""Einfachen"" Zugang zu potenziellen Opfern."
2051,subtitle,ihr,0,PPER,PPER,ihr,ihr,sie,sie,1,1,Erinnert ihr euch noch unsere Eröffnungsbilanz vom letzten Video?
2051,subtitle,euch,0,PRF,PPER,euch,euch,ihr,ihr,1,1,Erinnert ihr euch noch unsere Eröffnungsbilanz vom letzten Video?
2051,subtitle,vom,0,APPRART,ART,von,von,vom,vom,1,1,Erinnert ihr euch noch unsere Eröffnungsbilanz vom letzten Video?
2051,subtitle,letzten,0,ADJA,ADJA,letzter,letzter,letzt,letzt,1,1,Erinnert ihr euch noch unsere Eröffnungsbilanz vom letzten Video?
2052,subtitle,im,0,APPRART,ART,in,in,im,imen,1,1,"Also, im Grunde haben sie alles."
2059,subtitle,Adjektiven,0,NN,NN,adjektive,adjektive,Adjektiv,Adjektiv,1,1,"Jetzt kommen wir zu den Adjektiven, mit denen wir Personen beschreiben können, die sich klug verhalten; die etwas Kluges tun."
2059,subtitle,Kluges,0,NN,NN,Kluge,kluge,Klug,Klug,1,1,"Jetzt kommen wir zu den Adjektiven, mit denen wir Personen beschreiben können, die sich klug verhalten; die etwas Kluges tun."
2060,subtitle,dich,0,PPER,PPER,dich,dich,du,du,1,1,"Na komm, Ari, hab dich nicht so! Ach was, schmeiß die einfach runter!"
2060,subtitle,schmeiß,0,VVFIN,VVFIN,schmeiß,schmeiß,schmeißen,schmeißen,1,1,"Na komm, Ari, hab dich nicht so! Ach was, schmeiß die einfach runter!"
2065,subtitle,im,0,APPRART,ART,in,in,im,im,1,1,Ab jetzt geht es etwas im Zeitraffer weiter.
2068,subtitle,weggenommen,0,VVPP,VVPP,wegnommen,weggenommen,wegnehmen,wegnehmen,1,1,"Den Ureinwohnern wird das Land weggenommen, sie können ihre angestammten Gebiete nicht mehr nutzen."
2070,subtitle,ersten,0,ADJA,ADJA,erster,erster,erst,erst,1,1,Die ersten Seiten des Wahlprogramms der FDP nach der Präambel drehen sich komplett um das Thema Bildung.
2074,subtitle,ihr,0,PPER,PPER,ihr,ihr,sie,sie,1,1,"Habt ihr euch sowas vielleicht schon mal reingezogen, sozusagen?"
2074,subtitle,euch,0,PRF,PPER,euch,euch,ihr,ihr,1,1,"Habt ihr euch sowas vielleicht schon mal reingezogen, sozusagen?"
2074,subtitle,reingezogen,0,VVPP,VVPP,reingezogen,reingezogen,reinziehen,reinziehen,1,1,"Habt ihr euch sowas vielleicht schon mal reingezogen, sozusagen?"
2076,subtitle,im,0,APPRART,ART,in,in,im,im,1,1,"Je mehr Oberfläche es im Verhältnis zu seinem Volumen hat, desto besser wird der Aufprall verteilt und abgeschwächt."
2079,subtitle,letztes,0,ADJA,ADJA,letzter,letzter,letzt,letzt,1,1,"Los, noch ein letztes Mal!"
2081,subtitle,dich,0,PPER,PPER,dich,dich,du,du,1,1,Viel zu heiß für dich.
2083,subtitle,weggeworfen,0,VVPP,VVPP,wegworfen,weggeworfen,wegwerfen,wegwerfen,1,1,Hier wird so viel Essen weggeworfen.
2085,subtitle,dir,0,PPER,PPER,dir,dir,du,dir,1,1,"Hey, geht es dir gut?"
2087,subtitle,mir,0,PPER,PPER,mir,mir,ich,ich,1,1,"Und schreibt mir auch gern, über welches Thema ihr als nächstes ein Video sehen möchtet."
2087,subtitle,ihr,0,PPER,PPER,ihr,ihr,sie,sie,1,1,"Und schreibt mir auch gern, über welches Thema ihr als nächstes ein Video sehen möchtet."
2087,subtitle,nächstes,0,ADJA,NN,nächster,nächster,nah,nah,1,1,"Und schreibt mir auch gern, über welches Thema ihr als nächstes ein Video sehen möchtet."
2088,subtitle,Gelehrten,0,NN,NN,Gelehrt,gelehrt,Gelehrte,Gelehrte,1,1,Erst Jahre später wurde die Geschichte des jüdischen Wanderlehrers und Gelehrten aufgeschrieben.
2088,subtitle,aufgeschrieben,0,VVPP,VVPP,aufgeschrieben,aufgeschrieben,aufschreiben,aufschreiben,1,1,Erst Jahre später wurde die Geschichte des jüdischen Wanderlehrers und Gelehrten aufgeschrieben.
2089,subtitle,ihn,0,PPER,PPER,ihn,ihn,er,er,1,1,"Aber warte mal, irgendwie hasse ich ihn nicht mehr."
2091,subtitle,uns,0,PPER,PPER,uns,uns,wir,wir,1,1,"Bis wir diesen Schaden genauer beziffern können, gibt es jetzt schon Erkenntnisse aus der Chronobiologie, die uns im Alltag sehr viel helfen könnten."
2091,subtitle,im,0,APPRART,ART,in,in,im,im,1,1,"Bis wir diesen Schaden genauer beziffern können, gibt es jetzt schon Erkenntnisse aus der Chronobiologie, die uns im Alltag sehr viel helfen könnten."
2092,subtitle,Heimgekehrten,0,NN,NN,Heimgekehrt,heimgekehrt,Heimgekehrte,Heimgekehrte,1,1,"Telemachos erkennt den Heimgekehrten und bereitet mit ihm gemeinsam den Kampf gegen die Freier vor, indem sie alle Waffen im Palast verstecken."
2092,subtitle,ihm,0,PPER,PPER,ihm,ihm,er,er,1,1,"Telemachos erkennt den Heimgekehrten und bereitet mit ihm gemeinsam den Kampf gegen die Freier vor, indem sie alle Waffen im Palast verstecken."
2092,subtitle,alle,0,PIAT,PIAT,aller,aller,alle,alle,1,1,"Telemachos erkennt den Heimgekehrten und bereitet mit ihm gemeinsam den Kampf gegen die Freier vor, indem sie alle Waffen im Palast verstecken."
2092,subtitle,im,0,APPRART,ART,in,in,im,im,1,1,"Telemachos erkennt den Heimgekehrten und bereitet mit ihm gemeinsam den Kampf gegen die Freier vor, indem sie alle Waffen im Palast verstecken."
2093,subtitle,sogenannte,0,ADJA,ADJA,sogenannter,sogenannter,sogenannt,sogenannt,1,1,Dieser sogenannte Brexit hat sich schon in verschiedenen Bereichen ausgewirkt.
2095,subtitle,ihr,0,PPER,PPER,ihr,ihr,sie,sie,1,1,"Wenn ihr keinen Bock habt, darüber zu reden, ist das verständlich, es ist ja auch anstrengend."
2096,subtitle,zum,0,APPRART,ART,zu,zu,zum,zum,1,1,Wodurch das Immunsystem sich mit seiner ganzen Genialität selbst zum Verhängnis wird.
2097,subtitle,viele,0,PIAT,PIAT,vieler,vieler,viel,viel,1,1,Niemand besitzt so viele Immobilien wie der Vatikan.
2098,subtitle,bewusst,0,ADJD,ADJD,bewusst,bewusst,bewußt,bewußt,1,1,"Aber ich hab immer das Gefühl, die werden bewusst schwieriger, so wie Telefonverträge, gucken wir uns auch ran."
2098,subtitle,uns,0,PPER,PRF,sich,sich,wir,wir,1,1,"Aber ich hab immer das Gefühl, die werden bewusst schwieriger, so wie Telefonverträge, gucken wir uns auch ran."
2099,subtitle,argumentieren,0,VVFIN,VVFIN,argumentieren,argumentieren,armentieren,argumentieren,1,0,Die Kassen argumentieren mit den hohen Kosten für die Spritze.
2101,subtitle,mir,0,PPER,PPER,mir,mir,ich,ich,1,1,"Wenn du mir hilfst, helfe ich dir."
2101,subtitle,hilfst,0,VVFIN,VVFIN,hilfstn,hilfst,helfen,helfen,1,1,"Wenn du mir hilfst, helfe ich dir."
2101,subtitle,dir,0,PPER,PPER,dir,dir,du,dir,1,1,"Wenn du mir hilfst, helfe ich dir."
2107,subtitle,mich,0,PPER,PRF,mich,mich,ich,ich,1,1,"Hallo, Yara, hörst du mich?"
2108,subtitle,angefühlt,0,VVPP,VVPP,angefühlen,angefühlt,anfühlen,anfühlen,1,1,"Damals war Jennifer erst 12. Ich will wissen, wie sich das für sie angefühlt hat."
2110,subtitle,eure,0,PPOSAT,PPOSAT,eur,eur,euer,euer,1,1,Das ist wichtig für eure Zukunft.
2111,subtitle,zur,0,APPRART,APPR,zu,zu,zur,zur,1,1,Dann wurde die Leiche rechtswidrig nach Washington zur Autopsie gebracht.
2113,subtitle,euch,0,PPER,PPER,euch,euch,ihr,ihr,1,1,"Die Frage wird klarer, wenn man sie sich etwas absurder stellt: Stellt euch vor, ein Hase würde ein Ei legen."
2114,subtitle,euch,0,PPER,PPER,euch,euch,ihr,ihr,1,1,"Ihr bietet der Frau damit an, dass sie vor euch bezahlen darf, obwohl eigentlich ihr als erster an der Reihe seid."
2114,subtitle,ihr,0,PPER,PPER,ihr,ihr,sie,sie,1,1,"Ihr bietet der Frau damit an, dass sie vor euch bezahlen darf, obwohl eigentlich ihr als erster an der Reihe seid."
2114,subtitle,erster,0,PIS,ADJA,erster,erster,erst,erst,1,1,"Ihr bietet der Frau damit an, dass sie vor euch bezahlen darf, obwohl eigentlich ihr als erster an der Reihe seid."
2115,subtitle,ihn,0,PPER,PPER,ihn,ihn,er,er,1,1,"Wahrscheinlich haben sie ihn freigesprochen, also gesagt, dass er unschuldig ist."
2117,subtitle,mir,0,PPER,PPER,mir,mir,ich,ich,1,1,So you do anything you gesamte Schülerschaft war mir dankbar für die Verbesserung ihrer Noten.
2118,subtitle,Im,1,APPRART,ART,in,in,im,im,1,1,Im Allgemeinen ist es natürlich eine lästige Pflicht.
2118,subtitle,Allgemeinen,0,NN,NN,allgemein,allgemein,Allgemeine,Allgemeine,1,1,Im Allgemeinen ist es natürlich eine lästige Pflicht.
2120,subtitle,Am,1,APPRART,APPR,an,an,Am,Am,1,1,Am Sonntag schlaf ich aus.
2120,subtitle,schlaf,0,VVFIN,VVFIN,schlaf,schlaf,schlafen,schlafen,1,1,Am Sonntag schlaf ich aus.
2121,subtitle,dir,0,PPER,PPER,dir,dir,du,dir,1,1,Du lügst dir doch selbst was vor.
2124,subtitle,dir,0,PPER,PPER,dir,dir,du,dir,1,1,"Jetzt verstehe ich, warum dein Vater dir Hausarrest gegeben hat."
2125,subtitle,dich,0,PRF,PRF,dich,dich,du,du,1,1,"Ich rufe dich morgen früh an, dann laufen wir."
2128,subtitle,Keiner,1,PIS,PIS,keiner,keiner,kein,kein,1,1,Keiner hat Bock auf mich.
2128,subtitle,mich,0,PPER,PPER,mich,mich,ich,ich,1,1,Keiner hat Bock auf mich.
2129,subtitle,im,0,APPRART,ART,in,in,im,imen,1,1,"Jara, Fatima, wir schauen hier im Krankenhaus."
2131,subtitle,alle,0,PIAT,PIAT,aller,aller,alle,alle,1,1,"Nur für alle Fälle, wir haben jetzt etwas Wasser zum Kochen, Kompott."
2131,subtitle,zum,0,APPRART,ART,zu,zu,zum,zum,1,1,"Nur für alle Fälle, wir haben jetzt etwas Wasser zum Kochen, Kompott."
2136,subtitle,verdünnt,0,ADJD,VVPP,verdünnt,verdünnt,verdünnen,verdünnt,1,1,"Die sind dann insofern nicht traditionell, als dass sie nicht so stark runter verdünnt sind, aber die werden trotzdem als Homöopathika verkauft."
2136,subtitle,Homöopathika,0,NN,NN,Homöopathika,homöopathika,Homöopathikum,Homöopathikum,1,0,"Die sind dann insofern nicht traditionell, als dass sie nicht so stark runter verdünnt sind, aber die werden trotzdem als Homöopathika verkauft."
2137,subtitle,mich,0,PPER,PPER,mich,mich,ich,ich,1,1,Vor allem der Preis hat mich angesprochen.
2138,subtitle,fernzuhalten,0,VVIZU,VVIZU,fernhalten,fernzuhalten,fernhalten,fernhalten,1,1,"Darin wirft Italo der Deutschen Bahn eine, Zitat, vor, darauf ausgerichtet unliebsame Konkurrenz fernzuhalten."
2140,subtitle,zum,0,APPRART,ART,zu,zu,zum,zum,1,1,"Mit jedem Fall glaube ich mehr daran, dass die Ehe zum Scheitern verurteilt ist."
2142,subtitle,wärmeres,0,NN,ADJA,wärmerer,wärmerer,warm,warm,1,1,"Oh, das Es ist ein bisschen kühl und ich hatte sonst nichts wärmeres zum Anziehen."
2142,subtitle,zum,0,APPRART,APPR,zu,zu,zum,zum,1,1,"Oh, das Es ist ein bisschen kühl und ich hatte sonst nichts wärmeres zum Anziehen."
2144,subtitle,mich,0,PRF,PPER,sich,sich,ich,ich,1,1,Du kannst mich nicht für immer ignorieren!
2148,subtitle,ihr,0,PPER,PPER,ihr,ihr,sie,sie,1,1,Irgendwann werdet ihr das hier sehr bereuen.
2150,subtitle,gestochen,0,VVPP,VVPP,stochen,gestochen,stechen,stechen,1,1,"Daten speichert man darauf, indem an unterschiedlichen Stellen Löcher in die Karten gestochen werden."
2151,subtitle,im,0,APPRART,ART,in,in,im,im,1,1,"Nein, ich habe im Flugzeug genug gegessen."
2151,subtitle,gegessen,0,VVPP,VVPP,gegessen,gegessen,essen,essen,1,1,"Nein, ich habe im Flugzeug genug gegessen."
2154,subtitle,bitte,0,ADV,ADV,bitte,bitte,bitten,bitten,1,1,"Okay, aber bitte essen Sie genau dieses Stück."
2156,subtitle,verlinke,0,VVFIN,VVFIN,verlinken,verlinke,verlinken,verlinken,1,1,"Und ich verlinke euch ein Video von "" Terra X Lesch & Co""."
2156,subtitle,euch,0,PPER,PPER,euch,euch,ihr,ihr,1,1,"Und ich verlinke euch ein Video von "" Terra X Lesch & Co""."
2157,subtitle,verlinke,0,VVFIN,VVFIN,verlinken,verlinke,verlinken,verlinken,1,1,Ich verlinke sie unten in der Videobeschreibung.
2158,subtitle,ins,0,APPRART,ART,in,in,ecser,ins,1,0,Ich fahre jetzt ins Krankenhaus.
2159,subtitle,euch,0,PPER,PPER,euch,euch,ihr,ihr,1,1,"So, und was ist mit “ senken ”? Ihr könnt es euch bestimmt schon denken: “Senken” ist ein transitives Verb."
2159,subtitle,bestimmt,0,ADJD,ADV,bestimmen,bestimmen,bestimmt,bestimmt,1,1,"So, und was ist mit “ senken ”? Ihr könnt es euch bestimmt schon denken: “Senken” ist ein transitives Verb."
2159,subtitle,Senken,0,VVINF,NN,senken,senken,Senke,Senke,1,1,"So, und was ist mit “ senken ”? Ihr könnt es euch bestimmt schon denken: “Senken” ist ein transitives Verb."
2160,subtitle,gelobt,0,VVPP,VVPP,loben,loben,geloben,geloben,1,1,Ich wurde für meine gute Rechtschreibung gelobt.
2161,subtitle,Im,1,APPRART,ART,in,in,im,im,1,1,Im kollektiven Gedächtnis Europas haben Vulkane einen festen Platz als Verursacher gewaltiger Katastrophen.
2162,subtitle,Foodies,0,NN,NN,Foodies,foodies,Foodie,Foodie,1,0,Diese Foodies sind so viel für mich.
2162,subtitle,mich,0,PPER,PPER,mich,mich,ich,ich,1,1,Diese Foodies sind so viel für mich.
2164,subtitle,Im,1,APPRART,ART,in,in,im,im,1,1,"Im Anschluss an die Grundrechte folgt ein ganz besonderer Artikel im Grundgesetz: Artikel 20. Darin steht, dass Deutschland eine Demokratie ist."
2164,subtitle,Anschluss,0,NN,NN,Anschluss,anschluss,Anschluß,Anschluß,1,1,"Im Anschluss an die Grundrechte folgt ein ganz besonderer Artikel im Grundgesetz: Artikel 20. Darin steht, dass Deutschland eine Demokratie ist."
2164,subtitle,besonderer,0,ADJA,ADJA,besonderer,besonderer,besonder,besonder,1,1,"Im Anschluss an die Grundrechte folgt ein ganz besonderer Artikel im Grundgesetz: Artikel 20. Darin steht, dass Deutschland eine Demokratie ist."
2164,subtitle,im,0,APPRART,ART,in,in,im,im,1,1,"Im Anschluss an die Grundrechte folgt ein ganz besonderer Artikel im Grundgesetz: Artikel 20. Darin steht, dass Deutschland eine Demokratie ist."
2165,subtitle,dir,0,PPER,PPER,dir,dir,du,dir,1,1,Du hast dir gar nicht in die Hose gekackt?
2165,subtitle,gekackt,0,VVPP,VVPP,kacken,gekackt,kacken,kacken,1,1,Du hast dir gar nicht in die Hose gekackt?
2168,subtitle,alle,0,PIAT,PIS,aller,aller,alle,alle,1,1,Wir geraten ab und zu in dieselben Fallen wie alle anderen.
2171,subtitle,mich,0,PRF,PRF,mich,mich,ich,ich,1,1,Ich stürzte mich in die hektische Welt der Arbeit.
2173,subtitle,im,0,APPRART,ART,in,in,im,imen,1,1,So ist es im Bundesverfassungs- gerichtsgesetz geregelt.
2173,subtitle,Bundesverfassungs-,0,TRUNC,ADJA,Bundesverfassung,bundesverfassung,Bundesverfassungs-,Bundesverfassungs-,1,0,So ist es im Bundesverfassungs- gerichtsgesetz geregelt.
2174,subtitle,’s,0,ADV,PPER,’s,’s,'s,'s,0,0,"Dann sind wir quitt.” Hier geht’s um gegenseitige Hilfe oder um Gefallen, die man jemandem schuldet."
2174,subtitle,jemandem,0,PIS,PIS,jemand,jemand,jemande,jemand,1,1,"Dann sind wir quitt.” Hier geht’s um gegenseitige Hilfe oder um Gefallen, die man jemandem schuldet."
2176,subtitle,lass,0,VVFIN,VVFIN,lassn,lassen,laß,laß,1,1,Ganz ehrlich: Ich lass mich doch nicht für dumm verkaufen.“ Also: Sie lügt mich offensichtlich an. Das lasse ich mir nicht gefallen.
2176,subtitle,mich,0,PRF,PRF,sich,sich,ich,ich,1,1,Ganz ehrlich: Ich lass mich doch nicht für dumm verkaufen.“ Also: Sie lügt mich offensichtlich an. Das lasse ich mir nicht gefallen.
2176,subtitle,mich,0,PPER,PPER,mich,mich,ich,ich,1,1,Ganz ehrlich: Ich lass mich doch nicht für dumm verkaufen.“ Also: Sie lügt mich offensichtlich an. Das lasse ich mir nicht gefallen.
2176,subtitle,mir,0,PRF,PRF,sich,sich,ich,ich,1,1,Ganz ehrlich: Ich lass mich doch nicht für dumm verkaufen.“ Also: Sie lügt mich offensichtlich an. Das lasse ich mir nicht gefallen.
2181,subtitle,im,0,APPRART,ART,in,in,im,imen,1,1,A) wegen einer Kalenderreform in Bayern B) im September gibt es auch besseres Wetter.
2181,subtitle,besseres,0,ADJA,ADJA,bess,bess,gut,gut,1,1,A) wegen einer Kalenderreform in Bayern B) im September gibt es auch besseres Wetter.
2184,subtitle,einige,0,PIAT,PIAT,einiger,einiger,einige,einige,1,1,"Und natürlich müssen einige Dinge, die in den Beständen fehlen, ersetzt werden, damit Deutschland sie weiterhin hat."
2184,subtitle,Beständen,0,NN,NN,Beständ,beständ,Bestand,Bestand,0,1,"Und natürlich müssen einige Dinge, die in den Beständen fehlen, ersetzt werden, damit Deutschland sie weiterhin hat."
2187,subtitle,gibt's,0,VVFIN,VVFIN,gibt's,geben,gibte'n,gibten,1,0,"Schak, da gibt's wirklich was zum Dringer."
2187,subtitle,zum,0,APPRART,ART,zu,zu,zum,zum,1,1,"Schak, da gibt's wirklich was zum Dringer."
2188,subtitle,euch,0,PPER,PPER,euch,euch,ihr,ihr,1,1,"Jetzt würde ich gerne von euch wissen, wie ihr Tito seht."
2188,subtitle,ihr,0,PPOSAT,PPER,ihr,ihr,sie,sie,1,1,"Jetzt würde ich gerne von euch wissen, wie ihr Tito seht."
2191,subtitle,Zum,1,APPRART,ART,zu,zu,zum,zum,1,1,"Zum dritten Mal in dieser Amtszeit findet ein Protesttag unter dem Motto ""No kings"" statt."
2191,subtitle,dritten,0,ADJA,ADJA,dritter,dritter,dritt,dritt,1,1,"Zum dritten Mal in dieser Amtszeit findet ein Protesttag unter dem Motto ""No kings"" statt."
2195,subtitle,Synonymen,0,NN,NN,Synonymen,synonymen,Synonym,Synonym,1,1,"Bevor wir zu den formellen Synonymen kommen, schauen wir uns noch kurz zwei Ausdrücke an, die man oft benutzt, wenn man über Soldaten spricht."
2195,subtitle,uns,0,PRF,PRF,sich,sich,wir,wir,1,1,"Bevor wir zu den formellen Synonymen kommen, schauen wir uns noch kurz zwei Ausdrücke an, die man oft benutzt, wenn man über Soldaten spricht."
2198,subtitle,viele,0,PIAT,PIAT,vieler,vieler,viel,viel,1,1,"Und der Verlust unserer Weltrauminfrastruktur würde viele Technologien, auf die wir täglich angewiesen sind, bis in die 70er zurückwerfen."
2199,subtitle,Ihnen,0,PPER,PPER,ihnen,ihnen,Sie,Sie,1,1,Ich habe Ihnen hier auch dann die das ist auf Wikisource ist das alles zugänglich.
2200,subtitle,mich,0,PPER,PPER,mich,mich,ich,ich,1,1,"Lüg mich nie wieder an, Junge."
2201,subtitle,euch,0,PPER,PPER,euch,euch,ihr,ihr,1,1,"Den habe ich jetzt gemacht für euch, damit ihr seht, wie es gemacht wird."
2201,subtitle,ihr,0,PPER,PPER,ihr,ihr,sie,sie,1,1,"Den habe ich jetzt gemacht für euch, damit ihr seht, wie es gemacht wird."
2202,subtitle,weißt,0,VVFIN,VVFIN,weißt,wissen,weißen,weißen,1,1,"Ego, was habe ich nicht kapiert, aber Baby, das war damals ganz anders weißt du ich war Türstehmann kommst du rein?"
2206,subtitle,kalibrierte,0,ADJA,ADJA,kalibriert,kalibriert,kalibrieren,kalibrieren,1,1,"Sie kannten sich in ihrer Umgebung perfekt aus, hatten fine kalibrierte Sinne, und besaßen ein beeindruckendes Wissen über Pflanzen und Tiere."
2206,subtitle,besaßen,0,VVFIN,VVFIN,besefßen,besaßen,besitzen,besitzen,1,1,"Sie kannten sich in ihrer Umgebung perfekt aus, hatten fine kalibrierte Sinne, und besaßen ein beeindruckendes Wissen über Pflanzen und Tiere."
2206,subtitle,beeindruckendes,0,ADJA,ADJA,beeindruckend,beeindruckend,beeindruckendes,beeindruckend,1,1,"Sie kannten sich in ihrer Umgebung perfekt aus, hatten fine kalibrierte Sinne, und besaßen ein beeindruckendes Wissen über Pflanzen und Tiere."
2207,subtitle,bitte,0,ADV,VVFIN,bitte,bitte,bitten,bitten,1,1,"Habstand Bitte, bitte nicht mehr schlagen."
2210,subtitle,alle,0,PIAT,PIAT,aller,aller,alle,alle,1,1,Und alle drei ein großer Affront für Iran.
2212,subtitle,Alle,1,PIS,PIS,aller,aller,alle,alle,1,1,"Alle beschließen mit, jede Stimme wird gehört."
2213,subtitle,im,0,APPRART,ART,in,in,im,imen,1,1,"Die typischen Nomaden sind einfach da, wo es warm und wo es sonnig ist und im Winter in der Regel nicht mehr hier."
2215,subtitle,uns,0,PPER,PRF,sich,sich,wir,wir,1,1,Sehen wir uns diese Zahlen mal genauer an. Es gibt auf der Erde ungefähr 4.500 Städte oder Ballungsräume mit mindestens 100.000 Einwohnern.
2216,subtitle,uns,0,PPER,PPER,uns,uns,wir,wir,1,1,"Lass uns nach Hause gehen, hier werden wir nichts finden."
2217,subtitle,einiger,0,PIAT,PIAT,einiger,einiger,einige,einige,1,1,Vor einiger Zeit habe ich euch in einem Video ein paar Verben mit “holen” vorgestellt und die Unterschiede erklärt.
2217,subtitle,euch,0,PRF,PRF,euch,euch,ihr,ihr,1,1,Vor einiger Zeit habe ich euch in einem Video ein paar Verben mit “holen” vorgestellt und die Unterschiede erklärt.
2217,subtitle,Verben,0,NN,NN,Verbe,verbe,Verb,Verb,1,1,Vor einiger Zeit habe ich euch in einem Video ein paar Verben mit “holen” vorgestellt und die Unterschiede erklärt.
2221,subtitle,alle,0,PIAT,PIAT,aller,aller,alle,alle,1,1,"Jeder Kerl, den ich gefragt habe, bildet sich ein, dass alle Frauen ganz wild drauf sind, sein Sperm als gute Nachttrunke in sich reinzukippen."
2221,subtitle,Nachttrunke,0,NN,NN,Nachttrunke,nachttrunke,Nachttrunk,Nachttrunk,1,1,"Jeder Kerl, den ich gefragt habe, bildet sich ein, dass alle Frauen ganz wild drauf sind, sein Sperm als gute Nachttrunke in sich reinzukippen."
2221,subtitle,reinzukippen,0,NN,VVIZU,Reinzukippe,reinzukippe,reinkippen,reinkippen,0,1,"Jeder Kerl, den ich gefragt habe, bildet sich ein, dass alle Frauen ganz wild drauf sind, sein Sperm als gute Nachttrunke in sich reinzukippen."
2222,subtitle,Ihnen,0,PPER,PPER,ihnen,ihnen,Sie,Sie,1,1,"Mit Ihnen können wir berechnen, ob wir in einem Geschäftsjahr einen Gewinn oder einen Verlust gemacht haben."
2223,subtitle,Macht,1,NN,VVFIN,Macht,macht,machen,machen,1,1,Macht das auf keinen Fall selbst.
2224,subtitle,Deutschlernerinnen,0,NN,NN,Deutschlernerinnen,deutschlernerinnen,Deutschlernerin,Deutschlernerin,1,1,"Die IDO vereinigt Deutschlernerinnen und Deutschlerner auf der ganzen Welt mit einer gemeinsamen Aufgabe, nämlich quasi wie bei einer Olympiade sich im Deutschen zu testen."
2224,subtitle,im,0,APPRART,ART,in,in,im,imen,1,1,"Die IDO vereinigt Deutschlernerinnen und Deutschlerner auf der ganzen Welt mit einer gemeinsamen Aufgabe, nämlich quasi wie bei einer Olympiade sich im Deutschen zu testen."
2224,subtitle,Deutschen,0,NN,NN,deutsche,deutsche,deutsch,Deutsche,1,1,"Die IDO vereinigt Deutschlernerinnen und Deutschlerner auf der ganzen Welt mit einer gemeinsamen Aufgabe, nämlich quasi wie bei einer Olympiade sich im Deutschen zu testen."
2225,subtitle,im,0,APPRART,ART,in,in,im,imen,1,1,Zumindest solange sich die Äußerungen im Rahmen unserer Gesetze bewegen.
2226,subtitle,38-Jährige,0,NN,NN,38-Jährige,38-jährige,38-Jähriger,38-Jähriger,1,1,"Bei einer Verkehrskontrolle wurde der 38-Jährige dabei beobachtet, wie er versuchte, sich unbemerkt einer Zigarettenschachtel zu entledigen."
2227,subtitle,im,0,APPRART,ART,in,in,im,im,1,1,Neulich habe ich vier Stunden im Wartezimmer gesessen!” Man muss dort also sehr lange warten.
2228,subtitle,ihr,0,PPER,PPER,ihr,ihr,sie,sie,1,1,Da schreibt ihr oft: Kannst du darüber nicht mal ein Video machen?
2229,subtitle,ihnen,0,PPER,PPER,ihnen,ihnen,sie,sie,1,1,Allein in Berlin lassen sich mehr als 300.000 von ihnen nieder.
2230,subtitle,ge-,0,TRUNC,$(,ge,ge,ge-,ge-,1,0,"Für das Hochdeutsche lautet jedoch die Regel: Das Partizip 2 des Hilfsverbs ""werden"" spart sich ein ge- und heißt ""worden""."
2232,subtitle,beim,0,APPRART,ART,bei,bei,beim,bei,1,1,"Damit sind wir beim dritten Punkt, der ist besonders heikel."
2232,subtitle,dritten,0,ADJA,ADJA,dritter,dritter,dritt,dritt,1,1,"Damit sind wir beim dritten Punkt, der ist besonders heikel."
2233,subtitle,Jemen,0,NN,NE,Jem,jem,Jemen,Jemen,1,1,Saudi-Arabien grenzt direkt an den Jemen an. Die große Sorge ist: Feindliche Mächte könnten sich hier etablieren und Saudi-Arabien angreifen.
2233,subtitle,Mächte,0,NN,NN,Mächt,mächt,Macht,Macht,0,1,Saudi-Arabien grenzt direkt an den Jemen an. Die große Sorge ist: Feindliche Mächte könnten sich hier etablieren und Saudi-Arabien angreifen.
2234,subtitle,Dass,1,KOUS,KOUS,dass,dass,daß,daß,1,1,Dass Donald Trump einfach im Weißen Haus bleiben würde.
2234,subtitle,im,0,APPRART,ART,in,in,im,imen,1,1,Dass Donald Trump einfach im Weißen Haus bleiben würde.
2238,subtitle,domestizierte,0,ADJA,ADJA,domestiziert,domestiziert,domestizieren,domestizieren,1,1,"Das waren v.a. domestizierte Tiere, also Rinder, Schafe, Ziegen, Schweine."
2239,subtitle,mich,0,PPER,PPER,mich,mich,ich,ich,1,1,Das freut mich besonders bei den vielen Hörspiele die es auch auf Bookbeat gibt.
2239,subtitle,vielen,0,PIAT,PIAT,vieler,vieler,viel,viel,1,1,Das freut mich besonders bei den vielen Hörspiele die es auch auf Bookbeat gibt.
2243,subtitle,ins,0,APPRART,ART,in,in,ecser,ins,1,0,Ihr müsst sofort ins Krankenhaus kommen.
2247,subtitle,einiger,0,PIAT,PIAT,einiger,einiger,einige,einige,1,1,"Zumindest von den Sanktionen, die vor einiger Zeit in Kraft traten."
2249,subtitle,dich,0,PPER,PPER,dich,dich,du,du,1,1,Ohne dich hätte ich die Prüfung nicht bestanden.
2250,subtitle,Dass,1,KOUS,KOUS,dass,dass,daß,daß,1,1,"Dass die Cybersicherheit gestärkt wird, es schnelles Internet gibt und die Netzneutralität gewahrt bleibt."
2250,subtitle,gewahrt,0,VVPP,VVPP,wahren,wahren,gewahrt,gewahren,1,1,"Dass die Cybersicherheit gestärkt wird, es schnelles Internet gibt und die Netzneutralität gewahrt bleibt."
2251,subtitle,ihr,0,PPER,PPER,ihr,ihr,sie,sie,1,1,Da findet ihr eine Playlist und direkt darunter gibt’s ein weiteres Video zu einem anderen spannenden Thema.
2251,subtitle,’s,0,NN,PPER,’s,’s,'s,'s,0,0,Da findet ihr eine Playlist und direkt darunter gibt’s ein weiteres Video zu einem anderen spannenden Thema.
2252,subtitle,im,0,APPRART,ART,in,in,im,im,1,1,So war es auch schon im April.
2257,subtitle,Bitte,1,ADV,ADV,bitte,bitte,bitten,Bitte,1,1,"Bitte kommen Sie mit, der Prozess geht weiter."
2257,subtitle,Prozess,0,NN,NN,Prozess,prozess,Prozeß,Prozeß,1,1,"Bitte kommen Sie mit, der Prozess geht weiter."
2259,subtitle,zum,0,APPRART,ART,zu,zu,zum,zum,1,1,"Wenn man zum Beispiel am Computer sitzt und etwas einfach nicht funktioniert, egal, was man versucht."
2259,subtitle,am,0,APPRART,ART,an,an,am,am,1,1,"Wenn man zum Beispiel am Computer sitzt und etwas einfach nicht funktioniert, egal, was man versucht."
2261,subtitle,zelebriert,0,VVPP,VVPP,zelebrieren,zelebriert,zelebrieren,zelebrieren,1,1,"Genau, inklusive Adresse, Geburtstag natürlich auch, weil das wird auch immer groß zelebriert."
2262,subtitle,dir,0,PPER,PPER,dir,dir,du,dir,1,1,"Ich bin hier, um dir zu gratulieren."
2263,subtitle,mir,0,PPER,PPER,mir,mir,ich,ich,1,1,"Ja, geh mir aus den Augen."
2265,subtitle,beim,0,APPRART,ART,bei,bei,beim,bei,1,1,"Wie beim Radio und beim Kino, geht die Entwicklung des Fernsehens auch im 19. Jahrhundert los."
2265,subtitle,beim,0,APPRART,ART,bei,bei,beim,bei,1,1,"Wie beim Radio und beim Kino, geht die Entwicklung des Fernsehens auch im 19. Jahrhundert los."
2265,subtitle,im,0,APPRART,ART,in,in,im,im,1,1,"Wie beim Radio und beim Kino, geht die Entwicklung des Fernsehens auch im 19. Jahrhundert los."
2267,subtitle,was,0,PRELS,PWS,wer,wer,was,was,1,1,"Wenn man jemanden in Verlegenheit bringt, dann sagt man etwas, was für eine andere Person peinlich oder unangenehm ist."
2268,subtitle,einige,0,PIAT,PIAT,einiger,einiger,einige,einige,1,1,Aber es gab zumindest einige weitere Optionen.
2270,subtitle,im,0,APPRART,ART,in,in,im,imen,1,1,"""Bürgerbewegung"" ist die Partei des ehemaligen Betriebsratschefs von Porsche, Uwe Hück, der auch mal Europameister im Thaiboxen war."
2275,subtitle,zum,0,APPRART,ART,zu,zu,zum,zum,1,1,Dankeschön und bis zum nächsten Mal!
2275,subtitle,nächsten,0,ADJA,ADJA,nächster,nächster,nah,nah,1,1,Dankeschön und bis zum nächsten Mal!
2276,subtitle,uns,0,PRF,PRF,sich,sich,wir,wir,1,1,"Bevor wir uns mit dem Hambacher Fest beschäftigen, erkläre ich euch erst mal, wie sich damals die große Weltlage darstellt."
2276,subtitle,euch,0,PRF,PPER,euch,euch,ihr,ihr,1,1,"Bevor wir uns mit dem Hambacher Fest beschäftigen, erkläre ich euch erst mal, wie sich damals die große Weltlage darstellt."
2277,subtitle,vom,0,APPRART,ART,von,von,vom,vom,1,1,"Da merkt man mal wieder, dass wir vom Affen abstammen."
2277,subtitle,Affen,0,NN,NN,affen,affen,Affe,Affe,1,1,"Da merkt man mal wieder, dass wir vom Affen abstammen."
2278,subtitle,Grossteil,0,NN,NN,Grossteil,grossteil,Großteil,Großteil,1,1,Ein Grossteil der Lieferungen stammt aus Venezuela.
2281,subtitle,ihr,0,PPER,PPER,ihr,ihr,sie,sie,1,1,Könnt ihr mir paar Pringles mitbringen?
2281,subtitle,mir,0,PPER,PPER,mir,mir,ich,ich,1,1,Könnt ihr mir paar Pringles mitbringen?
2282,subtitle,bestätigte,0,ADJA,ADJA,bestätigt,bestätigt,bestätigen,bestätigen,1,1,"Rund 250 bestätigte Fälle weltweit, steht hier."
2283,subtitle,einigen,0,PIAT,PIAT,einiger,einiger,einige,einige,1,1,"In einem Interview mit Table Media hat Ramelow vor einigen Wochen gesagt, er persönlich habe, Zitat: ""null Bock auf Minderheitsregierung""."
2284,subtitle,Ihm,1,PPER,PPER,ihm,ihm,er,er,1,1,"Ihm war es wichtiger auszusuchen, welche hübsche, junge FDJlerin neben ihm sitzt."
2284,subtitle,auszusuchen,0,VVIZU,VVIZU,auszusuchen,auszusuchen,aussuchen,aussuchen,1,1,"Ihm war es wichtiger auszusuchen, welche hübsche, junge FDJlerin neben ihm sitzt."
2284,subtitle,ihm,0,PPER,PPER,ihm,ihm,er,er,1,1,"Ihm war es wichtiger auszusuchen, welche hübsche, junge FDJlerin neben ihm sitzt."
2287,subtitle,mir,0,PPER,PPER,mir,mir,ich,ich,1,1,"Ich hoffe, dass Marie in den Park kommt, um mit mir zu reden."
2288,subtitle,verabschieden,0,VVINF,VVINF,verabschieden,verabschieden,verabscheiden,verabschieden,1,1,"Man könnte sagen, das wird übernommen, hie und da geändert, dann kann die Regierung das Gesetz verabschieden."
2293,subtitle,Im,0,APPRART,ART,in,in,im,im,1,1,"Zitat: Im Fußball würde man dazu sagen: in den Farben getrennt, in der Sache vereint."
2294,subtitle,Im,1,APPRART,ART,in,in,im,im,1,1,Im Prozess sagt er zunächst nichts.
2294,subtitle,Prozess,0,NN,NN,Prozess,prozess,Prozeß,Prozeß,1,1,Im Prozess sagt er zunächst nichts.
2295,subtitle,müsste,0,VMFIN,VMFIN,müssten,müsste,müssen,müssen,1,1,"Vorher hatte man immer damit argumentiert, die Bundesrepublik Deutschland sei Nachfolger des Naziregimes und müsste die Kosten übernehmen."
2297,subtitle,meine,0,VVFIN,PPER,meinen,meinen,mein,meinen,1,1,"Mm. Verstehst du, was ich meine? (JP spricht in Zungen)."
2302,subtitle,mich,0,PPER,PPER,sich,sich,ich,ich,1,1,"I tell you he's darauf aus, mich zu töten."
2303,subtitle,im,0,APPRART,ART,in,in,im,im,1,1,Das “aber” lässt diese Aufforderung im Gespräch sehr natürlich klingen.
2306,subtitle,Abgeordneten,0,NN,NN,abgeordneter,abgeordneter,Abgeordnete,Abgeordnete,1,1,Die Abgeordneten werden alle vier Jahre gewählt und bilden den Deutschen Bundestag.
2306,subtitle,alle,0,PIAT,PIAT,aller,aller,alle,alle,1,1,Die Abgeordneten werden alle vier Jahre gewählt und bilden den Deutschen Bundestag.
2310,subtitle,euch,0,PPER,PPER,euch,euch,ihr,ihr,1,1,"Ich hab euch dieses ""Project 2025"" unten in der Infobox verlinkt, da erfahrt ihr dann mehr darüber."
2310,subtitle,verlinkt,0,VVPP,VVPP,verlinken,verlinkt,verlinken,verlinken,1,1,"Ich hab euch dieses ""Project 2025"" unten in der Infobox verlinkt, da erfahrt ihr dann mehr darüber."
2310,subtitle,ihr,0,PPER,PPER,ihr,ihr,sie,sie,1,1,"Ich hab euch dieses ""Project 2025"" unten in der Infobox verlinkt, da erfahrt ihr dann mehr darüber."
2312,subtitle,uns,0,PPER,PPER,uns,uns,wir,wir,1,1,Lasst uns mit dem hinteren Teil des Kopfes anfangen.
2312,subtitle,hinteren,0,ADJA,ADJA,hinterer,hinterer,hinter,hinter,1,1,Lasst uns mit dem hinteren Teil des Kopfes anfangen.
2318,subtitle,Ihnen,0,PPER,PPER,ihnen,ihnen,Sie,Sie,1,1,Sie wird Ihnen keine Vorwürfe machen.
2319,subtitle,überzeugt,0,VVFIN,VVFIN,überzeugen,überzeugen,überzeugt,überzeugt,1,1,"Also diese Argumentation überzeugt mich jetzt überhaupt nicht, denn Bewegungsmangel hat auch kein typisches Krankheitsbild, sondern begünstigt eine ganze Vielzahl von Krankheiten."
2319,subtitle,mich,0,PPER,PPER,mich,mich,ich,ich,1,1,"Also diese Argumentation überzeugt mich jetzt überhaupt nicht, denn Bewegungsmangel hat auch kein typisches Krankheitsbild, sondern begünstigt eine ganze Vielzahl von Krankheiten."
2326,subtitle,am,0,APPRART,ART,an,an,am,am,1,1,"Die Kommunikationsbranche wäre vermutlich betroffen, Satelliten würden ausfallen durch den Ruß u.v.m. Flugzeuge müssen für Monate oder Jahre am Boden bleiben."
2327,subtitle,ihr,0,PPER,PPER,ihr,ihr,sie,sie,1,1,"Könnt ihr euch noch erinnern, dass ich als Kind immer einen anderen Berufswunsch hatte?"
2327,subtitle,euch,0,PRF,PPER,euch,euch,ihr,ihr,1,1,"Könnt ihr euch noch erinnern, dass ich als Kind immer einen anderen Berufswunsch hatte?"
2329,subtitle,ähh,0,PIS,VVFIN,ähh,ähh,ähhen,ähh,1,0,"Wir ähh, wir sind Freunde von Mario."
2331,subtitle,Umfragewerte,0,NN,NN,Umfragewerte,umfragewerte,Umfragewert,Umfragewert,1,1,Die Umfragewerte der Grünen sehen zwar momentan nicht ganz so rosig aus wie vor zwei oder drei Monaten.
2332,subtitle,Am,1,APPRART,APPR,an,an,Am,Am,1,1,Am 22. Februar werden die schlicht ausgebildeten biesischen und indischen Truppen zersprengt und flüchten.
2333,subtitle,oberste,0,ADJA,ADJA,oberer,oberer,ober,ober,1,1,"Das Malerkrepp verhindert ein Verlaufen des Bohrers, sodass die oberste Schicht bald durchdrungen ist."
2333,subtitle,durchdrungen,0,VVPP,VVPP,durchdrung,durchdrungen,durchdringen,durchdringen,1,1,"Das Malerkrepp verhindert ein Verlaufen des Bohrers, sodass die oberste Schicht bald durchdrungen ist."
2335,subtitle,regulierten,0,ADJA,ADJA,reguliert,reguliert,regulieren,regulieren,1,1,"Ja, Lufthansa rechnet damit, ab Samstag wieder einen weitgehend regulierten Flugplan anbieten zu können."
2336,subtitle,Schusswaffen,0,NN,NN,Schusswaffen,schusswaffen,Schußwaffe,Schußwaffe,1,1,Ein einmaliger Fall in der Geschichte der Schusswaffen.
2337,subtitle,meisten,0,PIS,PIS,meister,meister,meist,meist,1,1,Die meisten davon haben viele unterschiedliche Bedeutungen.
2337,subtitle,viele,0,PIAT,PIAT,vieler,vieler,viel,viel,1,1,Die meisten davon haben viele unterschiedliche Bedeutungen.
2341,subtitle,Mails,0,NN,NN,Mail,mail,Mails,Mails,1,1,"Damit sind wir bei Kritikpunkt Nummer eins: Klar, es ist ziemlich praktisch, wenn alles aus einer Hand kommt: Videos, Mails, Cloudspeicher und so weiter."
2344,subtitle,Am,1,APPRART,APPR,an,an,Am,Am,1,1,Am Ende kommt man auf ein Gesamtergebnis.
2345,subtitle,dich,0,PPER,PPER,dich,dich,du,du,1,1,"Es ist eine Plattform geworden, die dich aktiv in ein bestimmtes Nutzungsverhalten lenken will."
2345,subtitle,Nutzungsverhalten,0,NN,NN,Nutzungsverhalt,nutzungsverhalt,Nutzungsverhalten,Nutzungsverhalten,0,1,"Es ist eine Plattform geworden, die dich aktiv in ein bestimmtes Nutzungsverhalten lenken will."
2346,subtitle,Bakterien,0,NN,NN,Bakterie,bakterie,Bakterium,Bakterie,1,1,Weil die ja nur gegen Bakterien helfen.
2347,subtitle,im,0,APPRART,ART,in,in,im,imen,1,1,"Auch im Westen, in der Bundesrepublik konnte man das beobachten."
2352,subtitle,ins,0,APPRART,APPR,in,in,ins,ins,1,1,Du kommst für mindestens 30 Jahre ins Gefängnis.
2354,subtitle,mir,0,PPER,PPER,mir,mir,ich,ich,1,1,Ja. Ja. Mein Papa hat es mir beigebracht.
2355,subtitle,Russland,0,NN,NE,Russland,russland,Rußland,Rußland,1,1,Aber genau hier fangen die Probleme an. Bei Russland.
2358,subtitle,ihm,0,PPER,PPER,ihm,ihm,er,er,1,1,"Ich hoffe, das hilft ihm."
2360,subtitle,uns,0,PPER,PPER,uns,uns,wir,wir,1,1,Lass Dich nie wieder bei uns blicken.
2362,subtitle,weniger,0,PIAT,PIAT,weniger,weniger,wenig,wenig,1,1,"Immer weniger Menschen im Ausland wollen deutsche Autos kaufen, weil sie so teuer sind."
2362,subtitle,im,0,APPRART,ART,in,in,im,im,1,1,"Immer weniger Menschen im Ausland wollen deutsche Autos kaufen, weil sie so teuer sind."
2363,subtitle,dich,0,PPER,PPER,dich,dich,du,du,1,1,"Hat sich dieser Verdacht einmal festgesetzt, könnte dich schon die bloße Angst vor Gesundheitsschäden durch schwache Strahlung krank machen."
2366,subtitle,Escobars,0,NN,NE,Escobar,escobar,Escobars,Escobars,1,1,"Tatsächlich sind Escobars Aktionen so alltäglich, dass man sagen kann: Täglich explodieren Bomben."
2369,subtitle,warst,0,VVFIN,VAFIN,warn,warst,sein,sein,1,1,Du warst gestern bei einer Therapeutin.
2371,subtitle,ihr,0,PPER,PPER,ihr,ihr,sie,sie,1,1,"Also, wenn ihr euch oft müde fühlt, ich fürchte, der Osterhase hat euch zu oft gepeitscht."
2371,subtitle,euch,0,PPER,PPER,euch,euch,ihr,ihr,1,1,"Also, wenn ihr euch oft müde fühlt, ich fürchte, der Osterhase hat euch zu oft gepeitscht."
2371,subtitle,euch,0,PPER,PPER,euch,euch,ihr,ihr,1,1,"Also, wenn ihr euch oft müde fühlt, ich fürchte, der Osterhase hat euch zu oft gepeitscht."
2372,subtitle,Kohlenstoffketten,0,NN,NN,Kohlenstoffkett,kohlenstoffkett,Kohlenstoffkette,Kohlenstoffkette,0,1,Allerdings nimmt gleichzeitig die Wasserlöslichkeit in die Richtung ab. Denn solche Kohlenstoffketten verstehen sich nicht gut mit Wasser.
2374,subtitle,Danke,1,NN,PTKANT,Danke,danke,Dank,Dank,1,1,Danke für eure Meinungen und fürs Zuschauen.
2374,subtitle,eure,0,PPOSAT,PPOSAT,eur,eur,euer,euer,1,1,Danke für eure Meinungen und fürs Zuschauen.
2374,subtitle,fürs,0,APPRART,ART,für,für,fürser,für,1,0,Danke für eure Meinungen und fürs Zuschauen.
2374,subtitle,Zuschauen,0,NN,NN,Zuschauen,Zuschauen,Zuschaue,Zuschauen,1,1,Danke für eure Meinungen und fürs Zuschauen.
2376,subtitle,mich,0,PPER,PRF,mich,mich,ich,ich,1,1,"Ich traue es mich fast nicht zu fragen, aber tätowiert er noch?"
2377,subtitle,Nackthunde,0,NN,NN,Nackthunde,nackthunde,Nackthund,Nackthund,1,1,"Wer kommt auf die Idee, Selbstbräuner auf mexikanische Nackthunde zu tun?"
2378,subtitle,uns,0,PPER,PPER,uns,uns,wir,wir,1,1,"Wer sagt uns denn, dass ihr uns nicht beschissen habt? dass ihr mir nicht vertraut ist."
2378,subtitle,ihr,0,PPER,PPER,ihr,ihr,sie,sie,1,1,"Wer sagt uns denn, dass ihr uns nicht beschissen habt? dass ihr mir nicht vertraut ist."
2378,subtitle,uns,0,PPER,PPER,uns,uns,wir,wir,1,1,"Wer sagt uns denn, dass ihr uns nicht beschissen habt? dass ihr mir nicht vertraut ist."
2378,subtitle,beschissen,0,VVPP,VVPP,beschissen,beschissen,bescheißen,bescheißen,1,1,"Wer sagt uns denn, dass ihr uns nicht beschissen habt? dass ihr mir nicht vertraut ist."
2378,subtitle,ihr,0,PPER,PPER,ihr,ihr,sie,sie,1,1,"Wer sagt uns denn, dass ihr uns nicht beschissen habt? dass ihr mir nicht vertraut ist."
2378,subtitle,mir,0,PRF,PPER,mir,mir,ich,ich,1,1,"Wer sagt uns denn, dass ihr uns nicht beschissen habt? dass ihr mir nicht vertraut ist."
2381,subtitle,ihm,0,PPER,PPER,ihm,ihm,er,er,1,1,Aber ich werde mit ihm sprechen.
2384,subtitle,Leerzeichen,0,NN,NN,Leerzeich,leerzeich,Leerzeichen,Leerzeichen,0,1,"Er wird immer von zwei Leerzeichen umschlossen, außer es folgt ein Doppelpunkt oder ein Komma."
2384,subtitle,umschlossen,0,ADJD,VVPP,umschlossen,umschlossen,umschließen,umschließen,1,1,"Er wird immer von zwei Leerzeichen umschlossen, außer es folgt ein Doppelpunkt oder ein Komma."
2387,subtitle,dir,0,PPER,PRF,dir,dir,du,dir,1,1,Das glaube ich dir nicht!
2388,subtitle,ihm,0,PPER,PPER,ihm,ihm,er,er,1,1,"Hallo, das habe ich ihm gerade klar gemacht."
2390,subtitle,eins,0,PIS,ADV,einer,einer,ein,ein,1,1,Wenn es überhaupt eins gibt.
2393,subtitle,öfter,0,ADV,ADV,öfter,öfter,oft,oft,1,1,"Aber ich habe vor, öfter herzukommen."
2393,subtitle,herzukommen,0,VVIZU,VVIZU,herzukommen,herzukommen,herkommen,herkommen,1,1,"Aber ich habe vor, öfter herzukommen."
2397,subtitle,besondere,0,ADJA,ADJA,besonderer,besonderer,besonder,besonder,1,1,"Sie hat eine besondere Eigenschaft, die man nicht so leicht beschreiben kann."
2399,subtitle,dich,0,PPER,PPER,dich,dich,du,du,1,1,"Ja, ich habe eine Überraschung für dich."
2402,subtitle,Kampfzonen,0,NN,NN,Kampfzon,kampfzon,Kampfzone,Kampfzone,0,1,Die Flüssigkeit transportiert einen stillen Killer in die Kampfzonen: Millionen Komplementproteine.
2402,subtitle,Komplementproteine,0,NN,NN,Komplementproteine,komplementproteine,Komplementprotein,Komplementprotein,1,1,Die Flüssigkeit transportiert einen stillen Killer in die Kampfzonen: Millionen Komplementproteine.
2406,subtitle,schlafe,0,VVFIN,VVFIN,schlafe,schlafe,schlafen,schlafen,1,1,Ja. Und dann schlafe ich erst mal.
2407,subtitle,mir,0,PPER,PPER,mir,mir,ich,ich,1,1,"Wenn es mir nicht möglich ist, gerade in dem Moment eine größere Antenne aufzubauen oder die Informationen relativ schnell an die Operationszentrale weitergegeben werden müssen."
2407,subtitle,Operationszentrale,0,NN,NN,Operationszentral,operationszentral,Operationszentrale,Operationszentrale,1,1,"Wenn es mir nicht möglich ist, gerade in dem Moment eine größere Antenne aufzubauen oder die Informationen relativ schnell an die Operationszentrale weitergegeben werden müssen."
2411,subtitle,anlässlich,0,ADJD,ADJD,anlässlich,anlässlich,anläßlich,anläßlich,1,1,"Das können wir auch daran sehen, dass ""anlässlich"" von dem Nomen ""der Anlass"" kommt."
2411,subtitle,Anlass,0,NN,NN,Anlass,anlass,Anlaß,Anlaß,1,1,"Das können wir auch daran sehen, dass ""anlässlich"" von dem Nomen ""der Anlass"" kommt."
2413,subtitle,Verkehrs,0,NN,NN,Verkehrs,verkehrs,Verkehr,Verkehr,1,1,Ich fahren Sie ein Verkehrs Bravo Einheit hier zentrale.
2413,subtitle,zentrale,0,ADJA,NN,zentrale,zentrale,zentral,zentral,1,1,Ich fahren Sie ein Verkehrs Bravo Einheit hier zentrale.
2414,subtitle,beiseitegeschoben,0,VVPP,VVPP,beiseitegeschoben,beiseitegeschoben,beiseiteschieben,beiseiteschieben,1,1,"Da sagen Experten, das Thema Rechtsextremismus wurde beiseitegeschoben und so konnten die Rechtsextremen ihre Strukturen stärken."
2416,subtitle,ihr,0,PPER,PPER,ihr,ihr,sie,sie,1,1,"Welcher Zahnarzt Notdienst hat, erfahrt ihr im Internet."
2416,subtitle,im,0,APPRART,ART,in,in,im,im,1,1,"Welcher Zahnarzt Notdienst hat, erfahrt ihr im Internet."
2417,subtitle,mich,0,PPER,PPER,mich,mich,ich,ich,1,1,Return soll sich wieder in mich verlieben.
2418,subtitle,Passwort,0,NN,NN,Passwort,passwort,Paßwort,Paßwort,1,1,Sie bekommen einen Brief mit Passwort.
2419,subtitle,alle,0,PIAT,PIS,aller,aller,alle,alle,1,1,Auf dem freien Markt sind alle Auf dem freien Markt sind alle Teilnehmer frei.
2419,subtitle,alle,0,PIAT,PIAT,aller,aller,alle,alle,1,1,Auf dem freien Markt sind alle Auf dem freien Markt sind alle Teilnehmer frei.
2421,subtitle,ersten,0,ADJA,ADJA,erster,erster,erst,erst,1,1,"Auf Basis einer ersten Medical List, also einer Liste mit verbotenen Substanzen und Methoden, die das Internationale Olympische Komitee schon 1967 erstellt hat."
2422,subtitle,Im,1,APPRART,ART,in,in,im,im,1,1,"Im besten Fall gibt es kleinere lokale Konflikte, kleine Attacken, im schlechtesten Fall könnte es eine Art Flächenbrand geben."
2422,subtitle,im,0,APPRART,ART,in,in,im,imen,1,1,"Im besten Fall gibt es kleinere lokale Konflikte, kleine Attacken, im schlechtesten Fall könnte es eine Art Flächenbrand geben."
2424,subtitle,wird's,0,VAFIN,VAFIN,wird's,wird's,werd'en,wird'ss,0,0,"Wenn der Fisch kommt, wird's auch wieder spannender."
2426,subtitle,bräuchte,0,VVFIN,VVFIN,bräuchte,bräuchte,brauchen,brauchen,1,1,"Denn dafür bräuchte man erst mal Geld, um Spieler zu kaufen."
2427,subtitle,ihr,0,PPER,PPER,ihr,ihr,sie,sie,1,1,"Bald lacht ihr mich nicht mehr, wenn ich Sexback habe."
2427,subtitle,mich,0,PPER,PPER,mich,mich,ich,ich,1,1,"Bald lacht ihr mich nicht mehr, wenn ich Sexback habe."
2428,subtitle,mich,0,PPER,PPER,mich,mich,ich,ich,1,1,Dann hat mich das schon eine Weile beschäftigt.
2429,subtitle,eine,0,PIS,PIS,einer,einer,ein,ein,1,1,Die Verbindung unserer jeweiligen Strom- oder Energiesysteme ist sicherlich eine der zukünftigen Aufgaben in Europa und Fortschritte sind dort erzielt worden.
2434,subtitle,Zum,1,APPRART,ART,zu,zu,zum,zum,1,1,"Zum Beispiel, wenn man eine Bindung zu Menschen aus der gleichen Region aufbauen will oder bei der Identitätsbildung."
2435,subtitle,zum,0,APPRART,ART,zu,zu,zum,zum,1,1,Nick Gorki fährt heute zum Ground Zero.
2440,subtitle,nächsten,0,ADJA,ADJA,nächster,nächster,nah,nah,1,1,Kommen wir nun zu unserem nächsten alltäglichen Verb: “etwas erklären”.
2443,subtitle,im,0,APPRART,ART,in,in,im,im,1,1,Die UV-Strahlung liegt im elektromagnetischen Spektrum neben dem sichtbaren Licht.
2444,subtitle,beim,0,APPRART,ART,bei,bei,beim,bei,1,1,"Damit sind wir beim ersten Punkt, wie Donald Trump zurückkommen könnte."
2444,subtitle,ersten,0,ADJA,ADJA,erster,erster,erst,erst,1,1,"Damit sind wir beim ersten Punkt, wie Donald Trump zurückkommen könnte."
2445,subtitle,zur,0,APPRART,APPR,zu,zu,zur,zu,1,1,"Eine Richterin, ein Richter in Deutschland gehört zur Judikative."
2447,subtitle,ihn,0,PPER,PPER,ihn,ihn,er,er,1,1,"Also: Weil sie ihn liebte, zog sie nach Hamburg."
2449,subtitle,dich,0,PRF,PRF,dich,dich,du,du,1,1,"Baba, ich muss dich etwas fragen."
2452,subtitle,gibt's,0,VVFIN,VVFIN,gibt'sn,geben,gibte'n,gibten,1,0,Jetzt gibt's ein Video dazu.
2453,subtitle,Gezeitenkräfte,0,NN,NN,Gezeitenkräft,gezeitenkräft,Gezeitenkraft,Gezeitenkraft,0,1,Deine Zellen würden durch seine gewaltigen Gezeitenkräfte auseinandergerissen werden und das Schwarze Loch würde dich verschlingen bevor du es überhaupt merkst.
2453,subtitle,auseinandergerissen,0,VVPP,VVPP,auseinandergerissen,auseinandergerissen,auseinanderreißen,auseinanderreißen,1,1,Deine Zellen würden durch seine gewaltigen Gezeitenkräfte auseinandergerissen werden und das Schwarze Loch würde dich verschlingen bevor du es überhaupt merkst.
2453,subtitle,dich,0,PRF,PPER,dich,dich,du,du,1,1,Deine Zellen würden durch seine gewaltigen Gezeitenkräfte auseinandergerissen werden und das Schwarze Loch würde dich verschlingen bevor du es überhaupt merkst.
2459,subtitle,Mystische,1,ADJA,ADJA,Mystische,mystische,mystisch,mystisch,1,1,"Mystische Zither-Musik Radfahrer Reinder hat schon einiges durchgemacht: Insolvenz, Krebserkrankung, aber er hat nie aufgegeben."
2460,subtitle,zum,0,APPRART,ART,zu,zu,zum,zum,1,1,So ist es zum Beispiel bei “sprechen von” und “sprechen über”.
2461,subtitle,am,0,APPRART,ART,an,an,am,am,1,1,"Man fährt irgendwo über die Autobahn, egal ob am Steuer oder hinten oder auf dem Beifahrersitz."
2464,subtitle,zum,0,APPRART,ART,zu,zu,zum,zum,1,1,Es gibt auf meinem Kanal übrigens noch ein Video zum Thema Prüfungsvorbereitung.
2465,subtitle,zweite,0,ADJA,ADJA,zweiter,zweiter,zweit,zweit,1,1,Die zweite ist die Vertrauensfrage.
2466,subtitle,zurückgegeben,0,VVPP,VVPP,zurückgegeben,zurückgegeben,zurückgeben,zurückgeben,1,1,In einer feierlichen Zeremonie hat der damalige britische Gouverneur Hongkongs die Region an China zurückgegeben.
2467,subtitle,letztes,0,ADJA,ADJA,letzter,letzter,letzt,letzt,1,1,Dann lassen Sie als letztes noch in die Küche gehen.
2468,subtitle,Häute,0,NN,NN,Häut,häut,Haut,Haut,0,1,"Daraus werden später Häute, sogenannte Saitlinge, für deutsche Bock- oder Bratwürste."
2468,subtitle,sogenannte,0,ADJA,ADJA,sogenannter,sogenannter,sogenannt,sogenannt,1,1,"Daraus werden später Häute, sogenannte Saitlinge, für deutsche Bock- oder Bratwürste."
2468,subtitle,Saitlinge,0,NN,NN,Saitlinge,saitlinge,Saitling,Saitling,1,0,"Daraus werden später Häute, sogenannte Saitlinge, für deutsche Bock- oder Bratwürste."
2468,subtitle,Bratwürste,0,NN,NN,Bratwürste,bratwürste,Bratwurst,Bratwurst,1,1,"Daraus werden später Häute, sogenannte Saitlinge, für deutsche Bock- oder Bratwürste."
2471,subtitle,meisten,0,PIAT,PIAT,meister,meister,meist,meist,1,1,Als Schulkind lernt man in China aber nur in etwa 3.500. Mit knapp 2.000 Zeichen kann man bereits Zeitung und die meisten Bücher lesen.
2474,subtitle,letzten,0,ADJA,ADJA,letzter,letzter,letzt,letzt,1,1,Und Leute lagen noch unter Autos und haben Sachen auf den letzten Drücker gerade gerückt.
2475,subtitle,ihm,0,PPER,PPER,ihm,ihm,er,er,1,1,"Nutzen soll es ihm überall dort, wo es gilt, anderen überlegen zu sein."
2476,subtitle,euch,0,PRF,PPER,euch,euch,ihr,ihr,1,1,"Außerdem empfehle ich euch sehr den Kanal ""Die da Oben!""."
2477,subtitle,im,0,APPRART,ART,in,in,im,imen,1,1,"Da im Experiment nur sehr moderate Mengen an Alkohol getestet wurden, außerdem auch nur die oralen Sprach-Skills."
2480,subtitle,eins,0,PIS,ADV,eins,eins,ein,ein,1,1,"Ich hab immer zwei Deos zu Hause, eins mit und eins ohne Aluminium."
2481,subtitle,einzelne,0,PIS,ADJA,einzelne,einzelne,einzeln,einzeln,1,1,"Es bringt dann nichts, jedes einzelne “eigentlich” genau zu analysieren oder zu überlegen: Was will er oder sie mir jetzt mit diesem “eigentlich” sagen?"
2481,subtitle,mir,0,PPER,PPER,mir,mir,ich,ich,1,1,"Es bringt dann nichts, jedes einzelne “eigentlich” genau zu analysieren oder zu überlegen: Was will er oder sie mir jetzt mit diesem “eigentlich” sagen?"
2482,subtitle,geht's,0,VVFIN,VVFIN,geht's,gehen,gehe'en,geht's,1,0,"Darunter was von den Kolleg:innen von Terra X, da geht's um berühmte Wettrennen der Geschichte."
2483,subtitle,ihr,0,PPER,PPER,ihr,ihr,sie,sie,1,1,"Da seht ihr, wie vielfältig dieses Angebot ist."
2486,subtitle,Viele,1,PIAT,PIAT,vieler,vieler,viel,viel,1,1,"Viele Sirenen und Lautsprecher, die die Bevölkerung warnen sollen, sind schlecht gewartet und fallen im entscheidenden Moment aus."
2486,subtitle,Sirenen,0,NN,NN,Sire,sire,Sirene,Sirene,1,1,"Viele Sirenen und Lautsprecher, die die Bevölkerung warnen sollen, sind schlecht gewartet und fallen im entscheidenden Moment aus."
2486,subtitle,im,0,APPRART,ART,in,in,im,imen,1,1,"Viele Sirenen und Lautsprecher, die die Bevölkerung warnen sollen, sind schlecht gewartet und fallen im entscheidenden Moment aus."
2487,subtitle,im,0,APPRART,ART,in,in,im,im,1,1,Soll ich jetzt jedes Referat im Doktorkittel halten?
2489,subtitle,dir,0,PPER,PPER,dir,dir,du,dir,1,1,Hoffentlich geht es dir gut da oben im Himmel.
2489,subtitle,im,0,APPRART,ART,in,in,im,im,1,1,Hoffentlich geht es dir gut da oben im Himmel.
2492,subtitle,dich,0,PRF,PPER,dich,dich,du,du,1,1,"Und sie fragt: Meinst du, du hast dich mit einer Krankheit angesteckt und wirst bald krank?"
2495,subtitle,HIV-positiver,0,ADJA,ADJA,HIV-positiv,hiv-positiv,HIV-positiver,haV-positiv,1,1,"Wenn du ein HIV-positiver Vater bist, besteht die Gefahr, dass du dein Kind bei der Zeugung über das Sperma infizierst."
2495,subtitle,infizierst,0,ADJD,VVFIN,infizierst,infizierst,infizieren,infizieren,1,1,"Wenn du ein HIV-positiver Vater bist, besteht die Gefahr, dass du dein Kind bei der Zeugung über das Sperma infizierst."
2496,subtitle,liebsten,0,ADJD,NN,lieb,lieb,gerne,gerne,1,1,"Anders als die AfD, die am liebsten weitestgehend aus der EU aussteigen würde."
2499,subtitle,nächste,0,ADJA,ADJA,nächster,nächster,nah,nah,1,1,"Die nächste Versammlung soll dieses Jahr im Dezember stattfinden, vorbehaltlich der endgültigen Entscheidung durch die beiden Präsidentinnen."
2499,subtitle,im,0,APPRART,ART,in,in,im,im,1,1,"Die nächste Versammlung soll dieses Jahr im Dezember stattfinden, vorbehaltlich der endgültigen Entscheidung durch die beiden Präsidentinnen."
2499,subtitle,Präsidentinnen,0,NN,NN,Präsidentinn,präsidentinn,Präsidentin,Präsidentin,0,1,"Die nächste Versammlung soll dieses Jahr im Dezember stattfinden, vorbehaltlich der endgültigen Entscheidung durch die beiden Präsidentinnen."
2503,subtitle,nächste,0,ADJA,ADJA,nächster,nächster,nah,nah,1,1,Da natürlich direkt die nächste Frage in diesem Zusammenhang: Wogegen protestieren die Menschen?
2504,subtitle,Falls,1,KOUS,KOUS,falls,falls,Fall,Fall,1,1,"Falls ihr Hilfe braucht, ist das die Nummer der Telefonseelsorge."
2505,subtitle,Glaubens,0,NN,NN,Glauben,Glauben,Glaube,Glaube,1,1,"Damit werden die Juden zu Feinden des ""wahren Glaubens""."
2507,subtitle,dritten,0,ADJA,ADJA,dritter,dritter,dritt,dritt,1,1,Vermutlich allerdings nur mit einem dritten Koalitionspartner.
2509,subtitle,uns,0,PPER,PRF,sich,sich,wir,wir,1,1,Wir kennen uns eigentlich schon.
2512,subtitle,erkannten,0,VVFIN,VVFIN,erkannen,erkannten,erkennen,erkennen,1,1,"Wir wurden älter und erkannten, dass die Wahrheit anders aussieht."
2515,subtitle,was,0,PRELS,PWS,wer,wer,was,was,1,1,"Deiner Familie ein Geschenk machen, ist das Mindeste, was ich tun kann."
2516,subtitle,Felsen,0,NN,NN,Fels,fels,Felsen,Felsen,1,1,"Neben den Präsidenten Washington, Jefferson und Lincoln ist auch sein Gesicht in den Felsen des Mount Rushmore gemeißelt."
2517,subtitle,dich,0,PRF,PPER,dich,dich,du,du,1,1,"Ich dachte, du hast dich verändert."
2518,subtitle,dir,0,PPER,PPER,dir,dir,du,dir,1,1,"Ich werde nicht zulassen, dass dir noch etwas passiert."
2519,subtitle,ihm,0,PPER,PPER,ihm,ihm,er,er,1,1,Aber er war an den Chats beteiligt. (Düstere Klänge) Mit ihm können wir jetzt sprechen.
2520,subtitle,all,0,PIAT,PIAT,all,all,alle,alle,1,1,"Es ist ein Sammelbegriff für all die verschiedenen Stämme, die östlich des Rheins leben."
2523,subtitle,Grundwasserökologen,0,NN,NN,Grundwasserökolog,grundwasserökolog,Grundwasserökologe,Grundwasserökologe,0,1,Mein Kollege Thilo war unterwegs und hat den Grundwasserökologen Hans-Jürgen Hahn in der Pfalz getroffen.
2524,subtitle,Co-Vorsitzende,0,NN,NN,Co-Vorsitzender,co-vorsitzender,Co-Vorsitzende,Co-Vorsitzender,1,1,"Der Co-Vorsitzende sagt, der wahre Grund sei die Präsidentschaftswahl im März 2024."
2524,subtitle,im,0,APPRART,ART,in,in,im,im,1,1,"Der Co-Vorsitzende sagt, der wahre Grund sei die Präsidentschaftswahl im März 2024."
2526,subtitle,mich,0,PPER,PPER,mich,mich,ich,ich,1,1,Jetzt lasst mich alle in Ruhe.
2527,subtitle,uns,0,PPER,PPER,uns,uns,wir,wir,1,1,Kann Lisa ein paar Tage bei uns wohnen?
2529,subtitle,am,0,APPRART,APPR,an,an,am,am,1,1,Wir kommen am Ende des Videos noch einmal auf dieses Verbrechen zurück.
2530,subtitle,letzte,0,ADJA,ADJA,letzter,letzter,letzt,letzt,1,1,"Für die letzte Frage in diesem Fragenkomplex darf ich der Kollegin Clara Bünger, Die Linke, das Wort erteilen."
2534,subtitle,ihm,0,PPER,PPER,ihm,ihm,er,er,1,1,Allerdings: Schon ein Blick auf seine Biografie lässt die Gegner von Aleksandar Vučić an ihm zweifeln.
2535,subtitle,im,0,APPRART,ART,in,in,im,im,1,1,"Es ist so derbe warm, dass das Gestein im Erdinneren schmilzt."
2535,subtitle,Erdinneren,0,NN,NN,erdinneren,erdinneren,Erdinneres,Erdinner,1,0,"Es ist so derbe warm, dass das Gestein im Erdinneren schmilzt."
2535,subtitle,schmilzt,0,VVFIN,VVFIN,schmilzen,schmilzt,schmelzen,schmelzen,1,1,"Es ist so derbe warm, dass das Gestein im Erdinneren schmilzt."
2541,subtitle,dir,0,PPER,PPER,dir,dir,du,dir,1,1,"Lisa, warum ist ein Bild von dir auf dem Klo an der Tafel?"
2542,subtitle,mich,0,PRF,PRF,sich,sich,ich,ich,1,1,Ich habe mich entschieden eine Handpumpe zu verwenden.
2543,subtitle,am,0,APPRART,ART,an,an,am,am,1,1,"Eine weitere Frage über den Kollegen am Ensemble. (Rednerwechsel) Frau Präsidentin, lieber Minister, meine Frage geht auf das, was Sie vorhin erwähnt haben."
2543,subtitle,was,0,PRELS,PWS,wer,wer,was,was,1,1,"Eine weitere Frage über den Kollegen am Ensemble. (Rednerwechsel) Frau Präsidentin, lieber Minister, meine Frage geht auf das, was Sie vorhin erwähnt haben."
2544,subtitle,uns,0,PPER,PPER,uns,uns,wir,wir,1,1,Ansonsten war es das mit uns.
2546,subtitle,im,0,APPRART,ART,in,in,im,imen,1,1,"Ein Land, das grade im Mittelpunkt einer Krise steht, die weit über die eigenen Grenzen hinausgeht."
2546,subtitle,hinausgeht,0,VVFIN,VVFIN,hinausgehen,hinausgeht,hinausgehen,hinausgehen,1,1,"Ein Land, das grade im Mittelpunkt einer Krise steht, die weit über die eigenen Grenzen hinausgeht."
2547,subtitle,hineinzukommen,0,VVIZU,VVIZU,hineinkommen,hineinzukommen,hineinkommen,hineinkommen,1,1,"Was mit Sicherheit bei hohen Temperaturen besser geht, in gewisse Yoga-Haltungen hineinzukommen."
2548,subtitle,dir,0,PPER,PPER,dir,dir,du,dir,1,1,Warum sollte ich dir glauben?
2549,subtitle,letzter,0,ADJA,ADJA,letzter,letzter,letzt,letzt,1,1,"Mir ist aufgefallen, dass in unserer Beziehung in letzter Zeit die Leidenschaft fehlt."
2551,subtitle,euch,0,PPER,PPER,euch,euch,ihr,ihr,1,1,"Schaut es euch gern an, wenn euch diese Verben interessieren."
2551,subtitle,euch,0,PPER,PPER,euch,euch,ihr,ihr,1,1,"Schaut es euch gern an, wenn euch diese Verben interessieren."
2551,subtitle,Verben,0,NN,NN,Verbe,verbe,Verb,Verb,1,1,"Schaut es euch gern an, wenn euch diese Verben interessieren."
2552,subtitle,mir,0,PPER,PPER,mir,mir,ich,ich,1,1,"Deswegen schreibt mir doch in die Kommentare, was ihr zum Milch-Gate denkt."
2552,subtitle,was,0,PRELS,PWS,wer,wer,was,was,1,1,"Deswegen schreibt mir doch in die Kommentare, was ihr zum Milch-Gate denkt."
2552,subtitle,ihr,0,PPER,PPER,ihr,ihr,sie,sie,1,1,"Deswegen schreibt mir doch in die Kommentare, was ihr zum Milch-Gate denkt."
2552,subtitle,zum,0,APPRART,ART,zu,zu,zum,zum,1,1,"Deswegen schreibt mir doch in die Kommentare, was ihr zum Milch-Gate denkt."
2552,subtitle,Milch-Gate,0,NN,NN,Milch-Gat,milch-gat,Milch-Gate,Milch-Gate,1,1,"Deswegen schreibt mir doch in die Kommentare, was ihr zum Milch-Gate denkt."
2553,subtitle,Viele,1,PIS,PIS,vieler,vieler,viel,viel,1,1,"Viele hier beschleicht ein mulmiges Gefühl: „Also die kommen ja nicht zum Kaffeetrinken hier vorbei, sondern die haben ja eine Agenda."
2553,subtitle,zum,0,APPRART,ART,zu,zu,zum,zum,1,1,"Viele hier beschleicht ein mulmiges Gefühl: „Also die kommen ja nicht zum Kaffeetrinken hier vorbei, sondern die haben ja eine Agenda."
2555,subtitle,bitte,0,ADV,ADV,bitte,bitte,bitten,bitten,1,1,"Oh Gott, Maja wach bitte auf."
2557,subtitle,gelangt,0,VVFIN,VVFIN,gelangen,gelangt,gelangen,gelangen,1,1,"Und ja, Methan, das durch Lecks oder Blow Downs in die Atmosphäre gelangt, trägt nur einen Teil zu den Gesamtemissionen bei."
2558,subtitle,im,0,APPRART,ART,in,in,im,im,1,1,Wir benutzen dieses Verb aber auch im übertragenen Sinn.
2563,subtitle,mehreren,0,PIAT,PIAT,mehrere,mehrere,mehr,mehr,1,1,In ihrer Blütezeit bediente die Mecklenburg-Pommersche Schmalspurbahn ein Streckennetz von mehreren Hundert Kilometern.
2564,subtitle,ausgereift,0,VVPP,VVPP,ausgereifen,ausgereift,ausreifen,ausreifen,1,1,Die Waffentechnik ist noch nicht ausgereift.
2565,subtitle,mich,0,PRF,PRF,sich,sich,ich,ich,1,1,Ich freue mich jetzt schon sehr auf die Zukunft mit Michelle an meiner Seite.
2566,subtitle,grillt,0,NN,VVFIN,Grillt,grillt,grillen,grillen,1,1,Der eine grillt das Fleisch zunächst ganz klassisch in der Waagerechten.
2568,subtitle,mehrere,0,PIAT,PIAT,mehrere,mehrere,mehr,mehr,1,1,Von dem Augenblick an tauchen mehrere Oswalds in Dallas auf.
2568,subtitle,Oswalds,0,NN,NN,Oswald,oswald,Oswalds,Oswald,1,1,Von dem Augenblick an tauchen mehrere Oswalds in Dallas auf.
2573,subtitle,Corona-Schutzmaßnahmen,0,NN,NN,Corona-Schutzmaßnahm,corona-schutzmaßnahm,Corona-Schutzmaßnahme,Corona-Schutzmaßnahme,0,1,"Momentan schaffen wir es ja durch Corona-Schutzmaßnahmen, bei einem R-Wert um die eins zu sein."
2574,subtitle,darfst,0,VMFIN,VVFIN,darfstn,darfst,dürfen,dürfen,1,1,"Ja, das darfst du, Lisa."
2577,subtitle,Einkunftsarten,0,NN,NN,Einkunftsarte,einkunftsarte,Einkunftsart,Einkunftsart,1,1,Und mit diesen fünf Einkunftsarten plus der freiberuflichen Tätigkeit und Gewerbetätigkeit haben wir unsere sieben Einkunftsarten beisammen.
2578,subtitle,mir,0,PPER,PPER,mir,mir,ich,ich,1,1,"Sir, geben Sie mir vorschicken."
2580,subtitle,euch,0,PPER,PPER,euch,euch,ihr,ihr,1,1,"Ihr könnt euch auch immer auf Argumente und Thesen des Gegners vorbereiten, das hilft bei einer Diskussion."
2582,subtitle,erklär,0,VVFIN,VVFIN,erklärn,erklär,erklären,erklären,1,1,"Dann erklär mir Folgendes: Warum bringt ein Pädophiler ein Mädchen um, ohne sie zu vergewaltigen?"
2582,subtitle,mir,0,PPER,PPER,mir,mir,ich,ich,1,1,"Dann erklär mir Folgendes: Warum bringt ein Pädophiler ein Mädchen um, ohne sie zu vergewaltigen?"
2582,subtitle,Folgendes,0,NN,PIS,Folgende,folgende,folgender,folgend,1,1,"Dann erklär mir Folgendes: Warum bringt ein Pädophiler ein Mädchen um, ohne sie zu vergewaltigen?"
2584,subtitle,ihr,0,PPER,PPER,ihr,ihr,sie,sie,1,1,Irgendetwas stimmt mit ihr nicht.
2585,subtitle,kaputtgegangen,0,VVPP,VVPP,kaputtgegangen,kaputtgegangen,kaputtgehen,kaputtgehen,1,1,Draußen wäre ich kaputtgegangen und ich hätte weitergemacht.
2586,subtitle,Letztes,1,ADJA,ADJA,Letztes,letztes,letzt,letzt,1,1,Letztes Mal bei Like Germans Unsere Koffer sind verschwunden!
2587,subtitle,recherchiert,0,VVPP,VVPP,recherchieren,recherchiert,recherchieren,recherchieren,1,1,Wir haben hierzu viel recherchiert und mit vielen Experten gesprochen.
2587,subtitle,vielen,0,PIAT,PIAT,vieler,vieler,viel,viel,1,1,Wir haben hierzu viel recherchiert und mit vielen Experten gesprochen.
2588,subtitle,ihr,0,PPER,PPER,ihr,ihr,sie,sie,1,1,"In dieser Folge sprechen wir darüber, wie ihr auf Deutsch über euch selbst sprechen könnt."
2588,subtitle,euch,0,PPER,PPER,euch,euch,ihr,ihr,1,1,"In dieser Folge sprechen wir darüber, wie ihr auf Deutsch über euch selbst sprechen könnt."
2596,subtitle,meisten,0,PIAT,PIAT,meister,meister,meist,meist,1,1,"Die meisten Verben mit schlagen haben eine wörtliche Bedeutung, die beschreibt, wie genau oder warum man etwas oder jemanden schlägt."
2596,subtitle,Verben,0,NN,NN,Verbe,verbe,Verb,Verb,1,1,"Die meisten Verben mit schlagen haben eine wörtliche Bedeutung, die beschreibt, wie genau oder warum man etwas oder jemanden schlägt."
2598,subtitle,mir,0,PPER,PPER,mir,mir,ich,ich,1,1,"Aber du bist immerhin Gu Yanchuans Freund, und hast mir auch einen Riesenschrecken eingejagt."
2598,subtitle,eingejagt,0,VVPP,VVPP,eingejagen,eingejagt,einjagen,einjagen,1,1,"Aber du bist immerhin Gu Yanchuans Freund, und hast mir auch einen Riesenschrecken eingejagt."
2599,subtitle,eingegliedert,0,VVPP,VVPP,eingegliedern,eingegliedert,eingliedern,eingliedern,1,1,"Diese Jugendorganisation wird von der neuen Reichsregierung zwangsweise in die Hitlerjugend, in die HJ, eingegliedert."
2600,subtitle,sieht's,0,VVFIN,VVFIN,sieht's,sieht's,sieht'e'sen,siehten,0,0,Genau so sieht's gerade aus.
2602,subtitle,ihr,0,PPER,PPER,ihr,ihr,sie,sie,1,1,Und ihr habt mich alle ausgelacht.
2602,subtitle,mich,0,PPER,PPER,sich,sich,ich,ich,1,1,Und ihr habt mich alle ausgelacht.
2603,subtitle,Dass,1,KOUS,KOUS,dass,dass,daß,daß,1,1,"Dass die USA den Krieg schließlich vom Zaun brechen, zeigt, dass sie auch ohne Zustimmung des UN-Sicherheitsrats Fakten schaffen können."
2603,subtitle,vom,0,APPRART,ART,von,von,vom,vom,1,1,"Dass die USA den Krieg schließlich vom Zaun brechen, zeigt, dass sie auch ohne Zustimmung des UN-Sicherheitsrats Fakten schaffen können."
2603,subtitle,Fakten,0,NN,NN,Fakt,fakt,Faktum,Faktum,1,1,"Dass die USA den Krieg schließlich vom Zaun brechen, zeigt, dass sie auch ohne Zustimmung des UN-Sicherheitsrats Fakten schaffen können."
2604,subtitle,am,0,APPRART,APPR,an,an,am,am,1,1,Selbst der Kalender der alten Ägypter ist am Rhythmus des Nils angepasst.
2604,subtitle,angepasst,0,VVPP,VVPP,angepassen,angepasst,anpassen,anpassen,1,1,Selbst der Kalender der alten Ägypter ist am Rhythmus des Nils angepasst.
2606,subtitle,Viele,1,PIAT,PIAT,vieler,vieler,viel,viel,1,1,"Viele Freiwillige hoffen, dass in Spanien der Faschismus, der sich in Europa immer weiter ausbreitet, gestoppt wird."
2606,subtitle,Freiwillige,0,NN,NN,freiwillige,freiwillige,freiwillig,freiwillig,1,1,"Viele Freiwillige hoffen, dass in Spanien der Faschismus, der sich in Europa immer weiter ausbreitet, gestoppt wird."
2606,subtitle,weiter,0,ADV,ADV,weiter,weiter,weit,weit,1,1,"Viele Freiwillige hoffen, dass in Spanien der Faschismus, der sich in Europa immer weiter ausbreitet, gestoppt wird."
2607,subtitle,ihnen,0,PPER,PPER,ihnen,ihnen,sie,sie,1,1,"Die örtlichen Wampanoag helfen ihnen, denn nach vielen Todesfällen durch eine von Europäern eingeschleppte Epidemie brauchen sie Verbündete gegen die benachbarten Narrangansett."
2607,subtitle,vielen,0,PIAT,PIAT,vieler,vieler,viel,viel,1,1,"Die örtlichen Wampanoag helfen ihnen, denn nach vielen Todesfällen durch eine von Europäern eingeschleppte Epidemie brauchen sie Verbündete gegen die benachbarten Narrangansett."
2609,subtitle,maskiert,0,VVFIN,VVFIN,maskiern,maskiert,maskieren,maskieren,1,1,"Das maskiert den Umstand, dass 40 Prozent der Haushalte, die ohnehin über keine nennenswerten Ersparnisse verfügen, auch jetzt gar nichts sparen."
2612,subtitle,Mensen,1,NN,NN,Mense,mense,Mensa,Mensa,0,1,Mensen Sil Frisuren und Make-up.
2614,subtitle,mich,0,PRF,PRF,sich,sich,ich,ich,1,1,"Ich habe mich vier Jahre lang bemüht, dass du offener wirst, Lenny Box."
2617,subtitle,letzte,0,ADJA,ADJA,letzter,letzter,letzt,letzt,1,1,Das letzte Mal haben gerade mal knapp ein Drittel aller Wahlberechtigten mitgemacht.
2617,subtitle,aller,0,PIAT,PIAT,aller,aller,alle,alle,1,1,Das letzte Mal haben gerade mal knapp ein Drittel aller Wahlberechtigten mitgemacht.
2619,subtitle,vom,0,APPRART,ART,von,von,vom,vom,1,1,"Ihr vom ASS, ihr seid ja so berechbar."
2619,subtitle,ihr,0,PPER,PPER,ihr,ihr,sie,sie,1,1,"Ihr vom ASS, ihr seid ja so berechbar."
2620,subtitle,Skelette,0,NN,NN,Skelette,skelette,Skelett,Skelett,1,1,Er stößt auf Gräber und Skelette eines Friedhofs aus früheren Jahrhunderten und Überreste einer frühen Wehranlage.
2621,subtitle,halber,0,ADJA,ADJA,halb,halb,halber,halber,1,1,Ungefähr auf halber Länge lasse ich die Kondensleitung rausgucken.
2626,subtitle,Sag,1,VVIMP,ITJ,sag,sagen,sag,Sag,1,1,"Sag nicht, du brauchst ihn nicht."
2626,subtitle,ihn,0,PPER,PPER,ihn,ihn,er,er,1,1,"Sag nicht, du brauchst ihn nicht."
2627,subtitle,euch,0,PRF,PPER,euch,euch,ihr,ihr,1,1,"Ich will euch aber ein neues funk-Format vorstellen: ""Atlas"", da kriegt ihr jede Woche Geschichten aus dem Ausland."
2627,subtitle,ihr,0,PPER,PPER,ihr,ihr,sie,sie,1,1,"Ich will euch aber ein neues funk-Format vorstellen: ""Atlas"", da kriegt ihr jede Woche Geschichten aus dem Ausland."
2628,subtitle,mir,0,PPER,PPER,mir,mir,ich,ich,1,1,"K: Sag mir, dass du das spürst."
2630,subtitle,Verben,0,NN,NN,Verbe,verbe,Verb,Verb,1,1,Diese Verben betonen das Ergebnis einer Handlung.
2633,subtitle,Fortgeschrittene,0,NN,NN,Fortgeschrittene,fortgeschrittene,Fortgeschrittener,Fortgeschrittener,1,1,"Gerade für Fortgeschrittene bietet italki viele Möglichkeiten, die Sprachkenntnisse zu verbessern."
2633,subtitle,viele,0,PIAT,PIAT,vieler,vieler,viel,viel,1,1,"Gerade für Fortgeschrittene bietet italki viele Möglichkeiten, die Sprachkenntnisse zu verbessern."
2634,subtitle,zum,0,APPRART,ART,zu,zu,zum,zum,1,1,Hä? Wie zum Teufel passt das zusammen?
2635,subtitle,schaust,0,VVFIN,VVFIN,schausen,schaust,schauen,schauen,1,1,Bist du es? Warum schaust du so anders aus?
2637,subtitle,euch,0,PPER,PPER,euch,euch,ihr,ihr,1,1,Was das in euch bewirkt.
2638,subtitle,beim,0,APPRART,ART,bei,bei,beim,beim,1,1,"Seine Knie sind wundgescheuert, weil er beim Arbeiten kauern muss."
2643,subtitle,kugelsicher,0,ADJD,ADJD,kugelsich,kugelsich,kugelsicher,kugelsicher,1,1,Der Ausbau ist nicht kugelsicher.
2644,subtitle,bitte,0,ADV,ADV,bitte,bitte,bitten,bitten,1,1,"Aber bitte versprich mir, dass du dir noch einen Plan B überlegst, falls es mit dem Fußball nicht klappen sollte."
2644,subtitle,mir,0,PPER,PPER,mir,mir,ich,ich,1,1,"Aber bitte versprich mir, dass du dir noch einen Plan B überlegst, falls es mit dem Fußball nicht klappen sollte."
2644,subtitle,dir,0,PPER,PPER,dir,dir,du,dir,1,1,"Aber bitte versprich mir, dass du dir noch einen Plan B überlegst, falls es mit dem Fußball nicht klappen sollte."
2644,subtitle,überlegst,0,VVFIN,VVFIN,überlegstn,überlegst,überlegen,überlegen,1,1,"Aber bitte versprich mir, dass du dir noch einen Plan B überlegst, falls es mit dem Fußball nicht klappen sollte."
2645,subtitle,zum,0,APPRART,ART,zu,zu,zum,zum,1,1,"Wir beschreiben damit zum Beispiel die Ursache für eine Situation, ein Problem oder eine Entscheidung."
2646,subtitle,was,0,PRELS,PRELS,wer,wer,was,was,1,1,"Der Pflegeberuf ist in der Sicherheit, was die Anstellung angeht, super."
2648,subtitle,was,0,PWS,PWS,wer,wer,was,was,1,1,"Ich brauche niemanden, der gerne kocht, aber jemanden, der zu schätzen weiß, was ich tue."
2651,subtitle,Im,1,APPRART,ART,in,in,im,im,1,1,"Im Prinzip Jahrhunderte lang, sie wird nie so richtig fertig."
2652,subtitle,dritte,0,ADJA,ADJA,dritter,dritter,dritt,dritt,1,1,Und die dritte Bedeutung von “bestreiten”?
2653,subtitle,zum,0,APPRART,ART,zu,zu,zum,zum,1,1,Ich kann zum Beispiel nicht einfach so einen Termin für ein MRT machen.
2656,subtitle,Fraktionsvorsitzende,0,NN,NN,Fraktionsvorsitzender,fraktionsvorsitzender,Fraktionsvorsitzende,Fraktionsvorsitzende,1,1,Vier Jahre lang war sie dort stellvertretende Parteivorsitzende und danach Fraktionsvorsitzende im Deutschen Bundestag.
2656,subtitle,im,0,APPRART,ART,in,in,im,im,1,1,Vier Jahre lang war sie dort stellvertretende Parteivorsitzende und danach Fraktionsvorsitzende im Deutschen Bundestag.
2658,subtitle,ihm,0,PPER,PPER,ihm,ihm,er,er,1,1,Ich lasse sie von ihm unterschreiben.
2659,subtitle,reiche,0,ADJA,ADJA,reich,reich,reichen,reichen,1,1,"Aber reiche Mittelschichtamerikaner hatten damit kein Problem, konnten sich weiter zudröhnen."
2659,subtitle,weiter,0,ADV,ADV,weiter,weiter,weit,weit,1,1,"Aber reiche Mittelschichtamerikaner hatten damit kein Problem, konnten sich weiter zudröhnen."
2663,subtitle,schroffen,0,ADJA,ADJA,schroff,schroff,schroffen,schroff,1,1,Beispielsätze: Hinter seiner schroffen Art verbirgt sich ein sehr freundlicher Mensch.
2664,subtitle,euch,0,PPER,PPER,euch,euch,ihr,ihr,1,1,"Wenn euch das Video gefallen hat, freu ich mich über einen Daumen nach oben und besonders über ein Abo."
2664,subtitle,freu,0,VVFIN,VVFIN,freu,freu,freuen,freuen,1,1,"Wenn euch das Video gefallen hat, freu ich mich über einen Daumen nach oben und besonders über ein Abo."
2664,subtitle,mich,0,PRF,PRF,sich,sich,ich,ich,1,1,"Wenn euch das Video gefallen hat, freu ich mich über einen Daumen nach oben und besonders über ein Abo."
2666,subtitle,kaufst,0,VVFIN,VVFIN,kaufstn,kaufst,kaufen,kaufen,1,1,Du kaufst dir nie etwas.
2666,subtitle,dir,0,PPER,PPER,dir,dir,du,dir,1,1,Du kaufst dir nie etwas.
2667,subtitle,am,0,APPRART,APPR,an,an,am,am,1,1,"Aber wie wir alle wahrscheinlich täglich erleben, laufen Diskussionen nicht immer so ab. Es kann schon ganz am Anfang scheitern, an der Basis."
2669,subtitle,Prozess,0,NN,NN,Prozess,prozess,Prozeß,Prozeß,1,1,"Ja, aber das ist halt ein endloser Prozess."
2671,subtitle,dich,0,PRF,PRF,dich,dich,du,du,1,1,Ich vermisse dich so sehr Baby.
2674,subtitle,am,0,APPRART,ART,an,an,am,am,1,1,Der Zug erreicht die Sturmausgangsstellung am Ende des Waldes.
2679,subtitle,misst,0,VVFIN,VVFIN,missen,missen,messen,missen,1,1,"Denn der Algorithmus misst gar nicht, wie vertrauenswürdig Leute sind, sondern nur wie vertrauenswürdig sie wirken."
2682,subtitle,Zum,1,APPRART,ART,zu,zu,zum,zum,1,1,"Zum Beispiel soll Spahn bei der Beschaffung von Masken Ausschreibungsregeln übergangen und Unternehmen direkt beauftragt haben, mit großen Summen."
2683,subtitle,mir,0,PPER,PPER,mir,mir,ich,ich,1,1,"Oh Mann, tut mir echt leid."
2685,subtitle,vielen,0,PIAT,PIAT,vieler,vieler,viel,viel,1,1,Mit wie vielen Wundern wir leben!
2685,subtitle,Wundern,0,NN,NN,Wund,wund,Wunder,Wunder,1,1,Mit wie vielen Wundern wir leben!
2687,subtitle,zum,0,APPRART,ART,zu,zu,zum,zum,1,1,"Und ich weiß noch bis heute, ich bin von meinem Container zum Waschcontainer."
2693,subtitle,mir,0,PPER,PRF,sich,sich,ich,ich,1,1,Ich habe mir Isolierung für Heizleitungen besorgt.
2693,subtitle,Heizleitungen,0,NN,NN,Heizleitunge,heizleitunge,Heizleitung,Heizleitung,0,1,Ich habe mir Isolierung für Heizleitungen besorgt.
2694,subtitle,im,0,APPRART,ART,in,in,im,imen,1,1,Er steckt mitten im Wahlkampf.
2695,subtitle,-Hab,0,NN,VVFIN,-Hab,-hab,-Haben,-Hab,1,1,Vorwärts. -Los! -Hab keine Angst!
2696,subtitle,was,0,PWS,PRELS,wer,wer,was,was,1,1,"Eine Vorstellung davon, was bei der Explosion einer Atombombe über einer Stadt passieren könnte, gibt die Website ""Nukemap"", die der Physiker Alex Wellerstein entwickelt hat."
2698,subtitle,uns,0,PRF,PRF,sich,sich,wir,wir,1,1,Wir haben uns ziemlich über dein Abo gefreut.
2699,subtitle,eingesprungen,0,VVPP,VVPP,eingesprung,eingesprungen,einspringen,einspringen,1,1,"Hier würde ich nicht sagen “Ich bin für Herrn Kramer eingesprungen”, weil das zu umgangssprachlich wäre."
2703,subtitle,ihnen,0,PPER,PPER,ihnen,ihnen,sie,sie,1,1,Über die Hälfte von ihnen bei der Explosion der Arizona.
2705,subtitle,mir,0,PPER,PPER,mir,mir,ich,ich,1,1,Samuel Herlitz und dieser Silbersteinjung haben mir geholfen.
2708,subtitle,uns,0,PPER,PRF,uns,uns,wir,wir,1,1,"Wir freuen uns alle sehr, dass du so glücklich bist."
2710,subtitle,geht's,0,VVFIN,VVFIN,geht's,gehen,gehe'en,geht's,1,0,"Als Napoleon besiegt ist, stellt sich die Frage: Wie geht's denn mit Luxemburg weiter?"
2711,subtitle,zum,0,APPRART,ART,zu,zu,zum,zum,1,1,Es wäre zum Beispiel schon sehr ungenau e3 zu spielen.
2712,subtitle,ihm,0,PPER,PPER,ihm,ihm,er,er,1,1,Er ist noch bei ihm.
2713,subtitle,Aliens,0,NN,NN,Alien,alien,Aliens,Aliens,1,1,"Oder aber auf Aliens, die längst nicht so weit entwickelt sind wie wir, die nicht so intelligent sind wie wir."
2719,subtitle,alle,0,PIAT,PIAT,aller,aller,alle,alle,1,1,Sie müssen alle Aufgaben der Klausur bearbeiten.
2720,subtitle,ihr,0,PPER,PPER,ihr,ihr,sie,sie,1,1,"Die Schmerzen sind dann an einer bestimmten Stelle, ihr könnt mit dem Finger darauf zeigen."
2723,subtitle,ihr,0,PPER,PPER,ihr,ihr,sie,sie,1,1,"Aber nur, wenn ihr auch tanzt."
2724,subtitle,Zum,1,APPRART,APPR,zu,zu,zum,zum,1,1,Zum Beispiel kämpfen viele Frauen für die Emanzipation.
2724,subtitle,viele,0,PIAT,PIAT,vieler,vieler,viel,viel,1,1,Zum Beispiel kämpfen viele Frauen für die Emanzipation.
2726,subtitle,zur,0,APPRART,ART,zu,zu,zur,zu,1,1,Die Deflation ist der genaue Gegensatz zur Inflation.
2727,subtitle,führe,0,VVFIN,VVFIN,führen,führen,fahren,führen,1,1,Ich führe hier ein Unternehmen.
2732,subtitle,Chatgruppen,0,NN,NN,Chatgruppen,chatgruppen,Chatgruppe,Chatgruppe,1,1,"Er ist da in Chatgruppen gewesen, wo man über die richtige Koranauslegung diskutiert hat, et cetera."
2734,subtitle,zum,0,APPRART,ART,zu,zu,zum,zum,1,1,"Daher muss der Satz heißen: Die Unterlagen, die Sie bis zum 21. Februar ausfüllen und einreichen müssen, finden Sie im Anhang."
2734,subtitle,im,0,APPRART,ART,in,in,im,imen,1,1,"Daher muss der Satz heißen: Die Unterlagen, die Sie bis zum 21. Februar ausfüllen und einreichen müssen, finden Sie im Anhang."
2736,subtitle,viele,0,PIAT,PIAT,vieler,vieler,viel,viel,1,1,Jetzt scheint es unter den Freunden der Sonne besonders viele Eulen zu geben.
2740,subtitle,alle,0,PIAT,PIS,aller,aller,alle,alle,1,1,Innerhalb von sieben Jahren werden fast alle deine Zellen mindestens einmal ausgetauscht.
2741,subtitle,dich,0,PPER,PPER,dich,dich,du,du,1,1,Du musst dich deinen Ängsten stellen.
2743,subtitle,verlierst,0,VVFIN,VVFIN,verliersen,verlierst,verlieren,verlieren,1,1,"Jedes Mal, wenn du etwas tust, du verlierst mehr."
2745,subtitle,meisten,0,PIS,PIS,meister,meister,meist,meist,1,1,Nachdem ich zwei der meisten ausgegeben habe ungewöhnliche Nächte meines Lebens mit dir?
2745,subtitle,dir,0,PPER,PPER,dir,dir,du,dir,1,1,Nachdem ich zwei der meisten ausgegeben habe ungewöhnliche Nächte meines Lebens mit dir?
2752,subtitle,euch,0,PPER,PPER,euch,euch,ihr,ihr,1,1,Was habe ich euch eigentlich getan?
2753,subtitle,ihr,0,PPOSAT,PPER,ihr,ihr,sie,sie,1,1,Vielleicht habt ihr Antworten darauf?
2754,subtitle,Streamingdienste,0,NN,NN,Streamingdienste,streamingdienste,Streamingdienst,Streamingdienst,1,1,Dann aber kamen die Streamingdienste.
2758,subtitle,Beim,1,APPRART,ART,bei,bei,beim,ber,1,1,Beim vierten Mal wussten wir es besser und feierten nicht.
2758,subtitle,vierten,0,ADJA,ADJA,vierter,vierter,viert,viert,1,1,Beim vierten Mal wussten wir es besser und feierten nicht.
2761,subtitle,zum,0,APPRART,ART,zu,zu,zum,zum,1,1,Wie zum Beispiel die psychische Gesundheit.
2763,subtitle,dich,0,PRF,PPER,dich,dich,du,du,1,1,"Nein, ich schicke keine Limo, um dich abzuholen, Cat."
2763,subtitle,abzuholen,0,VVINF,VVIZU,abzuholen,abzuholen,abholen,abholen,1,1,"Nein, ich schicke keine Limo, um dich abzuholen, Cat."
2764,subtitle,erste,0,ADJA,ADJA,erster,erster,erst,erst,1,1,Die erste Bedeutung von “wählen” ist: sich bei einer Wahl für jemanden oder etwas entscheiden.
2765,subtitle,fünfte,0,ADJA,ADJA,fünfter,fünfter,fünft,fünft,1,1,"Mein Sohn kommt jetzt in die fünfte, obwohl du dich mit Grundschülern wahrscheinlich nicht abgibst."
2765,subtitle,dich,0,PRF,PPER,dich,dich,du,du,1,1,"Mein Sohn kommt jetzt in die fünfte, obwohl du dich mit Grundschülern wahrscheinlich nicht abgibst."
2766,subtitle,dir,0,PPER,PPER,dir,dir,du,dir,1,1,"Oh, ich wollte dir noch was sagen."
2767,subtitle,sogenannte,0,ADJA,ADJA,sogenannter,sogenannter,sogenannt,sogenannt,1,1,"Der deutsche Plan kommt durch das sogenannte Zimmermann-Telegramm ans Licht, das die Briten abfangen können."
2767,subtitle,ans,0,APPRART,APPR,an,an,ans,ans,1,1,"Der deutsche Plan kommt durch das sogenannte Zimmermann-Telegramm ans Licht, das die Briten abfangen können."
2768,subtitle,Sag,1,VVIMP,ITJ,sag,sagen,sag,Sag,1,1,"Sag mal, bist du überhaupt ein Mann?"
2769,subtitle,gelangweilt,0,ADJD,VVPP,gelangweilen,gelangweilen,langweilen,langweilen,1,1,Ihren Worten nach soll ich gelangweilt sein für den Rest meines Lebens!
2770,subtitle,ihn,0,PPER,PPER,ihn,ihn,er,er,1,1,Nur will Kalypso ihn nicht mehr gehen lassen.
2771,subtitle,befugt,0,VVPP,VVPP,befugen,befugt,befugen,befugen,1,0,"Das habe er ganz informell erledigt, weil er als US-Präsident dazu befugt gewesen wäre."
2772,subtitle,dir,0,PPER,PPER,dir,dir,du,dir,1,1,Diese Märchen kannst du dir sparen.
2773,subtitle,vom,0,APPRART,APPR,von,von,vom,vom,1,1,Uwe Langeloh ist abgestellt vom Sportverein Holstein Quickborn.
2774,subtitle,gelangt,0,VVPP,VVFIN,gelangen,gelangt,gelangen,gelangen,1,1,"Und weil E bekanntlich = mc2 ist, wird es durch die ganze Energie, die in das schwarze Loch gelangt, immer massereicher."
2774,subtitle,massereicher,0,ADJD,ADJD,massereich,massereich,maßerreich,massereich,1,1,"Und weil E bekanntlich = mc2 ist, wird es durch die ganze Energie, die in das schwarze Loch gelangt, immer massereicher."
2775,subtitle,ihr,0,PPER,PPER,ihr,ihr,sie,sie,1,1,"Die Antwort darauf werdet ihr euch schon gedacht haben: Nein, ist es nicht!"
2775,subtitle,euch,0,PRF,PPER,euch,euch,ihr,ihr,1,1,"Die Antwort darauf werdet ihr euch schon gedacht haben: Nein, ist es nicht!"
2777,subtitle,ihr,0,PPER,PPER,ihr,ihr,sie,sie,1,1,"Seitdem sie das getan hat, kann ich ihr nicht mehr vertrauen."
2781,subtitle,alle,0,PIAT,PIAT,aller,aller,alle,alle,1,1,Man hält sich alle Optionen offen.
2783,subtitle,letzte,0,ADJA,ADJA,letzter,letzter,letzt,letzt,1,1,Ich saß die letzte Stunde einfach nur auf einem Stuhl im Wohnzimmer und fand das unglaublich anstrengend.
2783,subtitle,im,0,APPRART,ART,in,in,im,im,1,1,Ich saß die letzte Stunde einfach nur auf einem Stuhl im Wohnzimmer und fand das unglaublich anstrengend.
2785,subtitle,mich,0,PPER,PPER,mich,mich,ich,ich,1,1,Eine Menge Leute zählen auf mich und ich möchte sie nicht im Stich lassen.
2785,subtitle,im,0,APPRART,ART,in,in,im,imen,1,1,Eine Menge Leute zählen auf mich und ich möchte sie nicht im Stich lassen.
2786,subtitle,geht's,0,VVFIN,VVFIN,geht's,gehen,gehe'en,gehten,1,0,"Wenn ja, geht's euch vielleicht wie wir."
2786,subtitle,euch,0,PPER,PPER,euch,euch,ihr,ihr,1,1,"Wenn ja, geht's euch vielleicht wie wir."
2788,subtitle,Dass,1,KOUS,KOUS,dass,dass,daß,daß,1,1,"Dass über die Folterungen von Gefangenen bekannt wurde, hat den moralischen Anspruch der USA stark beschädigt."
2788,subtitle,Gefangenen,0,NN,NN,gefangener,gefangener,Gefangene,Gefangene,1,1,"Dass über die Folterungen von Gefangenen bekannt wurde, hat den moralischen Anspruch der USA stark beschädigt."
2788,subtitle,bekannt,0,ADJD,ADJD,bekannt,bekannt,bekennen,bekennen,1,1,"Dass über die Folterungen von Gefangenen bekannt wurde, hat den moralischen Anspruch der USA stark beschädigt."
2789,subtitle,einige,0,PIAT,PIAT,einiger,einiger,einige,einige,1,1,"Das war eine anstrengende Zeit.” Das bedeutet einfach, dass der Sohn seinen Eltern als Jugendlicher einige Probleme gemacht hat."
2790,subtitle,entführe,0,VVFIN,VVFIN,entführen,entführen,entfahren,entführen,1,1,Ich entführe keine kleinen fzenden Kinder.
2791,subtitle,Im,1,APPRART,ART,in,in,im,im,1,1,Im nächsten Video erkläre ich dir dann die Ausweichregeln Teil 3. Den Link http://sailnator.de/shop/ dorthin findest du auch in der Videobeschreibung.
2791,subtitle,nächsten,0,ADJA,ADJA,nächster,nächster,nah,nah,1,1,Im nächsten Video erkläre ich dir dann die Ausweichregeln Teil 3. Den Link http://sailnator.de/shop/ dorthin findest du auch in der Videobeschreibung.
2791,subtitle,dir,0,PPER,PRF,dir,dir,du,dir,1,1,Im nächsten Video erkläre ich dir dann die Ausweichregeln Teil 3. Den Link http://sailnator.de/shop/ dorthin findest du auch in der Videobeschreibung.
2792,subtitle,zusammenzufassen,0,VVFIN,VVIZU,Zusammenzufasse,zusammenzufassen,zusammenfassen,zusammenfassen,1,1,"Umso schwieriger ist es, diese zusammenzufassen in einem Video, man könnte 100 Videos machen."
2793,subtitle,dir,0,PPER,PPER,dir,dir,du,dir,1,1,"Bei dir ist schon zu spät, Papa."
2795,subtitle,dir,0,PPER,PPER,dir,dir,du,dir,1,1,"Ja, ich will dir was zeigen."
2797,subtitle,ihr,0,PPER,PPER,ihr,ihr,sie,sie,1,1,"Ihr kennt es doch sicherlich auch, dass ihr euch vor Hunger auf nichts mehr konzentrieren könnt."
2797,subtitle,euch,0,PRF,PPER,euch,euch,ihr,ihr,1,1,"Ihr kennt es doch sicherlich auch, dass ihr euch vor Hunger auf nichts mehr konzentrieren könnt."
2799,subtitle,euch,0,PPER,PPER,euch,euch,ihr,ihr,1,1,"Noch ein Beispiel dafür: Stellt euch vor, eine Frau sitzt in einem Café am Fenster."
2799,subtitle,am,0,APPRART,ART,an,an,am,am,1,1,"Noch ein Beispiel dafür: Stellt euch vor, eine Frau sitzt in einem Café am Fenster."
2801,subtitle,palpiert,0,VVPP,VVPP,palpieren,palpiert,palpieren,palpieren,1,0,"Dazu gehört einmal der Tastsinn: Es wird palpiert, ob irgendetwas nicht normal sein sollte."
2802,subtitle,Zum,1,APPRART,ART,zu,zu,zum,zum,1,1,Zum Beispiel eben das Geld.
2805,subtitle,mir,0,PPER,PPER,mir,mir,ich,ich,1,1,Und der Junge sagt: Es tut mir leid!
2810,subtitle,was,0,ART,PWS,wer,wer,was,was,1,1,"Ihr merkt vielleicht, dass diese Redewendung auch ein bisschen was mit Lügen zu tun hat."
2811,subtitle,dich,0,PRF,PPER,dich,dich,du,du,1,1,"Du hast dich doch Aber ich kann dir noch ein Kaffee machen, wenn du willst."
2811,subtitle,dir,0,PPER,PPER,dir,dir,du,dir,1,1,"Du hast dich doch Aber ich kann dir noch ein Kaffee machen, wenn du willst."
2811,subtitle,willst,0,VVFIN,VVFIN,willen,willen,wollen,wollen,1,1,"Du hast dich doch Aber ich kann dir noch ein Kaffee machen, wenn du willst."
2815,subtitle,Am,1,APPRART,APPR,an,an,Am,Am,1,1,"Am Ende hatte man hier das Gefühl, dass Igor eine Schutzbehauptung aufstellen will."
2819,subtitle,vielen,0,PIS,PIS,vieler,vieler,viel,viel,1,1,"Bei vielen zeigte sich das schon während der Behandlung durch Verwirrung, depressive Verstimmungen, Angstzustände, Gedächtnisstörungen und Schlaflosigkeit."
2819,subtitle,Gedächtnisstörungen,0,NN,NN,Gedächtnisstörunge,gedächtnisstörunge,Gedächtnisstörung,Gedächtnisstörung,0,1,"Bei vielen zeigte sich das schon während der Behandlung durch Verwirrung, depressive Verstimmungen, Angstzustände, Gedächtnisstörungen und Schlaflosigkeit."
2821,subtitle,öfter,0,ADV,ADV,öfter,öfter,oft,oft,1,1,"Aber je älter ich werde, desto öfter sind da Momente."
2823,subtitle,nennst,0,VVFIN,VVFIN,nennsen,nennst,nennen,nennen,1,1,Wie nennst du hier Baby?
2824,subtitle,mich,0,PRF,PRF,sich,sich,ich,ich,1,1,Ich kann mich total nach dir richten.
2824,subtitle,dir,0,PPER,PPER,dir,dir,du,dir,1,1,Ich kann mich total nach dir richten.
2825,subtitle,Fremdgehen,0,NN,NN,Fremdgehe,fremdgehe,Fremdgehen,Fremdgehen,1,1,Das ist schon Fremdgehen oder?
2827,subtitle,besonderen,0,ADJA,ADJA,besonderer,besonderer,besonder,besonder,1,1,Und deshalb sollte man dieser Person besonderen Respekt entgegenbringen.
2830,subtitle,Bin,1,VAFIN,VAFIN,Bin,bin,sein,sein,1,1,"Bin gleich wieder da! Danke, Schatzi."
2830,subtitle,Danke,0,NN,ITJ,Danke,danke,Dank,Dank,1,1,"Bin gleich wieder da! Danke, Schatzi."
2831,subtitle,uns,0,PPER,PPER,uns,uns,wir,wir,1,1,Lass uns zu Lisa fahren und mit ihren Eltern sprechen.
2833,subtitle,zur,0,APPRART,ART,zu,zu,zur,zur,1,1,Man trägt zur finalen Entscheidung bei.
2833,subtitle,finalen,0,ADJA,ADJA,final,final,finalen,final,1,1,Man trägt zur finalen Entscheidung bei.
2834,subtitle,mir,0,PPER,PPER,mir,mir,ich,ich,1,1,"Du musst keine Angst haben, mir die Wahrheit zu sagen."
2838,subtitle,dir,0,PPER,PPER,dir,dir,du,dir,1,1,Ich erzähle es dir später ok? Hier ist nicht der richtige Ort dafür.
2839,subtitle,mich,0,PPER,PPER,mich,mich,ich,ich,1,1,"Und was ist, wenn die mich gleich hier behalten?"
2843,subtitle,folgendes,0,PIS,PIS,folgend,folgend,folgender,folgend,1,1,Mein Problem ist nun folgendes.
2844,subtitle,vielen,0,PIAT,PIAT,vieler,vieler,viel,viel,1,1,"Manchmal merkst du deinen Fortschritt nicht sofort, aber deine vielen kleinen Übungen bleiben in deinem Kopf."
2845,subtitle,ihr,0,PPER,PPER,ihr,ihr,sie,sie,1,1,"Durch den intensiven Geruch gezähmt, pflegen und füttern sie ihre neue Herrscherin so, als würden sie ihr den Treueeid leisten."
2853,subtitle,mich,0,PPER,PPER,mich,mich,ich,ich,1,1,Können Sie denn nichts für mich tun?
2854,subtitle,im,0,APPRART,ART,in,in,im,imen,1,1,"Eine Art Fairplay also, im Kampf ums Überleben."
2854,subtitle,ums,0,APPRART,APPR,um,um,ums,ums,1,1,"Eine Art Fairplay also, im Kampf ums Überleben."
2857,subtitle,Weißt,1,VVFIN,VVFIN,weißen,wissen,weißen,wissen,1,1,"Weißt du, bist du verlegen?"
2860,subtitle,böse,0,ADJD,ADJD,böse,böse,bös,bös,1,1,Vielleicht ist er böse oder er nutzt dich aus.
2860,subtitle,dich,0,PPER,PPER,dich,dich,du,du,1,1,Vielleicht ist er böse oder er nutzt dich aus.
2862,subtitle,Seien,1,VAFIN,VAFIN,Sein,sein,seien,seie,1,1,"Seien Sie sich bewusst, woher Sie kommen."
2862,subtitle,bewusst,0,ADJD,ADJD,bewusst,bewusst,bewußt,bewußt,1,1,"Seien Sie sich bewusst, woher Sie kommen."
2864,subtitle,mir,0,PPER,PPER,mir,mir,ich,ich,1,1,Vielleicht kann er mir ein paar Ratschläge geben.
2867,subtitle,Verbündeten,0,NN,NN,verbündeter,verbündeter,Verbündete,Verbündete,1,1,Die politischen Verbündeten aus der Sowjetunion halten seine Politik für weltfremd.
2868,subtitle,Zweite,1,ADJA,ADJA,Zweite,zweite,zweit,zweit,1,1,"Zweite Voraussetzung: Wir brauchen Menschen, die die Betten betreuen."
2870,subtitle,mich,0,PPER,PPER,mich,mich,ich,ich,1,1,"Ich weiß, die Döner sind für mich, aber ich habe zwei Döner und ein Getränk bestellt."
2871,subtitle,am,0,APPRART,APPR,an,an,am,am,1,1,"Es beginnt locker mit Essen, am Ende sind wir beim Rassismus."
2871,subtitle,beim,0,APPRART,ART,bei,bei,beim,bei,1,1,"Es beginnt locker mit Essen, am Ende sind wir beim Rassismus."
2873,subtitle,uns,0,PPER,PPER,uns,uns,wir,wir,1,1,"Lasst uns Folgendes versuchen: Lasst uns mit den Dingen anfangen, die wir in unserer Gesellschaft mehrheitlich ähnlich sehen."
2873,subtitle,Folgendes,0,NN,PIS,Folgende,folgende,folgender,Folgende,1,1,"Lasst uns Folgendes versuchen: Lasst uns mit den Dingen anfangen, die wir in unserer Gesellschaft mehrheitlich ähnlich sehen."
2873,subtitle,uns,0,PPER,PPER,uns,uns,wir,wir,1,1,"Lasst uns Folgendes versuchen: Lasst uns mit den Dingen anfangen, die wir in unserer Gesellschaft mehrheitlich ähnlich sehen."
2874,subtitle,ihr,0,PPER,PPER,ihr,ihr,sie,sie,1,1,Warum seid ihr so laut dahinten?
2877,subtitle,ihr,0,PPER,PPER,ihr,ihr,sie,sie,1,1,Außerdem könnt ihr die Skripte zu allen Videos als PDF herunterladen und meine Videos als Podcast abonnieren.
2877,subtitle,allen,0,PIAT,PIAT,aller,aller,alle,alle,1,1,Außerdem könnt ihr die Skripte zu allen Videos als PDF herunterladen und meine Videos als Podcast abonnieren.
2877,subtitle,Videos,0,NN,NN,Videos,videos,Video,Video,1,1,Außerdem könnt ihr die Skripte zu allen Videos als PDF herunterladen und meine Videos als Podcast abonnieren.
2878,subtitle,euch,0,PPER,PPER,euch,euch,ihr,ihr,1,1,"Liegt also nicht an euch, wenn ihr da nicht sofort den Durchblick habt."
2878,subtitle,ihr,0,PPER,PPER,ihr,ihr,sie,sie,1,1,"Liegt also nicht an euch, wenn ihr da nicht sofort den Durchblick habt."
2880,subtitle,ihr,0,PPER,PPER,ihr,ihr,sie,sie,1,1,"Wenn ihr denn aber wirklich gute Ergebnisse haben wollt, dann schaut eher bei solchen Decks rein im Hi-Fi Bereich."
2880,subtitle,im,0,APPRART,ART,in,in,im,im,1,1,"Wenn ihr denn aber wirklich gute Ergebnisse haben wollt, dann schaut eher bei solchen Decks rein im Hi-Fi Bereich."
2881,subtitle,dir,0,PPER,PPER,dir,dir,du,dir,1,1,"Ich habe dir doch gesagt, du sollst dich von Markus fernhalten!"
2881,subtitle,dich,0,PRF,PPER,dich,dich,du,du,1,1,"Ich habe dir doch gesagt, du sollst dich von Markus fernhalten!"
2882,subtitle,Zur,1,APPRART,ART,zu,zu,zur,zur,1,1,Zur Energie: Hier haben wir Diskussionen geführt.
2886,subtitle,im,0,APPRART,ART,in,in,im,im,1,1,Die Bundeswehr kehrt im August 2021 noch einmal zurück. 500 Deutsche und über 4000 Afghanen werden nach Deutschland ausgeflogen.
2886,subtitle,Deutsche,0,NN,NN,deutsche,deutsche,deutsch,deutsch,1,1,Die Bundeswehr kehrt im August 2021 noch einmal zurück. 500 Deutsche und über 4000 Afghanen werden nach Deutschland ausgeflogen.
2891,subtitle,letzten,0,ADJA,ADJA,letzter,letzter,letzt,letzt,1,1,In den letzten Jahren wurde Milch recht kontrovers diskutiert.
2892,subtitle,ihm,0,PPER,PPER,ihm,ihm,er,er,1,1,"Sicher, dass du nicht nach ihm schauen willst?"
2892,subtitle,willst,0,VMFIN,VMFIN,willen,willen,wollen,wollen,1,1,"Sicher, dass du nicht nach ihm schauen willst?"
2893,subtitle,zur,0,APPRART,APPR,zu,zu,zur,zur,1,1,"Sie können nur eine Sorte von Anträgen stellen, und zwar zur Geschäftsordnung."
2894,subtitle,letzten,0,ADJA,ADJA,letzter,letzter,letzt,letzt,1,1,Jäger und Sammler hat es in den letzten paar Millionen Jahren definitiv gegeben.
2897,subtitle,Im,1,APPRART,ART,in,in,im,im,1,1,"Im Moment zwei Männer kommen hierher um dich herauszuziehen deiner respektablen kleinen Welt so schnell, Du wirst nicht wissen, was dich getroffen hat."
2897,subtitle,dich,0,PPER,PPER,dich,dich,du,du,1,1,"Im Moment zwei Männer kommen hierher um dich herauszuziehen deiner respektablen kleinen Welt so schnell, Du wirst nicht wissen, was dich getroffen hat."
2897,subtitle,herauszuziehen,0,VVIZU,VVIZU,herauszuziehen,herauszuziehen,herausziehen,herausziehen,1,1,"Im Moment zwei Männer kommen hierher um dich herauszuziehen deiner respektablen kleinen Welt so schnell, Du wirst nicht wissen, was dich getroffen hat."
2897,subtitle,respektablen,0,ADJA,ADJA,respektabl,respektabl,respektabel,respektabel,0,1,"Im Moment zwei Männer kommen hierher um dich herauszuziehen deiner respektablen kleinen Welt so schnell, Du wirst nicht wissen, was dich getroffen hat."
2897,subtitle,dich,0,PPER,PPER,dich,dich,du,du,1,1,"Im Moment zwei Männer kommen hierher um dich herauszuziehen deiner respektablen kleinen Welt so schnell, Du wirst nicht wissen, was dich getroffen hat."
2898,subtitle,dich,0,PRF,PPER,dich,dich,du,du,1,1,Wer will dich denn überhaupt verführen?
2899,subtitle,dich,0,PRF,PPER,dich,dich,du,du,1,1,"Deswegen habe ich dich gefragt, kannten die sich?"
2901,subtitle,ihr,0,PPER,PPER,ihr,ihr,sie,sie,1,1,"Das ganze Gespräch findet ihr in der Mediathek, denn wir fragen uns wahrscheinlich alle: Was kann ich persönlich tun?"
2901,subtitle,uns,0,PRF,PRF,uns,uns,wir,wir,1,1,"Das ganze Gespräch findet ihr in der Mediathek, denn wir fragen uns wahrscheinlich alle: Was kann ich persönlich tun?"
2903,subtitle,Bin,1,VAFIN,VAFIN,Bin,bin,sein,sein,1,1,Bin mal sehr gut vorgekommen.
2906,subtitle,springst,0,VVFIN,VVFIN,springstn,springst,springen,springen,1,1,"Du springst nicht so hoch, sondern wirklich sanft überm Boden landen auf groß und klein siebalen."
2906,subtitle,überm,0,APPRART,ADJA,über,über,überm,überm,1,1,"Du springst nicht so hoch, sondern wirklich sanft überm Boden landen auf groß und klein siebalen."
2906,subtitle,siebalen,0,VVFIN,ADJD,siebalen,siebalen,siebal,siebal,1,0,"Du springst nicht so hoch, sondern wirklich sanft überm Boden landen auf groß und klein siebalen."
2908,subtitle,dich,0,PPER,PPER,dich,dich,du,du,1,1,Yara ist viel zu gut für dich.
2909,subtitle,zum,0,APPRART,ART,zu,zu,zum,zum,1,1,"Dann gibt es aber zum Beispiel die Zuckerlobby, also genauer gesagt die wirtschaftliche Vereinigung Zucker und der Verein der Zuckerindustrie."
2914,subtitle,Gebärende,0,ADJA,NN,gebärend,gebärend,Gebärende,Gebärende,1,1,Nicht immer hat die Gebärende starke Schmerzen.
2915,subtitle,Mäusen,0,NN,NN,Mäuse,mäuse,Maus,Maus,1,1,"Danach wurden diese sterilen Mäuse auch glukoseintolerant, das bedeutet, bei diesen Mäusen führte Süßstoff zu einer Veränderung der Darmflora und das zu schlechteren Blutzuckerwerten."
2917,subtitle,fürs,0,APPRART,ART,für,für,fürser,fürs,1,0,Während auf der anderen Seite in unserem Land Menschen Geld bekommen fürs Nichtstun.
2918,subtitle,alle,0,PIS,PIS,aller,aller,alle,alle,1,1,Wir alle wollen als Patienten gut behandelt werden.
2926,subtitle,dir,0,PPER,PPER,dir,dir,du,dir,1,1,Wie sieht es bei dir aus?
2930,subtitle,ihr,0,PPER,PPER,ihr,ihr,sie,sie,1,1,Optional könnt ihr natürlich einen Eimer verwenden mit Autoshampoo.
2933,subtitle,Hungerlöhne,1,NN,NN,Hungerlöhne,hungerlöhne,Hungerlohn,Hungerlohn,1,1,Hungerlöhne und Arbeitstage von mehr als 12 Stunden sind normal.
2933,subtitle,Arbeitstage,0,NN,NN,Arbeitstage,arbeitstage,Arbeitstag,Arbeitstag,1,1,Hungerlöhne und Arbeitstage von mehr als 12 Stunden sind normal.
2934,subtitle,Stell,1,ADJD,VVFIN,stell,stell,stellen,stellen,1,1,"Stell dir vor, er behauptet, ich fresse und saufe den ganzen Tag."
2934,subtitle,dir,0,PPER,PPER,dir,dir,du,dir,1,1,"Stell dir vor, er behauptet, ich fresse und saufe den ganzen Tag."
2939,subtitle,viele,0,PIS,PIS,viele,viele,viel,viel,1,1,Damit hatten viele nicht gerechnet.
2942,subtitle,was,0,PWS,PWS,wer,wer,was,was,1,1,"Martin, bist du Pirat oder was?"
2944,subtitle,Viele,1,PIAT,PIAT,vieler,vieler,viel,viel,1,1,"Viele schmutzige Industrieanlagen wurden von den Großstädten aufs Land verlegt, um die Ballungsräume zu entlasten, schaden jetzt aber der Landwirtschaft."
2944,subtitle,aufs,0,APPRART,APPR,auf,auf,aufs,aufs,1,1,"Viele schmutzige Industrieanlagen wurden von den Großstädten aufs Land verlegt, um die Ballungsräume zu entlasten, schaden jetzt aber der Landwirtschaft."
2945,subtitle,abzuhängen,0,VVIZU,VVIZU,abzuhängen,abzuhängen,abhängen,abhängen,1,1,"Wir müssen versuchen, den Jet abzuhängen."
2947,subtitle,allen,0,PIS,PIS,aller,aller,alle,alle,1,1,Allerdings immer noch längst nicht an allen.
2948,subtitle,Götter,0,NN,NN,Götter,götter,Gott,Gott,1,1,Die Götter bestimmen das Leben der Menschen und das Schicksal der gesamten Welt.
2949,subtitle,viele,0,PIAT,PIAT,vieler,vieler,viel,viel,1,1,Wie viele weitere Änderungen habe ich?
2950,subtitle,Danke,1,NN,ITJ,Danke,danke,Dank,Dank,1,1,"Danke Marius, das bedeutet uns sehr viel."
2950,subtitle,uns,0,PPER,PPER,uns,uns,wir,wir,1,1,"Danke Marius, das bedeutet uns sehr viel."
2951,subtitle,eine,0,PIS,PIS,einer,einer,ein,ein,1,1,Vielleicht bist du auch eine.
2954,subtitle,alles,0,PIAT,PIAT,aller,aller,alle,alle,1,1,"Das sind alles Rollen, die dachten wir, die hätten wir schon längst hinter uns."
2954,subtitle,uns,0,PPER,PPER,sich,sich,wir,wir,1,1,"Das sind alles Rollen, die dachten wir, die hätten wir schon längst hinter uns."
2955,subtitle,willst,0,VMFIN,VVFIN,wollsten,willst,wollen,wollen,1,1,"Du willst eine Übersicht über alle Zeitformen, die es im Deutschen gibt?"
2955,subtitle,alle,0,PIAT,PIAT,aller,aller,alle,alle,1,1,"Du willst eine Übersicht über alle Zeitformen, die es im Deutschen gibt?"
2955,subtitle,im,0,APPRART,ART,in,in,im,imen,1,1,"Du willst eine Übersicht über alle Zeitformen, die es im Deutschen gibt?"
2955,subtitle,Deutschen,0,NN,NN,deutsche,deutsche,deutsch,deutsch,1,1,"Du willst eine Übersicht über alle Zeitformen, die es im Deutschen gibt?"
2959,subtitle,lange,0,ADV,ADJD,lange,lange,lang,lang,1,1,Diese lange ausgeschriebene Form sieht man so gut wie nie.
2961,subtitle,verschiedenste,0,ADJA,ADJA,verschiedenst,verschiedenst,verschieden,verschieden,0,1,"Eine Gegend, die verschiedenste Lebensräume bietet, gemäßigte und tropische Klimazonen, Wald, riesige Flüsse."
2961,subtitle,Klimazonen,0,NN,NN,Klimazon,klimazon,Klimazone,Klimazone,0,1,"Eine Gegend, die verschiedenste Lebensräume bietet, gemäßigte und tropische Klimazonen, Wald, riesige Flüsse."
2967,subtitle,schlafe,0,VVFIN,VVFIN,Schlafe,schlafe,schlafen,schlafen,1,1,"Sowas wie ""Ich schlafe in einem Bett""."
2968,subtitle,vielen,0,PIAT,PIAT,vieler,vieler,viel,viel,1,1,Ohne den Einsatz der vielen Eisenbahnfans wäre heute hier nichts zu sehen.
2970,subtitle,willst,0,VMFIN,VMFIN,willen,willen,wollen,wollen,1,1,"Und willst du Yara, Riton, zu deinem Mann nehmen?"
2971,subtitle,besseres,0,ADJA,ADJA,bess,bess,gut,gut,1,1,"Wenn wir diese 10.000 Jahre aber in unseren Kalender aufnehmen würden, wäre unsere Vergangenheit viel beeindruckender und wir würden ein besseres Gefühl für sie bekommen."
2972,subtitle,mich,0,PPER,PPER,mich,mich,ich,ich,1,1,"Lass mich dir ein paar Fragen stellen, die dir dabei helfen, deinen Sinn des Lebens zu finden."
2972,subtitle,dir,0,PPER,PPER,dir,dir,du,dir,1,1,"Lass mich dir ein paar Fragen stellen, die dir dabei helfen, deinen Sinn des Lebens zu finden."
2972,subtitle,dir,0,PPER,PPER,dir,dir,du,dir,1,1,"Lass mich dir ein paar Fragen stellen, die dir dabei helfen, deinen Sinn des Lebens zu finden."
2973,subtitle,im,0,APPRART,ART,in,in,im,im,1,1,"Untertitel: ARD Text im Auftrag von Funk (2018) Freunde der Sonne, jetzt im Ernst."
2973,subtitle,im,0,APPRART,ART,in,in,im,im,1,1,"Untertitel: ARD Text im Auftrag von Funk (2018) Freunde der Sonne, jetzt im Ernst."
2975,subtitle,18-Jährige,0,NN,NN,18-Jährige,18-jährige,18-Jähriger,18-Jähriger,1,1,"Und Jugendliche, unter 18-Jährige sollten diese Produkte nicht verwenden."
2976,subtitle,anfängst,0,VVFIN,ADV,anfängstn,anfängst,anfangen,anfangen,1,1,"Bevor du anfängst zu fließen, reißt du die alten Rohre raus und verlegst erstmal ein paar dreiviertel Zoll Kupferrohre."
2976,subtitle,Kupferrohre,0,NN,NN,Kupferrohre,kupferrohre,Kupferrohr,Kupferrohr,1,1,"Bevor du anfängst zu fließen, reißt du die alten Rohre raus und verlegst erstmal ein paar dreiviertel Zoll Kupferrohre."
2979,subtitle,zum,0,APPRART,ART,zu,zu,zum,zum,1,1,Und bis zum nächsten Mal!
2979,subtitle,nächsten,0,ADJA,ADJA,nächster,nächster,nah,nah,1,1,Und bis zum nächsten Mal!
2980,subtitle,'ne,0,ART,ART,'ne,'ne,'ner,'ne,0,0,Übrigens gab es in Baden-Württemberg auch mal 'ne Diphtherie-Impfpflicht.
2983,subtitle,allen,0,PIAT,PIAT,aller,aller,alle,alle,1,1,"Wichtig für die Bestimmung und Einordnung einer Literatur-Epoche ist vor allen Dingen eines, Abgrenzung."
2984,subtitle,mir,0,PPER,PPER,mir,mir,ich,ich,1,1,"Ja, bei mir ist alles gut."
2985,subtitle,zum,0,APPRART,ART,zu,zu,zum,zum,1,1,"Ich glaube, ich gehe zum Lotto."
2986,subtitle,Zeig,1,ADJD,VVFIN,Zeig,zeig,zeigen,zeigen,1,1,Zeig mir Bilder zu Geborgenheit.
2986,subtitle,mir,0,PPER,PPER,mir,mir,ich,ich,1,1,Zeig mir Bilder zu Geborgenheit.
2988,subtitle,bewusstlos,0,ADJD,ADJD,bewusstlos,bewusstlos,bewußtlos,bewußtlos,1,1,George Floyd wurde bewusstlos und ist schließlich gestorben.
2992,subtitle,meisten,0,PIS,PIS,meister,meister,meist,meist,1,1,Die meisten von euch denken sich jetzt ohnehin. (Französisch gesprochen:) Bullshit.
2992,subtitle,euch,0,PPER,PPER,euch,euch,ihr,ihr,1,1,Die meisten von euch denken sich jetzt ohnehin. (Französisch gesprochen:) Bullshit.
2993,subtitle,im,0,APPRART,ART,in,in,im,im,1,1,"Wir haben dieses Jahr, wir haben dieses Jahr in 60 Ring Élysée Vertrag im Januar in Paris begangen."
2998,subtitle,im,0,APPRART,ART,in,in,im,im,1,1,"Eine Theorie besagt, das war der in Berlin ansässige türkische Gastarbeiter Kadir Nurman im Jahr 1972, der den Döner in seiner heutigen Form erfunden hat."
2999,subtitle,weißt,0,VVFIN,VVFIN,weißen,wissen,weißen,weißen,1,1,Let Löwe seit wann weißt du welche Folge wir aufnehmen?
3000,subtitle,Einfluss,0,NN,NN,Einfluss,einfluss,Einfluß,Einfluß,1,1,Aber Japan dehnt seinen Einfluss aus.
3002,subtitle,nächste,0,ADJA,ADJA,nächster,nächster,nah,nah,1,1,Dann gab es nämlich das nächste Mal Post.
3003,subtitle,letzte,0,ADJA,ADJA,letzter,letzter,letzt,letzt,1,1,Die letzte Schlacht gewinnen zwei Stämme am Little Bighorn River 1876 gegen die Truppen von Cornell George A. Custer.
3003,subtitle,am,0,APPRART,ART,an,an,am,am,1,1,Die letzte Schlacht gewinnen zwei Stämme am Little Bighorn River 1876 gegen die Truppen von Cornell George A. Custer.
3005,subtitle,ersten,0,ADJA,ADJA,erster,erster,erst,erst,1,1,"In dieser ersten Phase entsteht 100 Millionen Grad Celsius heißes Plasma, das die zweite Phase anstößt."
3005,subtitle,zweite,0,ADJA,ADJA,zweiter,zweiter,zweit,zweit,1,1,"In dieser ersten Phase entsteht 100 Millionen Grad Celsius heißes Plasma, das die zweite Phase anstößt."
3005,subtitle,anstößt,0,VVFIN,VVFIN,anstößen,anstößt,anstoßen,anstoßen,1,1,"In dieser ersten Phase entsteht 100 Millionen Grad Celsius heißes Plasma, das die zweite Phase anstößt."
3008,subtitle,dir,0,PPER,PPER,dir,dir,du,dir,1,1,"Stell sie dir wie eine Hausadresse vor, nur fürs Internet."
3008,subtitle,fürs,0,APPRART,ART,für,für,fürser,fürs,1,0,"Stell sie dir wie eine Hausadresse vor, nur fürs Internet."
3009,subtitle,zur,0,APPRART,APPR,zu,zu,zur,zur,1,1,"Und direkt darunter ein Video zur Beobachtung der AfD durch das Bundesamt für Verfassungsschutz, schaut da auch gerne mal rein."
3013,subtitle,mich,0,PRF,PRF,sich,sich,ich,ich,1,1,Das habe ich mich immer schon gefragt.
3018,subtitle,Autobauern,0,NN,NN,Autobauern,autobauern,Autobauer,Autobauer,1,1,Bei den deutschen Autobauern kam das offenbar ziemlich spät erst an. Vielleicht auch wegen so einer gewissen Arroganz.
3020,subtitle,zum,0,APPRART,ART,zu,zu,zum,zum,1,1,Sie machen sich auf den Weg zum nächsten Übungsabschnitt.
3020,subtitle,nächsten,0,ADJA,ADJA,nächster,nächster,nah,nah,1,1,Sie machen sich auf den Weg zum nächsten Übungsabschnitt.
3023,subtitle,am,0,APPRART,ART,an,an,am,am,1,1,Und dann gibt es da auch noch heftige Kritik unter anderem am grünen Wirtschaftsminister Robert Habeck.
3024,subtitle,uns,0,PPER,PPER,uns,uns,wir,wir,1,1,"Das war für uns auch, oder auch für mich persönlich, am Anfang erst mal so ein Schock."
3024,subtitle,mich,0,PPER,PPER,mich,mich,ich,ich,1,1,"Das war für uns auch, oder auch für mich persönlich, am Anfang erst mal so ein Schock."
3024,subtitle,am,0,APPRART,APPR,an,an,am,am,1,1,"Das war für uns auch, oder auch für mich persönlich, am Anfang erst mal so ein Schock."
3027,subtitle,im,0,APPRART,ART,in,in,im,im,1,1,Es soll die nationalen Klimaschutzziele gewährleisten und unter anderem die Treibhausgasemissionen in Deutschland bis 2030 um 55 Prozent senken im Vergleich zu 1990.
3028,subtitle,durchgeplant,0,ADJD,VVPP,durchgeplant,durchgeplant,durchplanen,durchplanen,1,1,"Ich merke schon, du hast das sehr gut durchgeplant."
3029,subtitle,was,0,PWS,PWS,wer,wer,was,was,1,1,"Und was aber interessant ist, ist, dass sie dann eigentlich sehr ähnliche Verschwörungsmythen aufgreifen."
3029,subtitle,Verschwörungsmythen,0,NN,NN,Verschwörungsmythe,verschwörungsmythe,Verschwörungsmythos,Verschwörungsmythos,0,1,"Und was aber interessant ist, ist, dass sie dann eigentlich sehr ähnliche Verschwörungsmythen aufgreifen."
3031,subtitle,mich,0,PPER,PPER,sich,sich,ich,ich,1,1,"Du würdest doch mich nicht töten, deinen Freund Frank."
3033,subtitle,uns,0,PRF,PRF,sich,sich,wir,wir,1,1,"Denken wir uns mal, ihr wart in New York im Urlaub."
3033,subtitle,ihr,0,PPER,PPER,ihr,ihr,sie,sie,1,1,"Denken wir uns mal, ihr wart in New York im Urlaub."
3033,subtitle,im,0,APPRART,ART,in,in,im,imen,1,1,"Denken wir uns mal, ihr wart in New York im Urlaub."
3035,subtitle,Alter,1,ADJA,ADJA,alt,alt,Alter,Alter,1,1,"Alter Krass, du bist echt heftig verknallt."
3039,subtitle,ihn,0,PPER,PPER,ihn,ihn,er,er,1,1,Ich werde jetzt zu Philipp fahren und ihn zur Rede stellen!
3039,subtitle,zur,0,APPRART,APPR,zu,zu,zur,zur,1,1,Ich werde jetzt zu Philipp fahren und ihn zur Rede stellen!
3040,subtitle,mir,0,PPER,PPER,mir,mir,ich,ich,1,1,"Ja, Max ist noch bei mir."
3043,subtitle,uns,0,PRF,PRF,sich,sich,wir,wir,1,1,In diesem Video beschäftigen wir uns mit dem 11. September 2001 und mit seinen Folgen.
3046,subtitle,Futtervorräten,0,NN,NN,futtervorräte,futtervorräte,Futtervorrat,Futtervorrat,1,1,Ein Beispiel für diese Art von intelligentem Verhalten ist das Anlegen von Futtervorräten.
3047,subtitle,mich,0,PPER,PRF,mich,mich,ich,ich,1,1,"Oh, entschuldigen Sie, ich habe mich gefragt, Äh, war mein Kumpel schon hier?"
3048,subtitle,wünsch,0,VVFIN,VVFIN,wünschn,wünsch,wünschen,wünschen,1,1,"Und ich wünsch mir auch, dass wir einfach so zusammen sein können."
3048,subtitle,mir,0,PRF,PRF,sich,sich,ich,ich,1,1,"Und ich wünsch mir auch, dass wir einfach so zusammen sein können."
3049,subtitle,selbst-,0,TRUNC,ADJD,selbst,selbst,selbst-,selbst-,1,0,Diese Seefahrer treffen auf selbst- bewusste und wehrhafte Einwohner.
3049,subtitle,bewusste,0,ADJA,ADJA,bewusset,bewusset,bewußt,bewußt,0,1,Diese Seefahrer treffen auf selbst- bewusste und wehrhafte Einwohner.
3050,subtitle,uns,0,PPER,PPER,uns,uns,wir,wir,1,1,"Was für uns als erfahrene Leserinnen und Leser im Alltag selbstverständlich ist, ist eigentlich ein hochkomplexes Zusammenspiel aus mehreren verschiedenen Teilfertigkeiten und Prozessen."
3050,subtitle,Leserinnen,0,NN,NN,Leserinne,leserinne,Leserin,Leserin,1,1,"Was für uns als erfahrene Leserinnen und Leser im Alltag selbstverständlich ist, ist eigentlich ein hochkomplexes Zusammenspiel aus mehreren verschiedenen Teilfertigkeiten und Prozessen."
3050,subtitle,im,0,APPRART,ART,in,in,im,imen,1,1,"Was für uns als erfahrene Leserinnen und Leser im Alltag selbstverständlich ist, ist eigentlich ein hochkomplexes Zusammenspiel aus mehreren verschiedenen Teilfertigkeiten und Prozessen."
3050,subtitle,mehreren,0,PIAT,PIAT,mehrere,mehrere,mehr,mehr,1,1,"Was für uns als erfahrene Leserinnen und Leser im Alltag selbstverständlich ist, ist eigentlich ein hochkomplexes Zusammenspiel aus mehreren verschiedenen Teilfertigkeiten und Prozessen."
3052,subtitle,mir,0,PPER,PPER,mir,mir,ich,ich,1,1,"Aber sie hat gesagt, dass sie frühestens nach 3 Treffen mit zu mir nach Hause kommt."
3054,subtitle,Risse,0,NN,NN,Riß,riß,Riss,Riss,1,1,"So können Schwellungen, kleine Risse und Blutungen entstehen."
3055,subtitle,Rinnen,0,NN,NN,Rinn,rinn,Rinne,Rinne,1,1,In den Rinnen laufen Kupferkugeln mit einem Durchmesser von etwa dreizehn Zentimetern.
3056,subtitle,im,0,APPRART,ART,in,in,im,imen,1,1,"Wie in dieser Schlagzeile: Die Schüler wollen im Unterricht Dinge lernen, die im wirklichen Leben wichtig sind."
3056,subtitle,im,0,APPRART,ART,in,in,im,imen,1,1,"Wie in dieser Schlagzeile: Die Schüler wollen im Unterricht Dinge lernen, die im wirklichen Leben wichtig sind."
3058,subtitle,Trainingsdaten,0,NN,NN,Trainingsdat,trainingsdat,Trainingsdatum,Trainingsdatum,0,1,"Denn letztendlich hängen die Antworten von den Trainingsdaten ab. ChatGPT antwortet, ohne dass die Antworten beispielsweise vorher von Entwicklern kontrolliert werden."
3061,subtitle,kurz-,0,TRUNC,ADJA,kurz,kurz,kurz-,kurz-,1,0,"Die europäische Perspektive steht aber nicht unbedingt für kurz- oder mittelfristigen Beitritt, und zwar aus zwei Gründen."
3063,subtitle,einige,0,PIAT,PIAT,einiger,einiger,einige,einige,1,1,Die Wirkung des Placebo-Effektes gegen Schmerzen und gegen einige andere subjektive Symptome ist echt.
3067,subtitle,Frisst,1,VVFIN,VVFIN,Frisst,frisst,Fressen,frießen,1,1,Frisst du gerade einen Döner?
3071,subtitle,Mir,1,PPER,PPER,mir,mir,ich,ich,1,1,"Mir geht es da nicht gut, ich komme nicht mit den Leuten zurecht, es ist mir zu klein."
3071,subtitle,mir,0,PPER,PPER,mir,mir,ich,ich,1,1,"Mir geht es da nicht gut, ich komme nicht mit den Leuten zurecht, es ist mir zu klein."
3075,subtitle,würfeln,0,NN,VVFIN,Würfel,würfel,würfeln,würfeln,1,1,"Durch würfeln einer 2, 3 oder 12 verlieren wir."
3076,subtitle,nächste,0,ADJA,ADJA,nächster,nächster,nah,nah,1,1,Das nächste Mal können wir es vielleicht umgekehrt machen.
3077,subtitle,im,0,APPRART,ART,in,in,im,imen,1,1,"Impfungen tun im Grunde genommen so, als wären sie eine Krankheit, und trainieren damit deine Abwehr, damit sie bereit ist, sollte die Krankheit wirklich auftauchen."
3078,subtitle,Dass,1,KOUS,KOUS,dass,dass,daß,daß,1,1,"Dass Jack für die Mafia arbeitet, wusste anscheinend damals jeder."
3079,subtitle,im,0,APPRART,ART,in,in,im,imen,1,1,Übrigens im besten Fall aufrichtig und nicht zum Schein.
3079,subtitle,zum,0,APPRART,ART,zu,zu,zum,zum,1,1,Übrigens im besten Fall aufrichtig und nicht zum Schein.
3080,subtitle,vergangenes,0,ADJA,ADJA,vergangen,vergangen,vergangenes,vergangen,1,1,"Obwohl wir vergangenes Jahr mehr als 100.000 Aufrufe mit unseren Folgen erreicht haben, gab es dafür keinen Cent von Spotify."
3085,subtitle,Vom,1,APPRART,ART,von,von,vom,vom,1,1,Vom freien Fall für die Industrie oder auch von der Ruhe vor dem Sturm.
3086,subtitle,Zum,1,APPRART,ART,zu,zu,zum,zum,1,1,"Zum ersten Mal hat er nun wirklich Leute gefunden, die ihn nicht auslachen aufgrund seiner politischen Überzeugung, sondern die ihm zujubeln."
3086,subtitle,ersten,0,ADJA,ADJA,erster,erster,erst,erst,1,1,"Zum ersten Mal hat er nun wirklich Leute gefunden, die ihn nicht auslachen aufgrund seiner politischen Überzeugung, sondern die ihm zujubeln."
3086,subtitle,ihn,0,PPER,PPER,ihn,ihn,er,er,1,1,"Zum ersten Mal hat er nun wirklich Leute gefunden, die ihn nicht auslachen aufgrund seiner politischen Überzeugung, sondern die ihm zujubeln."
3086,subtitle,ihm,0,PPER,PPER,ihm,ihm,er,er,1,1,"Zum ersten Mal hat er nun wirklich Leute gefunden, die ihn nicht auslachen aufgrund seiner politischen Überzeugung, sondern die ihm zujubeln."
3087,subtitle,im,0,APPRART,ART,in,in,im,im,1,1,Die Pandemie hat Deutschland lange weiter im Griff.
3088,subtitle,uns,0,PPER,PPER,uns,uns,wir,wir,1,1,"Das heißt auch, dass gesellschaftliche Debatten heute schneller eskalieren, weil uns da, was wäre wenn, so wichtig geworden ist."
3089,subtitle,ins,0,APPRART,ART,in,in,ecser,ins,1,0,Deshalb gehen wir heute ins Schwimmbad!
3090,subtitle,Ihnen,0,PPER,PPER,ihnen,ihnen,Sie,Sie,1,1,"Wir glauben, jemand ist bei Ihnen eingebrochen."
3092,subtitle,ihr,0,PPER,PPER,ihr,ihr,sie,sie,1,1,Leute wie ihr gehören für immer eingesperrt.
3093,subtitle,alle,0,PIAT,PIAT,aller,aller,alle,alle,1,1,"Und alle anderen Vielverdiener müssen nur bis zu einer bestimmten Grenze ihres Einkommens Beiträge zahlen, nämlich bis zur sogenannten Beitragsbemessungsgrenze."
3093,subtitle,zur,0,APPRART,ART,zu,zu,zur,zu,1,1,"Und alle anderen Vielverdiener müssen nur bis zu einer bestimmten Grenze ihres Einkommens Beiträge zahlen, nämlich bis zur sogenannten Beitragsbemessungsgrenze."
3093,subtitle,sogenannten,0,ADJA,ADJA,sogenannter,sogenannter,sogenannt,sogenannt,1,1,"Und alle anderen Vielverdiener müssen nur bis zu einer bestimmten Grenze ihres Einkommens Beiträge zahlen, nämlich bis zur sogenannten Beitragsbemessungsgrenze."
3094,subtitle,meinen,0,VVFIN,VVFIN,meinen,meinen,mein,mein,1,1,"Hey Leute, ich glaube, die meinen es ernst."
3095,subtitle,Zum,1,APPRART,ART,zu,zu,zum,zum,1,1,"Zum Beispiel hier: ""Wo ist Karsten?"
3096,subtitle,im,0,APPRART,ART,in,in,im,im,1,1,"Klar ist aber auch, bis zu den Wahlen im September ist noch Zeit."
3097,subtitle,Vertreibt,1,VVFIN,VVFIN,Vertreibben,vertreibt,vertreiben,vertreiben,1,1,Vertreibt alle Mauren und Juden.
3097,subtitle,alle,0,PIAT,PIAT,aller,aller,alle,alle,1,1,Vertreibt alle Mauren und Juden.
3098,subtitle,würdet,0,VMFIN,VMFIN,würden,würdet,werden,werden,1,1,"Mal eine kurze Frage: Was würdet ihr sagen, welches Land prägt euren Alltag grade am meisten?"
3098,subtitle,ihr,0,PPER,PPER,ihr,ihr,sie,sie,1,1,"Mal eine kurze Frage: Was würdet ihr sagen, welches Land prägt euren Alltag grade am meisten?"
3098,subtitle,euren,0,PPOSAT,PPOSAT,eur,eur,euer,euer,1,1,"Mal eine kurze Frage: Was würdet ihr sagen, welches Land prägt euren Alltag grade am meisten?"
3098,subtitle,meisten,0,PIS,PIS,meister,meister,meist,meist,1,1,"Mal eine kurze Frage: Was würdet ihr sagen, welches Land prägt euren Alltag grade am meisten?"
3100,subtitle,dich,0,PPER,PPER,dich,dich,du,du,1,1,Welche Ausdrücke aus diesem Video waren neu für dich?
3103,subtitle,ihn,0,PPER,PPER,ihn,ihn,er,er,1,1,"Holz ist zwar ein nachwachsender Rohstoff, aber er wächst halt nicht so schnell nach, wie man ihn verfeuern kann."
3105,subtitle,zum,0,APPRART,ART,zu,zu,zum,zum,1,1,Sie wird als Ketzerin zum Tode verurteilt.
3106,subtitle,Triumphale,0,ADJA,ADJA,Triumphale,triumphale,triumphal,Triumphale,1,1,"""Energie!"" (Triumphale Musik) Für alle, die jetzt immer noch da sind, vielen Dank für euer Interesse."
3106,subtitle,vielen,0,PIAT,PIAT,vieler,vieler,viel,viel,1,1,"""Energie!"" (Triumphale Musik) Für alle, die jetzt immer noch da sind, vielen Dank für euer Interesse."
3108,subtitle,viele,0,PIAT,PIAT,vieler,vieler,viel,viel,1,1,Wir hatten noch niemals so viele Besucher.
3110,subtitle,cleaner,0,NN,FM,Cleaner,cleaner,clean,clean,1,1,"Oder man macht das Ganze noch ""cleaner""."
3115,subtitle,dir,0,PPER,PPER,dir,dir,du,dir,1,1,Ein Schrank kann dir auf den Fuß fallen.
3117,subtitle,Danke,1,NN,PTKANT,Danke,danke,Dank,Dank,1,1,Danke für den wundervollen Abend Julian.
3117,subtitle,wundervollen,0,ADJA,ADJA,wundervoll,wundervoll,wundervollen,wundervoll,1,1,Danke für den wundervollen Abend Julian.
3118,subtitle,Bin,1,VAFIN,VAFIN,Bin,bin,sein,sein,1,1,Bin eine Zeit lang mit einem LKW dorthin gefahren.
3119,subtitle,im,0,APPRART,ART,in,in,im,imen,1,1,"Es wird schon mit Sprechgesang experimentiert weit im Voraus, etwa von Falco oder von den Toten Hosen."
3119,subtitle,Toten,0,NN,ADJA,tote,tote,tot,tot,1,1,"Es wird schon mit Sprechgesang experimentiert weit im Voraus, etwa von Falco oder von den Toten Hosen."
3120,subtitle,weißt,0,VVFIN,VVFIN,weißen,wissen,weißen,weißen,1,1,"Du weißt doch gar nicht, wie ich aussehe!"
3121,subtitle,mir,0,PPER,PRF,mir,mir,ich,ich,1,1,"Also bevor ich ein Buch kaufe, kann ich mir einige Seiten zum Probelesen herunterladen."
3121,subtitle,einige,0,PIAT,PIAT,einiger,einiger,einige,einige,1,1,"Also bevor ich ein Buch kaufe, kann ich mir einige Seiten zum Probelesen herunterladen."
3121,subtitle,zum,0,APPRART,APPR,zu,zu,zum,zum,1,1,"Also bevor ich ein Buch kaufe, kann ich mir einige Seiten zum Probelesen herunterladen."
3121,subtitle,Probelesen,0,NN,NN,Probelesen,probelesen,Probelese,Probelese,1,1,"Also bevor ich ein Buch kaufe, kann ich mir einige Seiten zum Probelesen herunterladen."
3125,subtitle,zur,0,APPRART,APPR,zu,zu,zur,zur,1,1,Aber kann er das Land jetzt auch wirklich komplett umkrempeln und zur Diktatur machen?
3126,subtitle,Schnäbel,0,NN,NN,Schnäbel,schnäbel,Schnabel,Schnabel,1,1,"Damit dabei nichts passiert, kürzen wir ihre Schnäbel und Krallen."
3130,subtitle,viele,0,PIAT,PIAT,vieler,vieler,viel,viel,1,1,In anderen Worten hast du quasi grenzenlos viele Feinde.
3131,subtitle,Bekamen,1,VVFIN,NN,Bekamen,bekamen,Bekame,bekamen,1,0,Bekamen Wort Bild Paare gezeigt.
3133,subtitle,reinzufallen,0,NN,VVIZU,reinzufalle,reinzufalle,reinfallen,reinfallen,0,1,"Das heißt, erlaubt man dem Opfer, auf den reinzufallen?"
3140,subtitle,ins,0,APPRART,ART,in,in,ecser,ins,1,0,"Wir gehen jetzt ins Café, aber ich wechsle zuerst meine Bluse."
3141,subtitle,reingeht,0,VVFIN,VVFIN,reingehen,reingeht,reingehen,reingehen,1,1,"Aber auch wenn man hier reingeht, dahinten, da ist da das Café Blau."
3142,subtitle,im,0,APPRART,ART,in,in,im,imen,1,1,"Und je mehr SNP's wir in unsere Betrachtung miteinbeziehen, desto mehr Fehler summieren sich auch im Endscore."
3143,subtitle,Zum,1,APPRART,ART,zu,zu,zum,zum,1,1,"Zum Beispiel,wenn wir irgendwo bezahlen."
3144,subtitle,Falls,1,KOUS,KOUS,falls,falls,Fall,Fall,1,1,"Falls Sie meine Arbeit unterstützen möchten, freue ich mich sehr, wenn Sie Kanal-Mitglied werden oder die Super-Thanks-Funktion nutzen."
3144,subtitle,mich,0,PRF,PRF,sich,sich,ich,ich,1,1,"Falls Sie meine Arbeit unterstützen möchten, freue ich mich sehr, wenn Sie Kanal-Mitglied werden oder die Super-Thanks-Funktion nutzen."
3146,subtitle,im,0,APPRART,ART,in,in,im,imen,1,1,Ihr könnt im Wasser spielen.
3147,subtitle,mir,0,PPER,PPER,mir,mir,ich,ich,1,1,Am besten hat mir eines meiner Lieblingsbücher als Hörbuch gefallen: “Die unendliche Geschichte” von Michael Ende.
3147,subtitle,eines,0,PIS,PIS,einer,einer,ein,ein,1,1,Am besten hat mir eines meiner Lieblingsbücher als Hörbuch gefallen: “Die unendliche Geschichte” von Michael Ende.
3148,subtitle,Zweiten,0,ADJA,ADJA,zweiter,zweiter,zweit,zweit,1,1,Auch dazu gibt es ein Video oben auf dem I. Nach dem Zweiten Weltkrieg werden in Deutschland neben Alkohol und Tabak auch verbotene Drogen konsumiert.
3149,subtitle,Hab,1,NN,VAFIN,hab,hab,haben,haben,1,1,Hab' dich da gar nicht gesehen.
3149,subtitle,dich,0,PPER,PPER,dich,dich,du,du,1,1,Hab' dich da gar nicht gesehen.
3151,subtitle,im,0,APPRART,ART,in,in,im,imen,1,1,"Das ist ein Ungleichgewicht, das im Moment noch auf den Schultern unserer Mitarbeitenden ausgetragen wird."
3154,subtitle,sogenannten,0,ADJA,ADJA,sogenannter,sogenannter,sogenannt,sogenannt,1,1,"Dazu gehören sollten, das ist die offizielle Haltung, auch die sogenannten Vier Nördlichen Inseln."
3158,subtitle,nächste,0,ADJA,ADJA,nächster,nächster,nah,nah,1,1,Aber ich ich kann nur ohne die nächste Zahlung nicht weitermachen.
3159,subtitle,allgemeinere,0,ADJA,ADJA,allgemeiner,allgemeiner,allgemein,allgemein,1,1,Aber es gibt noch zwei allgemeinere Gründe für ein Pauschalverbot der ganzen Stoffklasse.
3159,subtitle,Stoffklasse,0,NN,NN,Stoffklaß,stoffklaß,Stoffklasse,Stoffklasse,0,1,Aber es gibt noch zwei allgemeinere Gründe für ein Pauschalverbot der ganzen Stoffklasse.
3161,subtitle,zum,0,APPRART,APPR,zu,zu,zum,zum,1,1,Die Kombination aus starken Features und technischer Stabilität machte Windows 7 zum unangefochtenen Marktführer.
3165,subtitle,auf-,0,TRUNC,ADJD,auf,auf,auf-en,auf-,1,1,"Zitat: Konkret bedeutet das für das BSW, Deutschland soll nicht auf- sondern abrüsten."
3166,subtitle,eine,0,PIS,PIS,einer,einer,ein,ein,1,1,"Die Art und Weise, wie wir Tiere behandeln, ist wahrscheinlich eine der Sachen, auf die zukünftige Generationen mit Abscheu blicken werden."
3167,subtitle,Knallflaschen,0,NN,NN,Knallflasch,knallflasch,Knallflasche,Knallflasche,0,1,"Hast du noch Knallflaschen, Markus?"
3175,subtitle,dir,0,PPER,PPER,dir,dir,du,dir,1,1,"Papa, die Ausbildung bei dir macht mir wirklich viel Spaß, aber ich möchte erst etwas anderes ausprobieren."
3175,subtitle,mir,0,PPER,PPER,mir,mir,ich,ich,1,1,"Papa, die Ausbildung bei dir macht mir wirklich viel Spaß, aber ich möchte erst etwas anderes ausprobieren."
3178,subtitle,mich,0,PPER,PPER,mich,mich,ich,ich,1,1,"Für mich sehen solche Briefe immer so aus, als würde gleich jemand sagen, das ist alles komplizierter als gedacht."
3179,subtitle,freigeschaltet,0,VVPP,VVPP,freigeschaltet,freigeschaltet,freischalten,freischalten,1,1,"Sobald du den Steuer-Abruf freigeschaltet hast, können die Daten am folgenden Tag abgerufen werden."
3179,subtitle,am,0,APPRART,ART,an,an,am,am,1,1,"Sobald du den Steuer-Abruf freigeschaltet hast, können die Daten am folgenden Tag abgerufen werden."
3179,subtitle,abgerufen,0,VVPP,VVPP,abgerufen,abgerufen,abrufen,abrufen,1,1,"Sobald du den Steuer-Abruf freigeschaltet hast, können die Daten am folgenden Tag abgerufen werden."
3181,subtitle,aufgetrieben,0,VVPP,VVPP,aufgetrieben,aufgetrieben,auftreiben,auftreiben,1,1,"Man würde also nicht sagen: ""Ich habe meine Kette aufgetrieben, die ich gestern verloren habe."" Das funktioniert nicht."
3182,subtitle,Falls,1,KOUS,KOUS,falls,falls,Fall,Fall,1,1,"Falls ihr den Begriff mal für einen Aufsatz braucht, klingt immer gut."
3182,subtitle,ihr,0,PPER,PPER,ihr,ihr,sie,sie,1,1,"Falls ihr den Begriff mal für einen Aufsatz braucht, klingt immer gut."
3183,subtitle,zahl,0,NN,VVFIN,zahln,zahln,zahlen,zahlen,0,1,Ich zahl schon mal was von meinen Schulden zurück.
3184,subtitle,beim,0,APPRART,ART,bei,bei,beim,beim,1,1,Und dann gibt es noch Unterschiede beim Wahlalter.
3187,subtitle,Schauen,1,VVFIN,VVFIN,schauen,schauen,Schau,Schau,1,1,"Schauen wir uns zuerst das Best-Case-Szenario an, in dem nur 2 % der Erkrankten eine Intensivbehandlung brauchen und zwar alle nur für 10 Tage."
3187,subtitle,uns,0,PPER,PRF,sich,sich,wir,wir,1,1,"Schauen wir uns zuerst das Best-Case-Szenario an, in dem nur 2 % der Erkrankten eine Intensivbehandlung brauchen und zwar alle nur für 10 Tage."
3187,subtitle,Erkrankten,0,NN,NN,erkrankter,erkrankter,Erkrankt,Erkrankte,1,1,"Schauen wir uns zuerst das Best-Case-Szenario an, in dem nur 2 % der Erkrankten eine Intensivbehandlung brauchen und zwar alle nur für 10 Tage."
3188,subtitle,zum,0,APPRART,ART,zu,zu,zum,zum,1,1,Ich hatte schon Bohnen zum Frühstück und Mittagessen.
3190,subtitle,uns,0,PPER,PPER,uns,uns,wir,wir,1,1,Bei uns gibt es nicht viele Vegetarier.
3190,subtitle,viele,0,PIAT,PIAT,vieler,vieler,viel,viel,1,1,Bei uns gibt es nicht viele Vegetarier.
3191,subtitle,uns,0,PPER,PPER,uns,uns,wir,wir,1,1,"Und das ist so eine Bildungsschere, die uns Sorgen bereitet."
3193,subtitle,brisantes,0,ADJA,ADJA,brisant,brisant,brisantes,brisant,1,1,"Rund 3,5 Millionen Dokumente, die jede Menge brisantes Material enthalten."
3194,subtitle,linken,0,ADJA,ADJA,linker,linker,link,link,1,1,Bei dieser Wahl landen die Bolschewiki nach den linken Sozialrevolutionären abgeschlagen auf dem zweiten Platz.
3194,subtitle,zweiten,0,ADJA,ADJA,zweiter,zweiter,zweit,zweit,1,1,Bei dieser Wahl landen die Bolschewiki nach den linken Sozialrevolutionären abgeschlagen auf dem zweiten Platz.
3195,subtitle,komm,0,VVFIN,VVFIN,kommn,komm,kommen,kommen,1,1,Komm schon! (Jana) Jetzt komm!
3197,subtitle,zum,0,APPRART,ART,zu,zu,zum,zum,1,1,"Der Mann wird zum Präsidenten gewählt, verliert nach vier Jahren die Wahl, tritt vier Jahre später noch mal an und gewinnt erneut."
3201,subtitle,ihr,0,PPER,PPER,ihr,ihr,sie,sie,1,1,"Das geht nur, wenn jemand ihr eine Niere spendet."
3202,subtitle,im,0,APPRART,ART,in,in,im,im,1,1,"Schon im Sommer 2020 hat seine Partei entschieden, ihn ins Rennen zu schicken."
3202,subtitle,ihn,0,PPER,PPER,ihn,ihn,er,er,1,1,"Schon im Sommer 2020 hat seine Partei entschieden, ihn ins Rennen zu schicken."
3202,subtitle,ins,0,APPRART,ART,in,in,ecser,ins,1,0,"Schon im Sommer 2020 hat seine Partei entschieden, ihn ins Rennen zu schicken."
3209,subtitle,mir,0,PPER,PPER,mir,mir,ich,ich,1,1,Schreibt mir eure Wünsche in die Kommentare!
3209,subtitle,eure,0,PPOSAT,PPOSAT,eur,eur,euer,euer,1,1,Schreibt mir eure Wünsche in die Kommentare!
3211,subtitle,Weißt,1,VVFIN,VVFIN,weißen,wissen,weißen,wissen,1,1,"Weißt du, was für andere Tattoos er hatte?"
3211,subtitle,Tattoos,0,NN,NN,Tattoos,tattoos,Tattoo,Tattoo,1,1,"Weißt du, was für andere Tattoos er hatte?"
3212,subtitle,Abgesehen,1,VVPP,VVPP,absehen,absehen,abgesehen,abgesehen,1,1,Abgesehen davon sind da nur die Kiffer.
3214,subtitle,im,0,APPRART,ART,in,in,im,im,1,1,Nicht nur politisch hebt sich Naumann ab von den übrigen Apparatschiks im Politbüro.
3216,subtitle,mich,0,PRF,PRF,sich,sich,ich,ich,1,1,"Ich sehe mich um und entdecke, dass der Ort sehr sicher ist."
3219,subtitle,begräßen,0,VVINF,VVINF,begräßen,begräßen,begressen,begressen,1,0,"Tatsache ist, er ist tot, Boss und unseren Fall können wir begräßen."
3221,subtitle,alle,0,PIAT,PIAT,aller,aller,alle,alle,1,1,"Ihr könnt doch alle Ski fahren, oder?"
3222,subtitle,IQ's,0,VVPP,NN,IQ's,iq's,IQ',IQ's,0,0,"Nehmt das Beispiel Intelligenz, also eineiige Zwillinge können unterschiedliche IQ's haben."
3225,subtitle,uns,0,PPER,PPER,uns,uns,wir,wir,1,1,"Lass uns erstmal ein bisschen knutschen, Bibi."
3226,subtitle,ihr,0,PPER,PPER,ihr,ihr,sie,sie,1,1,Oder seid ihr eher dagegen?
3232,subtitle,Akten,0,NN,NN,Akte,akte,Akt,Akt,1,1,"Doch abends, wenn die Akten weggeräumt waren, wurde die Stille in seiner Wohnung zu laut."
3235,subtitle,zum,0,APPRART,APPR,zu,zu,zum,zum,1,1,Aber nicht nur zum Machterhalt dienen Geheimdienste.
3236,subtitle,unsere,0,PPOSAT,PPOSAT,mein,mein,unser,unser,1,1,"Etwa so groß wie ein E.-Coli-Bakterium. Der Park, in dem unsere Reise angefangen hat, ist jetzt, da du noch winziger bist, 1.000.0000 Kilometer lang."
3238,subtitle,gerecht,0,ADJD,ADJD,gerecht,gerecht,rechen,rechen,1,1,Was bedeutet das Wort gerecht?
3240,subtitle,schlag,0,VVFIN,VVFIN,schlag,schlag,schlagen,schlagen,1,1,Statt “schlag mich tot” sagt man auch manchmal “schieß mich tot”.
3240,subtitle,mich,0,PPER,PPER,mich,mich,ich,ich,1,1,Statt “schlag mich tot” sagt man auch manchmal “schieß mich tot”.
3240,subtitle,schieß,0,VVFIN,VVFIN,schieß,schieß,schießen,schießen,1,1,Statt “schlag mich tot” sagt man auch manchmal “schieß mich tot”.
3240,subtitle,mich,0,PPER,PPER,mich,mich,ich,ich,1,1,Statt “schlag mich tot” sagt man auch manchmal “schieß mich tot”.
3241,subtitle,weniger,0,PIAT,PIAT,weniger,weniger,wenig,wenig,1,1,"Ähnlich wie das Abkommen mit der Türkei, das als Vergleich genommen wird und dafür sorgt, dass es deutlich weniger Asylsuchende inzwischen gibt."
3243,subtitle,viele,0,PIAT,PIAT,vieler,vieler,viel,viel,1,1,"Es gibt viele weitere Studien, die das bestätigen."
3244,subtitle,uns,0,PPER,PRF,sich,sich,wir,wir,1,1,"Wie auch immer, wir sehen uns später."
3246,subtitle,beim,0,APPRART,ART,bei,bei,beim,bei,1,1,"Ja, wir können also festhalten, dass die Eigentumsrechte beim Boden weniger schützenswert sind als beim sonstigen Eigentum."
3246,subtitle,beim,0,APPRART,ART,bei,bei,beim,bei,1,1,"Ja, wir können also festhalten, dass die Eigentumsrechte beim Boden weniger schützenswert sind als beim sonstigen Eigentum."
3249,subtitle,dich,0,PPER,PPER,dich,dich,du,du,1,1,Macht dich alles zum Gewerbetreibenden?
3249,subtitle,zum,0,APPRART,ART,zu,zu,zum,zum,1,1,Macht dich alles zum Gewerbetreibenden?
3249,subtitle,Gewerbetreibenden,0,NN,NN,Gewerbetreibender,gewerbetreibender,Gewerbetreibend,Gewerbetreibenden,1,1,Macht dich alles zum Gewerbetreibenden?
3254,subtitle,am,0,APPRART,APPR,an,an,am,am,1,1,"Später teilt er dann noch gegen die Grünen aus und bekommt am Ende laut Protokoll auch Beifall vom damaligen Koalitionspartner der Union, der FDP."
3254,subtitle,vom,0,APPRART,ART,von,von,vom,vom,1,1,"Später teilt er dann noch gegen die Grünen aus und bekommt am Ende laut Protokoll auch Beifall vom damaligen Koalitionspartner der Union, der FDP."
3255,subtitle,weiter,0,ADV,ADV,weiter,weiter,weit,weit,1,1,In der Latènezeit breitet sich die keltische Kultur immer weiter aus.
3259,subtitle,alles,0,PIAT,PIS,aller,aller,alle,alle,1,1,"Aber ich finde, das sind alles legitime Sichtweisen."
3260,subtitle,alle,0,PIAT,PIAT,aller,aller,alle,alle,1,1,Zwar hat er nicht alle Vorgaben erfüllt für eine risikoärmere Tätowierung.
3261,subtitle,ihr,0,PPER,PPER,ihr,ihr,sie,sie,1,1,Und das Gegenteil davon kennt ihr natürlich.
3263,subtitle,meine,0,VVFIN,PPER,meinen,meinen,mein,mein,1,1,"Du hast Ich meine, sie hat dir gezeigt, was in dir steckt."
3263,subtitle,dir,0,PPER,PPER,dir,dir,du,dir,1,1,"Du hast Ich meine, sie hat dir gezeigt, was in dir steckt."
3263,subtitle,dir,0,PPER,PPER,dir,dir,du,dir,1,1,"Du hast Ich meine, sie hat dir gezeigt, was in dir steckt."
3269,subtitle,im,0,APPRART,ART,in,in,im,imen,1,1,"Dieser Ausdruck passt besonders gut, wenn wir im weitesten Sinne über Zahlen sprechen."
3272,subtitle,mir,0,PPER,PPER,mir,mir,ich,ich,1,1,Und er hat mir das Singen beigebracht.
3279,subtitle,ihm,0,PPER,PPER,ihm,ihm,er,er,1,1,"Hau ihm noch ein bisschen auf den Kopf, bitte."
3279,subtitle,bitte,0,PTKANT,VVFIN,bitte,bitte,bitten,bitten,1,1,"Hau ihm noch ein bisschen auf den Kopf, bitte."
3281,subtitle,zum,0,APPRART,ART,zu,zu,zum,zum,1,1,Vielleicht schauen Sie mal sich wirklich Serien an auf Arte und ich möchte nur eine zitieren oder vielleicht kommen Sie zum Filmfestival Augenblick.
3283,subtitle,Verben,0,NN,NN,Verbe,verbe,Verb,Verb,1,1,Darin spreche ich über diese weiteren Verben mit “bauen”.
3284,subtitle,mir,0,PRF,PPER,mir,mir,ich,ich,1,1,Was macht dieses Schwein mir?
3286,subtitle,Dass,1,KOUS,KOUS,dass,dass,daß,daß,1,1,"Dass es deinem Gehirn leichter fällt, in der Sprache zu denken."
3288,subtitle,beim,0,APPRART,ART,bei,bei,beim,bei,1,1,Damit sind wir beim Iran.
3294,subtitle,im,0,APPRART,ART,in,in,im,im,1,1,"Patton, ebenfalls Westpoint Absolvent, hatte sich im ersten Weltkrieg freiwillig als Panzergrenadier gemeldet und sah in Kriegsmaschinen eine Reflexion auf seine eigene Persönlichkeit."
3294,subtitle,ersten,0,ADJA,ADJA,erster,erster,erst,erst,1,1,"Patton, ebenfalls Westpoint Absolvent, hatte sich im ersten Weltkrieg freiwillig als Panzergrenadier gemeldet und sah in Kriegsmaschinen eine Reflexion auf seine eigene Persönlichkeit."
3298,subtitle,Mutanten,0,NN,NN,Mutant,mutant,Mutante,Mutant,1,1,"Momentan haben wir ja den Salat, dass wir Mutanten haben, die nicht weniger schädlich sind, aber ansteckender."
3302,subtitle,Abgeordnete,0,NN,NN,abgeordneter,abgeordneter,Abgeordnete,Abgeordnete,1,1,"Das geht über Abgeordnete, die wir beauftragen, für uns mit zu entscheiden im Parlament."
3302,subtitle,uns,0,PPER,PPER,uns,uns,wir,wir,1,1,"Das geht über Abgeordnete, die wir beauftragen, für uns mit zu entscheiden im Parlament."
3302,subtitle,im,0,APPRART,ART,in,in,im,imen,1,1,"Das geht über Abgeordnete, die wir beauftragen, für uns mit zu entscheiden im Parlament."
3303,subtitle,euch,0,PPER,PPER,euch,euch,ihr,ihr,1,1,Vielleicht mit einem Klick von euch auf dem Abo-Button.
3304,subtitle,Gesichert,1,ADJD,VVPP,sichern,sichern,Gesichert,gesichert,1,1,Gesichert ist noch längst nichts.
3305,subtitle,günstigsten,0,ADJA,ADJA,günstigsten,günstigsten,günstig,günstig,1,1,"Aber selbst mit Tonys günstigsten Prognosen, überschritt das Halo MMORPG die gewährte Zeitspanne um ein halbes Jahr."
3305,subtitle,überschritt,0,VVFIN,VVFIN,überschriten,überschritt,überschreiten,überschreiten,1,1,"Aber selbst mit Tonys günstigsten Prognosen, überschritt das Halo MMORPG die gewährte Zeitspanne um ein halbes Jahr."
3305,subtitle,gewährte,0,ADJA,ADJA,gewährt,gewährt,gewähren,gewähren,1,1,"Aber selbst mit Tonys günstigsten Prognosen, überschritt das Halo MMORPG die gewährte Zeitspanne um ein halbes Jahr."
3306,subtitle,Infos,0,NN,NN,Infos,infos,Info,Info,1,1,"Das heißt, auf unterschiedlichen Wegen sollen durch dieses Gremium Infos zusammengetragen werden."
3308,subtitle,aller,0,PIAT,PIAT,aller,aller,alle,alle,1,1,Beanstandete Produkte kommen aus aller Welt.
3309,subtitle,am,0,APPRART,APPR,an,an,am,am,1,1,"Ich hoffe, sie sind noch am Leben."
3310,subtitle,Unterhaltspflichtverletzungen,0,NN,NN,Unterhaltspflichtverletzunge,unterhaltspflichtverletzunge,Unterhaltspflichtverletzung,Unterhaltspflichtverletzung,0,0,"Bzw. ganz häufig bei Unterhaltspflichtverletzungen, künftig diesen Unterhaltspflichten nachzukommen."
3311,subtitle,ihm,0,PPER,PPER,ihm,ihm,er,er,1,1,"Den wird ihm Dietrich Eckart verschaffen, Journalist und Bohemier."
3314,subtitle,Russland,0,NN,NE,Russland,russland,Rußland,Rußland,1,1,"In der Ukraine werden Waffen eingesetzt, die aus dem Iran nach Russland geliefert werden."
3318,subtitle,schaust,0,VVFIN,VVFIN,schausen,schaust,schauen,schauen,1,1,"Yara, schaust du kurz nach, bitte?"
3318,subtitle,bitte,0,PTKANT,VVFIN,bitte,bitte,bitten,bitten,1,1,"Yara, schaust du kurz nach, bitte?"
3324,subtitle,uns,0,PPER,PPER,uns,uns,wir,wir,1,1,"Was würde also mit uns passieren, wenn wir eine Atombombe in der Tiefsee zünden würden?"
3329,subtitle,am,0,APPRART,ART,an,an,am,am,1,1,"Unter der Woche stehe ich gegen sieben Uhr auf, trinke Kaffee, arbeite tagsüber und gehe am Abend zum Sport."
3329,subtitle,zum,0,APPRART,APPR,zu,zu,zum,zum,1,1,"Unter der Woche stehe ich gegen sieben Uhr auf, trinke Kaffee, arbeite tagsüber und gehe am Abend zum Sport."
3331,subtitle,wartest,0,VVFIN,VVFIN,wartestn,wartest,warten,warten,1,1,"Ruan Jiaojiao, worauf wartest du noch?"
3334,subtitle,ihr,0,PPER,PPER,ihr,ihr,sie,sie,1,1,"Na, wollt ihr euch noch mal mit mir anlegen?"
3334,subtitle,euch,0,PRF,PPER,euch,euch,ihr,ihr,1,1,"Na, wollt ihr euch noch mal mit mir anlegen?"
3334,subtitle,mir,0,PPER,PPER,mir,mir,ich,ich,1,1,"Na, wollt ihr euch noch mal mit mir anlegen?"
3337,subtitle,Schreibt's,1,NN,PTKANT,Schreibt's,schreibt's,Schreibt',schreibten,0,0,"Schreibt's in die Kommentare, lasst uns etwas diskutieren."
3337,subtitle,uns,0,PPER,PPER,uns,uns,wir,wir,1,1,"Schreibt's in die Kommentare, lasst uns etwas diskutieren."
3340,subtitle,glaub,0,ADJD,VVFIN,glaub,glaub,glauben,glauben,1,1,"Ich glaub, der ist alles egal."
3341,subtitle,Ihnen,0,PPER,PPER,ihnen,ihnen,Sie,Sie,1,1,"Er sagte, aus Respekt vor Ihnen und Ihrer Tochter werde ich sie verabschieden, ein Gebet sprechen, aber wir dürfen sie nicht hinlegen."
3341,subtitle,verabschieden,0,VVINF,VVINF,verabschieden,verabschieden,verabscheiden,verabschieden,1,1,"Er sagte, aus Respekt vor Ihnen und Ihrer Tochter werde ich sie verabschieden, ein Gebet sprechen, aber wir dürfen sie nicht hinlegen."
3344,subtitle,viele,0,PIAT,PIAT,vieler,vieler,viel,viel,1,1,Ich habe viele Kurse gemacht.
3346,subtitle,ihr,0,PPER,PPER,ihr,ihr,sie,sie,1,1,"Dort findet ihr ein Quiz mit noch mehr Beispielsätzen, mit denen ihr die Verben üben könnt."
3346,subtitle,ihr,0,PPER,PPER,ihr,ihr,sie,sie,1,1,"Dort findet ihr ein Quiz mit noch mehr Beispielsätzen, mit denen ihr die Verben üben könnt."
3346,subtitle,Verben,0,NN,NN,Verbe,verbe,Verb,Verb,1,1,"Dort findet ihr ein Quiz mit noch mehr Beispielsätzen, mit denen ihr die Verben üben könnt."
3347,subtitle,Bitte,1,PTKANT,ADV,bitte,bitte,bitten,Bitte,1,1,"Bitte bringen Sie meine Tochter zurück, Doktor!"
3348,subtitle,ins,0,APPRART,ART,in,in,ecser,ins,1,0,Danach können wir deinen Vater ins Krankenhaus bringen. ins Krankenhaus bringen.
3348,subtitle,ins,0,APPRART,ART,in,in,ecser,ins,1,0,Danach können wir deinen Vater ins Krankenhaus bringen. ins Krankenhaus bringen.
3349,subtitle,zur,0,APPRART,APPR,zu,zu,zur,zur,1,1,"Cannabis wird nicht nur zur medizinischen Nutzung freigegeben, wie es ja momentan schon der Fall ist, sondern auch zu Genusszwecken."
3349,subtitle,Genusszwecken,0,NN,NN,Genusszweck,genusszweck,Genusszwecken,Genusszweck,1,1,"Cannabis wird nicht nur zur medizinischen Nutzung freigegeben, wie es ja momentan schon der Fall ist, sondern auch zu Genusszwecken."
3353,subtitle,dir,0,PPER,PPER,dir,dir,du,dir,1,1,Aber wenn dir dieser Junge so viel bedeutet.
3358,subtitle,Wen,1,PWS,PWAV,wen,wen,wer,wer,1,1,Wen haben wir denn da? Scharkel 04 spielt besser als der erste.
3358,subtitle,erste,0,ADJA,ADJA,erster,erster,erst,erst,1,1,Wen haben wir denn da? Scharkel 04 spielt besser als der erste.
3359,subtitle,Halte,1,VVFIN,VVFIN,Halte,halte,Halt,Halt,1,1,"Halte dich lieber da raus, Lisa!"
3359,subtitle,dich,0,PPER,PPER,dich,dich,du,du,1,1,"Halte dich lieber da raus, Lisa!"
3359,subtitle,lieber,0,ADV,ADV,lieber,lieber,lieb,lieb,1,1,"Halte dich lieber da raus, Lisa!"
3361,subtitle,dich,0,PRF,PRF,dich,dich,du,du,1,1,"Martin, ich muss dich etwas fragen."
3365,subtitle,dir,0,PPER,PPER,dir,dir,du,dir,1,1,"Okay, ich gebe dir noch eine Chance, Jonas."
3368,subtitle,einige,0,PIAT,PIAT,einiger,einiger,einige,einige,1,1,Und für diesen Kurs stehen immer noch einige einflussreiche Politiker in der Partei.
3371,subtitle,ihr,0,PPER,PPER,ihr,ihr,sie,sie,1,1,Jetzt fragt ihr vielleicht: Was ist denn mit dem Verb “streicheln”?
3372,subtitle,zur,0,APPRART,ART,zu,zu,zur,zu,1,1,Damit kommen wir zur ersten Frage: Im vergangenen Monat sind drei Menschen an Bord eines Expeditions- kreuzfahrtschiffes gestorben.
3372,subtitle,ersten,0,ADJA,ADJA,erster,erster,erst,erst,1,1,Damit kommen wir zur ersten Frage: Im vergangenen Monat sind drei Menschen an Bord eines Expeditions- kreuzfahrtschiffes gestorben.
3372,subtitle,Im,0,APPRART,ART,in,in,im,im,1,1,Damit kommen wir zur ersten Frage: Im vergangenen Monat sind drei Menschen an Bord eines Expeditions- kreuzfahrtschiffes gestorben.
3372,subtitle,Expeditions-,0,TRUNC,ADJA,Expedition,expedition,expeditions-,Expeditions-,1,0,Damit kommen wir zur ersten Frage: Im vergangenen Monat sind drei Menschen an Bord eines Expeditions- kreuzfahrtschiffes gestorben.
3373,subtitle,Weißt,1,VVFIN,VVFIN,weißen,wissen,weißen,wissen,1,1,"Weißt du, wo die Mensa ist?"
3374,subtitle,mir,0,PRF,PRF,sich,sich,ich,ich,1,1,"Ich putze mir jetzt die Zähne, weil ich schlafen gehe."
3376,subtitle,dich,0,PRF,PRF,dich,dich,du,du,1,1,Ich will dich immer noch an die Frau bringen.
3381,subtitle,rausgenommen,0,VVPP,VVPP,rausgenommen,rausgenommen,rausnehmen,rausnehmen,1,1,"Und jetzt fragen die Leute natürlich: Wenn das angeblich nicht so schlimm ist, warum hat man das rausgenommen?"
3382,subtitle,nächste,0,ADJA,ADJA,nächster,nächster,nah,nah,1,1,"Kommentier jetzt nächste Folge unter das Video, wenn du willst, dass die nächste Folge schneller kommt."
3382,subtitle,willst,0,VVFIN,VVFIN,willen,willen,wollen,wollen,1,1,"Kommentier jetzt nächste Folge unter das Video, wenn du willst, dass die nächste Folge schneller kommt."
3382,subtitle,nächste,0,ADJA,ADJA,nächster,nächster,nah,nah,1,1,"Kommentier jetzt nächste Folge unter das Video, wenn du willst, dass die nächste Folge schneller kommt."
3383,subtitle,mir,0,PPER,PPER,mir,mir,ich,ich,1,1,Du kannst aber heute nicht bei mir schlafen!
3385,subtitle,uns,0,PRF,PRF,sich,sich,wir,wir,1,1,Wir kennen uns schon seit der Kindheit.
3387,subtitle,mir,0,PPER,PPER,mir,mir,ich,ich,1,1,Dann fällt mir bestimmt etwas ein.
3389,subtitle,zur,0,APPRART,APPR,zu,zu,zur,zur,1,1,Ich möchte die Höhle zur Lagerung von Lebensmitteln nutzen.
3391,subtitle,Stress,0,NN,NN,Stress,stress,Streß,Streß,1,1,"Ja, die körperliche Reaktion auf Stress ist eine archaische Reaktion."
3393,subtitle,im,0,APPRART,ART,in,in,im,im,1,1,"Lukaschenko ist ein Präsident, der v.a. im Ausland in der Kritik steht, aber auch im Inland."
3393,subtitle,im,0,APPRART,ART,in,in,im,imen,1,1,"Lukaschenko ist ein Präsident, der v.a. im Ausland in der Kritik steht, aber auch im Inland."
3397,subtitle,am,0,APPRART,APPR,an,an,am,am,1,1,Also wir haben am Anfang eine kleine Fragerunde gemacht bei Gesundheit und Pflege.
3398,subtitle,fang,0,VVFIN,VVFIN,fang,fang,fangen,fangen,1,1,"Dann fang doch schon einmal mit dem Teig an. Mache ich es richtig, Mama?"
3398,subtitle,Mache,0,VVFIN,VVFIN,Machen,machen,Mache,machen,1,1,"Dann fang doch schon einmal mit dem Teig an. Mache ich es richtig, Mama?"
3400,subtitle,wärst,0,VAFIN,VAFIN,sewärn,wärst,sein,sein,1,1,Wie wärst du mit einer eigenen Show?
3402,subtitle,ihr,0,PPER,PPER,ihr,ihr,sie,sie,1,1,"Aber habt ihr schon mal ernsthaft versucht, die Pharma-Verschwörung zu diskutieren."
3403,subtitle,keines,0,PIS,PIS,keiner,keiner,kein,kein,1,1,Grundwasser gibt es keines mehr.
3405,subtitle,Bewegst,1,NN,VVFIN,Bewegst,bewegst,bewegen,bewegen,1,1,"Bewegst du dich schnell im Raum, wirst du in der Zeitdimension langsamer."
3405,subtitle,dich,0,PRF,PPER,dich,dich,du,du,1,1,"Bewegst du dich schnell im Raum, wirst du in der Zeitdimension langsamer."
3405,subtitle,im,0,APPRART,ART,in,in,im,im,1,1,"Bewegst du dich schnell im Raum, wirst du in der Zeitdimension langsamer."
3406,subtitle,alle,0,PIAT,PIS,aller,aller,alle,alle,1,1,Eine Typ 3 Zivilisation kann ihre Galaxie und alle ihre Energie kontrollieren Aliens mit diesen Fähigkeiten wären für uns so etwas wie Götter.
3406,subtitle,Aliens,0,NN,NN,Alien,alien,Aliens,Aliens,1,1,Eine Typ 3 Zivilisation kann ihre Galaxie und alle ihre Energie kontrollieren Aliens mit diesen Fähigkeiten wären für uns so etwas wie Götter.
3406,subtitle,uns,0,PPER,PPER,uns,uns,wir,wir,1,1,Eine Typ 3 Zivilisation kann ihre Galaxie und alle ihre Energie kontrollieren Aliens mit diesen Fähigkeiten wären für uns so etwas wie Götter.
3408,subtitle,weißt,0,VVFIN,VVFIN,weißt,wissen,weißen,weißen,1,1,"Denkst du etwa, du weißt, was besser für meine Schüler ist als ich?"
3408,subtitle,was,0,PWS,PWS,wer,wer,was,was,1,1,"Denkst du etwa, du weißt, was besser für meine Schüler ist als ich?"
3409,subtitle,dich,0,PRF,PRF,dich,dich,du,du,1,1,"Vielleicht sehe ich dich ja absolut als Deutsche, möchte aber trotzdem wissen, wo deine Wurzeln sind."
3409,subtitle,Deutsche,0,NN,NN,deutsche,deutsche,deutsch,deutsch,1,1,"Vielleicht sehe ich dich ja absolut als Deutsche, möchte aber trotzdem wissen, wo deine Wurzeln sind."
3412,subtitle,Liebe,1,ADJA,ADJA,Liebe,liebe,lieb,lieb,1,1,"Liebe Frau Abgeordnete, es ist klar, dass wir weiterhin unterstützen wollen."
3412,subtitle,Abgeordnete,0,NN,NN,abgeordneter,abgeordneter,Abgeordnete,Abgeordnete,1,1,"Liebe Frau Abgeordnete, es ist klar, dass wir weiterhin unterstützen wollen."
3413,subtitle,im,0,APPRART,ART,in,in,im,im,1,1,"So lange, bis ich die Kinder im Bett habe."
3415,subtitle,Moleküle,0,NN,NN,Moleküle,moleküle,Molekül,Molekül,1,1,"Und genauso gibt es auch Moleküle, die alle möglichen Effekte haben."
3415,subtitle,alle,0,PIAT,PIAT,aller,aller,alle,alle,1,1,"Und genauso gibt es auch Moleküle, die alle möglichen Effekte haben."
3416,subtitle,im,0,APPRART,ART,in,in,im,im,1,1,"Aber wie viel Rückhalt er im Land hat, ist nicht klar."
3418,subtitle,Indische,0,NN,NN,Indische,indische,indisch,indisch,1,1,"Eine Sprachfamilie, zu der neben Deutsch auch das Indische, das Iranische oder Polnisch gehören."
3421,subtitle,ersten,0,ADJA,ADJA,erster,erster,erst,erst,1,1,Auf den ersten Blick hatte ich manchmal tatsächlich diesen Eindruck.
3422,subtitle,Coronavirus,0,NN,NN,Coronaviru,coronaviru,Coronavirus,Coronavirus,0,1,Bekommen wir wegen des neuartigen Coronavirus in ganz Deutschland eine Ausgangssperre?
3423,subtitle,müsstest,0,VMFIN,VMFIN,müsstestn,müsstest,müssen,müssen,1,1,"Das bedeutet, dass nichts vorhersehbar ist, denn dazu müsstest du sagen können, wo und wann etwas passiert."
3424,subtitle,zum,0,APPRART,ART,zu,zu,zum,zum,1,1,"Also sehr spannend zum geschichtlichen Teil, habe ich auch noch mal was verlinkt."
3424,subtitle,verlinkt,0,VVPP,VVPP,verlinken,verlinkt,verlinken,verlinken,1,1,"Also sehr spannend zum geschichtlichen Teil, habe ich auch noch mal was verlinkt."
3427,subtitle,dich,0,PPER,PPER,dich,dich,du,du,1,1,Und katapultiert dich aus dem Wassertropfen zurück in die Luft.
3430,subtitle,euch,0,PPER,PRF,euch,euch,ihr,ihr,1,1,Dieses Mal empfehle ich euch den Kanal Arte famliy und vor allem die Videoreihe zu Tisch.
3431,subtitle,was,0,PRELS,PRELS,wer,wer,was,was,1,1,"Wird man sich hier nicht einig, kann die Regierung alles, was für das kommende Jahr geplant war, vergessen und man muss bei null anfangen."
3432,subtitle,Witze,0,NN,NN,Witze,witze,Witz,Witz,1,1,"Komisch, also du machst gute Witze."
3433,subtitle,Missbrauch,0,NN,NN,Missbrauch,missbrauch,Mißbrauch,Mißbrauch,1,1,"Nicht alle müssen etwas mit dem Missbrauch zu tun haben, die meisten streiten es ab. Aber klar ist: Jeffrey Epstein war ein Mann mit Verbindungen."
3433,subtitle,meisten,0,PIS,PIS,meister,meister,meist,meist,1,1,"Nicht alle müssen etwas mit dem Missbrauch zu tun haben, die meisten streiten es ab. Aber klar ist: Jeffrey Epstein war ein Mann mit Verbindungen."
3434,subtitle,mir,0,PPER,PPER,mir,mir,ich,ich,1,1,"Jetzt erscheint es mir gerade zu grotesk, dass jemand dass jemand auf mich neidisch sein könnte."
3434,subtitle,mich,0,PPER,PPER,mich,mich,ich,ich,1,1,"Jetzt erscheint es mir gerade zu grotesk, dass jemand dass jemand auf mich neidisch sein könnte."
3435,subtitle,Einigen,1,PIS,PIS,einigen,einigen,einige,einig,1,1,"Einigen sei deshalb gar nichts anderes übriggeblieben, als an die Öffentlichkeit zu gehen."
3438,subtitle,im,0,APPRART,ART,in,in,im,imen,1,1,Sondern war auch im Zimmer von Herrn Kunze.
3441,subtitle,vieles,0,PIS,PIS,viele,viele,viel,viel,1,1,Aber mit den Nationalsozialisten ändert sich vieles im Deutschen Reich und auch das Verkehrswesen.
3441,subtitle,im,0,APPRART,ART,in,in,im,imen,1,1,Aber mit den Nationalsozialisten ändert sich vieles im Deutschen Reich und auch das Verkehrswesen.
3443,subtitle,mich,0,PRF,PRF,sich,sich,ich,ich,1,1,Ich kann mich auf Sie verlassen.
3445,subtitle,im,0,APPRART,ART,in,in,im,imen,1,1,"Als im 19. Jahrhundert die Moderne anbricht, da konzentriert sich die römisch-katholische Kirche auf den Papst."
3445,subtitle,anbricht,0,VVFIN,VVFIN,anbrichen,anbricht,anbrechen,anbrechen,1,1,"Als im 19. Jahrhundert die Moderne anbricht, da konzentriert sich die römisch-katholische Kirche auf den Papst."
3446,subtitle,im,0,APPRART,ART,in,in,im,im,1,1,"Das Nomen steht hier im Genitiv und ""zwecks"" benutzt man meistens ohne Artikel."
3448,subtitle,im,0,APPRART,ART,in,in,im,imen,1,1,Sind die Kinder im Garten?
3449,subtitle,ihm,0,PPER,PPER,ihm,ihm,er,er,1,1,"Er geht verantwortungsvoll mit seinem Expertenstatus um. Ich hätte nur ein kleines Hühnchen mit ihm zu rupfen, aber dazu kommen wir am Ende des Videos."
3449,subtitle,am,0,APPRART,ART,an,an,am,am,1,1,"Er geht verantwortungsvoll mit seinem Expertenstatus um. Ich hätte nur ein kleines Hühnchen mit ihm zu rupfen, aber dazu kommen wir am Ende des Videos."
3451,subtitle,Viele,1,PIAT,PIAT,vieler,vieler,viel,viel,1,1,"Viele Models nehmen das in Kauf, weil sie auf Prestige und bezahlte Folgeaufträge hoffen würden."
3451,subtitle,bezahlte,0,ADJA,ADJA,bezahlt,bezahlt,bezahlen,bezahlen,1,1,"Viele Models nehmen das in Kauf, weil sie auf Prestige und bezahlte Folgeaufträge hoffen würden."
3454,subtitle,mehrere,0,PIAT,PIAT,mehrere,mehrere,mehr,mehr,1,1,"Und wir schauen auch nach: von Forschungsgemeinschaften oder Fachgesellschaften, wo sich mehrere Expert innen auf eine Stellung geeinigt haben und den geschlossen kommunizieren."
3454,subtitle,geschlossen,0,ADJD,ADJD,geschlossen,geschlossen,schließen,schließen,1,1,"Und wir schauen auch nach: von Forschungsgemeinschaften oder Fachgesellschaften, wo sich mehrere Expert innen auf eine Stellung geeinigt haben und den geschlossen kommunizieren."
3455,subtitle,Zum,1,APPRART,ART,zu,zu,zum,zum,1,1,Zum Beispiel weil er uns nicht gefällt.
3455,subtitle,uns,0,PPER,PPER,uns,uns,wir,wir,1,1,Zum Beispiel weil er uns nicht gefällt.
3455,subtitle,gefällt,0,VVPP,VVFIN,fällen,fällen,gefallen,gefallen,1,1,Zum Beispiel weil er uns nicht gefällt.
3459,subtitle,mir,0,PPER,PRF,sich,sich,ich,ich,1,1,Den Spielraum muss ich mir morgen früh sichern.
3461,subtitle,alle,0,PIAT,PIAT,aller,aller,alle,alle,1,1,"Wir sind alle Menschen, die in keine Schublade passen."
3462,subtitle,Russland,0,NN,NE,Russland,russland,Rußland,Rußland,1,1,"Allerdings nur dann, wenn auch Russland im Gegenzug Sicherheitsgarantien bekommen würde, dass Russland nicht durch die NATO angegriffen würde oder etwas anderes."
3462,subtitle,im,0,APPRART,ART,in,in,im,imen,1,1,"Allerdings nur dann, wenn auch Russland im Gegenzug Sicherheitsgarantien bekommen würde, dass Russland nicht durch die NATO angegriffen würde oder etwas anderes."
3462,subtitle,Russland,0,NN,NE,Russland,russland,Rußland,Rußland,1,1,"Allerdings nur dann, wenn auch Russland im Gegenzug Sicherheitsgarantien bekommen würde, dass Russland nicht durch die NATO angegriffen würde oder etwas anderes."
3469,subtitle,kürzester,0,ADJA,ADJA,kürzester,kürzester,kürz,kurz,1,1,"Die Nationalsozialisten nutzen die Gelegenheit, innerhalb kürzester Zeit eine Diktatur aufzubauen."
3470,subtitle,Im,1,APPRART,ART,in,in,im,im,1,1,"Im sogenannten Zwei-plus-Vier-Vertrag wurde geregelt, wie das mit dem geeinten Deutschland genau ablaufen soll."
3470,subtitle,sogenannten,0,ADJA,ADJA,sogenannter,sogenannter,sogenannt,sogenannt,1,1,"Im sogenannten Zwei-plus-Vier-Vertrag wurde geregelt, wie das mit dem geeinten Deutschland genau ablaufen soll."
3472,subtitle,’s,0,ADV,PPER,’s,’s,'s,'s,0,0,"Heute geht’s um Verben, die mit verschiedenen Präpositionen stehen können und dadurch ihre Bedeutung verändern."
3472,subtitle,Verben,0,NN,NN,Verbe,verbe,Verb,Verb,1,1,"Heute geht’s um Verben, die mit verschiedenen Präpositionen stehen können und dadurch ihre Bedeutung verändern."
3474,subtitle,vieler,0,PIAT,PIAT,vieler,vieler,viel,viel,1,1,Die Partei setzt sich ein für eine Reaktivierung möglichst vieler Kernkraftwerke und gegen ein Verbot von Verbrennungsmotoren.
3475,subtitle,im,0,APPRART,ART,in,in,im,imen,1,1,"Es ist also absolut gesehen immer noch eine seltene Nebenwirkung, aber im Vergleich zu keiner Pille etwa eine Verdreifachung des Risikos."
3476,subtitle,euch,0,PRF,PRF,euch,euch,ihr,ihr,1,1,Wir möchten euch etwas sagen.
3479,subtitle,euch,0,PPER,PPER,euch,euch,ihr,ihr,1,1,"Guru, Guru der Fickerich Ich gebe euch ein Schlagwort und ihr müsst zu diesen Begriff einen vermeintlichen Fakt vortragen."
3479,subtitle,ihr,0,PPER,PPER,ihr,ihr,sie,sie,1,1,"Guru, Guru der Fickerich Ich gebe euch ein Schlagwort und ihr müsst zu diesen Begriff einen vermeintlichen Fakt vortragen."
3481,subtitle,mitgelesen,0,VVPP,VVPP,mitlesen,mitgelesen,mitlesen,mitlesen,1,1,Auch in Frankreich werden Briefe mitgelesen.
3482,subtitle,begeistert,0,ADJD,ADJD,begeistert,begeistert,begeistern,begeistern,1,1,Ich sitze hier mit den VPs und sie sind begeistert von den neuen Material.
3483,subtitle,Türchen,0,NN,NN,Türch,türch,Türchen,Türchen,0,1,"Oh ja, ich liebe ihre Türchen."
3484,subtitle,im,0,APPRART,ART,in,in,im,im,1,1,"Mäuse, die im Dunkeln leuchten, Mäuse mit Extratumoren."
3484,subtitle,Extratumoren,0,NN,NN,Extratumoren,extratumoren,Extratumor,Extratumor,1,1,"Mäuse, die im Dunkeln leuchten, Mäuse mit Extratumoren."
3489,subtitle,Schriftstellern,0,NN,NN,Schriftsteller,schriftsteller,Schriftstellern,Schriftstellern,1,1,"Anfangs wird die kubanische Revolution von Künstlern, Intellektuellen und Schriftstellern in der ganzen Welt gefeiert."
3490,subtitle,zum,0,APPRART,ART,zu,zu,zum,zum,1,1,Da geht es ja auch zum großen Teil um Scheinargumente.
3491,subtitle,hattest,0,VAFIN,VAFIN,hattesben,hattest,haben,haben,1,1,"Weil Kopfschmerzen halt irgendwann weggehen, oder wann hattest du lebenslange Kopfschmerzen?"
3492,subtitle,ihr,0,PPER,PPER,ihr,ihr,sie,sie,1,1,"Ja, muss es. Ich will immer wissen, wo ihr seid."
3495,subtitle,mir,0,PPER,PPER,mir,mir,ich,ich,1,1,"Wer sich für das Thema interessiert, kann sich ein altes Video von mir anschauen."
3496,subtitle,ihn,0,PPER,PPER,ihn,ihn,er,er,1,1,"Also schreibe ich meinem Chef eine E-Mail und frage ihn, ob ich nächste Woche einen Tag freinehmen kann."
3496,subtitle,nächste,0,ADJA,ADJA,nächster,nächster,nah,nah,1,1,"Also schreibe ich meinem Chef eine E-Mail und frage ihn, ob ich nächste Woche einen Tag freinehmen kann."
3500,subtitle,zusammengeworfen,0,VVINF,VVPP,zusammengeworfen,zusammengeworfen,zusammenwerfen,zusammenwerfen,1,1,"Das alles zusammengeworfen könnte bedeuten, der Kündigungsschutz könnte etwa gelockert werden."
3501,subtitle,im,0,APPRART,ART,in,in,im,im,1,1,"Weil der US-amerikanische Kongress die Hilfen schon im April 1948 beschlossen hat, können die schon eingeplant werden."
3501,subtitle,eingeplant,0,VVPP,VVPP,eingeplanen,eingeplant,einplanen,einplanen,1,1,"Weil der US-amerikanische Kongress die Hilfen schon im April 1948 beschlossen hat, können die schon eingeplant werden."
3504,subtitle,ersten,0,ADJA,ADJA,erster,erster,erst,erst,1,1,"Ein deutscher Botschafter steht frühmorgens auf normalerweise, dann trinkt er erstmal einen Tee und fängt an, die ersten Mails zu lesen, die früh gekommen sind."
3504,subtitle,Mails,0,NN,NN,Mail,mail,Mails,Mails,1,1,"Ein deutscher Botschafter steht frühmorgens auf normalerweise, dann trinkt er erstmal einen Tee und fängt an, die ersten Mails zu lesen, die früh gekommen sind."
3505,subtitle,Dresdner-,0,TRUNC,ADJA,Dresdner,dresdner,Dresdner-,Dresdner-,1,0,"Aber wie auch immer, er müsste heute auf jeden Fall noch sämtliche Preise und Ehrungen des Dresdner- Tourismusvereins abräumen."
3505,subtitle,Tourismusvereins,0,NN,NN,Tourismusverein,tourismusverein,Tourismusvereins,Tourismusvereins,1,1,"Aber wie auch immer, er müsste heute auf jeden Fall noch sämtliche Preise und Ehrungen des Dresdner- Tourismusvereins abräumen."
3506,subtitle,mich,0,PRF,PRF,sich,sich,ich,ich,1,1,Ich freue mich auf das Wochenende.
3507,subtitle,mich,0,PRF,PRF,sich,sich,ich,ich,1,1,"Und nun frage ich mich immer häufiger, ist etwas wahr, weil es irgendwo geschrieben steht?"
3510,subtitle,mich,0,PRF,PRF,sich,sich,ich,ich,1,1,"Will jemand, dass ich mich am Riemen reißen, soll ich aufhören zu jammern."
3510,subtitle,am,0,APPRART,ART,an,an,am,am,1,1,"Will jemand, dass ich mich am Riemen reißen, soll ich aufhören zu jammern."
3511,subtitle,dir,0,PPER,PPER,dir,dir,du,dir,1,1,"Guck dir die Leute hier an. Du bist für alle, die was zählen nicht mehr als Luft."
3516,subtitle,Gibt's,1,VVFIN,ITJ,Gibt's,geben,gibt's,Gibt's,1,1,Gibt's was Neues von der Crew?
3516,subtitle,Neues,0,NN,NN,neue,neue,Neu,Neu,1,1,Gibt's was Neues von der Crew?
3519,subtitle,am,0,APPRART,ART,an,an,am,am,1,1,"So, wir kommen am Ende des Videos mal zurück zum Anfang."
3519,subtitle,zum,0,APPRART,ART,zu,zu,zum,zum,1,1,"So, wir kommen am Ende des Videos mal zurück zum Anfang."
3520,subtitle,wär,0,VAFIN,VAFIN,sin,wär,sein,sein,1,1,Dazu heißt es in Artikel 19 des Grundgesetzes: In einer Diktatur wär so was überhaupt nicht möglich.
3521,subtitle,dir,0,PPER,PPER,dir,dir,du,dir,1,1,"Klar heulst du? Ach komm, das geht dir nicht an. Gut, dann gib mir wenigstens ein bisschen was von dem Geld."
3521,subtitle,mir,0,PPER,PPER,mir,mir,ich,ich,1,1,"Klar heulst du? Ach komm, das geht dir nicht an. Gut, dann gib mir wenigstens ein bisschen was von dem Geld."
3521,subtitle,was,0,ART,PIS,wer,wer,was,was,1,1,"Klar heulst du? Ach komm, das geht dir nicht an. Gut, dann gib mir wenigstens ein bisschen was von dem Geld."
3522,subtitle,uns,0,PRF,PRF,sich,sich,wir,wir,1,1,Wir sehen uns nach der Sommerpause in 2 Wochen.
3523,subtitle,Taten,0,NN,NN,Tat,tat,Tate,Tate,1,1,Ihre Taten und der Umgang damit wurden zur Bewährungsprobe für den Rechtsstaat und die noch junge deutsche Demokratie.
3523,subtitle,zur,0,APPRART,APPR,zu,zu,zur,zu,1,1,Ihre Taten und der Umgang damit wurden zur Bewährungsprobe für den Rechtsstaat und die noch junge deutsche Demokratie.
3525,subtitle,dich,0,PRF,PPER,dich,dich,du,du,1,1,Kann dich mir nicht vorstellen.
3525,subtitle,mir,0,PPER,PPER,mir,mir,ich,ich,1,1,Kann dich mir nicht vorstellen.
3527,subtitle,ins,0,APPRART,APPR,in,in,ins,ins,1,1,Der Blick ins Ausland zeigt zwei Dinge: Erstens: Wir haben in Deutschland offenbar vieles richtig gemacht.
3527,subtitle,vieles,0,PIS,PIS,viele,viele,viel,viel,1,1,Der Blick ins Ausland zeigt zwei Dinge: Erstens: Wir haben in Deutschland offenbar vieles richtig gemacht.
3534,subtitle,ihr,0,PPER,PPER,ihr,ihr,sie,sie,1,1,"Hey, ihr habt auch Marmelade bekommen."
3536,subtitle,Haltet,0,VVIMP,NN,Haltet,halten,Haltet,haltet,1,1,"Wenn die „Haltet den Mund und rechnet“-Leute recht haben, gibt es nur eine Welt, nur eine Version von dir."
3536,subtitle,dir,0,PPER,PPER,dir,dir,du,dir,1,1,"Wenn die „Haltet den Mund und rechnet“-Leute recht haben, gibt es nur eine Welt, nur eine Version von dir."
3538,subtitle,am,0,APPRART,APPR,an,an,am,am,1,1,"Bei dieser Form wird beispielsweise die Schuld der Deutschen am Holocaust herabgespielt oder sogar geleugnet, dass es den Holocaust überhaupt gegeben hat."
3538,subtitle,herabgespielt,0,VVPP,VVPP,herabgespieln,herabgespielt,herabspielen,herabspielen,1,1,"Bei dieser Form wird beispielsweise die Schuld der Deutschen am Holocaust herabgespielt oder sogar geleugnet, dass es den Holocaust überhaupt gegeben hat."
3539,subtitle,sogenannten,0,ADJA,ADJA,sogenannter,sogenannter,sogenannt,sogenannt,1,1,"Es ist die jüngste Eskalation eines jahrzehntelangen Konflikts, des sogenannten Nahostkonflikts."
3540,subtitle,viele,0,PIAT,PIAT,vieler,vieler,viel,viel,1,1,"Auch viele kleinere Gewinne, statt ab und zu mal was Größeres."
3540,subtitle,Größeres,0,NN,NN,Größeres,größeres,Größere,Größeres,1,1,"Auch viele kleinere Gewinne, statt ab und zu mal was Größeres."
3543,subtitle,äußere,0,ADJA,ADJA,äußerer,äußerer,äußer,äußer,1,0,"Allerdings, das ist ganz wichtig: Die äußere Form ist nicht alles."
3544,subtitle,Am,1,APPRART,APPR,an,an,Am,Am,1,1,Am Rand des AfD-Landesparteitages fragen wir den Spitzenkandidaten wie er die Milliardenlücke zwischen Versprechen und Realität schließen will.
3545,subtitle,ihm,0,PPER,PPER,ihm,ihm,er,er,1,1,"Und das, obwohl wir nie mit ihm gesprochen haben oder unsere Identität verifizieren mussten."
3547,subtitle,weghat,0,VVFIN,VVFIN,weghaben,weghat,weghaben,weghaben,1,1,"Wenn jemand “die Ruhe weghat”, dann ist er sehr ruhig und gelassen."
3551,subtitle,ersten,0,ADJA,ADJA,erster,erster,erst,erst,1,1,"Kaum sind die ersten Schulen wieder auf, wurden die ersten wieder geschlossen."
3551,subtitle,ersten,0,PIS,ADJA,erster,erster,erst,erst,1,1,"Kaum sind die ersten Schulen wieder auf, wurden die ersten wieder geschlossen."
3552,subtitle,uns,0,PPER,PPER,uns,uns,wir,wir,1,1,Dessen Kompetenzen waren aber überhaupt nicht vergleichbar mit denen des heutigen Bundesverfassungsgerichts bei uns in Deutschland.
3554,subtitle,bezeichnete,0,VVFIN,ADJA,bezeichnen,bezeichnen,bezeichnet,bezeichnet,1,1,Der immer wieder so bezeichnete russisch-ukrainische Konflikt bestimmt momentan die Schlagzeilen.
3559,subtitle,einzusparen,0,VVINF,VVIZU,einzusparen,einzusparen,einsparen,einsparen,1,1,"Die Kleidung für Frauen wird auf eine bestimmte Länge reduziert, um Stoff einzusparen."
3561,subtitle,mich,0,PRF,PPER,mich,mich,ich,ich,1,1,"Sie schreibt gerade, dass sie mich mit einer Freundin von ihr verkuppeln will."
3561,subtitle,ihr,0,PPER,PPER,ihr,ihr,sie,sie,1,1,"Sie schreibt gerade, dass sie mich mit einer Freundin von ihr verkuppeln will."
3564,subtitle,im,0,APPRART,ART,in,in,im,imen,1,1,Ich bleibe hier im Präsidium.
3565,subtitle,uns,0,PPER,PRF,uns,uns,wir,wir,1,1,"Wir wollen uns selbst ein Bild von den Telemedizin-Anbietern machen und testen, wie einfach man tatsächlich an verschreibungspflichtige Medikamente kommt."
3567,subtitle,schämst,0,VVFIN,VVFIN,schämsen,schämst,schämen,schämen,1,1,Warum schämst du dich für dich selbst?
3567,subtitle,dich,0,PRF,PPER,dich,dich,du,du,1,1,Warum schämst du dich für dich selbst?
3567,subtitle,dich,0,PPER,PPER,dich,dich,du,du,1,1,Warum schämst du dich für dich selbst?
3569,subtitle,meisten,0,PIAT,PIAT,meister,meister,meist,meist,1,1,"Die meisten Futtermittel verbrauchen wir, um die Tiere am Leben zu halten, während sie zu leckerem Fleisch heranwachsen."
3569,subtitle,am,0,APPRART,APPR,an,an,am,am,1,1,"Die meisten Futtermittel verbrauchen wir, um die Tiere am Leben zu halten, während sie zu leckerem Fleisch heranwachsen."
3569,subtitle,leckerem,0,ADJA,ADJA,leckerem,leckerem,lecker,lecker,1,1,"Die meisten Futtermittel verbrauchen wir, um die Tiere am Leben zu halten, während sie zu leckerem Fleisch heranwachsen."
3572,subtitle,ihr,0,PPER,PPER,ihr,ihr,sie,sie,1,1,"In der Praxis hat das den Effekt, dass der Mond, während er um die Erde kreist, auch immer ein bisschen an ihr ruckt."
3572,subtitle,ruckt,0,VVFIN,VVFIN,rucken,ruckt,rucken,rucken,1,0,"In der Praxis hat das den Effekt, dass der Mond, während er um die Erde kreist, auch immer ein bisschen an ihr ruckt."
3575,subtitle,Volas,0,NN,NE,Vola,vola,Volas,Volas,0,1,Mit Volas jagen wir durch die Fred.
3578,subtitle,Sümpfe,1,NN,NN,Sümpfe,sümpfe,Sumpf,Sumpf,1,1,"Sümpfe trockengelegt, damit das Land bebaut werden kann."
3578,subtitle,trockengelegt,0,VVPP,VVPP,trockenlegen,trockengelegt,trockenlegen,trockenlegen,1,1,"Sümpfe trockengelegt, damit das Land bebaut werden kann."
3579,subtitle,böse,0,ADJD,NN,böse,böse,bös,bös,1,1,Wie können wir mit Nachbarn zusammenleben die wir für böse halten?
3582,subtitle,ihm,0,PPER,PPER,ihm,ihm,er,er,1,1,Ich bringe ihm Essen und Getränke und unser Hund Bello hat auch bei ihm geschlafen.
3582,subtitle,ihm,0,PPER,PPER,ihm,ihm,er,er,1,1,Ich bringe ihm Essen und Getränke und unser Hund Bello hat auch bei ihm geschlafen.
3584,subtitle,mir,0,PPER,PPER,mir,mir,ich,ich,1,1,Die haben mir nichts gesagt.
3587,subtitle,ihr,0,PPER,PPER,ihr,ihr,sie,sie,1,1,Wollt ihr mehr über die Zeit des Nationalsozialismus erfahren?
3588,subtitle,uns,0,PPER,PPER,uns,uns,wir,wir,1,1,Bei uns ist der Begriff fest mit dem Nationalsozialismus verbunden.
3589,subtitle,dir,0,PPER,PPER,dir,dir,du,dir,1,1,"Ich sehe nur Teile von dir, aber ich versuch's."
3589,subtitle,versuch's,0,VVFIN,VVFIN,versuch's,versuch's,versuch'en,versuch's,0,0,"Ich sehe nur Teile von dir, aber ich versuch's."
3590,subtitle,alle,0,PIAT,PIAT,aller,aller,alle,alle,1,1,"Schwarz-Rot-Gold dagegen symbolisiert den Wunsch, alle Deutschen in einem Nationalstaat zu einen."
3590,subtitle,einen,0,VVINF,PIS,einen,einen,ein,ein,1,1,"Schwarz-Rot-Gold dagegen symbolisiert den Wunsch, alle Deutschen in einem Nationalstaat zu einen."
3592,subtitle,was,0,PRELS,PWS,wer,wer,was,was,1,1,"Ich kann also aus Sicht einer Chemikerin schauen, was logisch ist."
3593,subtitle,einige,0,PIAT,PIAT,einiger,einiger,einige,einige,1,1,"Um das zu schaffen, hat die UN einige Instrumente, die im Kern Kollektivmaßnahmen sind."
3593,subtitle,im,0,APPRART,ART,in,in,im,im,1,1,"Um das zu schaffen, hat die UN einige Instrumente, die im Kern Kollektivmaßnahmen sind."
3593,subtitle,Kollektivmaßnahmen,0,NN,NN,Kollektivmaßnahmen,kollektivmaßnahmen,Kollektivmaßnahme,Kollektivmaßnahme,1,0,"Um das zu schaffen, hat die UN einige Instrumente, die im Kern Kollektivmaßnahmen sind."
3596,subtitle,schwächeren,0,ADJA,ADJA,schwach,schwach,schwächer,schwach,1,1,Sie soll z.B. einen sanfteren Kurs gegenüber wirtschaftlich schwächeren Staaten fahren.
3597,subtitle,eine,0,PIS,PIS,einer,einer,ein,ein,1,1,Gleich hat Anna eine der letzten Trainingseinheiten vor der Deutschen Meisterschaft und die opfert sie fast komplett für meine Challenge.
3597,subtitle,letzten,0,ADJA,ADJA,letzter,letzter,letzt,letzt,1,1,Gleich hat Anna eine der letzten Trainingseinheiten vor der Deutschen Meisterschaft und die opfert sie fast komplett für meine Challenge.
3598,subtitle,eure,0,PPOSAT,PPOSAT,eur,eur,euer,euer,1,1,"Für Quatsch haben wir keine Zeit. (Flotte Musik) Für ein bisschen Quatsch haben wir schon Zeit, aber jetzt brauche ich eure volle Aufmerksamkeit."
3599,subtitle,mir,0,PPER,PPER,mir,mir,ich,ich,1,1,"Es tut mir leid, wenn ich das an dir ausgelassen habe."
3599,subtitle,dir,0,PPER,PPER,dir,dir,du,dir,1,1,"Es tut mir leid, wenn ich das an dir ausgelassen habe."
3603,subtitle,bereu,0,VVFIN,VVFIN,bereu,bereu,bereuen,bereuen,1,1,Und deshalb bereu ich's keine Sekunde.
3606,subtitle,im,0,APPRART,ART,in,in,im,im,1,1,Denn das erschwert die ohnehin komplizierte Situation mit der militanten kurdischen Organisation PKK im eigenen Land.
3614,subtitle,zum,0,APPRART,APPR,zu,zu,zum,zum,1,1,Sie ist mit über 3000 Jahren die älteste Schutzgöttin der Amazonas Indianer und gehört zum Weltkulturerbe.
3615,subtitle,Zweiten,0,ADJA,ADJA,zweiter,zweiter,zweit,zweit,1,1,"Dieser Mann hat schon vor Beginn des Zweiten Weltkriegs vorhergesehen, dass Hitlers Weg in den Abgrund führt."
3615,subtitle,vorhergesehen,0,VVPP,VVPP,vorhergesehen,vorhergesehen,vorhersehen,vorhersehen,1,1,"Dieser Mann hat schon vor Beginn des Zweiten Weltkriegs vorhergesehen, dass Hitlers Weg in den Abgrund führt."
3616,subtitle,Schau,0,VVIMP,VVIMP,Schau,schauen,Schau,Schau,1,1,"Ja. Schau dir mal diese Schwellung an. Alter, das Gehirn ist ja riesig."
3616,subtitle,dir,0,PPER,PPER,dir,dir,du,dir,1,1,"Ja. Schau dir mal diese Schwellung an. Alter, das Gehirn ist ja riesig."
3617,subtitle,mir,0,PPER,PPER,mir,mir,ich,ich,1,1,Probiert es aus und schickt mir Bilder über Facebook und Instagram.
3618,subtitle,verhefte,0,VVFIN,VVFIN,verhefen,verhefte,verheften,verheften,1,1,Ich verhefte sie wegen Börsenbetrugs und der Verwendung urheberechtlich geschützter Mr. Seleski.
3622,subtitle,uns,0,PPER,PPER,uns,uns,wir,wir,1,1,"Das kleinste uns bekannte schwarze Loch hat die 2,7-fache Masse der Sonne. und einen Durchmesser von 16 Kilometern."
3625,subtitle,was,0,PRELS,PRELS,wer,wer,was,was,1,1,"Man kann in diesem Programm übrigens fast alles über Tastenkombinationen machen, was sehr nützlich ist, wenn man häufiger damit arbeitet."
3628,subtitle,fand's,0,VVFIN,VVFIN,fand's,fand's,find'en,fand's,0,0,"Ich fand's spannend, noch mal zurückzuschauen."
3628,subtitle,zurückzuschauen,0,VVIZU,VVIZU,zurückzuschauen,zurückzuschauen,zurückschauen,zurückschauen,1,1,"Ich fand's spannend, noch mal zurückzuschauen."
3634,subtitle,viele,0,PIAT,PIAT,vieler,vieler,viel,viel,1,1,"Die WHO vermutet, dass es noch viele Dunkelfälle gibt, die erst nach und nach ans Licht kommen."
3634,subtitle,Dunkelfälle,0,NN,NN,Dunkelfäll,dunkelfäll,Dunkelfall,Dunkelfall,0,1,"Die WHO vermutet, dass es noch viele Dunkelfälle gibt, die erst nach und nach ans Licht kommen."
3634,subtitle,ans,0,APPRART,APPR,an,an,ans,ans,1,1,"Die WHO vermutet, dass es noch viele Dunkelfälle gibt, die erst nach und nach ans Licht kommen."
3635,subtitle,Bestes,0,NN,NN,beste,beste,gut,gut,1,1,"Aber keine Sorge, ich gebe mein Bestes."
3636,subtitle,Im,1,APPRART,ART,in,in,im,im,1,1,Im Vorwahlkampf der Republikaner liegt Donald Trump mit weitem Abstand vorne.
3638,subtitle,Ihnen,0,PPER,PPER,ihnen,ihnen,Sie,Sie,1,1,Ich bin vorige Woche mit Ihnen im Fahrstuhl stecken geblieben.
3638,subtitle,im,0,APPRART,ART,in,in,im,im,1,1,Ich bin vorige Woche mit Ihnen im Fahrstuhl stecken geblieben.
3639,subtitle,viele,0,PIS,PIS,viele,viele,viel,viel,1,1,"Ich weiß, es gibt viele die mich nicht mögen Ich weiß, es gibt viele die mich nicht mögen und vielleicht sogar hassen."
3639,subtitle,mich,0,PPER,PPER,mich,mich,ich,ich,1,1,"Ich weiß, es gibt viele die mich nicht mögen Ich weiß, es gibt viele die mich nicht mögen und vielleicht sogar hassen."
3639,subtitle,viele,0,PIS,PIS,viele,viele,viel,viel,1,1,"Ich weiß, es gibt viele die mich nicht mögen Ich weiß, es gibt viele die mich nicht mögen und vielleicht sogar hassen."
3639,subtitle,mich,0,PPER,PPER,mich,mich,ich,ich,1,1,"Ich weiß, es gibt viele die mich nicht mögen Ich weiß, es gibt viele die mich nicht mögen und vielleicht sogar hassen."
3640,subtitle,uns,0,PPER,PPER,uns,uns,wir,wir,1,1,"Die Y-Achse zeigt uns, wie viel Prozent dieser Mäuse einen Tumor hatten."
3645,subtitle,Volksschulwesen,0,NN,NN,Volksschulwese,volksschulwese,Volksschulwesen,Volksschulwesen,0,1,In den 1780er-Jahren entsteht ein von Preußen und der Habsburger Monarchie inspiriertes Volksschulwesen.
3647,subtitle,kaufst,0,VVFIN,VVFIN,kaufstn,kaufst,kaufen,kaufen,1,1,Du kaufst immer so etwas.
3650,subtitle,wehzutun,0,VVPP,VVPP,wehzutun,wehzutun,wehtun,wehtun,1,1,"Einem Hasen wehzutun wäre dann moralisch etwa so verwerflich, wie einen Teddy zu schlagen."
3652,subtitle,ihn,0,PPER,PPER,ihn,ihn,er,er,1,1,"Ich kenne ihn nicht gut, aber er wirkt freundlich."
3653,subtitle,weniger,0,PIAT,PIAT,weniger,weniger,wenig,wenig,1,1,"Es könnte dafür sorgen, dass es weniger Leid auf der Welt gibt und uns allen eine große Last von den Schultern nehmen."
3653,subtitle,uns,0,PPER,PPER,uns,uns,wir,wir,1,1,"Es könnte dafür sorgen, dass es weniger Leid auf der Welt gibt und uns allen eine große Last von den Schultern nehmen."
3655,subtitle,im,0,APPRART,ART,in,in,im,imen,1,1,"Ideen wie im Spruch: „Jeder ist seines Glückes Schmied“, oder Partei-Theorien wie: „Der Mensch bezwingt die Natur“, „Der Kampf gegen den Himmel macht Spaß!"
3655,subtitle,Partei-Theorien,0,NN,NN,Partei-Theorien,partei-theorien,Partei-Theorie,Partei-Theorie,1,1,"Ideen wie im Spruch: „Jeder ist seines Glückes Schmied“, oder Partei-Theorien wie: „Der Mensch bezwingt die Natur“, „Der Kampf gegen den Himmel macht Spaß!"
3655,subtitle,bezwingt,0,VVFIN,VVFIN,bezwingen,bezwingt,bezwingen,bezwingen,1,1,"Ideen wie im Spruch: „Jeder ist seines Glückes Schmied“, oder Partei-Theorien wie: „Der Mensch bezwingt die Natur“, „Der Kampf gegen den Himmel macht Spaß!"
3659,subtitle,ihr,0,PPER,PPER,ihr,ihr,sie,sie,1,1,Was macht ihr da gerade?
3664,subtitle,uns,0,PRF,PRF,sich,sich,wir,wir,1,1,Suchen wir uns ein Mädchen.
3666,subtitle,passiert,0,VVPP,VVPP,passieren,passieren,passiert,passieren,1,1,"Das ist wohl in der Vergangenheit auch schon passiert, aber offizielle Angaben gibt es dazu nicht."
3668,subtitle,dir,0,PPER,PPER,dir,dir,du,dir,1,1,Ich hätte davor mit dir sprechen sollen.
3669,subtitle,Am,1,APPRART,APPR,an,an,Am,Am,1,1,Am Ende der Kosten- und Leistungsrechnung steht dann das Betriebsergebnis.
3669,subtitle,Kosten-,0,TRUNC,NN,Koste,koste,Kosten,Kosten-,1,1,Am Ende der Kosten- und Leistungsrechnung steht dann das Betriebsergebnis.
3670,subtitle,Ins,1,NN,PIS,in,in,ins,Ins,1,1,"""Ins"" ist die Verschmelzung der Wörter ""in"" und ""das""."
3672,subtitle,Schwerter,0,NN,NN,Schwerter,schwerter,Schwert,Schwert,1,1,Ihre Schwerter sind wahre Wunderwaffen.
3674,subtitle,Beschluss,0,NN,NN,Beschluss,beschluss,Beschluß,Beschluß,1,1,Diese Möglichkeit wollen wir mit diesem Beschluss eröffnen.
3676,subtitle,Coronavirus,0,NN,NN,Coronaviru,coronaviru,Coronavirus,Coronavirus,0,1,"Das ist, wenn man das mit der Verbreitungsgeschwindigkeit des Coronavirus' vergleicht, eine lange Zeit."
3679,subtitle,im,0,APPRART,ART,in,in,im,im,1,1,Welche Beleuchtungen gibt es vorne im Fahrzeug?
3681,subtitle,Am,1,APPRART,APPR,an,an,Am,Am,1,1,Am Ende habe ich mich aber für das Leasing entschieden.
3681,subtitle,mich,0,PRF,PRF,sich,sich,ich,ich,1,1,Am Ende habe ich mich aber für das Leasing entschieden.
3682,subtitle,nahrhaftere,0,ADJA,ADJA,nahrhaft,nahrhaft,nahrhafter,nahrhaft,1,1,"Ein Ziel, das man durch Bio-Landwirtschaft erreichen möchte, ist nahrhaftere und gesündere Lebensmittel zu erzeugen."
3682,subtitle,gesündere,0,ADJA,ADJA,gesünd,gesünd,gesünder,gesund,0,1,"Ein Ziel, das man durch Bio-Landwirtschaft erreichen möchte, ist nahrhaftere und gesündere Lebensmittel zu erzeugen."
3685,subtitle,im,0,APPRART,ART,in,in,im,imen,1,1,"Ganz klar mit genügend Kita-Plätzen. 2022 wurden im Osten 40,8 Prozent der Kinder unter drei Jahren ganztags betreut."
3689,subtitle,Am,1,APPRART,APPR,an,an,Am,Am,1,1,Am Strand von Lhoknga türmt sich eine riesige Welle von mehr als 30 Metern auf.
3692,subtitle,lieber,0,ADV,ADV,lieber,lieber,lieb,lieb,1,1,Sie greifen deshalb lieber auf andere Hersteller zurück.
3696,subtitle,ging's,0,VVFIN,VVFIN,ging's,ging's,gingen,gehen,0,1,Also quasi schon vor der Ersti-Woche ging's los.
3699,subtitle,Im,1,APPRART,ART,in,in,im,im,1,1,Im Partizip kommen Teil 1 und Teil 2 vom trennbaren Verb fast wieder zusammen.
3699,subtitle,vom,0,APPRART,APPR,von,von,vom,vom,1,1,Im Partizip kommen Teil 1 und Teil 2 vom trennbaren Verb fast wieder zusammen.
3706,subtitle,zur,0,APPRART,APPR,zu,zu,zur,zu,1,1,Das hätte wohl einen Atomkrieg zur Folge.
3711,subtitle,Willst,1,VVFIN,VVFIN,Willst,wollen,willen,wollen,1,1,"„Willst du auch ein Bier, Christian?“ Oh, sehr gerne, Georg."
3712,subtitle,Phagen,0,NN,NN,Phagen,phagen,Phage,Phage,1,1,"Ja, denn Phagen sind so spezialisiert, dass sie nur Bakterien töten und Menschen gar nichts anhaben können."
3712,subtitle,Bakterien,0,NN,NN,Bakterie,bakterie,Bakterium,Bakterie,1,1,"Ja, denn Phagen sind so spezialisiert, dass sie nur Bakterien töten und Menschen gar nichts anhaben können."
3714,subtitle,uns,0,PPER,PPER,uns,uns,wir,wir,1,1,Euer Wunsch ist uns Befehl!
3718,subtitle,ihn,0,PPER,PPER,ihn,ihn,er,er,1,1,Es hat ihn aber nicht interessiert.
3718,subtitle,interessiert,0,ADJD,VVPP,interessiert,interessiert,interessieren,interessieren,1,1,Es hat ihn aber nicht interessiert.
3720,subtitle,gleiche,0,ADJA,NN,gleich,gleich,gleichen,gleich,1,1,"Das heißt also, man könnte das Loch stopfen und dann wäre der Betrag der gleiche."
3721,subtitle,zum,0,APPRART,APPR,zu,zu,zum,zum,1,1,Und zum Nachtisch gibt es Zitronenkuchen mit Schlagsahne.
3725,subtitle,gewöhnst,0,VVFIN,VVFIN,wöhnsen,gewöhnst,gewöhnen,gewöhnen,1,1,Vielleicht gewöhnst du dich daran.
3725,subtitle,dich,0,PRF,PPER,dich,dich,du,du,1,1,Vielleicht gewöhnst du dich daran.
3728,subtitle,aktu-,0,NN,ADJA,aktu,aktu,aktu-,aktu-,1,0,Dort liegt die AfD laut der aktu- ellsten Umfrage bei fast 30 Prozent.
3728,subtitle,ellsten,0,ADJA,ADJA,ellst,ellst,ell,ell,0,1,Dort liegt die AfD laut der aktu- ellsten Umfrage bei fast 30 Prozent.
3729,subtitle,nix,0,PIAT,PIS,nix,nix,nichts,nichts,1,1,Ja natürlich Ich will dass du glücklich bist. 50 Schatz nicht 15. Aber ich nix versteh'n.
3730,subtitle,ihnen,0,PPER,PPER,ihnen,ihnen,sie,sie,1,1,Bat und Spargo gehen nicht irgendetwas mit ihnen zu machen.
3731,subtitle,Traghölzer,0,NN,NN,Traghölzer,traghölzer,Tragholz,Tragholz,1,1,"Aber auch Getreideschaufeln aus Holz in verschiedenen Größen, Traghölzer und sogenannte Schleifholzlöffel von 15 cm Durchmesser und langem Stiel gehörten zu seinem Angebot."
3731,subtitle,sogenannte,0,ADJA,ADJA,sogenannter,sogenannter,sogenannt,sogenannt,1,1,"Aber auch Getreideschaufeln aus Holz in verschiedenen Größen, Traghölzer und sogenannte Schleifholzlöffel von 15 cm Durchmesser und langem Stiel gehörten zu seinem Angebot."
3733,subtitle,reingelegt,0,VVPP,VVPP,reingelegen,reingelegt,reinlegen,reinlegen,1,1,Herr Polnikova hat Samuel reingelegt.
3735,subtitle,mir,0,PPER,PPER,mir,mir,ich,ich,1,1,Gib mir einen Fakt dazu.
3736,subtitle,dir,0,PPER,PPER,dir,dir,du,dir,1,1,Ich bin hungrig nach dir.
3739,subtitle,Am,1,APPRART,APPR,an,an,Am,Am,1,1,"Am Ende bleibt er nur ein Automechaniker, den jeder herumkommandieren kann."
3740,subtitle,letzte,0,ADJA,ADJA,letzter,letzter,letzt,letzt,1,1,Ich habe jetzt meine letzte Klasse.
3746,subtitle,aufs,0,APPRART,APPR,auf,auf,aufs,aufs,1,1,Kommt dann direkt aufs gleiche raus Verknüpfen wir immer mehr solcher Gatter bekommen wir ein Schaltnetz.
3747,subtitle,Jemanden,1,NN,PIS,Jemande,jemande,Jemand,Jemand,1,1,Jemanden abzuwürgen ist sehr unhöflich.
3748,subtitle,vierte,0,ADJA,ADJA,vierter,vierter,viert,viert,1,1,Von wegen vierte Gewalt und so. Die sind noch alle korrupt.
3750,subtitle,Verben,0,NN,NN,Verbe,verbe,Verb,Verb,1,1,In diesen Beispielen waren die Verben mit “zer-” transitiv.
3750,subtitle,zer-,0,TRUNC,$(,zer,zer,zer-,zer-,1,0,In diesen Beispielen waren die Verben mit “zer-” transitiv.
3752,subtitle,ihnen,0,PPER,PPER,ihnen,ihnen,sie,sie,1,1,Wir müssen ihnen sofort helfen.
3755,subtitle,uns,0,PPER,PPER,uns,uns,wir,wir,1,1,Arafat hat gerade bei uns angefangen.
3756,subtitle,willst,0,PDS,VVFIN,willst,willst,wollen,wollen,1,1,"Ich weiß, dass du es willst und es ist das süßeste Geschenk, das mich hier jemand gemacht hat."
3756,subtitle,süßeste,0,ADJA,ADJA,süße,süße,süß,süß,1,1,"Ich weiß, dass du es willst und es ist das süßeste Geschenk, das mich hier jemand gemacht hat."
3756,subtitle,mich,0,PPER,PPER,mich,mich,ich,ich,1,1,"Ich weiß, dass du es willst und es ist das süßeste Geschenk, das mich hier jemand gemacht hat."
3757,subtitle,im,0,APPRART,ART,in,in,im,imen,1,1,"Ein Mann, der im Herbst 1968 ein Spenderherz erhält, lebt sogar 19 Jahre lang damit."
3758,subtitle,einbricht,0,VVFIN,VVFIN,einbrichen,einbricht,einbrechen,einbrechen,1,1,"Dadurch wird so viel Masse so verdichtet, dass die Bühne des Universums an dieser Stelle quasi einbricht."
3761,subtitle,mittel-,0,TRUNC,ADJA,mittel,mittel,mittel-,mittel-,1,0,"Der Bürgerrechtler inspiriert die Menschen, die in mittel- und osteuropäischen Staaten unter dem Kommunismus leiden."
3762,subtitle,erste,0,ADJA,ADJA,erster,erster,erst,erst,1,1,"Der erste Teil ist, dass Sie sich vorstellen."
3766,subtitle,dir,0,PPER,PPER,dir,dir,du,dir,1,1,"Mann, ich wollte dir das doch zum Abschied noch zeigen."
3766,subtitle,zum,0,APPRART,ART,zu,zu,zum,zum,1,1,"Mann, ich wollte dir das doch zum Abschied noch zeigen."
3769,subtitle,dich,0,PPER,PPER,dich,dich,du,du,1,1,Ich habe eine Überraschung für dich.
3771,subtitle,ihr,0,PPER,PPER,ihr,ihr,sie,sie,1,1,"Das ist alles sehr komplex, mehr dazu findet ihr unten in der Infobox."
3774,subtitle,irgendwelche,0,PIAT,PIAT,irgendwelch,irgendwelch,irgendwelcher,irgendwelcher,1,1,Hast du wieder irgendwelche Streiche gespielt?
3774,subtitle,Streiche,0,NN,NN,Streiche,streiche,Streich,Streich,1,1,Hast du wieder irgendwelche Streiche gespielt?
3776,subtitle,Verlobte,0,NN,NN,verlobter,verlobter,Verlobte,Verlobtes,1,1,"Ich bin deine Verlobte, sie ist doch nur ein Bastard!"
3779,subtitle,im,0,APPRART,ART,in,in,im,im,1,1,"Was die Bundeswehr angeht, will Die Linke generell keine Einsätze mehr im Ausland."
3783,subtitle,Zum,1,APPRART,ART,zu,zu,zum,zum,1,1,"Zum Beispiel ""Gackernde Co-Pilotin"" oder ""Laughing Kamala""."
3783,subtitle,Gackernde,0,ADJA,ADJA,gackernd,gackernd,Gackernde,Gackernde,0,1,"Zum Beispiel ""Gackernde Co-Pilotin"" oder ""Laughing Kamala""."
3785,subtitle,unteren,0,ADJA,ADJA,unterer,unterer,unter,unter,1,1,"Um eine stabile Position zu erreichen und dort zu bleiben, muss eine Rakete den unteren Erd-Orbit erreichen."
3786,subtitle,wird's,0,VAFIN,VAFIN,Wird's,wird's,werd'en,wird'ss,0,0,"Ein Teufelskreis: Je trockener es ist, desto trockener wird's."
3791,subtitle,dir,0,PPER,PPER,dir,dir,du,dir,1,1,"Selbst mein Schlaf ist anders, wenn ich neben dir liege."
3792,subtitle,im,0,APPRART,ART,in,in,im,imen,1,1,"Heute, im 21. Jh., ist Deutsch, vorsichtig gesagt, nicht so wirklich wichtig."
3793,subtitle,hattest,0,VAFIN,VAFIN,hattesben,hattest,haben,haben,1,1,Du hattest kein Recht dazu!
3798,subtitle,dir,0,PPER,PPER,dir,dir,du,dir,1,1,"Und wenn dir das Video gefallen hat, freue ich mich über einen Daumen nach oben!"
3798,subtitle,mich,0,PRF,PRF,sich,sich,ich,ich,1,1,"Und wenn dir das Video gefallen hat, freue ich mich über einen Daumen nach oben!"
3800,subtitle,im,0,APPRART,ART,in,in,im,imen,1,1,Hör Yara zu. Du hast nur Blödsinn im Kopf.
3803,subtitle,viele,0,PIAT,PIAT,vieler,vieler,viel,viel,1,1,Die majestätischen Tiere wandern jedes Jahr viele tausend Kilometer durch dieses Meer.
3804,subtitle,ihr,0,PPER,PPER,ihr,ihr,sie,sie,1,1,Unten in den Kommentaren dürft ihr gerne dazu diskutieren.
3805,subtitle,im,0,APPRART,ART,in,in,im,im,1,1,Das ist eine riesige Savannenlandschaft im Herzen Brasiliens.
3806,subtitle,ihm,0,PPER,PPER,ihm,ihm,er,er,1,1,Ich will da rein mit ihm reden.
3808,subtitle,beim,0,APPRART,ART,bei,bei,beim,bei,1,1,"Und da sind wir auch schon beim nächsten Punkt, bei seinen Gegnern."
3808,subtitle,nächsten,0,ADJA,ADJA,nächster,nächster,nah,nah,1,1,"Und da sind wir auch schon beim nächsten Punkt, bei seinen Gegnern."
3809,subtitle,Großer,1,ADJA,ADJA,groß,groß,Großer,großer,1,1,"Großer Gott, die halbe Gehirnmasse ist weg."
3809,subtitle,halbe,0,ADJA,ADJA,halb,halb,halbe,halb,1,1,"Großer Gott, die halbe Gehirnmasse ist weg."
3809,subtitle,Gehirnmasse,0,NN,NN,Gehirnmasse,gehirnmasse,Gehirnmaß,Gehirnmasse,1,0,"Großer Gott, die halbe Gehirnmasse ist weg."
3810,subtitle,bestimmt,0,ADJD,ADJD,bestimmen,bestimmen,bestimmt,bestimmt,1,1,"Er hatte angeblich die spontane Eingebung, dass sein mitgebrachtes Wasserdesinfektionsmittel bestimmt gegen Malaria hilft."
3812,subtitle,am,0,APPRART,ART,an,an,am,am,1,1,Graetz ist die Anspannung schon am frühen Morgen anzumerken.
3813,subtitle,uns,0,PPER,PPER,sich,sich,wir,wir,1,1,Du denkst doch an uns.
3814,subtitle,mehrere,0,PIAT,PIAT,mehrere,mehrere,mehr,mehr,1,1,"Und wie gesagt, man kann mehrere Themen gleichzeitig angehen."
3815,subtitle,Einigen,1,PIAT,PIAT,Einiger,einiger,einige,einig,1,1,"Einigen Studien und Wissenschaftlern zufolge, wäre das überraschend einfach umzusetzen und wir bräuchten nicht mal neue Technologien dafür."
3815,subtitle,bräuchten,0,VVFIN,VVFIN,bräuchen,bräuchten,brauchen,brauchen,1,1,"Einigen Studien und Wissenschaftlern zufolge, wäre das überraschend einfach umzusetzen und wir bräuchten nicht mal neue Technologien dafür."
3816,subtitle,im,0,APPRART,ART,in,in,im,imen,1,1,Ihr habt das im Prinzip ja super herausbekommen.
3819,subtitle,scheinst,0,VVFIN,VVFIN,scheinsen,scheinst,scheinen,scheinen,1,1,"Ähm, so wie ich verstanden habe, scheinst du auf gutem Wege eine Lockerung zu bewirken."
3821,subtitle,Reibereien,0,NN,NN,Reibereie,reibereie,Reiberei,Reiberei,0,1,"Und so kommt es immer wieder zu Reibereien, direkt oder indirekt."
3822,subtitle,sähen,0,VVFIN,VVFIN,sähen,sähen,sehen,sehen,1,1,"Sie sagen: ""Er ist nicht legitim."" Sie sähen Zweifel an der Demokratie."
3823,subtitle,einander,0,PRF,ADV,sich,sich,einander,einander,1,1,"Dann können sie kollidieren und einander in einer Kilonova-Explosion zerstören, in der sie ihr Inneres ausspeien."
3823,subtitle,Inneres,0,NN,NN,Innere,innere,Inneres,Inneres,1,1,"Dann können sie kollidieren und einander in einer Kilonova-Explosion zerstören, in der sie ihr Inneres ausspeien."
3824,subtitle,weißt,0,VVFIN,VVFIN,weißen,wissen,weißen,weißen,1,1,"Wie du weißt, bauen wir unser Team gerade weiter aus."
3825,subtitle,Im,1,APPRART,ART,in,in,im,im,1,1,"Im Rahmen der sogenannten ""nuklearen Teilhabe"" der NATO."
3825,subtitle,sogenannten,0,ADJA,ADJA,sogenannter,sogenannter,sogenannt,sogenannt,1,1,"Im Rahmen der sogenannten ""nuklearen Teilhabe"" der NATO."
3828,subtitle,dich,0,PRF,PRF,dich,dich,du,du,1,1,"Ich muss dich wegschicken, bevor ihr das Herz bricht wegen etwas, was keine Zukunft haben kann."
3828,subtitle,ihr,0,PPER,PPER,ihr,ihr,sie,sie,1,1,"Ich muss dich wegschicken, bevor ihr das Herz bricht wegen etwas, was keine Zukunft haben kann."
3828,subtitle,was,0,PRELS,PWS,wer,wer,was,was,1,1,"Ich muss dich wegschicken, bevor ihr das Herz bricht wegen etwas, was keine Zukunft haben kann."
3830,subtitle,am,0,APPRART,APPR,an,an,am,am,1,1,Was will die Behörde am Ende?
3831,subtitle,Desinformationskampagnen,0,NN,NN,Desinformationskampagn,desinformationskampagn,Desinformationskampagne,Desinformationskampagne,0,1,"Stimmen immer mehr Menschen per Brief ab, könnten etwa gezielte Desinformationskampagnen im Netz oder andere Aktionen in diese Richtung sehr viele Menschen beeinflussen."
3831,subtitle,im,0,APPRART,ART,in,in,im,im,1,1,"Stimmen immer mehr Menschen per Brief ab, könnten etwa gezielte Desinformationskampagnen im Netz oder andere Aktionen in diese Richtung sehr viele Menschen beeinflussen."
3831,subtitle,viele,0,PIAT,PIAT,vieler,vieler,viel,viel,1,1,"Stimmen immer mehr Menschen per Brief ab, könnten etwa gezielte Desinformationskampagnen im Netz oder andere Aktionen in diese Richtung sehr viele Menschen beeinflussen."
3832,subtitle,Zum,1,APPRART,APPR,zu,zu,zum,zum,1,1,Zum Höhepunkt des Kalten Krieges gab es weltweit über 70.000 Atomwaffen.
3833,subtitle,ersten,0,ADJA,ADJA,erster,erster,erst,erst,1,1,"Hat er auf seinem ersten Album ""The College Dropout"" thematisiert."
3835,subtitle,zur,0,APPRART,ART,zu,zu,zur,zu,1,1,Es gibt mehr als zehn Sprachen zur Auswahl.
3836,subtitle,dich,0,PRF,PPER,dich,dich,du,du,1,1,"Also es gibt kein Potenzial für Missverständnisse, sondern du hast dich ganz verständlich geäußert."
3838,subtitle,viele,0,PIAT,PIAT,vieler,vieler,viel,viel,1,1,"Und wo wir über Inhalte sprechen: Natürlich braucht Wagenknecht auch ein Programm, das viele Leute mitnimmt."
3840,subtitle,Menschliche,1,ADJA,ADJA,menschlich,menschlich,Menschliches,Menschliches,1,1,"Menschliche Knochen haben gegen diesen Monsun keine Chance, also müssten wir uns drinnen oder unter der Erde verschanzen."
3840,subtitle,müssten,0,VMFIN,VMFIN,müssten,müssten,müssen,müssen,1,1,"Menschliche Knochen haben gegen diesen Monsun keine Chance, also müssten wir uns drinnen oder unter der Erde verschanzen."
3840,subtitle,uns,0,PRF,PRF,sich,sich,wir,wir,1,1,"Menschliche Knochen haben gegen diesen Monsun keine Chance, also müssten wir uns drinnen oder unter der Erde verschanzen."
3842,subtitle,geschmissen,0,VVPP,VVPP,schmissen,geschmissen,schmeißen,schmeißen,1,1,Kevin hat Plastikmüll in den Wald geschmissen.
3849,subtitle,überdramatisiert,0,VVPP,VVPP,überdramatisieren,überdramatisiert,überdramatisieren,überdramatisieren,1,1,"Trotzdem gibt es nach wie vor Menschen mit der Auffassung, Corona wird überdramatisiert."
3852,subtitle,ins,0,APPRART,ART,in,in,ecser,ins,1,0,"Nach einem achtjährigen Krieg verzichten die Römer darauf, Germanien zu unterwerfen und als Provinz ins Reich einzugliedern."
3853,subtitle,zum,0,APPRART,APPR,zu,zu,zum,zum,1,1,"Wir sind früh aufgestanden, zum Spannagelhaus gelaufen."
3857,subtitle,irgendwelche,0,PIAT,PIAT,irgendwelch,irgendwelch,irgendwelcher,irgendwelcher,1,1,"Wir verschwenden so viel Zeit damit, darüber zu streiten, ob irgendwelche Kipppunkte nun wirklich auftreten oder nicht."
3858,subtitle,erste,0,ADJA,ADJA,erster,erster,erst,erst,1,1,In den Heeren des 16. Jahrhunderts tauchen auch erste Feuerwaffen auf.
3859,subtitle,geringste,0,ADJA,ADJA,geringste,geringste,gering,gering,1,1,Die geringste Arbeitslosenquote gibt es im Kanton Appenzell Innerrhoden.
3859,subtitle,im,0,APPRART,ART,in,in,im,im,1,1,Die geringste Arbeitslosenquote gibt es im Kanton Appenzell Innerrhoden.
3861,subtitle,ihr,0,PPER,PPER,ihr,ihr,sie,sie,1,1,"Wenn ihr mehr über das antike Griechenland erfahren wollt, schaut in dieses Video rein. da gibt's viele Infos."
3861,subtitle,antike,0,ADJA,ADJA,Antike,antike,antik,antik,1,1,"Wenn ihr mehr über das antike Griechenland erfahren wollt, schaut in dieses Video rein. da gibt's viele Infos."
3861,subtitle,gibt's,0,VVFIN,VVFIN,gibt's,geben,gibte'n,gibten,1,0,"Wenn ihr mehr über das antike Griechenland erfahren wollt, schaut in dieses Video rein. da gibt's viele Infos."
3861,subtitle,viele,0,PIAT,PIAT,vieler,vieler,viel,viel,1,1,"Wenn ihr mehr über das antike Griechenland erfahren wollt, schaut in dieses Video rein. da gibt's viele Infos."
3861,subtitle,Infos,0,NN,NN,Infos,infos,Info,Info,1,1,"Wenn ihr mehr über das antike Griechenland erfahren wollt, schaut in dieses Video rein. da gibt's viele Infos."
3862,subtitle,gefällt,0,VVFIN,VVFIN,gefällen,gefällt,gefallen,gefallen,1,1,"Kommt, Leute, der Weib hier gefällt mir gar nicht."
3862,subtitle,mir,0,PPER,PPER,mir,mir,ich,ich,1,1,"Kommt, Leute, der Weib hier gefällt mir gar nicht."
3864,subtitle,dich,0,PRF,PPER,dich,dich,du,du,1,1,Benimm dich wie ein Mann!
3867,subtitle,reingekommen,0,VVPP,VVPP,reingekommen,reingekommen,reinkommen,reinkommen,1,1,Von der Straße ist niemand reingekommen.
3868,subtitle,im,0,APPRART,ART,in,in,im,imen,1,1,"Joachim Witt ist im Dienst, aber die beiden Dänen sind in Urlaubslaune."
3870,subtitle,Homöopathen,0,NN,NN,homöopathen,homöopathen,Homöopath,Homöopath,1,0,"Anders gesagt, alles bis zu acht Erkenntnispunkten sagt nichts weiter aus als: Ja, wir Homöopathen glauben daran."
3872,subtitle,mir,0,PPER,PPER,mir,mir,ich,ich,1,1,"Schreibt mir auch gern einen Kommentar, ich freue mich wirklich über jeden einzelnen!"
3872,subtitle,mich,0,PPER,PRF,sich,sich,ich,ich,1,1,"Schreibt mir auch gern einen Kommentar, ich freue mich wirklich über jeden einzelnen!"
3873,subtitle,mich,0,PRF,PRF,sich,sich,ich,ich,1,1,"Innerhalb von dieser Zeit hatte ich schon so oft den Gedanken, boah, ich nähere mich einem Ende."
3874,subtitle,mir,0,PPER,PPER,mir,mir,ich,ich,1,1,Papa schuldet mir echt noch 10 Euro?
3879,subtitle,Zehnten,0,ADJA,NN,zehnter,zehnter,Zehnte,Zehnte,1,1,Sie können der zurückweichenden Zehnten Division der Italiener den Weg abschneiden.
3882,subtitle,Hammerschloss-Musketen,0,NN,NN,Hammerschloss-Musket,hammerschloss-musket,Hammerschloss-Muskete,Hammerschloss-Muskete,0,1,"Da waren ein paar alte Hammerschloss-Musketen, die der Butler trug. -Aber die gehörten uns, wir haben sie verkauft. -Verkauf sie lieber schnell wieder zurück."
3882,subtitle,uns,0,PPER,PPER,uns,uns,wir,wir,1,1,"Da waren ein paar alte Hammerschloss-Musketen, die der Butler trug. -Aber die gehörten uns, wir haben sie verkauft. -Verkauf sie lieber schnell wieder zurück."
3882,subtitle,lieber,0,ADV,ADV,lieber,lieber,lieb,lieb,1,1,"Da waren ein paar alte Hammerschloss-Musketen, die der Butler trug. -Aber die gehörten uns, wir haben sie verkauft. -Verkauf sie lieber schnell wieder zurück."
3883,subtitle,im,0,APPRART,ART,in,in,im,imen,1,1,"Also, meine Großmutter wurde normal im Sarg beerdigt."
3884,subtitle,’s,0,ADV,PPER,’s,’s,'s,'s,0,0,Guckt’s euch nochmal an! Jeder Satz in diesem Video ist für sich wahr.
3884,subtitle,euch,0,PPER,PPER,euch,euch,ihr,ihr,1,1,Guckt’s euch nochmal an! Jeder Satz in diesem Video ist für sich wahr.
3885,subtitle,Zum,1,APPRART,ART,zu,zu,zum,zum,1,1,"Zum Beispiel diese hier, die das Betrugsrisiko bei Palmöl Abfällen als sehr hoch einstuft."
3885,subtitle,Abfällen,0,NN,NN,Abfällen,abfällen,Abfall,Abfall,1,1,"Zum Beispiel diese hier, die das Betrugsrisiko bei Palmöl Abfällen als sehr hoch einstuft."
3887,subtitle,zum,0,APPRART,ART,zu,zu,zum,zum,1,1,"Der neue Staat, meistens genannt Staat Vatikanstadt, wurde damit über Nacht zum kleinsten Land der Welt."
3891,subtitle,mächtigsten,0,ADJA,ADJA,mächtigst,mächtigst,mächtig,mächtig,0,1,"Leo wendet sich an den damals mächtigsten Mann Europas, nämlich an den Frankenkönig Karl König Karl sieht sich dem byzantinischen Kaisertum ebenbürtig."
3892,subtitle,sogenannten,0,ADJA,ADJA,sogenannter,sogenannter,sogenannt,sogenannt,1,1,Den größten Teil des Stroms kaufen Stromanbieter auf dem sogenannten Terminmarkt.
3893,subtitle,Alle,1,PIAT,PIAT,aller,aller,alle,alle,1,1,"Alle Landesteile werden zwischen Österreich, Russland und Preußen aufgeteilt."
3893,subtitle,Russland,0,NN,NE,Russland,russland,Rußland,Rußland,1,1,"Alle Landesteile werden zwischen Österreich, Russland und Preußen aufgeteilt."
3894,subtitle,beliebter,0,ADJD,ADJD,beliebt,beliebt,beliebter,beliebter,1,1,"Sie konnte Erfolge feiern, die sie in Kalifornien beliebter gemacht haben."
3897,subtitle,liebe,0,ADJA,ADJA,lieb,lieb,lieben,lieben,1,1,"Ganz liebe Grüße, bis bald und denk immer daran, dass DU wertvoll bist und dass die Welt DICH braucht!"
3897,subtitle,Grüße,0,NN,NN,Grüße,grüße,Gruß,Gruß,1,1,"Ganz liebe Grüße, bis bald und denk immer daran, dass DU wertvoll bist und dass die Welt DICH braucht!"
3899,subtitle,ihn,0,PPER,PPER,ihn,ihn,er,er,1,1,"Du nutzt ihn nur aus, um ein wenig Geld zu ergaunern."
3900,subtitle,beim,0,APPRART,ART,bei,bei,beim,bei,1,1,"Äh, sie haben übrigens beim letzten Mal gesagt, dass solche Briefe für Sie sehr stressig sind."
3900,subtitle,letzten,0,ADJA,ADJA,letzter,letzter,letzt,letzt,1,1,"Äh, sie haben übrigens beim letzten Mal gesagt, dass solche Briefe für Sie sehr stressig sind."
3905,subtitle,mir,0,PPER,PPER,mir,mir,ich,ich,1,1,"Glaub mir, es wird dir guttun."
3905,subtitle,dir,0,PPER,PPER,dir,dir,du,dir,1,1,"Glaub mir, es wird dir guttun."
3907,subtitle,was,0,PRELS,PWS,wer,wer,was,was,1,1,"Aber ich würde sagen, das, was man dafür bekommen würde, überwiegt deutlich."
3908,subtitle,zum,0,APPRART,ART,zu,zu,zum,zum,1,1,Aber eine überbordende Bürokratie schnürt dem System die Luft zum Atmen ab. In den 1980er-Jahren kommt der große wirtschaftliche Einbruch.
3908,subtitle,1980er-Jahren,0,NN,NN,1980er-Jahren,1980er-jahren,1980er-Jahr,1980er-Jahre,1,1,Aber eine überbordende Bürokratie schnürt dem System die Luft zum Atmen ab. In den 1980er-Jahren kommt der große wirtschaftliche Einbruch.
3915,subtitle,mich,0,PPER,PRF,sich,sich,ich,ich,1,1,Mein Chef ist wirklich super und ich verstehe mich gut mit allen Kollegen.
3915,subtitle,allen,0,PIAT,PIAT,aller,aller,alle,alle,1,1,Mein Chef ist wirklich super und ich verstehe mich gut mit allen Kollegen.
3916,subtitle,Einer,1,PIS,PIS,einer,einer,ein,ein,1,1,Einer von ihnen ist der General Ptolemaios.
3916,subtitle,ihnen,0,PPER,PPER,ihnen,ihnen,sie,sie,1,1,Einer von ihnen ist der General Ptolemaios.
3918,subtitle,dich,0,PPER,PPER,dich,dich,du,du,1,1,Ich bin immer für dich da Hagen!
3920,subtitle,Wahnsinniges,0,NN,NN,Wahnsinnig,wahnsinnig,Wahnsinniges,Wahnsinnig,1,1,Er wird etwas Wahnsinniges anstellen.
3922,subtitle,mich,0,PPER,PPER,mich,mich,ich,ich,1,1,"Das macht mich sehr glücklich, Lisa."
3925,subtitle,Im,1,APPRART,ART,in,in,im,im,1,1,Im Lauf unserer Geschichte hat sich die Definition von Schönheit gewandelt.
3926,subtitle,verlinkt,0,VVPP,VVPP,verlinken,verlinkt,verlinken,verlinken,1,1,"Einfach hier nehmen, wir gucken, da haben wir sie verlinkt und nicht vergessen, den Kanal zu abonnieren, auf die Glocke zu klicken."
3927,subtitle,zur,0,APPRART,APPR,zu,zu,zur,zur,1,1,Den Link und Informationen zur Mitgliedschaft findet ihr unten in der Videobeschreibung.
3927,subtitle,ihr,0,PPER,PPER,ihr,ihr,sie,sie,1,1,Den Link und Informationen zur Mitgliedschaft findet ihr unten in der Videobeschreibung.
3930,subtitle,einige,0,PIS,PIS,einiger,einiger,einige,einige,1,1,Blattschneiderameisen bilden einige der größten und komplexesten nicht-menschlichen Gesellschaften der Welt.
3930,subtitle,komplexesten,0,ADJA,ADJA,komplexest,komplexest,komplex,komplex,0,1,Blattschneiderameisen bilden einige der größten und komplexesten nicht-menschlichen Gesellschaften der Welt.
3931,subtitle,vom,0,APPRART,APPR,von,von,vom,vom,1,1,"Dort sind Folter und Misshandlungen an der Tagesordnung, geduldet vom Präsidenten des Landes, nach wie vor finde das dort so statt."
3933,subtitle,ihnen,0,PPER,PPER,ihnen,ihnen,sie,sie,1,1,"Damit sie nicht beeinflusst werden, etwa durch die Aussagen von Zeugen vor ihnen."
3934,subtitle,mich,0,PRF,PRF,sich,sich,ich,ich,1,1,"Um diese Fragen zu klären, habe ich mich mit dem Anwalt Christian Karl aus Karlsruhe getroffen."
3940,subtitle,Weiß,1,VVFIN,ITJ,weiße,weiße,Weiß,Weiß,1,1,"Weiß deine Mama, was du machst?"
3945,subtitle,Privilegierten,0,NN,NN,Privilegiert,privilegiert,Privilegierte,Privilegierte,1,1,"Das heißt auch hier, durch diese neuen Technologien überlassen wir letztendlich diese ganzen Geschichten nur den Privilegierten, den Reichen."
3947,subtitle,im,0,APPRART,ART,in,in,im,imen,1,1,Ich lese ein paar Seiten im Bett.
3952,subtitle,euch,0,PPER,PPER,euch,euch,ihr,ihr,1,1,"Und wenn euch dieses Video gefallen hat, freue ich mich wie immer über einen Daumen nach oben und euren Kommentar."
3952,subtitle,mich,0,PRF,PRF,sich,sich,ich,ich,1,1,"Und wenn euch dieses Video gefallen hat, freue ich mich wie immer über einen Daumen nach oben und euren Kommentar."
3952,subtitle,euren,0,PPOSAT,PPOSAT,eur,eur,euer,euer,1,1,"Und wenn euch dieses Video gefallen hat, freue ich mich wie immer über einen Daumen nach oben und euren Kommentar."
3954,subtitle,Viele,1,PIS,PIS,viele,viele,viel,viel,1,1,Viele von ihnen haben einen geheimnisvollen Stein dabei.
3954,subtitle,ihnen,0,PPER,PPER,ihnen,ihnen,sie,sie,1,1,Viele von ihnen haben einen geheimnisvollen Stein dabei.
3954,subtitle,geheimnisvollen,0,ADJA,ADJA,geheimnisvoll,geheimnisvoll,geheimnisvollen,geheimnisvoll,1,1,Viele von ihnen haben einen geheimnisvollen Stein dabei.
3955,subtitle,dir,0,PPER,PPER,dir,dir,du,dir,1,1,"Ich verrate dir das, was du unbedingt wissen willst."
3955,subtitle,was,0,PRELS,PWS,wer,wer,was,was,1,1,"Ich verrate dir das, was du unbedingt wissen willst."
3955,subtitle,willst,0,VMFIN,VMFIN,willen,willen,wollen,wollen,1,1,"Ich verrate dir das, was du unbedingt wissen willst."
3956,subtitle,Globuli,0,NN,NN,Globuli,globuli,Globulus,Globulus,1,0,Das fertige Heilmittel wird dann meistens auf Zucker kügelchen geträufelt und als Globuli verkauft.
3958,subtitle,dir,0,PPER,PPER,dir,dir,du,dir,1,1,Der wird dir dasselbe sagen wie ich.
3958,subtitle,dasselbe,0,PDS,PDS,dasselbeer,dasselbeer,dasselbe,dasselbe,0,1,Der wird dir dasselbe sagen wie ich.
3959,subtitle,reg,0,VVFIN,VVFIN,reg,reg,regen,regen,1,1,Also ich reg mich da fürchterlich darüber auf.
3959,subtitle,mich,0,PRF,PRF,sich,sich,ich,ich,1,1,Also ich reg mich da fürchterlich darüber auf.
3960,subtitle,Zum,1,APPRART,ART,zu,zu,zum,zum,1,1,Zum Anfang würde ich gerne ein paar Argumente vom Tisch räumen.
3960,subtitle,vom,0,APPRART,ART,von,von,vom,vom,1,1,Zum Anfang würde ich gerne ein paar Argumente vom Tisch räumen.
3962,subtitle,mehrere,0,PIS,PIAT,mehrere,mehrere,mehr,mehr,1,1,Das ist gar nicht so absurd: Solche Planeten gibt es mehrere in unserem Sonnensystem.
3965,subtitle,einer,0,PIS,PIS,einer,einer,ein,ein,1,1,Nur einer kann mir jetzt noch helfen.
3965,subtitle,mir,0,PPER,PPER,mir,mir,ich,ich,1,1,Nur einer kann mir jetzt noch helfen.
3966,subtitle,ersten,0,ADJA,ADJA,erster,erster,erst,erst,1,1,Damit sind wir bei der ersten von zwei Konfliktparteien.
3967,subtitle,Aufständige,0,NN,NN,Aufständig,aufständig,Aufständiger,Aufständiger,1,1,Weil sie Terroristen sein sollen oder Aufständige sein sollen.
3968,subtitle,Energiepreises,0,NN,NN,Energiepreise,energiepreise,Energiepreis,Energiepreis,1,1,"Herr Minister Le Maire, möchten Sie beginnen? (Rednerwechsel) Ich antworte auf diese Frage des Energiepreises."
3969,subtitle,im,0,APPRART,ART,in,in,im,imen,1,1,Der hat nur Geschichte im Kopf.
3978,subtitle,ihn,0,PPER,PPER,ihn,ihn,er,er,1,1,Die Macht ist komplett auf ihn vereint.
3978,subtitle,vereint,0,VVPP,VVPP,vereinen,vereinen,vereint,vereint,1,1,Die Macht ist komplett auf ihn vereint.
3982,subtitle,mir,0,PPER,PPER,mir,mir,ich,ich,1,1,"Ich möchte noch etwas sagen, das mir sehr wichtig ist."
3989,subtitle,zum,0,APPRART,ART,zu,zu,zum,zum,1,1,Wir haben zum Beispiel das Hähnchen zerteilt.
3993,subtitle,früher,0,ADJD,ADV,früh,früh,früher,früher,1,1,"Nun, früher war Religion irgendwie verboten."
3995,subtitle,dritter,0,ADJA,ADJA,dritter,dritter,dritt,dritt,1,1,"Und ein dritter Punkt war, dass er wirtschaftliche Verbesserung zugesagt hat."
3996,subtitle,vom,0,APPRART,ART,von,von,vom,vom,1,1,"Oder, noch ein Beispiel: ""Die Bilder vom brennenden Amazonas-Regenwald dürfen uns nicht kaltlassen."" Das heißt: Die Tatsache, dass der Regenwald brennt, muss uns interessieren."
3996,subtitle,uns,0,PPER,PPER,uns,uns,wir,wir,1,1,"Oder, noch ein Beispiel: ""Die Bilder vom brennenden Amazonas-Regenwald dürfen uns nicht kaltlassen."" Das heißt: Die Tatsache, dass der Regenwald brennt, muss uns interessieren."
3996,subtitle,uns,0,PPER,PPER,uns,uns,wir,wir,1,1,"Oder, noch ein Beispiel: ""Die Bilder vom brennenden Amazonas-Regenwald dürfen uns nicht kaltlassen."" Das heißt: Die Tatsache, dass der Regenwald brennt, muss uns interessieren."
3997,subtitle,finsteren,0,ADJA,ADJA,finster,finster,finst,finsteren,1,0,Sie sind in den finsteren Weiten zwischen den Sternen zu Hause.
3999,subtitle,Fressfeinde,0,NN,NN,Fressfeinde,fressfeinde,Fressfeind,Fressfeind,1,1,Nikotin wird in den Wurzeln der Tabakpflanze gebildet und soll die Fressfeinde abhalten.
4001,subtitle,mich,0,PPER,PPER,mich,mich,ich,ich,1,1,"Die Vorstellung, dass du existierst irgendwo und dass du manchmal einen Gedanken an mich übrig hast, hilft mir weiterzeben."
4001,subtitle,mir,0,PPER,PPER,mir,mir,ich,ich,1,1,"Die Vorstellung, dass du existierst irgendwo und dass du manchmal einen Gedanken an mich übrig hast, hilft mir weiterzeben."
4002,subtitle,Verben,0,NN,NN,Verbe,verbe,Verb,Verb,1,1,Mehr Videos über deutsche Verben für Fortgeschrittene findet ihr in meiner Playlist.
4002,subtitle,Fortgeschrittene,0,NN,NN,Fortgeschrittene,fortgeschrittene,Fortgeschrittener,Fortgeschrittener,1,1,Mehr Videos über deutsche Verben für Fortgeschrittene findet ihr in meiner Playlist.
4002,subtitle,ihr,0,PPER,PPER,ihr,ihr,sie,sie,1,1,Mehr Videos über deutsche Verben für Fortgeschrittene findet ihr in meiner Playlist.
4004,subtitle,im,0,APPRART,ART,in,in,im,imen,1,1,Mit Tablet gingen die Teilnehmer im Schnitt eine 1/2 h später schlafen.
4007,subtitle,mir,0,PPER,PPER,mir,mir,ich,ich,1,1,"Hier ist ein Beispielsatz: ""Thomas hat mir erzählt, dass er 100 Euro auf der Straße gefunden hat."
4008,subtitle,Russland,0,NN,NE,Russland,russland,Rußland,Rußland,1,1,Für Russland ist das ein Dorn im Auge.
4008,subtitle,im,0,APPRART,APPR,in,in,im,imen,1,1,Für Russland ist das ein Dorn im Auge.
4009,subtitle,uns,0,PPER,PPER,uns,uns,wir,wir,1,1,Lass uns einfach mit dem Unterricht anfangen.
4010,subtitle,alle,0,PIAT,PIAT,aller,aller,alle,alle,1,1,"Bei einem Flug beschreibt “einchecken”, dass alle Vorbereitungen für den Flug erledigt werden."
4012,subtitle,euch,0,PPER,PPER,euch,euch,ihr,ihr,1,1,Die mach ich für euch fertig.
4014,subtitle,glaub,0,ADJD,VVFIN,glaub,glaub,glauben,glauben,1,1,Fettverbrandung ist glaub ich mehr.
4016,subtitle,bitte,0,VVFIN,VVFIN,bitte,bitte,bitten,bitten,1,1,"Ich bitte Sie Herr Meyer, warum sollte ich so etwas wertvolles verschenken."
4017,subtitle,besorg,0,VVFIN,VVFIN,besorgn,besorg,besorgen,besorgen,1,1,Ich besorg uns etwas zu essen.
4017,subtitle,uns,0,PPER,PRF,sich,sich,wir,wir,1,1,Ich besorg uns etwas zu essen.
4018,subtitle,mir,0,PPER,PPER,mir,mir,ich,ich,1,1,Deshalb schenkt er mir Schokolade.
4019,subtitle,dir,0,PPER,PPER,dir,dir,du,dir,1,1,"Hallo Franz, wie geht es dir?"
4021,subtitle,Viele,0,PIAT,PIAT,vieler,vieler,viel,viel,1,1,"D.h.: Viele Autohersteller haben zwar betrogen, die Konsequenzen müssen sie aber kaum tragen."
4026,subtitle,eurer,0,PPOSAT,PPOSAT,eur,eur,euer,euer,1,1,Das ist auch wieder Teil eurer Entscheidungsfreiheit über euren Körper.
4026,subtitle,euren,0,PPOSAT,ADJA,eur,eur,euer,euer,1,1,Das ist auch wieder Teil eurer Entscheidungsfreiheit über euren Körper.
4027,subtitle,Danke,1,NN,PTKANT,Danke,danke,Dank,Dank,1,1,"Danke, aber warum kennt der Essenslieferer meinen Namen?"
4028,subtitle,Kessen,0,NN,NN,Kesse,kesse,Kessen,Kesse,1,1,Dann auch noch Kessen aber bitte lassen Sie mich doch los.
4028,subtitle,bitte,0,ADV,ADV,bitte,bitte,bitten,bitten,1,1,Dann auch noch Kessen aber bitte lassen Sie mich doch los.
4028,subtitle,mich,0,PRF,PPER,mich,mich,ich,ich,1,1,Dann auch noch Kessen aber bitte lassen Sie mich doch los.
4029,subtitle,ritualisierte,0,ADJA,ADJA,ritualisiert,ritualisiert,ritualisieren,ritualisieren,1,1,Sie führen mit ihren Konkurrenten auch ritualisierte Kriege.
4033,subtitle,weniger,0,PIAT,PIAT,weniger,weniger,wenig,wenig,1,1,Und der Bundeskanzler deutlich weniger Macht als der Reichspräsident früher.
4033,subtitle,früher,0,ADJD,ADV,früh,früh,früher,früher,1,1,Und der Bundeskanzler deutlich weniger Macht als der Reichspräsident früher.
4034,subtitle,mir,0,PPER,PPER,mir,mir,ich,ich,1,1,Herzlich willkommen zu einem neuen Video von mir.
4039,subtitle,Im,1,APPRART,ART,in,in,im,im,1,1,Im heutigen Video werden wir auf die Verben mit dem Wortstamm sehen schauen!
4039,subtitle,Verben,0,NN,NN,Verbe,verbe,Verb,Verb,1,1,Im heutigen Video werden wir auf die Verben mit dem Wortstamm sehen schauen!
4041,subtitle,uns,0,PPER,PPER,uns,uns,wir,wir,1,1,Genauso wie Mami uns lieb hat.
4046,subtitle,ihr,0,PPER,PPER,ihr,ihr,sie,sie,1,1,Finder ihr das bescheuert oder ist da was dran?
4049,subtitle,ihr,0,PPER,PPER,ihr,ihr,sie,sie,1,1,Ich gehe später zu ihr und bringe einen Geburtstagskuchen mit.
4050,subtitle,Russland,0,NN,NE,Russland,russland,Rußland,Rußland,1,1,"Demnach unterstützt der Westen nicht nur die Ukraine, sondern er führt über sie einen Krieg gegen Russland."
4052,subtitle,Hypothesen,0,NN,NN,Hypothes,hypothes,Hypothese,Hypothese,0,1,Die Hypothesen werden als Nächstes getestet.
4052,subtitle,Nächstes,0,NN,NN,Nächster,nächster,Nächst,Nach,1,1,Die Hypothesen werden als Nächstes getestet.
4053,subtitle,ersten,0,ADJA,ADJA,erster,erster,erst,erst,1,1,"Den ersten deutschen Nationalstaat, den gab es zwar schon 1871 mit dem Deutschen Kaiserreich, aber frei und demokratisch war dieser Staat noch nicht."
4056,subtitle,im,0,APPRART,ART,in,in,im,im,1,1,Das trägt sie ja schon im Namen mit sich.
4061,subtitle,beim,0,APPRART,ART,bei,bei,beim,beim,1,1,"Dann könnte ich beim Einkaufen im Supermarkt versuchen, die Gesamtpunktzahl möglichst niedrig zu halten."
4061,subtitle,im,0,APPRART,ART,in,in,im,im,1,1,"Dann könnte ich beim Einkaufen im Supermarkt versuchen, die Gesamtpunktzahl möglichst niedrig zu halten."
4063,subtitle,Russland,0,NN,NE,Russland,russland,Rußland,Rußland,1,1,Man kann aber feststellen: Auch bei den Rohstoffen sind wir abhängig von Russland.
4064,subtitle,Beidem,0,PIS,PWS,Beidem,beidem,beide,beidem,1,1,"Und dann gibt es noch die Vorstellung zu sagen, an Beidem kann ich zweifeln."
4066,subtitle,Dass,1,KOUS,KOUS,dass,dass,daß,daß,1,1,Dass es unwichtig ist und nicht mehr so viel benutzt wird. “jemandem etwas untersagen” ist ein gehobenes Verb.
4067,subtitle,ihm,0,PPER,PPER,ihm,ihm,er,er,1,1,"Sag ihm sofort die Wahrheit, Klara!"
4068,subtitle,mir,0,PPER,PPER,mir,mir,ich,ich,1,1,"Ein Kollege oder eine Kollegin ist eine Person, die mit mir zusammenarbeitet; auf derselben hierarchischen Ebene oder im selben Bereich."
4068,subtitle,im,0,APPRART,ART,in,in,im,imen,1,1,"Ein Kollege oder eine Kollegin ist eine Person, die mit mir zusammenarbeitet; auf derselben hierarchischen Ebene oder im selben Bereich."
4070,subtitle,Im,1,APPRART,ART,in,in,im,im,1,1,"Im Mitgliederbereich von Deutsch mit Rieke habe ich Aufgaben für euch vorbereitet, mit denen ihr üben könnt, den Absentiv und auch den am-Progressiv zu verwenden."
4070,subtitle,euch,0,PPER,PPER,euch,euch,ihr,ihr,1,1,"Im Mitgliederbereich von Deutsch mit Rieke habe ich Aufgaben für euch vorbereitet, mit denen ihr üben könnt, den Absentiv und auch den am-Progressiv zu verwenden."
4070,subtitle,ihr,0,PPER,PPER,ihr,ihr,sie,sie,1,1,"Im Mitgliederbereich von Deutsch mit Rieke habe ich Aufgaben für euch vorbereitet, mit denen ihr üben könnt, den Absentiv und auch den am-Progressiv zu verwenden."
4073,subtitle,zusammengeschraubt,0,VVPP,VVPP,zusammengeschrauben,zusammengeschraubt,zusammenschrauben,zusammenschrauben,1,1,"Das war wirklich eine geniale Technik, die die Amis da zusammengeschraubt haben."
4076,subtitle,ziehst,0,VVFIN,VVFIN,ziehsen,ziehst,ziehen,ziehen,1,1,Du ziehst für diesen Irrsinn Rechtsfälle heran?
4076,subtitle,Rechtsfälle,0,NN,NN,Rechtsfälle,rechtsfälle,Rechtsfall,Rechtsfall,1,1,Du ziehst für diesen Irrsinn Rechtsfälle heran?
4079,subtitle,dich,0,PRF,PPER,dich,dich,du,du,1,1,Ich finde dich immer noch sehr sexy.
4080,subtitle,mir,0,PPER,PPER,mir,mir,ich,ich,1,1,Sarah kommt natürlich zu mir.
4081,subtitle,Bitte,1,PTKANT,ADV,bitte,bitte,bitten,Bitte,1,1,Bitte lass mich nie wieder allein!
4081,subtitle,lass,0,VVFIN,VVFIN,lass,lassen,laß,laß,1,1,Bitte lass mich nie wieder allein!
4081,subtitle,mich,0,PPER,PPER,mich,mich,ich,ich,1,1,Bitte lass mich nie wieder allein!
4083,subtitle,dir,0,PPER,PPER,dir,dir,du,dir,1,1,"Du bist Zeuge, wie sich das Universum in dir in Echtzeit abspielt."
4084,subtitle,uns,0,PPER,PRF,sich,sich,wir,wir,1,1,"Dann werden wir uns alle wieder sehen, dann gibt es vielleicht ein Video mit einer Bestandsaufnahme."
4086,subtitle,Alle,1,PIAT,PIAT,aller,aller,alle,alle,1,1,"Alle Mitglieder wollen vor allem verhindern, dass die schwarze Bevölkerung ihre neu gewonnenen Rechte wahrnimmt."
4088,subtitle,auszurotten,0,VVINF,VVIZU,auszurotten,auszurotten,ausrotten,ausrotten,1,1,"Die Kriege haben nicht das Ziel, die andere Gruppe auszurotten."
4089,subtitle,am,0,APPRART,ART,an,an,am,am,1,1,Wir müssen das akzeptieren und gehen einfach am Dienstag ins Kino.
4089,subtitle,ins,0,APPRART,ART,in,in,ecser,ins,1,0,Wir müssen das akzeptieren und gehen einfach am Dienstag ins Kino.
4090,subtitle,uns,0,PRF,PRF,sich,sich,wir,wir,1,1,Dein Vater und ich kennen uns jetzt schon seit knapp 30 Jahren.
4094,subtitle,alle,0,PIAT,PIAT,aller,aller,alle,alle,1,1,Die Zeit heilt alle Wunden.
4095,subtitle,uns,0,PPER,PPER,uns,uns,wir,wir,1,1,"Wir haben gesehen, dass die Ringsingularität uns ihre Energie aufzwingt, sobald wir die Ergosphäre betreten."
4095,subtitle,Ergosphäre,0,NN,NN,Ergosphär,ergosphär,Ergosphäre,Ergosphäre,0,1,"Wir haben gesehen, dass die Ringsingularität uns ihre Energie aufzwingt, sobald wir die Ergosphäre betreten."
4096,subtitle,Discs,0,NN,NN,Discs,discs,Dis,Dische,1,1,"Und jetzt sagt er auch hier, erholt sich die Informationen über die lokalen Discs."
4097,subtitle,gelblich-orangefarbenes,0,ADJA,ADJA,gelblich-orangefarben,gelblich-orangefarben,gelblich-orangefarbenes,gelblich-orangefarbenes,0,1,"Eine ältere Glühbirne strahlt eher gelblich-orangefarbenes Licht aus, weil diese Lampen mehr Licht in diesen Wellenlängen aussenden."
4097,subtitle,Wellenlängen,0,NN,NN,Wellenläng,wellenläng,Wellenlänge,Wellenlänge,0,1,"Eine ältere Glühbirne strahlt eher gelblich-orangefarbenes Licht aus, weil diese Lampen mehr Licht in diesen Wellenlängen aussenden."
4103,subtitle,Melde,1,VVFIN,VVFIN,Melde,melden,Melde,Melde,1,1,"Melde dich einfach, wenn du noch irgendwelche Fragen hast oder ich dir weiterhelfen kann."
4103,subtitle,dich,0,PPER,PPER,dich,dich,du,du,1,1,"Melde dich einfach, wenn du noch irgendwelche Fragen hast oder ich dir weiterhelfen kann."
4103,subtitle,irgendwelche,0,PIAT,PIAT,irgendwelch,irgendwelch,irgendwelcher,irgendwelcher,1,1,"Melde dich einfach, wenn du noch irgendwelche Fragen hast oder ich dir weiterhelfen kann."
4103,subtitle,dir,0,PPER,PRF,dir,dir,du,dir,1,1,"Melde dich einfach, wenn du noch irgendwelche Fragen hast oder ich dir weiterhelfen kann."
4104,subtitle,zum,0,APPRART,APPR,zu,zu,zum,zum,1,1,"Neben gesundheitlichen Bedenken gibt es da auch noch die Tatsache, dass die Fleischindustrie einen riesigen Beitrag zum Klimawandel leistet."
4105,subtitle,was,0,PWS,PWS,wer,wer,was,was,1,1,"Erstens: Um Israelkritik und Antisemitismus voneinander abgrenzen zu können, ist es wichtig, erst einmal zu verstehen, was Antisemitismus genau ist."
4106,subtitle,Sagen,1,VVFIN,VVFIN,sagen,sagen,Sage,Sage,1,1,"Sagen Sie den Eltern, dass es noch dauert."
4107,subtitle,alle,0,PIAT,PIAT,aller,aller,alle,alle,1,1,"""Modernisieren wir endlich unser Land"", fordert die FDP 2021 in ihrem Wahlprogramm und betont, wie wichtig es dabei wäre, möglichst alle relevanten Bereiche zu digitalisieren."
4109,subtitle,Zahnhälse,0,NN,NN,Zahnhäls,zahnhäls,Zahnhals,Zahnhals,0,1,"Wenn die Zähne empfindlich auf Kälte oder Wärme reagieren, können freiliegende Zahnhälse ein Grund dafür sein."
4111,subtitle,liebsten,0,ADJD,PIS,lieb,lieb,gerne,gerne,1,1,Womit fangen wir an? Am liebsten gar nicht.
4113,subtitle,im,0,APPRART,ART,in,in,im,imen,1,1,Und von denen brauchen die Kirchen im Mittelalter jede Menge.
4116,subtitle,besondere,0,ADJA,ADJA,besonderer,besonderer,besonder,besonder,1,1,Dieses besondere Schwert begleitet mich seit meiner Kindheit.
4116,subtitle,mich,0,PPER,PPER,mich,mich,ich,ich,1,1,Dieses besondere Schwert begleitet mich seit meiner Kindheit.
4117,subtitle,ihm,0,PPER,PPER,ihm,ihm,er,er,1,1,"Wenn ein Mann tanzen kann, liegt ihm die Welt zu Füßen."
4118,subtitle,vom,0,APPRART,APPR,von,von,vom,vom,1,1,"Das hat eine Umfrage gezeigt, die vom Beratungsunternehmen Deloitte in Auftrag gegeben wurde."
4119,subtitle,kollidierten,0,VVFIN,VVFIN,kollidieren,kollidierten,kollidieren,kollidieren,1,1,Vor 350 Millionen Jahren kollidierten hier nämlich zwei Kontinente.
4121,subtitle,uns,0,PPER,PPER,uns,uns,wir,wir,1,1,Persönlich konnte leider niemand mit uns sprechen.
4122,subtitle,mehrere,0,PIAT,PIAT,mehrere,mehrere,mehr,mehr,1,1,Davor habe ich mehrere Jahre im Verkauf gearbeitet.
4122,subtitle,im,0,APPRART,ART,in,in,im,im,1,1,Davor habe ich mehrere Jahre im Verkauf gearbeitet.
4124,subtitle,Kreuzzügen,0,NN,NN,Kreuzzüg,kreuzzüg,Kreuzzug,Kreuzzug,0,1,"Fragt sich, was von den Kreuzzügen bleibt."
4125,subtitle,ihm,0,PPER,PPER,ihm,ihm,er,er,1,1,Wir können 1v1 mit ihm im Tor machen.
4125,subtitle,im,0,APPRART,ART,in,in,im,im,1,1,Wir können 1v1 mit ihm im Tor machen.
4126,subtitle,mir,0,PPER,PPER,mir,mir,ich,ich,1,1,Das bedeutet: Sie erfüllt mir meinen Wunsch und gibt mir einen Kredit.
4126,subtitle,mir,0,PPER,PPER,mir,mir,ich,ich,1,1,Das bedeutet: Sie erfüllt mir meinen Wunsch und gibt mir einen Kredit.
4129,subtitle,gerechtfertigt,0,VVPP,ADJD,rechtfertigen,rechtfertigen,gerechtfertigt,gerechtfertigt,1,1,"Dabei haben schon die alten Griechen darüber diskutiert, ob es nicht auch politischen Mord geben kann, der gerechtfertigt sein könnte."
4130,subtitle,Ihnen,0,PPER,PPER,ihnen,ihnen,Sie,Sie,1,1,Ich wünsche Ihnen noch einen schönen Aufenthalt in unserem Hotel.
4132,subtitle,alle,0,PIAT,PIAT,aller,aller,alle,alle,1,1,"Und alle Brauereien in Deutschland haben insgesamt 8,8 Milliarden Liter Bier verkauft."
4134,subtitle,dir,0,PPER,PPER,dir,dir,du,dir,1,1,Sonst passiert dir noch das hier .
4136,subtitle,dich,0,PPER,PPER,dich,dich,du,du,1,1,Die habe ich nur für dich gemacht.
4138,subtitle,Im,1,APPRART,ART,in,in,im,im,1,1,Im Vernichtungslagers Osaritschi finden Tausende qualvoll den Tod.
4139,subtitle,dir,0,PPER,PPER,dir,dir,du,dir,1,1,"Au, au. Oh, ist dir was passiert?"
4142,subtitle,komm,0,VVFIN,VVFIN,komm,komm,kommen,kommen,1,1,"Samuel, komm, es ist wichtig."
4144,subtitle,zur,0,APPRART,APPR,zu,zu,zur,zu,1,1,Sonst kann es später wieder zur Verwirrung kommen.
4145,subtitle,zum,0,APPRART,ART,zu,zu,zum,zum,1,1,"Ich würde Erik glaube ich, ein bisschen mehr Mut zum Protest wünschen, um das zu transportieren."
4146,subtitle,unterm,0,APPRART,APPR,unter,unter,unterm,unterm,1,1,"Da steht zwar nicht explizit drin, aber das ist unterm Strich gemeint."
4147,subtitle,euch,0,PPER,PPER,euch,euch,ihr,ihr,1,1,"Da stell ich euch die Frage, auch wenn's kompliziert ist, was wäre eurer Meinung nach 'ne Lösung?"
4147,subtitle,eurer,0,PPOSAT,PPOSAT,eur,eur,euer,euer,1,1,"Da stell ich euch die Frage, auch wenn's kompliziert ist, was wäre eurer Meinung nach 'ne Lösung?"
4147,subtitle,'ne,0,ART,ART,'ne,'ne,'ner,'ne,0,0,"Da stell ich euch die Frage, auch wenn's kompliziert ist, was wäre eurer Meinung nach 'ne Lösung?"
4149,subtitle,im,0,APPRART,ART,in,in,im,imen,1,1,Wir haben im Deutschen ein Sprichwort.
4149,subtitle,Deutschen,0,NN,NN,deutsche,deutsche,deutsch,Deutsche,1,1,Wir haben im Deutschen ein Sprichwort.
4150,subtitle,mehrere,0,PIAT,PIAT,mehrere,mehrere,mehr,mehr,1,1,Mittlerweile leite ich eigenständig mehrere wichtige Projekte und bin direkter Ansprechpartner für unsere größten Kunden.
4151,subtitle,mir,0,PPER,PRF,mir,mir,ich,ich,1,1,Ich kann mir keinen besseren Kandidaten vorstellen. “Ideal” kann also ein Synonym von “perfekt” sein.
4152,subtitle,ihr,0,PPER,PPER,ihr,ihr,sie,sie,1,1,Auch den Link zu ihrem Kanal findet ihr in der Videobeschreibung.
4158,subtitle,uns,0,PRF,PRF,sich,sich,wir,wir,1,1,"Wir lassen uns wieder inspirieren von: ""The Fine Art of Baloney Detection"", ""Die hohe Kunst, Bullshit zu erkennen"", aus Carl Sagans Klassiker ""The Demon-Haunted World""."
4159,subtitle,Virologen,1,NN,NN,Virologen,virologen,Virologe,Virologe,1,1,Virologen haben ja viel zu tun dieser Tage.
4160,subtitle,uns,0,PPER,PPER,uns,uns,wir,wir,1,1,"Sie helfen uns, Stress abzubauen, neue Fähigkeiten zu lernen und unser Leben bunter zu gestalten."
4160,subtitle,Stress,0,NN,NN,Stress,stress,Streß,Streß,1,1,"Sie helfen uns, Stress abzubauen, neue Fähigkeiten zu lernen und unser Leben bunter zu gestalten."
4161,subtitle,euch,0,PRF,PRF,euch,euch,ihr,ihr,1,1,Wir haben euch dazu einen Link unten in die Infobox gepackt.
4163,subtitle,Zeitspannen,0,NN,NN,Zeitspan,zeitspan,Zeitspanne,Zeitspanne,1,1,"Es gibt kein Konzept, das unserem Gehirn diese Zeitspannen begreifbar machen könnte."
4164,subtitle,was,0,PWS,PWS,wer,wer,was,was,1,1,"Könnte sich da etwas wiederholen, was die Partei schon einmal erlebt hat? (Lockere Musik) Es war ein Desaster."
4167,subtitle,ihr,0,PPER,PPER,ihr,ihr,sie,sie,1,1,"Dann könnt ihr sagen: ""Sie oder er hat mich stehenlassen."" Das ist also nicht sehr freundlich, wenn man das macht."
4167,subtitle,mich,0,PPER,PPER,mich,mich,ich,ich,1,1,"Dann könnt ihr sagen: ""Sie oder er hat mich stehenlassen."" Das ist also nicht sehr freundlich, wenn man das macht."
4168,subtitle,dir,0,PPER,PPER,dir,dir,du,dir,1,1,Für einen Termin mit dir habe ich immer Zeit.
4169,subtitle,Nicht-Hühner,0,NN,NN,Nicht-Hühner,nicht-hühner,Nicht-Huhn,Nicht-Huhn,1,1,"Also: Irgendwann vereinten sich 2 Nicht-Hühner und die DNA ihrer Zygote enthielt die nötigen Mutationen, um das erste Huhn darzustellen!"
4169,subtitle,erste,0,ADJA,ADJA,erster,erster,erst,erst,1,1,"Also: Irgendwann vereinten sich 2 Nicht-Hühner und die DNA ihrer Zygote enthielt die nötigen Mutationen, um das erste Huhn darzustellen!"
4170,subtitle,ihr,0,PPER,PPER,ihr,ihr,sie,sie,1,1,"Wollt ihr mitmachen? (Rick) Ja, ja, das gefällt mir."
4170,subtitle,gefällt,0,VVFIN,VVFIN,gefällen,gefällt,gefallen,gefallen,1,1,"Wollt ihr mitmachen? (Rick) Ja, ja, das gefällt mir."
4170,subtitle,mir,0,PPER,PPER,mir,mir,ich,ich,1,1,"Wollt ihr mitmachen? (Rick) Ja, ja, das gefällt mir."
4171,subtitle,warst,0,VVFIN,VAFIN,warn,warst,sein,sein,1,1,"Ich dachte, du warst gestern böse auf mich."
4171,subtitle,böse,0,ADJD,ADJD,böse,böse,bös,bös,1,1,"Ich dachte, du warst gestern böse auf mich."
4171,subtitle,mich,0,PPER,PPER,mich,mich,ich,ich,1,1,"Ich dachte, du warst gestern böse auf mich."
4180,subtitle,Wurmlöcher,0,NN,NN,Wurmlöcher,wurmlöcher,Wurmloch,Wurmloch,1,1,"Wir könnten näher dran sein als wir vermuten Von außen betrachtet, können Schwarze Löcher und Wurmlöcher sehr ähnlich aussehen."
4181,subtitle,Miss,0,NN,NE,Miss,miss,Miß,Miß,1,1,"Ich mache für Miss Miss etwas Kaffee, Dad."
4182,subtitle,uns,0,PRF,PRF,sich,sich,wir,wir,1,1,"Aber dass wir uns morgens Muttermilch eines fremden Tieres auf unser Müsli schütten, daran haben wir uns inzwischen gewöhnt."
4182,subtitle,uns,0,PRF,PRF,sich,sich,wir,wir,1,1,"Aber dass wir uns morgens Muttermilch eines fremden Tieres auf unser Müsli schütten, daran haben wir uns inzwischen gewöhnt."
4182,subtitle,gewöhnt,0,VVPP,VVPP,gewöhnen,gewöhnen,wöhnen,gewöhnen,1,0,"Aber dass wir uns morgens Muttermilch eines fremden Tieres auf unser Müsli schütten, daran haben wir uns inzwischen gewöhnt."
4186,subtitle,ihr,0,PPER,PPER,ihr,ihr,sie,sie,1,1,"Wenn ihr wissen wollt, woher eigentlich der Döner kommt, empfehl ich euch dieses Video."
4186,subtitle,empfehl,0,VVFIN,VVFIN,empfehl,empfehl,empfehlen,empfehlen,1,1,"Wenn ihr wissen wollt, woher eigentlich der Döner kommt, empfehl ich euch dieses Video."
4186,subtitle,euch,0,PRF,PPER,euch,euch,ihr,ihr,1,1,"Wenn ihr wissen wollt, woher eigentlich der Döner kommt, empfehl ich euch dieses Video."
4187,subtitle,Gletscherspalten,0,NN,NN,Gletscherspalt,gletscherspalt,Gletscherspalte,Gletscherspalte,1,1,Über Gletscher mit tückischen Gletscherspalten.
4189,subtitle,Warst,1,VVFIN,VAFIN,Warst,sein,wersen,sarsen,1,0,"Warst du schon mal im Gefängnis, Max?"
4189,subtitle,im,0,APPRART,ART,in,in,im,imen,1,1,"Warst du schon mal im Gefängnis, Max?"
4191,subtitle,dazukämen,0,VVPP,VVFIN,dazukämen,dazukämen,dazukommen,dazukommen,1,1,"Auch nicht, wenn die SPD und die Grünen dazukämen."
4194,subtitle,abzunehmen,0,VVIZU,VVIZU,abzunehmen,abzunehmen,abnehmen,abnehmen,1,1,Jeder hat mal versucht abzunehmen.
4195,subtitle,beim,0,APPRART,ART,bei,bei,beim,beim,1,1,Und zumindest beim BSW ist man dafür auch in Sachsen offen.
4197,subtitle,wat,0,PWS,ADV,wat,wat,waten,waten,1,1,Doch wat hat es damit auf sich?
4198,subtitle,zur,0,APPRART,ART,zu,zu,zur,zur,1,1,Dazu gehört die Deutsche Gesellschaft zur Rettung Schiffbrüchiger.
4198,subtitle,Schiffbrüchiger,0,NN,NN,Schiffbrüchiger,schiffbrüchiger,Schiffbrüchige,Schiffbrüchige,1,1,Dazu gehört die Deutsche Gesellschaft zur Rettung Schiffbrüchiger.
4199,subtitle,zur,0,APPRART,APPR,zu,zu,zur,zur,1,1,Der Betrag wird zur Hälfte vom Arbeitnehmer und zur Hälfte vom Arbeitgeber übernommen.
4199,subtitle,vom,0,APPRART,ART,von,von,vom,vom,1,1,Der Betrag wird zur Hälfte vom Arbeitnehmer und zur Hälfte vom Arbeitgeber übernommen.
4199,subtitle,zur,0,APPRART,ART,zu,zu,zur,zu,1,1,Der Betrag wird zur Hälfte vom Arbeitnehmer und zur Hälfte vom Arbeitgeber übernommen.
4199,subtitle,vom,0,APPRART,ART,von,von,vom,vom,1,1,Der Betrag wird zur Hälfte vom Arbeitnehmer und zur Hälfte vom Arbeitgeber übernommen.
4201,subtitle,bitte,0,ADV,ADV,bitte,bitte,bitten,bitten,1,1,"Schreibt das gerne unten in die Kommentare, und bitte bleibt fair."
4203,subtitle,euch,0,PPER,PPER,euch,euch,ihr,ihr,1,1,Ihr beraubt euch selbst der Erfahrung.
4204,subtitle,erster,0,ADJA,ADJA,erster,erster,erst,erst,1,1,Das war ein harter erster Tag.
4205,subtitle,vom,0,APPRART,ART,von,von,vom,vom,1,1,"Auch hier hängt es wieder vom Zusammenhang ab. Bei Variante A handelt es sich um das Adjektiv ""lange"" plus das Wort ""so""."
4205,subtitle,lange,0,ADV,ADJD,lange,lange,lang,lang,1,1,"Auch hier hängt es wieder vom Zusammenhang ab. Bei Variante A handelt es sich um das Adjektiv ""lange"" plus das Wort ""so""."
4206,subtitle,im,0,APPRART,ART,in,in,im,imen,1,1,Ist sie nicht oben im Zimmer?
4212,subtitle,ihr,0,PPER,PPER,ihr,ihr,sie,sie,1,1,"Wie ihr euch vielleicht wegen des Namens denken könnt, es sind fiktive Personen."
4212,subtitle,euch,0,PPER,PPER,euch,euch,ihr,ihr,1,1,"Wie ihr euch vielleicht wegen des Namens denken könnt, es sind fiktive Personen."
4212,subtitle,Namens,0,NN,NN,Namen,namen,Name,Name,1,1,"Wie ihr euch vielleicht wegen des Namens denken könnt, es sind fiktive Personen."
4215,subtitle,Ihnen,0,PPER,PRF,ihnen,ihnen,Sie,Sie,1,1,Wir müssen Ihnen leider mitteilen: Ihr Auto ist von einem Problem mit der Abgassoftware betroffen.
4216,subtitle,Ersten,0,ADJD,ADJA,ersten,ersten,erst,erst,1,1,"Dafür nehmen sie zwei Dinge in Kauf: Ersten, dass die Qualität der wissenschaftlichen Ausbildung sinkt und auch ihre eigene Exmatrikulation."
4217,subtitle,ziehen,0,VVFIN,VVFIN,zeihen,zeihen,ziehen,ziehen,1,1,Denken Sie an ihre Kinder und ziehen Sie schnell fort.
4218,subtitle,beliebt,0,ADJD,ADJD,beliebt,beliebt,belieben,belieben,1,1,Auch in Deutschland kommen Podcasts bei Spotify gut an. Vor allem die Original-Podcasts sind sehr beliebt und kommen auf hohe Abrufzahlen.
4218,subtitle,Abrufzahlen,0,NN,NN,Abrufzahle,abrufzahle,Abrufzahl,Abrufzahl,0,1,Auch in Deutschland kommen Podcasts bei Spotify gut an. Vor allem die Original-Podcasts sind sehr beliebt und kommen auf hohe Abrufzahlen.
4220,subtitle,mich,0,PPER,PPER,mich,mich,ich,ich,1,1,Familie Müller hat mich heute angerufen.
4223,subtitle,ersten,0,ADJA,ADJA,erster,erster,erst,erst,1,1,Dann kommt ein tief fliegendes Rettungsflugzeug und die Ingenieure nennen die ersten Tests erfolgreich und gehen entgegen jeder praktischen Logik zum nächsten Schritt über.
4223,subtitle,zum,0,APPRART,ART,zu,zu,zum,zum,1,1,Dann kommt ein tief fliegendes Rettungsflugzeug und die Ingenieure nennen die ersten Tests erfolgreich und gehen entgegen jeder praktischen Logik zum nächsten Schritt über.
4223,subtitle,nächsten,0,ADJA,ADJA,nächster,nächster,nah,nah,1,1,Dann kommt ein tief fliegendes Rettungsflugzeug und die Ingenieure nennen die ersten Tests erfolgreich und gehen entgegen jeder praktischen Logik zum nächsten Schritt über.
4227,subtitle,lass,0,VMFIN,VMFIN,lass,lassen,laß,laß,1,1,"Oh cool, das hört sich spannend an. Ja, lass uns gehen!"
4227,subtitle,uns,0,PPER,PPER,uns,uns,wir,wir,1,1,"Oh cool, das hört sich spannend an. Ja, lass uns gehen!"
4229,subtitle,dich,0,PRF,PPER,dich,dich,du,du,1,1,Er will dich bestimmt nur irgendwas fragen.” Hier sage ich: Beruhige dich.
4229,subtitle,bestimmt,0,ADJD,ADV,bestimmen,bestimmen,bestimmt,bestimmt,1,1,Er will dich bestimmt nur irgendwas fragen.” Hier sage ich: Beruhige dich.
4229,subtitle,Beruhige,0,VVIMP,VVFIN,beruhiger,beruhige,beruhigen,beruhigen,1,1,Er will dich bestimmt nur irgendwas fragen.” Hier sage ich: Beruhige dich.
4229,subtitle,dich,0,PRF,PPER,dich,dich,du,du,1,1,Er will dich bestimmt nur irgendwas fragen.” Hier sage ich: Beruhige dich.
4231,subtitle,zum,0,APPRART,APPR,zu,zu,zum,zum,1,1,"Kontrolliert wird die Regierung unter anderem von der Opposition, die zum Beispiel das Recht hat, Untersuchungsausschüsse einzurichten, und vom Bundesverfassungsgericht, dieses Gericht ist komplett unabhängig."
4231,subtitle,Untersuchungsausschüsse,0,NN,NN,Untersuchungsausschuß,untersuchungsausschuß,Untersuchungsausschuss,Untersuchungsausschuss,1,1,"Kontrolliert wird die Regierung unter anderem von der Opposition, die zum Beispiel das Recht hat, Untersuchungsausschüsse einzurichten, und vom Bundesverfassungsgericht, dieses Gericht ist komplett unabhängig."
4231,subtitle,vom,0,APPRART,ART,von,von,vom,vom,1,1,"Kontrolliert wird die Regierung unter anderem von der Opposition, die zum Beispiel das Recht hat, Untersuchungsausschüsse einzurichten, und vom Bundesverfassungsgericht, dieses Gericht ist komplett unabhängig."
4236,subtitle,motiviert,0,VVPP,ADJD,motivieren,motivieren,motiviert,motiviert,1,1,"Aber der Frühling macht, dass ich wieder fit und motiviert und voller Energie bin."
4238,subtitle,Viele,1,PIS,PIS,viele,viele,viel,viel,1,1,"Viele von uns haben einfach nicht die Zeit oder das Geld für einen teuren Sprachkurs, aber man will ja trotzdem vorankommen."
4238,subtitle,uns,0,PPER,PPER,uns,uns,wir,wir,1,1,"Viele von uns haben einfach nicht die Zeit oder das Geld für einen teuren Sprachkurs, aber man will ja trotzdem vorankommen."
4240,subtitle,konzentriert,0,ADJD,ADJD,konzentrieren,konzentrieren,konzentriert,konzentriert,1,1,Einen Streich oder so. Sonst wären sie nicht so leise und konzentriert.
4241,subtitle,im,0,APPRART,ART,in,in,im,imen,1,1,Die Familie ist im dritten Stock.
4241,subtitle,dritten,0,ADJA,ADJA,dritter,dritter,dritt,dritt,1,1,Die Familie ist im dritten Stock.
4243,subtitle,ihr,0,PPER,PPER,ihr,ihr,sie,sie,1,1,"Vielleicht fragt ihr euch, was der Unterschied zwischen “etwas abbrechen” und “etwas durchbrechen” ist."
4243,subtitle,euch,0,PPER,PPER,euch,euch,ihr,ihr,1,1,"Vielleicht fragt ihr euch, was der Unterschied zwischen “etwas abbrechen” und “etwas durchbrechen” ist."
4244,subtitle,dich,0,PPER,PRF,dich,dich,du,du,1,1,Aber ich versuche dich wirklich zu verstehen.
4246,subtitle,krasse,0,ADJD,ADJA,krasse,krasse,kraß,kraß,1,1,"Churchill flieht unter anderem aus einem Kriegsgefangenen-Lager, erlebt krasse Geschichten."
4247,subtitle,Einfluss,0,NN,NN,Einfluss,einfluss,Einfluß,Einfluß,1,1,"So haben wir direkte Kontrolle und Einfluss, wie das Bild im Bildausschnitt des Passepartouts zu sehen sein wird."
4247,subtitle,im,0,APPRART,ART,in,in,im,imen,1,1,"So haben wir direkte Kontrolle und Einfluss, wie das Bild im Bildausschnitt des Passepartouts zu sehen sein wird."
4248,subtitle,dir,0,PPER,PPER,dir,dir,du,dir,1,1,"Schau, ich habe dir gesagt, Ich bin nicht interessiert."
4248,subtitle,interessiert,0,ADJD,ADJD,interessiert,interessiert,interessieren,interessieren,1,1,"Schau, ich habe dir gesagt, Ich bin nicht interessiert."
4250,subtitle,Dass,1,KOUS,KOUS,dass,dass,daß,daß,1,1,"Dass ich Sachen hinterfragt habe, diese Gerechtigkeitsfrage, die ich mir gestellt habe."
4250,subtitle,Gerechtigkeitsfrage,0,NN,NN,Gerechtigkeitsfrag,gerechtigkeitsfrag,Gerechtigkeitsfrage,Gerechtigkeitsfrage,0,1,"Dass ich Sachen hinterfragt habe, diese Gerechtigkeitsfrage, die ich mir gestellt habe."
4250,subtitle,mir,0,PRF,PRF,sich,sich,ich,ich,1,1,"Dass ich Sachen hinterfragt habe, diese Gerechtigkeitsfrage, die ich mir gestellt habe."
4252,subtitle,danke,0,VVFIN,ITJ,danke,danke,danken,danken,1,1,"Ja, danke fürs Fahren, Lisa."
4252,subtitle,fürs,0,APPRART,ART,für,für,fürser,fürs,1,0,"Ja, danke fürs Fahren, Lisa."
4256,subtitle,fragst,0,VVFIN,VVFIN,fragstn,fragst,fragen,fragen,1,1,"Und jetzt fragst du dich bestimmt, wie finden wir denn nun die berühmt berüchtigte Höhle des Lindwurms?"
4256,subtitle,dich,0,PRF,PPER,dich,dich,du,du,1,1,"Und jetzt fragst du dich bestimmt, wie finden wir denn nun die berühmt berüchtigte Höhle des Lindwurms?"
4258,subtitle,uns,0,PRF,PRF,sich,sich,wir,wir,1,1,Wir beschäftigen uns mit dem geheimnisvollen Orden der Tempelritter.
4258,subtitle,geheimnisvollen,0,ADJA,ADJA,geheimnisvoll,geheimnisvoll,geheimnisvollen,geheimnisvoll,1,1,Wir beschäftigen uns mit dem geheimnisvollen Orden der Tempelritter.
4260,subtitle,viele,0,PIAT,PIS,viele,viele,viel,viel,1,1,"Nachhaltig ist das nicht, aber für viele einfach praktisch."
4263,subtitle,Erste,1,ADJA,ADJA,erster,erster,erst,erst,1,1,"Erste Aufnahme, erste Position, endgültig."
4263,subtitle,erste,0,ADJA,ADJA,erster,erster,erst,erst,1,1,"Erste Aufnahme, erste Position, endgültig."
4266,subtitle,warst,0,VVFIN,VAFIN,warn,warst,sein,sein,1,1,"Ich habe gehört, du warst im Krankenhaus."
4266,subtitle,im,0,APPRART,ART,in,in,im,imen,1,1,"Ich habe gehört, du warst im Krankenhaus."
4270,subtitle,Abschluss,0,NN,NN,Abschluss,abschluss,Abschluß,Abschluß,1,1,"Am besten, ich fange direkt an. Dafür brauche ich keinen Abschluss."
4272,subtitle,Im,1,APPRART,ART,in,in,im,im,1,1,Im Grunde ist das ein positiver Begriff.
4273,subtitle,ihn,0,PPER,PPER,ihn,ihn,er,er,1,1,Probier ihn doch erst mal.
4275,subtitle,was,0,PRELS,PWS,wer,wer,was,was,1,1,"Das passt alles nicht ganz zu dem, was Olaf Scholz im Februar 2022 gesagt hat bei seiner Rede zur Zeitenwende."
4275,subtitle,im,0,APPRART,ART,in,in,im,im,1,1,"Das passt alles nicht ganz zu dem, was Olaf Scholz im Februar 2022 gesagt hat bei seiner Rede zur Zeitenwende."
4275,subtitle,zur,0,APPRART,ART,zu,zu,zur,zur,1,1,"Das passt alles nicht ganz zu dem, was Olaf Scholz im Februar 2022 gesagt hat bei seiner Rede zur Zeitenwende."
4276,subtitle,Säcke,0,NN,NN,Säck,säck,Sack,Sack,0,1,"Und wenn es diese Säcke gibt, in die man zum Beispiel eine Jacke stopfen kann, dann funktioniert das wahrscheinlich, oder?"
4276,subtitle,zum,0,APPRART,ART,zu,zu,zum,zum,1,1,"Und wenn es diese Säcke gibt, in die man zum Beispiel eine Jacke stopfen kann, dann funktioniert das wahrscheinlich, oder?"
4280,subtitle,sogenannte,0,ADJA,ADJA,sogenannter,sogenannter,sogenannt,sogenannt,1,1,"Das ist auch eine sogenannte Ein-Themen-Partei, die sich dafür einsetzt, dass noch intensiver an der Behandlung von Alterskrankheiten wie Krebs oder Arthrose gearbeitet wird."
4281,subtitle,erzähl,0,VVFIN,VVFIN,erzähl,erzähl,erzählen,erzählen,1,1,"Was so in meinem Leben abgeht, erzähl ich gleich."
4282,subtitle,uns,0,PPER,PPER,uns,uns,wir,wir,1,1,Lass uns mit dem Kochen anfangen.
4285,subtitle,dir,0,PPER,PPER,dir,dir,du,dir,1,1,"Ich bin wirklich gerne mit dir zusammen, Anna."
4286,subtitle,gestylt,0,VVPP,ADJD,stylt,gestylt,stylen,stylen,1,1,"Also: Die Schauspielerin ist immer perfekt gestylt, sie trägt immer tolle Kleidung, ist gut geschminkt, hat eine schöne Frisur und so weiter."
4287,subtitle,im,0,APPRART,ART,in,in,im,im,1,1,Der Typ hat eine DVD von Martina im Auto und Kinderpornos auf dem Rechner.
4288,subtitle,ersten,0,ADJA,ADJA,erster,erster,erst,erst,1,1,Und auf den ersten Blick sieht das auch so aus.
4291,subtitle,wüsste,0,VVFIN,VVFIN,wüssen,wüsste,wissen,wissen,1,1,"Ach so, nicht dass ich wüsste, aber es war ein ziemlich großer Einsatz. 130 Mann."
4293,subtitle,logisch-chemischem,0,ADJA,ADJA,logisch-chemisch,logisch-chemisch,logisch-chemischem,logisch-chemischem,1,1,Aber das ist ja auch nur meine Theorie nach rein logisch-chemischem Verständnis.
4294,subtitle,was,0,PRELS,PWS,wer,wer,was,was,1,1,"Deswegen schauen wir doch mal, gegen was MMS und CDL alles helfen soll."
4295,subtitle,uns,0,PPER,PPER,uns,uns,wir,wir,1,1,"Wenn irgendwann die Risikogruppen geimpft sind, kann uns schon mal kollektiv ein Stein vom Herzen fallen."
4295,subtitle,vom,0,APPRART,ART,von,von,vom,vom,1,1,"Wenn irgendwann die Risikogruppen geimpft sind, kann uns schon mal kollektiv ein Stein vom Herzen fallen."
4296,subtitle,viele,0,PIAT,PIAT,vieler,vieler,viel,viel,1,1,"Problematisch ist so etwas aus meiner Sicht auch deshalb, weil sich auf diese Weise viele Menschen abgehängt fühlen."
4299,subtitle,mir,0,PPER,PPER,mir,mir,ich,ich,1,1,Dich will außer mir eh keiner.
4299,subtitle,keiner,0,PIS,PIS,keiner,keiner,kein,kein,1,1,Dich will außer mir eh keiner.
4301,subtitle,Falls,1,KOUS,KOUS,falls,falls,Fall,Fall,1,1,"Falls es aber kein Dessert gibt, dann findet man das häufig nicht so gäbig."
4302,subtitle,Bitte,1,PTKANT,ADV,bitte,bitte,bitten,Bitte,1,1,Bitte zwinge mich nicht dazu.
4302,subtitle,mich,0,PPER,PPER,mich,mich,ich,ich,1,1,Bitte zwinge mich nicht dazu.
4303,subtitle,beim,0,APPRART,ART,bei,bei,beim,beim,1,1,"Anders als beim Gehirn der RAF-Terroristin Ulrike Meinhof, gab es bei ihren drei Genossen keine Auffälligkeiten."
4304,subtitle,postet,0,VVPP,VVFIN,postet,postet,posen,posen,1,1,"Man kann darüber nachdenken, bevor man zu viel von seinen Kindern postet."
4305,subtitle,ihnen,0,PPER,PPER,ihnen,ihnen,sie,sie,1,1,Sie hat es ihnen gesagt.
4313,subtitle,Vielen,1,PIAT,PIAT,vieler,vieler,viel,viel,1,1,Vielen Dank für die Informationen Frau Neuhaus!
4314,subtitle,ins,0,APPRART,ART,in,in,ecser,ins,1,0,"Um den Umsturz vorzubereiten, gehen sie nach Mexiko, ins Exil."
4317,subtitle,Sinnvolles,0,NN,ADJA,sinnvolles,sinnvolles,sinnvoll,Sinnvolle,1,1,Niemand macht etwas Sinnvolles MIT einem Abschluss.
4317,subtitle,Abschluss,0,NN,NN,Abschluss,abschluss,Abschluß,Abschluß,1,1,Niemand macht etwas Sinnvolles MIT einem Abschluss.
4320,subtitle,Am,0,APPRART,APPR,an,an,Am,Am,1,1,Das denkst du. Am Anfang sind sie nett.
4325,subtitle,uns,0,PPER,PPER,uns,uns,wir,wir,1,1,Schleswig-Holstein ist vorgeprescht: Es wird bei uns im Bundesland keine Abschlussprüfungen geben.
4325,subtitle,im,0,APPRART,ART,in,in,im,imen,1,1,Schleswig-Holstein ist vorgeprescht: Es wird bei uns im Bundesland keine Abschlussprüfungen geben.
4327,subtitle,Anschlüsse,0,NN,NN,Anschluß,anschluß,Anschluss,Anschluss,1,1,"Wir haben die Anschlüsse, was Solarenergie angeht, vereinfacht."
4327,subtitle,was,0,PRELS,PRELS,wer,wer,was,was,1,1,"Wir haben die Anschlüsse, was Solarenergie angeht, vereinfacht."
4328,subtitle,alle,0,PIAT,PIAT,aller,aller,alle,alle,1,1,Und alle vier Parteien haben gesagt: Wir gehen mit Kanzlerkandidaten an den Start.
4330,subtitle,alle,0,PIS,PIS,aller,aller,alle,alle,1,1,"Frau Meschke hat gesagt, dass wir alle fasten müssen."
4330,subtitle,fasten,0,VVINF,VVINF,fasn,fasten,fasen,fasen,1,0,"Frau Meschke hat gesagt, dass wir alle fasten müssen."
4331,subtitle,alle,0,PIAT,PIAT,aller,aller,alle,alle,1,1,"Ich lese alle Kommentare und freue mich immer sehr, von euch zu lesen."
4331,subtitle,mich,0,PPER,PRF,sich,sich,ich,ich,1,1,"Ich lese alle Kommentare und freue mich immer sehr, von euch zu lesen."
4331,subtitle,euch,0,PPER,PPER,euch,euch,ihr,ihr,1,1,"Ich lese alle Kommentare und freue mich immer sehr, von euch zu lesen."
4334,subtitle,schreist,0,VVFIN,VVFIN,schreisen,schreist,schreien,schreien,1,1,Warum schreist du so? Geht es Yara gut?
4334,subtitle,Geht,0,VVFIN,VVFIN,gehen,gehen,geht,gehen,1,1,Warum schreist du so? Geht es Yara gut?
4336,subtitle,euch,0,PRF,PRF,euch,euch,ihr,ihr,1,1,"Ein paar Sonderfälle gibt es, aber die erkläre ich euch mal in einem anderen Video."
4337,subtitle,im,0,APPRART,ART,in,in,im,imen,1,1,"Ich mache das auch im Fernsehen, ich schreibe gerade ein Buch."
4338,subtitle,ihr,0,PPER,PPER,ihr,ihr,sie,sie,1,1,"Hier findet ihr ein Video zum Thema Kommunismus, Sozialismus."
4338,subtitle,zum,0,APPRART,ART,zu,zu,zum,zum,1,1,"Hier findet ihr ein Video zum Thema Kommunismus, Sozialismus."
4340,subtitle,zur,0,APPRART,ART,zu,zu,zur,zur,1,1,"Hat der deutsche Staat wenig Geld zur Verfügung, zahlt er auch weniger."
4340,subtitle,weniger,0,ADV,PIS,weniger,weniger,wenig,weniger,1,1,"Hat der deutsche Staat wenig Geld zur Verfügung, zahlt er auch weniger."
4343,subtitle,was,0,PRELS,PWS,wer,wer,was,was,1,1,"Und ich glaube, das ist alles, was man dazu sagen kann."
4345,subtitle,mich,0,PPER,PPER,mich,mich,ich,ich,1,1,"Wenn es die Polizei ist, suchen mich bestimmt und ich will auch meine freien Tage genießen."
4345,subtitle,bestimmt,0,VVPP,ADV,bestimmen,bestimmen,bestimmt,bestimmt,1,1,"Wenn es die Polizei ist, suchen mich bestimmt und ich will auch meine freien Tage genießen."
4348,subtitle,ihn,0,PPER,PPER,ihn,ihn,er,er,1,1,Mit den entsprechenden Folgen für ihn.
4350,subtitle,rauszulassen,0,VVFIN,VVIZU,rauszulassen,rauszulassen,rauslassen,rauslassen,1,1,"Vielleicht ist es sogar besser, die Emotionen rauszulassen."
4352,subtitle,Klavierklänge,0,NN,NN,Klavierkläng,klavierkläng,Klavierklang,Klavierklang,0,1,"(Aufgewühlte Musik) (Nachdenkliche Klavierklänge) (Ansteigende Töne) Halte mich bitte nicht für seltsam, nur weil du jetzt diesen Track bekommst."
4352,subtitle,Halte,0,VVFIN,VVFIN,Halte,halte,Halt,Halt,1,1,"(Aufgewühlte Musik) (Nachdenkliche Klavierklänge) (Ansteigende Töne) Halte mich bitte nicht für seltsam, nur weil du jetzt diesen Track bekommst."
4352,subtitle,mich,0,PPER,PPER,mich,mich,ich,ich,1,1,"(Aufgewühlte Musik) (Nachdenkliche Klavierklänge) (Ansteigende Töne) Halte mich bitte nicht für seltsam, nur weil du jetzt diesen Track bekommst."
4352,subtitle,bitte,0,ADV,ADV,bitte,bitte,bitten,bitten,1,1,"(Aufgewühlte Musik) (Nachdenkliche Klavierklänge) (Ansteigende Töne) Halte mich bitte nicht für seltsam, nur weil du jetzt diesen Track bekommst."
4354,subtitle,viele,0,PIAT,PIAT,vieler,vieler,viel,viel,1,1,Aber irgendwie sind viele Dinge und Überlegungen heute noch sehr ähnlich.
4355,subtitle,am,0,APPRART,ART,an,an,am,am,1,1,"Durch seine große Präsenz am Markt und den wirtschaftlichen Erfolg gelingt es Amazon nicht nur im Wettbewerb, sondern auch direkt vor Ort Vorteile zu bekommen."
4355,subtitle,im,0,APPRART,ART,in,in,im,im,1,1,"Durch seine große Präsenz am Markt und den wirtschaftlichen Erfolg gelingt es Amazon nicht nur im Wettbewerb, sondern auch direkt vor Ort Vorteile zu bekommen."
4357,subtitle,Kriegsverbrechern,0,NN,NN,Kriegsverbrech,kriegsverbrech,Kriegsverbrecher,Kriegsverbrecher,0,1,"Darunter ein Video der Kollegen von ""STRG-F"", die sich darin mit der Frage beschäftigen, ob man diesen Kriegsverbrechern noch nachgehen sollte."
4358,subtitle,Bitte,1,PTKANT,ADV,bitte,bitte,bitten,Bitte,1,1,Bitte sagen Sie das Lisa.
4361,subtitle,aller,0,PIAT,PIAT,aller,aller,alle,alle,1,1,"Das ließ die Meerestemperatur auf über 40 Grad Celsius ansteigen, was das Massensterben an der Perm-Trias-Grenze verursachte, bei dem über 90 Prozent aller Arten ausstarben."
4361,subtitle,ausstarben,0,VVFIN,VVFIN,ausstarben,ausstarben,aussterben,aussterben,1,1,"Das ließ die Meerestemperatur auf über 40 Grad Celsius ansteigen, was das Massensterben an der Perm-Trias-Grenze verursachte, bei dem über 90 Prozent aller Arten ausstarben."
4362,subtitle,Abzocke,0,NN,NN,Abzock,abzock,Abzocke,Abzocke,0,1,Nötigung und Abzocke auf dem Wohnungsmarkt haben viele Gesichter.
4362,subtitle,viele,0,PIAT,PIAT,vieler,vieler,viel,viel,1,1,Nötigung und Abzocke auf dem Wohnungsmarkt haben viele Gesichter.
4363,subtitle,Schloss,0,NN,NN,Schloss,schloss,Schloß,Schloß,1,1,"Den ganzen Tag in einem prunkvollen Schloss sitzen, die Füße hochlegen und dann irgendwann mal auf einen Balkon herausgehen und sich vom Volk bejubeln lassen."
4363,subtitle,vom,0,APPRART,ART,von,von,vom,vom,1,1,"Den ganzen Tag in einem prunkvollen Schloss sitzen, die Füße hochlegen und dann irgendwann mal auf einen Balkon herausgehen und sich vom Volk bejubeln lassen."
4370,subtitle,letzten,0,ADJA,ADJA,letzter,letzter,letzt,letzt,1,1,"Den letzten übernehme ich, meiner!"
4370,subtitle,meiner,0,PPER,PPER,mein,mein,ich,mein,1,1,"Den letzten übernehme ich, meiner!"
4373,subtitle,beim,0,APPRART,ART,bei,bei,beim,bei,1,1,"Und da sind wir auch schon direkt beim nächsten Punkt, genauer gesagt, bei der nächsten Frage."
4373,subtitle,nächsten,0,ADJA,ADJA,nächster,nächster,nah,nah,1,1,"Und da sind wir auch schon direkt beim nächsten Punkt, genauer gesagt, bei der nächsten Frage."
4373,subtitle,nächsten,0,ADJA,ADJA,nächster,nächster,nah,nah,1,1,"Und da sind wir auch schon direkt beim nächsten Punkt, genauer gesagt, bei der nächsten Frage."
4374,subtitle,'nem,0,ART,PIAT,'n,'n,'nemer,'ne,0,0,"Ja, nach 'nem Nachtflug jetzt für euch die frisch gepressten Themen, Pilotenstreik geht weiter am dreizehnten diesen wunderbaren Freitag."
4374,subtitle,euch,0,PPER,PPER,euch,euch,ihr,ihr,1,1,"Ja, nach 'nem Nachtflug jetzt für euch die frisch gepressten Themen, Pilotenstreik geht weiter am dreizehnten diesen wunderbaren Freitag."
4374,subtitle,gepressten,0,ADJA,ADJA,gepresst,gepresst,gepreßt,gepreßt,1,1,"Ja, nach 'nem Nachtflug jetzt für euch die frisch gepressten Themen, Pilotenstreik geht weiter am dreizehnten diesen wunderbaren Freitag."
4374,subtitle,am,0,APPRART,ART,an,an,am,am,1,1,"Ja, nach 'nem Nachtflug jetzt für euch die frisch gepressten Themen, Pilotenstreik geht weiter am dreizehnten diesen wunderbaren Freitag."
4374,subtitle,dreizehnten,0,ADJA,ADJA,dreizehnter,dreizehnter,dreizehnt,dreizehnt,0,0,"Ja, nach 'nem Nachtflug jetzt für euch die frisch gepressten Themen, Pilotenstreik geht weiter am dreizehnten diesen wunderbaren Freitag."
4376,subtitle,zum,0,APPRART,ART,zu,zu,zum,zum,1,1,"Wichtig ist, dass das stärkste Argument zum Schluss kommt, denn das Ende behält sich der Leser am besten."
4378,subtitle,sogenannten,0,ADJA,ADJA,sogenannter,sogenannter,sogenannt,sogenannt,1,1,"Damit das bei unserer Schrift auch so wird, sprühen wir jetzt noch die sogenannten Blöcke."
4381,subtitle,Ihnen,0,PPER,PPER,ihnen,ihnen,Sie,Sie,1,1,Wir machen noch ein paar Tests mit Ihnen.
4382,subtitle,einige,0,PIAT,PIAT,einiger,einiger,einige,einige,1,1,"Ja, immer mehr Rechte gehen gegen Juden vor, sagen einige Experten, aber es gibt noch eine andere Gruppierung, die dabei vernachlässigt wird."
4383,subtitle,zum,0,APPRART,ART,zu,zu,zum,zum,1,1,"Wenn man zum Beispiel eine Straftat begeht, dann verstößt man gegen ein Gesetz."
4384,subtitle,ihr,0,PPER,PPER,ihr,ihr,sie,sie,1,1,"Wenn ihr einen Sprachkurs machen möchtet in Berlin, schaut mal auf easygerman.org/gls, dann kommt ihr direkt zu der richtigen Seite."
4384,subtitle,ihr,0,PPER,PPER,ihr,ihr,sie,sie,1,1,"Wenn ihr einen Sprachkurs machen möchtet in Berlin, schaut mal auf easygerman.org/gls, dann kommt ihr direkt zu der richtigen Seite."
4386,subtitle,totaler,0,ADJA,ADJA,totaler,totaler,total,total,1,1,Aber das ist totaler Quatsch.
4390,subtitle,mich,0,PPER,PPER,mich,mich,ich,ich,1,1,"Ihr könnt mich hören, aber versteht ihr mich?"
4390,subtitle,ihr,0,PPER,PPER,ihr,ihr,sie,sie,1,1,"Ihr könnt mich hören, aber versteht ihr mich?"
4390,subtitle,mich,0,PRF,PPER,mich,mich,ich,ich,1,1,"Ihr könnt mich hören, aber versteht ihr mich?"
4393,subtitle,Plattwürmern,0,NN,NN,Plattwürm,plattwürm,Plattwurm,Plattwurm,0,1,Wie bei Plattwürmern vor einer Milliarde Jahren führten sie nur minimale Denkaufgaben aus.
4394,subtitle,mich,0,PRF,PRF,sich,sich,ich,ich,1,1,"Ich kann mich noch erinnern, wie ich früher immer nicht wusste, wo das Problem an Juden ist."
4394,subtitle,früher,0,ADJD,ADV,früh,früh,früher,früher,1,1,"Ich kann mich noch erinnern, wie ich früher immer nicht wusste, wo das Problem an Juden ist."
4399,subtitle,Kindergärten,0,NN,NN,Kindergärt,kindergärt,Kindergarten,Kindergarten,0,1,"Und auch darüber, wie es an Schulen und Kindergärten läuft, sollen die Bundesländer selbst entscheiden."
4404,subtitle,Plätzchen,0,NN,NN,Plätzche,plätzche,Plätzchen,Plätzchen,0,1,Wir backen Plätzchen mit Mama.
4405,subtitle,betont,0,VVFIN,ADJD,betonen,betonen,betont,betont,1,1,"Aber die Führung der HTS unter Ahmed al-Scharaa gibt sich betont moderat und bemüht sich, alle Ausschreitungen zu unterbinden."
4405,subtitle,alle,0,PIAT,PIAT,aller,aller,alle,alle,1,1,"Aber die Führung der HTS unter Ahmed al-Scharaa gibt sich betont moderat und bemüht sich, alle Ausschreitungen zu unterbinden."
4407,subtitle,Im,1,APPRART,ART,in,in,im,im,1,1,"Im Commonwealth, also der lockeren Vereinigung ehemaliger britischer Kolonien, will sie die Führungsrolle Großbritanniens beibehalten."
4408,subtitle,mich,0,PPER,PPER,mich,mich,ich,ich,1,1,Also hat er mich angelogen?
4408,subtitle,angelogen,0,VVPP,VVPP,angelogen,angelogen,anlügen,anlügen,1,1,Also hat er mich angelogen?
4410,subtitle,voranzukommen,0,VVIZU,VVIZU,vorankommen,voranzukommen,vorankommen,vorankommen,1,1,"Es ist halt der schnellste Weg, um hier voranzukommen, ohne Eltern."
4411,subtitle,ins,0,APPRART,APPR,in,in,ins,ins,1,1,In jener Februar-Nacht kommt dann plötzlich neue Dynamik ins Geschehen.
4413,subtitle,mir,0,PPER,PPER,mir,mir,ich,ich,1,1,Und dann gibt sie mir das Geld.
4414,subtitle,beim,0,APPRART,ART,bei,bei,beim,bei,1,1,Allerdings sind wir wieder beim ersten Punkt.
4414,subtitle,ersten,0,ADJA,ADJA,erster,erster,erst,erst,1,1,Allerdings sind wir wieder beim ersten Punkt.
4416,subtitle,aufgeräumt,0,VVPP,VVPP,aufgeräumt,aufräumen,aufgeräumt,aufgeräumt,1,1,Ja. Jeden Morgen ist dein Zimmer aufgeräumt.
4419,subtitle,bleib,0,VVFIN,VVFIN,bleibn,bleib,bleiben,bleiben,1,1,"Ich bleib hier, ja. Du bleibst."
4421,subtitle,ihr,0,PPER,PPER,ihr,ihr,sie,sie,1,1,Habt ihr auch wirklich alles?
4422,subtitle,gefangen,0,ADJD,VVPP,gefangen,gefangen,fangen,fangen,1,1,Und CO2 kann diese Infrarotstrahlung für eine Weile in unserer Atmosphäre gefangen halten.
4424,subtitle,mir,0,PPER,PPER,mir,mir,ich,ich,1,1,Sie hat mir eine CD gegeben.
4425,subtitle,im,0,APPRART,ART,in,in,im,im,1,1,"Die Etrusker sind ein antikes Volk, das seine Blütezeit etwa 800 bis 350 vor Christus im heutigen Italien erlebt."
4426,subtitle,ihr,0,PPER,PPER,ihr,ihr,sie,sie,1,1,Habt ihr persönliche Erfahrungen mit den “falschen Freunden” aus diesem Video?
4431,subtitle,ihnen,0,PPER,PPER,ihnen,ihnen,sie,sie,1,1,Oder wie ihnen geholfen wird.
4432,subtitle,Edelgase,0,NN,NN,Edelgase,edelgase,Edelgas,Edelgas,1,1,"Denn, nochmal: Für die Abkürzungen, nimmt man immer nur die Edelgase."
4433,subtitle,viele,0,PIS,PIS,viele,viele,viel,viel,1,1,Das hat viele nicht gepasst.
4434,subtitle,Am,1,APPRART,APPR,an,an,Am,Am,1,1,"Am Siliciumatom hängen außerdem noch sogenannte organische Reste, also Kohlenstoffgruppen, daher auch ""organo""."
4434,subtitle,sogenannte,0,ADJA,ADJA,sogenannter,sogenannter,sogenannt,sogenannt,1,1,"Am Siliciumatom hängen außerdem noch sogenannte organische Reste, also Kohlenstoffgruppen, daher auch ""organo""."
4436,subtitle,dir,0,PPER,PPER,dir,dir,du,dir,1,1,"Dort kannst du mit einem Mitarbeiter sprechen, der dir dabei hilft, einen passenden Job zu finden."
4437,subtitle,liebsten,0,ADJD,PIS,lieb,lieb,gerne,gerne,1,1,"Also Emilia, ich muss ehrlich sagen, ich lerne am liebsten allein."
4438,subtitle,weiteres,0,PIS,ADJA,weiterer,weiterer,weit,weit,1,1,Das kostet normalerweise ein Vermögen und in der Art kriegt man es eigentlich nicht mehr so ohne weiteres.
4439,subtitle,kannten,0,VVFIN,VVFIN,kannen,kannten,kennen,kennen,1,1,"Intelligente Tiere wie wir, die sprechen konnten, die Werkzeuge und Feuer hatten, Kunst und Kultur kannten."
4441,subtitle,Rekordblöcke,0,NN,NN,Rekordblöcken,rekordblöcken,Rekordblock,Rekordblock,1,1,"Ungewöhnlich ist, dass die ältere Phase kleine Blöcke produzierte und die spätere Phase Rekordblöcke."
4442,subtitle,mehreren,0,PIAT,PIAT,mehrere,mehrere,mehr,mehr,1,1,Schon vor mehreren Tausend Jahren haben Menschen Messer genutzt.
4454,subtitle,Großen,0,NN,NN,große,große,groß,groß,1,1,Und die Großen sind in ganz Europa zusammengeschlossen.
4458,subtitle,eure,0,PPOSAT,PPOSAT,eur,eur,euer,euer,1,1,Wie ist denn eure Bilanz zur Ära Merkel?
4458,subtitle,zur,0,APPRART,APPR,zu,zu,zur,zur,1,1,Wie ist denn eure Bilanz zur Ära Merkel?
4459,subtitle,viele,0,PIAT,PIAT,vieler,vieler,viel,viel,1,1,"Jetzt haben wir gehört, dass Napoleon viele Kriege geführt hat mit seiner Grande Armee."
4460,subtitle,viele,0,PIAT,PIAT,vieler,vieler,viel,viel,1,1,"Die Türkei ist das Land, das seit Beginn des Krieges in Syrien so viele Flüchtlinge von dort aufgenommen hat wie kaum ein anderes."
4461,subtitle,belüfteten,0,ADJA,ADJA,belüftet,belüftet,belüften,belüften,1,1,"Gerade in kleineren, schlecht belüfteten Shisha-Bars kommt es immer wieder zu Kohlenmonoxid-Vergiftungen."
4462,subtitle,Aufständen,0,NN,NN,Aufständ,aufständ,Aufstand,Aufstand,0,1,"Es versinkt in Machtkämpfen und Aufständen, die erst langsam überwunden werden."
4463,subtitle,gefragt,0,VVPP,VVPP,fragen,fragen,gefragt,gefragt,1,1,"Nicht nur die ""Assassin's Creed""-Cracks sind hier gefragt!"
4464,subtitle,zum,0,APPRART,ART,zu,zu,zum,zum,1,1,"Wir nehmen Sie mit zum E-Biken, zum Wandern."
4464,subtitle,E-Biken,0,NN,NN,E-Biken,e-biken,E-Bike,E-Bika,1,1,"Wir nehmen Sie mit zum E-Biken, zum Wandern."
4464,subtitle,zum,0,APPRART,ART,zu,zu,zum,zum,1,1,"Wir nehmen Sie mit zum E-Biken, zum Wandern."
4466,subtitle,gibt's,0,VVFIN,VVFIN,gibt's,geben,gibte'n,gibten,1,0,Die Anleitung dazu gibt's im Internet.
4466,subtitle,im,0,APPRART,ART,in,in,im,im,1,1,Die Anleitung dazu gibt's im Internet.
4467,subtitle,beginnst,0,VVFIN,VVFIN,beginnsen,beginnst,beginnen,beginnen,1,1,Vor jeder Art von Erörterung beginnst du mit der Vorarbeit.
4470,subtitle,vom,0,APPRART,APPR,von,von,vom,vom,1,1,"Dafür wurde Loki vom dritten der Brüder, dem Donnergottor, abbarmungslos gejagt, aufgespürt und schließlich besiegt."
4470,subtitle,dritten,0,ADJA,ADJA,dritter,dritter,dritt,dritt,1,1,"Dafür wurde Loki vom dritten der Brüder, dem Donnergottor, abbarmungslos gejagt, aufgespürt und schließlich besiegt."
4473,subtitle,uns,0,PPER,PPER,uns,uns,wir,wir,1,1,"Lass uns reingehen, damit wir nicht zu spät kommen."
4474,subtitle,Danke,1,NN,ITJ,Danke,danke,Dank,Dank,1,1,"Danke Jonas, du hast etwas gut bei mir."
4474,subtitle,mir,0,PPER,PPER,mir,mir,ich,ich,1,1,"Danke Jonas, du hast etwas gut bei mir."
4476,subtitle,euch,0,PPER,PPER,euch,euch,ihr,ihr,1,1,Hier ist eine Belohnung für euch.
4477,subtitle,letzten,0,ADJA,ADJA,letzter,letzter,letzt,letzt,1,1,In den letzten Jahren hat sich die Weltpolitik verändert.
4478,subtitle,ihn,0,PPER,PPER,ihn,ihn,er,er,1,1,"Und solange ich ihn ansehe, man spricht von einer Kühnheit, die es ihm ermöglicht, das zu tun, was er tut."
4478,subtitle,ihm,0,PPER,PPER,ihm,ihm,er,er,1,1,"Und solange ich ihn ansehe, man spricht von einer Kühnheit, die es ihm ermöglicht, das zu tun, was er tut."
4480,subtitle,im,0,APPRART,ART,in,in,im,imen,1,1,"Donald Trump hatte im vergangenen Wahlkampf angekündigt, die ""Epstein-Files"" komplett zu veröffentlichen."
4481,subtitle,Bitte,1,PTKANT,ADV,bitte,bitte,bitten,Bitte,1,1,"Bitte gib mir noch eine Chance, Riton."
4481,subtitle,mir,0,PPER,PPER,sich,sich,ich,ich,1,1,"Bitte gib mir noch eine Chance, Riton."
4484,subtitle,vielen,0,PIAT,PIAT,vieler,vieler,viel,viel,1,1,Inzwischen mach ich das ja schon seit 2014 und hab schon zu vielen verschiedenen Themen geschrieben.
4486,subtitle,uns,0,PRF,PRF,sich,sich,wir,wir,1,1,"Super, dann treffen wir uns nach der Schule bei dir?"
4486,subtitle,dir,0,PPER,PPER,dir,dir,du,dir,1,1,"Super, dann treffen wir uns nach der Schule bei dir?"
4487,subtitle,geht's,0,VVFIN,VVFIN,geht's,gehen,gehe'en,gehten,1,0,Dann geht's gleich für dich los.
4487,subtitle,dich,0,PPER,PPER,dich,dich,du,du,1,1,Dann geht's gleich für dich los.
4488,subtitle,zweiten,0,ADJA,ADJA,zweiter,zweiter,zweit,zweit,1,1,Also noch vor dem zweiten Shutdown.
4490,subtitle,Studien-,0,TRUNC,ADJA,Studie,studie,studien-,Studie,1,0,"Ja, hier kommen wir auf unsere beiden Studien- Stapel zurück."
4491,subtitle,Deutschen,0,NN,NN,deutsch,deutsch,Deutsche,Deutsche,1,1,"Wenn ich einen Deutschen heirate, nenne ich meinen Sohn auf jeden Fall Belgi."
4495,subtitle,einer,0,PIS,PIS,einer,einer,ein,ein,1,1,"Und was passiert, wenn so einer auf die Erde zielt?"
4497,subtitle,Zeig,1,VVFIN,VVFIN,Zeig,zeig,zeigen,zeigen,1,1,"Zeig es mir nochmal, ich werde ihn eigenhändig umbringen."
4497,subtitle,mir,0,PPER,PPER,mir,mir,ich,ich,1,1,"Zeig es mir nochmal, ich werde ihn eigenhändig umbringen."
4497,subtitle,ihn,0,PPER,PPER,ihn,ihn,er,er,1,1,"Zeig es mir nochmal, ich werde ihn eigenhändig umbringen."
4499,subtitle,Bitte,1,PTKANT,ADV,bitte,bitte,bitten,Bitte,1,1,Bitte lasst mich einfach in Ruhe!
4499,subtitle,mich,0,PPER,PPER,mich,mich,ich,ich,1,1,Bitte lasst mich einfach in Ruhe!
4500,subtitle,im,0,APPRART,ART,in,in,im,imen,1,1,Ohne klare Struktur geht man im Studium schnell unter.
4504,subtitle,mir,0,PPER,PPER,mir,mir,ich,ich,1,1,"Morgen kommst du, fängst du bei mir an.“ Da habe ich angefangen und ich habe meinen festen Arbeitsvertrag bekommen."
4505,subtitle,hattest,0,VAFIN,VAFIN,hattesben,hattest,haben,haben,1,1,Leah: Aber weil du keine Lust hattest oder weil es sich mit dem Sport nicht ausging?
4506,subtitle,zum,0,APPRART,ART,zu,zu,zum,zum,1,1,Jule: Okay. kommen wir zum Text.
4507,subtitle,im,0,APPRART,ART,in,in,im,imen,1,1,Wir haben da eine Hütte im Wald.
4508,subtitle,im,0,APPRART,ART,in,in,im,im,1,1,"Man kann das gut sagen, wenn man im persönlichen, privaten Umfeld mit jemandem spricht."
4508,subtitle,jemandem,0,PIS,PIS,jemand,jemand,jemande,jemand,1,1,"Man kann das gut sagen, wenn man im persönlichen, privaten Umfeld mit jemandem spricht."
4510,subtitle,Dass,1,KOUS,KOUS,dass,dass,daß,daß,1,1,"Dass die Leute arbeitslos wurden, sich umorientieren mussten, dass ihre Lebensleistung nicht gewürdigt wurde."
4514,subtitle,Stress,0,NN,NN,Stress,stress,Streß,Streß,1,1,Vallah ich will kein Stress.
4516,subtitle,Im,1,APPRART,ART,in,in,im,im,1,1,Im westlichen Mitteldeutschland dominieren rheinische Dialekte.
4519,subtitle,umfuhren,0,VVFIN,VVFIN,umfuhr,umfuhren,umfahren,umfahren,1,1,Der Mann fuhr einen Fußgänger um. / Wir umfuhren den Stau.
4520,subtitle,beliebter,0,ADJD,ADJD,beliebt,beliebt,beliebter,beliebter,1,1,"Zu der Zeit, als das Auto immer beliebter wird."
4521,subtitle,ersten,0,ADJA,ADJA,erster,erster,erst,erst,1,1,"Auf den ersten Plätzen Netflix, Amazon und YouTube."
4522,subtitle,Beschlusses,0,NN,NN,Beschluß,beschluß,Beschluss,Beschluss,1,1,"Eine Zusammenarbeit mit der Linken wäre absolut neu und würde, nicht nur wegen des Beschlusses, den es da gibt, bei vielen Mitgliedern für Proteste sorgen."
4522,subtitle,vielen,0,PIAT,PIAT,vieler,vieler,viel,viel,1,1,"Eine Zusammenarbeit mit der Linken wäre absolut neu und würde, nicht nur wegen des Beschlusses, den es da gibt, bei vielen Mitgliedern für Proteste sorgen."
4523,subtitle,zum,0,APPRART,ART,zu,zu,zum,zum,1,1,Das sehen wir zum Beispiel in Paillettenkleidern.
4523,subtitle,Paillettenkleidern,0,NN,NN,Paillettenkleider,paillettenkleider,Paillettenkleid,Paillettenkleid,0,1,Das sehen wir zum Beispiel in Paillettenkleidern.
4526,subtitle,meisten,0,PIAT,PIAT,meister,meister,meist,meist,1,1,"D.h., die meisten Menschen kommen als Organspender ohnehin nicht infrage."
4527,subtitle,mitfinanziert,0,VVPP,VVPP,mitfinanzieren,mitfinanziert,mitfinanzieren,mitfinanzieren,1,1,Deshalb hatte man schon die Franzosen unterstützt und den französischen Krieg gegen die Kommunisten in Nordvietnam mitfinanziert.
4528,subtitle,zum,0,APPRART,ART,zu,zu,zum,zum,1,1,Wir müssen erst zum Buffet.
4529,subtitle,Adligen,0,NN,NN,Adlig,adlig,Adlige,Adlige,1,1,Die Macht in diesem Staat liegt bei den Adligen.
4531,subtitle,tu,0,VVFIN,VVFIN,tu,tu,tun,tun,1,1,"Klar, ich tu es nur deinen weg."
4534,subtitle,Hör,1,VVFIN,PTKANT,Hör,hören,Hör,Hör,1,1,"Hör zu, das nächste Mal, wenn wir so einen Job machen, wollen wir mehr Geld, Barry."
4534,subtitle,nächste,0,ADJA,ADJA,nächster,nächster,nah,nah,1,1,"Hör zu, das nächste Mal, wenn wir so einen Job machen, wollen wir mehr Geld, Barry."
4537,subtitle,Wen,1,PWS,KOUS,wen,wen,wer,wer,1,1,"Wen dir, wie alt du bist?"
4537,subtitle,dir,0,PPER,PPER,dir,dir,du,dir,1,1,"Wen dir, wie alt du bist?"
4540,subtitle,weniger,0,PIAT,PIAT,weniger,weniger,wenig,wenig,1,1,Deshalb werden weniger Arbeitskräfte gebraucht und es kommt zu Entlassungen.
4541,subtitle,Im,1,APPRART,ART,in,in,im,im,1,1,"Im Westen bedienen sich Polen, Rumänen und Tschechoslowakei, im Osten die Rote Armee am ukrainischen Territorium."
4541,subtitle,im,0,APPRART,ART,in,in,im,imen,1,1,"Im Westen bedienen sich Polen, Rumänen und Tschechoslowakei, im Osten die Rote Armee am ukrainischen Territorium."
4541,subtitle,am,0,APPRART,ART,an,an,am,am,1,1,"Im Westen bedienen sich Polen, Rumänen und Tschechoslowakei, im Osten die Rote Armee am ukrainischen Territorium."
4544,subtitle,zum,0,APPRART,APPR,zu,zu,zum,zum,1,1,Dann kommt wieder ein HLF und zum Schluss ein Rettungswagen.
4546,subtitle,beim,0,APPRART,ART,bei,bei,beim,bei,1,1,"Das ist deswegen so krass, weil es beim Immunsystem keine subjektive Komponente gibt."
4548,subtitle,im,0,APPRART,ART,in,in,im,im,1,1,Trotzdem zählt die Pille im Vergleich zu den wirksamsten Verhütungsmethoden.
4548,subtitle,wirksamsten,0,ADJA,ADJA,wirksamst,wirksamst,wirksam,wirksam,0,1,Trotzdem zählt die Pille im Vergleich zu den wirksamsten Verhütungsmethoden.
4549,subtitle,Deutsche,0,NN,NN,deutsche,deutsche,deutsch,deutsch,1,1,So wird Kunst zu Spottpreisen an Deutsche und auch an Museen verkauft.
4551,subtitle,im,0,APPRART,ART,in,in,im,imen,1,1,"Asyl, das bedeutet, ganz vereinfacht gesagt, dass eine Person im Heimatland verfolgt wird."
4555,subtitle,ihr,0,PPER,PPER,ihr,ihr,sie,sie,1,1,Habt ihr mich wirklich nie wie eure eigene Tochter behandelt?
4555,subtitle,mich,0,PPER,PPER,mich,mich,ich,ich,1,1,Habt ihr mich wirklich nie wie eure eigene Tochter behandelt?
4555,subtitle,eure,0,PPOSAT,PPOSAT,eur,eur,euer,euer,1,1,Habt ihr mich wirklich nie wie eure eigene Tochter behandelt?
4557,subtitle,mir,0,PPER,PPER,mir,mir,ich,ich,1,1,Tun Sie mir einen Gefallen.
4558,subtitle,Sagen,1,VVFIN,VVFIN,sagen,sagen,Sage,Sage,1,1,Sagen zumindest Siemens Energy und Gazprom.
4562,subtitle,uns,0,PRF,PPER,uns,uns,wir,wir,1,1,Bis jetzt hat noch keine uns bekannte Katastrophe mehr als etwa zehn Prozent der Weltbevölkerung ausgelöscht.
4563,subtitle,uns,0,PPER,PPER,sich,sich,wir,wir,1,1,"Letztendlich kommt es auf uns an und darauf, die Entwicklungen genau zu beobachten und entsprechend zu reagieren."
4564,subtitle,Ihnen,0,PPER,PPER,ihnen,ihnen,Sie,Sie,1,1,"Jule: Aber dann wäre der Bundestag mit Ihnen und vielen frechen Jugendlichen wahrscheinlich auch ein bisschen überfordert, oder, Herr Gysi?"
4564,subtitle,vielen,0,PIAT,PIAT,vieler,vieler,viel,viel,1,1,"Jule: Aber dann wäre der Bundestag mit Ihnen und vielen frechen Jugendlichen wahrscheinlich auch ein bisschen überfordert, oder, Herr Gysi?"
4565,subtitle,Witze,0,NN,NN,Witze,witze,Witz,Witz,1,1,"Wir haben keine Zeit für schlechte Witze, Wir müssen Yara abkühlen."
4566,subtitle,dir,0,PPER,PPER,dir,dir,du,dir,1,1,"Ich wollte dir helfen, aber ich wusste nicht wie."
4568,subtitle,Rülpsen,0,NN,NN,Rülpsen,rülpsen,Rülps,Rülps,1,0,Kein Rülpsen und Furzen am Tisch!
4568,subtitle,Furzen,0,NN,NN,Furzen,Furzen,Furz,Furz,1,1,Kein Rülpsen und Furzen am Tisch!
4568,subtitle,am,0,APPRART,ART,an,an,am,am,1,1,Kein Rülpsen und Furzen am Tisch!
4571,subtitle,Hörerinnen,0,NN,NN,Hörerinne,hörerinne,Hörerin,Hörerin,1,0,"Deshalb sind auch private Einblicke, die wir geben, auch interessant für unsere Hörer und Hörerinnen."
4574,subtitle,scanne,0,VVFIN,VVFIN,scannen,scanne,scannen,scannen,1,1,"Jetzt scanne ich meine Zustellerkarte, genau, jetzt fragte mich, ob ich alle Beladedaten sehen will, also wirklich von allen Bezirken oder nur von meinem."
4574,subtitle,mich,0,PPER,PPER,mich,mich,ich,ich,1,1,"Jetzt scanne ich meine Zustellerkarte, genau, jetzt fragte mich, ob ich alle Beladedaten sehen will, also wirklich von allen Bezirken oder nur von meinem."
4574,subtitle,alle,0,PIAT,PIAT,aller,aller,alle,alle,1,1,"Jetzt scanne ich meine Zustellerkarte, genau, jetzt fragte mich, ob ich alle Beladedaten sehen will, also wirklich von allen Bezirken oder nur von meinem."
4574,subtitle,Beladedaten,0,NN,NN,Beladedat,beladedat,Beladedaten,Beladedaten,0,1,"Jetzt scanne ich meine Zustellerkarte, genau, jetzt fragte mich, ob ich alle Beladedaten sehen will, also wirklich von allen Bezirken oder nur von meinem."
4574,subtitle,allen,0,PIAT,PIAT,aller,aller,alle,alle,1,1,"Jetzt scanne ich meine Zustellerkarte, genau, jetzt fragte mich, ob ich alle Beladedaten sehen will, also wirklich von allen Bezirken oder nur von meinem."
4576,subtitle,mir,0,PPER,PPER,mir,mir,ich,ich,1,1,"Er hat gesagt, er braucht mir für etwas?"
4578,subtitle,mich,0,PRF,PRF,sich,sich,ich,ich,1,1,"Ich verpisse mich gleich nach dem Lied, denn ich vermisse meine Sweet."
4579,subtitle,Schauen,1,VVFIN,VVFIN,schauen,schauen,Schau,Schau,1,1,"Schauen Sie alle fünf Sekunden zu. Eins, zwei, drei, vier, fünf."
4579,subtitle,alle,0,PIAT,PIAT,aller,aller,alle,alle,1,1,"Schauen Sie alle fünf Sekunden zu. Eins, zwei, drei, vier, fünf."
4582,subtitle,gefällt,0,VVPP,VVFIN,fällen,fällen,gefallen,gefallen,1,1,"Wie gefällt dir der Verweis, Lisa?"
4582,subtitle,dir,0,PPER,PPER,dir,dir,du,dir,1,1,"Wie gefällt dir der Verweis, Lisa?"
4583,subtitle,verneinte,0,ADJA,ADJA,verneint,verneint,verneinen,verneinen,1,1,"Wenn wir also eine verneinte Aussage oder Frage hören und darauf mit “doch” antworten, sagen wir: Das Gegenteil von dem, was du sagst, ist richtig!"
4583,subtitle,was,0,PRELS,PWS,wer,wer,was,was,1,1,"Wenn wir also eine verneinte Aussage oder Frage hören und darauf mit “doch” antworten, sagen wir: Das Gegenteil von dem, was du sagst, ist richtig!"
4586,subtitle,vom,0,APPRART,ART,von,von,vom,vom,1,1,Die Tür vom Keller ist auf.
4587,subtitle,ihr,0,PPER,PPER,ihr,ihr,sie,sie,1,1,"Sie hat auch gesagt, wenn der jemals wieder aufgewacht wäre, das hätte er ihr nicht verziehen, dass da alles amputiert worden ist."
4590,subtitle,schlafe,0,VVFIN,VVFIN,Schlafe,schlafe,schlafen,schlafen,1,1,Ich schlafe im Hotel Sonne.
4590,subtitle,im,0,APPRART,ART,in,in,im,imen,1,1,Ich schlafe im Hotel Sonne.
4593,subtitle,ähh,0,ADV,VVFIN,ähh,ähh,ähhen,ähh,1,0,"Ich ähh, ich habe mich verlaufen!"
4593,subtitle,mich,0,PPER,PRF,mich,mich,ich,ich,1,1,"Ich ähh, ich habe mich verlaufen!"
4600,subtitle,im,0,APPRART,ART,in,in,im,imen,1,1,"Das bedeutet Wahlentscheidung verstehen als eine tägliche, die zu treffen ist im Interesse der Sache."
4601,subtitle,nächste,0,ADJA,ADJA,nächster,nächster,nah,nah,1,1,Gebt einen Daumen nach oben Gebt einen Daumen nach oben für die nächste Folge und teilt das Video.
4603,subtitle,ersten,0,ADJA,ADJA,erster,erster,erst,erst,1,1,"Die will Menschen mit Behinderung laut Koalitionsvertrag zwar besser in den ersten Arbeitsmarkt integrieren, aber die Werkstätten wie empfohlen abzuschaffen, das steht nicht im Koalitionsvertrag."
4603,subtitle,Werkstätten,0,NN,NN,Werkstatt,werkstatt,Werkstätte,Werkstatt,1,1,"Die will Menschen mit Behinderung laut Koalitionsvertrag zwar besser in den ersten Arbeitsmarkt integrieren, aber die Werkstätten wie empfohlen abzuschaffen, das steht nicht im Koalitionsvertrag."
4603,subtitle,im,0,APPRART,ART,in,in,im,im,1,1,"Die will Menschen mit Behinderung laut Koalitionsvertrag zwar besser in den ersten Arbeitsmarkt integrieren, aber die Werkstätten wie empfohlen abzuschaffen, das steht nicht im Koalitionsvertrag."
4605,subtitle,Einige,1,PIAT,PIAT,einiger,einiger,einige,einige,1,1,"Einige weitere Beispielverben sind “verschlechtern”, “verkleinern”, “verdeutlichen”, “verkürzen” und “verbessern”."
4605,subtitle,Beispielverben,0,NN,NN,Beispielverbe,beispielverbe,Beispielverb,Beispielverb,0,1,"Einige weitere Beispielverben sind “verschlechtern”, “verkleinern”, “verdeutlichen”, “verkürzen” und “verbessern”."
4607,subtitle,IQ's,0,VVPP,NN,IQ's,iq's,IQ',IQ's,0,0,"Selbst die Auswahl des ""besten"" IQ's wollen sie in Zukunft verfolgen."
4611,subtitle,fragst,0,VVFIN,VVFIN,fragsen,fragst,fragen,fragen,1,1,Wieso fragst du? Kann er jemanden für mich finden?
4611,subtitle,mich,0,PPER,PPER,mich,mich,ich,ich,1,1,Wieso fragst du? Kann er jemanden für mich finden?
4613,subtitle,weiß,0,VVFIN,ADJD,wissen,wissen,weiß,wissen,1,1,Er sollte nicht sein Leben lang an einer Wand in Gott weiß wo hängen.
4615,subtitle,am,0,APPRART,APPR,an,an,am,am,1,1,"Ich bin schon seit Wochen am Lernen, aber ich habe trotzdem Angst vor der Prüfung."
4617,subtitle,zum,0,APPRART,ART,zu,zu,zum,zum,1,1,"Pétain erklärt sich zum Staatschef des État français, des Französischen Staates, der damit auch gegründet wird."
4617,subtitle,Französischen,0,ADJA,ADJA,Französischen,französischen,französisch,französisch,1,1,"Pétain erklärt sich zum Staatschef des État français, des Französischen Staates, der damit auch gegründet wird."
4618,subtitle,zum,0,APPRART,ART,zu,zu,zum,zum,1,1,"Die Transkripte zum Mitlesen findest du unter www.naturalfluentgerman.com. Übrigens, Deutsches Geplapper gibt's auch bei YouTube."
4618,subtitle,Mitlesen,0,NN,NN,Mitlesen,mitlesen,Mitlese,Mitlese,1,1,"Die Transkripte zum Mitlesen findest du unter www.naturalfluentgerman.com. Übrigens, Deutsches Geplapper gibt's auch bei YouTube."
4618,subtitle,Deutsches,0,ADJA,ADJA,Deutsches,deutsches,Deutsche,Deutsche,1,1,"Die Transkripte zum Mitlesen findest du unter www.naturalfluentgerman.com. Übrigens, Deutsches Geplapper gibt's auch bei YouTube."
4618,subtitle,gibt's,0,VVFIN,VVFIN,gibt'sn,geben,gibte'n,gibten,1,0,"Die Transkripte zum Mitlesen findest du unter www.naturalfluentgerman.com. Übrigens, Deutsches Geplapper gibt's auch bei YouTube."
4619,subtitle,Ihnen,0,PPER,PPER,ihnen,ihnen,Sie,Sie,1,1,Ich zeige sie Ihnen. -Fassen Sie mich nicht an! -Gnädige Frau!
4619,subtitle,mich,0,PPER,PPER,mich,mich,ich,ich,1,1,Ich zeige sie Ihnen. -Fassen Sie mich nicht an! -Gnädige Frau!
4619,subtitle,-Gnädige,0,ADJA,ADJA,-Gnädige,-gnädige,-Gnädig,-Gnädig,1,1,Ich zeige sie Ihnen. -Fassen Sie mich nicht an! -Gnädige Frau!
4620,subtitle,glaubst,0,ADJD,VVFIN,glaubst,glaubst,glauben,glauben,1,1,"Ob du es glaubst oder nicht, ich habe davon von meinem Mann gehört."
4629,subtitle,Draufgucken,1,NN,NN,Draufgucke,draufgucke,Draufgucken,Draufgucke,0,1,"Draufgucken hat gesagt 373737, also 111, das sind drei mal 37 Striche."
4630,subtitle,Fitness-Hype,0,NN,NN,Fitness-Hype,fitness-hype,Fitness-Hyp,Fitness-Hype,1,0,"Wir sind mitten in einem Fitness-Hype, schon seit mehreren Jahren."
4630,subtitle,mehreren,0,PIAT,PIAT,mehrere,mehrere,mehr,mehr,1,1,"Wir sind mitten in einem Fitness-Hype, schon seit mehreren Jahren."
4632,subtitle,nächsten,0,ADJA,ADJA,nächster,nächster,nah,nah,1,1,"In den nächsten 10 Minuten zeige ich dir nur die 10 Funktionen, mit denen du sofort durchstarten kannst."
4632,subtitle,dir,0,PPER,PRF,dir,dir,du,dir,1,1,"In den nächsten 10 Minuten zeige ich dir nur die 10 Funktionen, mit denen du sofort durchstarten kannst."
4633,subtitle,Russland,0,NN,NE,Russland,russland,Rußland,Rußland,1,1,"Auf diese Weise gewinnt sie früh ein Verständnis dafür, wie Herrschaft in Russland funktioniert und wie man sich in diesem Umfeld behaupten kann."
4635,subtitle,mich,0,PPER,PPER,mich,mich,ich,ich,1,1,"Lass mich los, bist du verrückt?"
4637,subtitle,Einige,1,PIS,PIS,einiger,einiger,einige,einige,1,1,"Einige mehr dürfen in einer Art nordkoreanisches Intranet, das aber natürlich nicht Google, Facebook oder Terra X zeigt, sondern vor allem staatliche Propagandaseiten."
4637,subtitle,nordkoreanisches,0,ADJA,ADJA,nordkoreanisch,nordkoreanisch,nordkoreanisches,nordkoreanisch,0,1,"Einige mehr dürfen in einer Art nordkoreanisches Intranet, das aber natürlich nicht Google, Facebook oder Terra X zeigt, sondern vor allem staatliche Propagandaseiten."
4637,subtitle,Propagandaseiten,0,NN,NN,Propagandaseit,propagandaseit,Propagandaseite,Propagandaseite,1,1,"Einige mehr dürfen in einer Art nordkoreanisches Intranet, das aber natürlich nicht Google, Facebook oder Terra X zeigt, sondern vor allem staatliche Propagandaseiten."
4638,subtitle,viele,0,PIS,PIS,vieler,vieler,viel,viel,1,1,Und wie viele hast du schon gestoßen?
4639,subtitle,Freiwillige,0,NN,NN,freiwillige,freiwillige,freiwillig,freiwillig,1,1,Es kommen aber auch echte Freiwillige.
4640,subtitle,beim,0,APPRART,ART,bei,bei,beim,bei,1,1,"Spanischsprecher dagegen assoziieren beim spanischen Wort für Brücke eher Attribute wie „stark“, „gefährlich“ oder „groß“."
4641,subtitle,im,0,APPRART,ART,in,in,im,im,1,1,Dort ist längst eine andere WM-Mission im Gange.
4642,subtitle,uns,0,PPER,PPER,uns,uns,wir,wir,1,1,"Lass uns reingehen, bevor wir zu spät kommen."
4645,subtitle,im,0,APPRART,ART,in,in,im,imen,1,1,Und damit ist im Grunde schon alles gesagt.
4646,subtitle,Letztes,1,ADJA,ADJA,Letztes,letztes,letzt,letzt,1,1,Letztes Mal hast du mir neue Techniken gezeigt.
4646,subtitle,mir,0,PPER,PPER,mir,mir,ich,ich,1,1,Letztes Mal hast du mir neue Techniken gezeigt.
4648,subtitle,bitte,0,ADV,VVINF,bitte,bitte,bitten,bitten,1,1,"Ja, ich nehme noch 10 Wiener Würstchen bitte."
4650,subtitle,mir,0,PPER,PRF,mir,mir,ich,ich,1,1,Ich mache mir Sorgen um meine Tochter.
4652,subtitle,viele,0,PIAT,PIAT,vieler,vieler,viel,viel,1,1,"Trotzdem gibt es immer noch viele Menschen, die Donald Trump unterstützen."
4653,subtitle,vom,0,APPRART,ART,von,von,vom,vom,1,1,Er soll seinen Mandanten Ofarim vom Vorwurf der Verleumdung entlasten.
4656,subtitle,dich,0,PRF,PRF,dich,dich,du,du,1,1,Ich sehe dich nicht gern in Anzug und Krawatte und ich würde das Meer in deinen Augen vermissen.
4657,subtitle,Dass,1,KOUS,KOUS,dass,dass,daß,daß,1,1,"Dass Cola gesund ist, sollte inzwischen bei jedem angekommen sind."
4663,subtitle,bitte,0,PTKANT,ITJ,bitte,bitte,bitten,bitten,1,1,"Ja, einmal Döner mit alles, bitte."
4665,subtitle,dir,0,PPER,PPER,dir,dir,du,dir,1,1,"Das hilft dir wenig, dass du denkst, es war rot für den und ich hatte grün."
4668,subtitle,Psychopathen,0,NN,NN,Psychopathen,psychopathen,Psychopath,Psychopath,1,1,"Während Marciavellisten eher kühl abwägen, handeln Psychopathen oft impulsiv oder agressiv, ohne sich über die Konsequenzen ihres Handelns Gedanken zu machen."
4672,subtitle,eine,0,PIS,PIS,einer,einer,ein,ein,1,1,Heute ist die südkoreanische Rentenkasse von etwa 730 Milliarden Dollar eine der größten der Welt.
4673,subtitle,euch,0,PPER,PPER,euch,euch,ihr,ihr,1,1,Oder ist E-Auto für euch die bessere Alternative?
4683,subtitle,uns,0,PPER,PPER,sich,sich,wir,wir,1,1,Jakob ist alles cool zwischen uns.
4685,subtitle,letzten,0,ADJA,ADJA,letzter,letzter,letzt,letzt,1,1,Die letzten vier Wochen war ich nur in der Bibliothek und habe gelernt.
4687,subtitle,am,0,APPRART,ART,an,an,am,am,1,1,Das Licht am Ende des Tunnels.
4690,subtitle,Schweres,0,NN,NN,schwere,schwere,Schwer,Schwere,1,1,Das hat nur eine Bedeutung: etwas zu Schweres heben oder etwas falsch heben und sich dabei wehtun.
4693,subtitle,alles,0,PIAT,PIAT,aller,aller,alle,alle,1,1,"Wie gesagt, es ist nicht alles Klima Gold, was emissionsfrei ist."
4693,subtitle,was,0,PRELS,PRELS,wer,wer,was,was,1,1,"Wie gesagt, es ist nicht alles Klima Gold, was emissionsfrei ist."
4694,subtitle,überwanden,0,VVINF,VVFIN,überwanden,überwanden,überwinden,überwinden,1,1,"Der Moment, in dem Einsamkeit und Begehren die Vorsicht überwanden."
4695,subtitle,nächste,0,ADJA,ADJA,nächster,nächster,nah,nah,1,1,Der nächste Mitarbeiter ist für Sie reserviert.
4695,subtitle,reserviert,0,VVPP,VVPP,reservieren,reservieren,reserviert,reserviert,1,1,Der nächste Mitarbeiter ist für Sie reserviert.
4700,subtitle,zur,0,APPRART,ART,zu,zu,zur,zu,1,1,"Das wiederum war politisch nicht ganz unheikel, denn den SDF wird eine enge Verbindung zur PKK nachgesagt, der kurdischen Arbeiterpartei."
4706,subtitle,mich,0,PPER,PPER,mich,mich,ich,ich,1,1,"Seit ich denken kann, war er immer für mich da und hat mich bei allem unterstützt."
4706,subtitle,mich,0,PPER,PPER,mich,mich,ich,ich,1,1,"Seit ich denken kann, war er immer für mich da und hat mich bei allem unterstützt."
4707,subtitle,weiter,0,ADV,ADV,weiter,weiter,weit,weit,1,1,"Auch, wenn das mit dem Faschist und der Diktatur weiter hergeholt ist."
4708,subtitle,Viele,1,PIS,PIS,viele,viele,viel,viel,1,1,"Viele von ihnen befinden sich sogar in der habitablen Zone, in der Wasser flüssig ist."
4708,subtitle,ihnen,0,PPER,PPER,ihnen,ihnen,sie,sie,1,1,"Viele von ihnen befinden sich sogar in der habitablen Zone, in der Wasser flüssig ist."
4708,subtitle,habitablen,0,ADJA,ADJA,habitabl,habitabl,habitabel,habitabel,0,0,"Viele von ihnen befinden sich sogar in der habitablen Zone, in der Wasser flüssig ist."
4709,subtitle,euch,0,PPER,PPER,euch,euch,ihr,ihr,1,1,Wir haben extra Ersatz für euch besorgt.
4709,subtitle,besorgt,0,ADJD,VVPP,besorgt,besorgt,besorgen,besorgen,1,1,Wir haben extra Ersatz für euch besorgt.
4711,subtitle,was,0,PRELS,PWS,wer,wer,was,was,1,1,Doch manchmal ist alles was dabei rauskommt: Sommersprossen.
4711,subtitle,rauskommt,0,VVFIN,VVFIN,rauskommt,rauskommt,rauskommen,rauskommen,1,1,Doch manchmal ist alles was dabei rauskommt: Sommersprossen.
4712,subtitle,mir,0,PPER,PRF,sich,sich,ich,ich,1,1,"Ich bin mir nicht sicher, wie Wie genau geht so eine Obduktion vor sich?"
4713,subtitle,mir,0,PPER,PRF,sich,sich,ich,ich,1,1,Kann ich mir nochmal schnell kacken gehen?
4717,subtitle,zum,0,APPRART,ART,zu,zu,zum,zum,1,1,"Bisher war das bis zum sechsten Bebrütungstag erlaubt, künftig bis zum zwölften Tag."
4717,subtitle,sechsten,0,ADJA,ADJA,sechster,sechster,sechst,sechst,0,1,"Bisher war das bis zum sechsten Bebrütungstag erlaubt, künftig bis zum zwölften Tag."
4717,subtitle,zum,0,APPRART,ART,zu,zu,zum,zum,1,1,"Bisher war das bis zum sechsten Bebrütungstag erlaubt, künftig bis zum zwölften Tag."
4717,subtitle,zwölften,0,ADJA,ADJA,zwölfter,zwölfter,zwölft,zwölft,0,1,"Bisher war das bis zum sechsten Bebrütungstag erlaubt, künftig bis zum zwölften Tag."
4718,subtitle,dir,0,PPER,PPER,dir,dir,du,dir,1,1,Ich habe dir etwas besorgt.
4718,subtitle,besorgt,0,ADJD,VVPP,besorgt,besorgt,besorgen,besorgen,1,1,Ich habe dir etwas besorgt.
4720,subtitle,Erste,0,NN,ADJA,erste,erste,erst,erst,1,1,"Und das Erste, was er erzählt hat, war, wie schwierig es eigentlich für ihn ist, sich in der alltäglichen Umgebung zurechtzufinden."
4720,subtitle,was,0,PRELS,PWS,wer,wer,was,was,1,1,"Und das Erste, was er erzählt hat, war, wie schwierig es eigentlich für ihn ist, sich in der alltäglichen Umgebung zurechtzufinden."
4720,subtitle,ihn,0,PPER,PPER,ihn,ihn,er,er,1,1,"Und das Erste, was er erzählt hat, war, wie schwierig es eigentlich für ihn ist, sich in der alltäglichen Umgebung zurechtzufinden."
4724,subtitle,Zum,1,APPRART,ART,zu,zu,zum,zum,1,1,"Zum Beispiel, weil der IS es schafft, Gefangene zu befreien und diese dann als Schläfer zurückkommen."
4724,subtitle,Gefangene,0,NN,NN,gefangener,gefangener,Gefangene,Gefangene,1,1,"Zum Beispiel, weil der IS es schafft, Gefangene zu befreien und diese dann als Schläfer zurückkommen."
4725,subtitle,schert,0,VVFIN,VVFIN,schern,schert,scheren,scheren,1,1,"Ohne dass sich jemand darum schert, wie es den Tieren geht."
4727,subtitle,allen,0,PIAT,PIAT,aller,aller,alle,alle,1,1,NordVPN ist mit allen wichtigen Plattformen kompatibel und kann auf bis zu zehn Geräten gleichzeitig genutzt werden.
4730,subtitle,Shampoos,0,NN,NN,Shampoos,shampoos,Shampoo,Shampoo,1,1,In Shampoos und Haarspülungen werden Silikone eingesetzt als Sie verleihen dem Haar Glanz und Geschmeidigkeit.
4730,subtitle,Silikone,0,NN,NN,Silikone,silikone,Silikon,Silikon,1,1,In Shampoos und Haarspülungen werden Silikone eingesetzt als Sie verleihen dem Haar Glanz und Geschmeidigkeit.
4736,subtitle,PCR-Testkits,0,NN,NN,PCR-Testkit,pcr-testkit,PCR-Testkits,PCR-Testkit,0,1,"Bei der Amerikanischen Gesundheitsbehörde wurde eine Komponente der PCR-Testkits im gleichen Raum hergestellt, wo echte Proben des Virus waren."
4736,subtitle,im,0,APPRART,ART,in,in,im,im,1,1,"Bei der Amerikanischen Gesundheitsbehörde wurde eine Komponente der PCR-Testkits im gleichen Raum hergestellt, wo echte Proben des Virus waren."
4738,subtitle,bitte,0,PTKANT,VVFIN,bitte,bitte,bitten,bitten,1,1,"Özlan, kommst du kurz in den Keller, bitte?"
4739,subtitle,Andersdenkende,0,NN,NN,Andersdenkende,andersdenkende,Andersdenkender,Andersdenkender,1,1,Der Wissenschaftsjournalist David Robert Grimes hat dazu eine Formel entwickelt: Aber man muss sagen: Nicht jeder Andersdenkende hat gleich irgendwelche Hirngespinste.
4739,subtitle,irgendwelche,0,PIAT,PIAT,irgendwelch,irgendwelch,irgendwelcher,irgendwelcher,1,1,Der Wissenschaftsjournalist David Robert Grimes hat dazu eine Formel entwickelt: Aber man muss sagen: Nicht jeder Andersdenkende hat gleich irgendwelche Hirngespinste.
4740,subtitle,dir,0,PPER,PPER,dir,dir,du,dir,1,1,Ich habe dir was mitgebracht.
4745,subtitle,aufs,0,APPRART,APPR,auf,auf,aufs,aufs,1,1,"Die Heimat ist nah, aber plötzlich treibt ein starker Nordwind die Flotte aufs offene Meer."
4747,subtitle,was,0,PRELS,PWS,wer,wer,was,was,1,1,"Und auch wie feinfühlig jedes einzelne Wort ist, was man sagt."
4748,subtitle,Schauen,1,VVFIN,VVFIN,schauen,schauen,Schau,Schau,1,1,Schauen wir uns die Kritikpunkte der Bauern genauer an. Punkt 1: das Insektenschutzprogramm.
4748,subtitle,uns,0,PRF,PRF,sich,sich,wir,wir,1,1,Schauen wir uns die Kritikpunkte der Bauern genauer an. Punkt 1: das Insektenschutzprogramm.
4749,subtitle,eure,0,PPOSAT,PPOSAT,eur,eur,euer,euer,1,1,"Und wahrscheinlich unterschieden sich auch eure Weltanschauungen gar nicht so stark, weil sie von der gleichen örtlichen Kultur geprägt war."
4750,subtitle,Hypothesen,0,NN,NN,Hypothes,hypothes,Hypothese,Hypothese,0,1,"Da gibts interessante Hypothesen, z.B. verbessert Alkohol akut die Blutfettwerte."
4751,subtitle,Zum,1,APPRART,ART,zu,zu,zum,zum,1,1,"Zum Beispiel wenn ich sage: “Der nächste, bitte!” oder “Was machst du als nächstes?”."
4751,subtitle,nächste,0,ADJA,ADJA,nächster,nächster,nah,nah,1,1,"Zum Beispiel wenn ich sage: “Der nächste, bitte!” oder “Was machst du als nächstes?”."
4751,subtitle,bitte,0,PTKANT,ITJ,bitte,bitte,bitten,bitten,1,1,"Zum Beispiel wenn ich sage: “Der nächste, bitte!” oder “Was machst du als nächstes?”."
4751,subtitle,nächstes,0,PIS,NN,nächster,nächster,nah,nah,1,1,"Zum Beispiel wenn ich sage: “Der nächste, bitte!” oder “Was machst du als nächstes?”."
4752,subtitle,im,0,APPRART,ART,in,in,im,im,1,1,Wie wäre es mit Chips und Cola im Auto?
4754,subtitle,ihn,0,PPER,PPER,ihn,ihn,er,er,1,1,Eine schwere Krankheit hat ihn befallen.
4755,subtitle,Zuckerdichte,0,NN,NN,Zuckerdicht,zuckerdicht,Zuckerdichte,Zuckerdichte,1,1,"Natürlich sind da noch die Vitamine usw. drin, aber wir haben bei Saft eine deutlich höhere Zuckerdichte als wenn ihr dasselbe Obst essen würdet."
4755,subtitle,ihr,0,PPER,PPER,ihr,ihr,sie,sie,1,1,"Natürlich sind da noch die Vitamine usw. drin, aber wir haben bei Saft eine deutlich höhere Zuckerdichte als wenn ihr dasselbe Obst essen würdet."
4755,subtitle,würdet,0,VAFIN,VMFIN,würden,würdet,werden,werden,1,1,"Natürlich sind da noch die Vitamine usw. drin, aber wir haben bei Saft eine deutlich höhere Zuckerdichte als wenn ihr dasselbe Obst essen würdet."
4756,subtitle,weißt,0,VVFIN,VVFIN,weißen,wissen,weißen,weißen,1,1,"Du weißt, dass ich alles für dich tun würde Mama."
4756,subtitle,dich,0,PPER,PPER,dich,dich,du,du,1,1,"Du weißt, dass ich alles für dich tun würde Mama."
4765,subtitle,beim,0,APPRART,ART,bei,bei,beim,beim,1,1,Die nimmt man beim Zimmerbrand in die Brandwohnung mit rein.
4769,subtitle,liegst,0,VVFIN,VVFIN,liegsen,liegst,liegen,liegen,1,1,Du liegst den ganzen Tag auf der Couch und isst ungesundes Zeug.
4769,subtitle,isst,0,VVFIN,VVFIN,issen,isst,essen,essen,1,1,Du liegst den ganzen Tag auf der Couch und isst ungesundes Zeug.
4769,subtitle,ungesundes,0,ADJA,ADJA,ungesund,ungesund,ungesundes,ungesund,1,1,Du liegst den ganzen Tag auf der Couch und isst ungesundes Zeug.
4771,subtitle,am,0,APPRART,ART,an,an,am,am,1,1,"Noch ein Gruppenfoto, mitten auf der Rollbahn am Frankfurter Flughafen."
4772,subtitle,euch,0,PPER,PPER,euch,euch,ihr,ihr,1,1,Was bewegt euch dabei besonders?
4773,subtitle,viele,0,PIS,PIS,viele,viele,viel,viel,1,1,"Wie viele über 90-Jährige kennt ihr, die immer noch regelmäßig in den Medien zu sehen sind?"
4773,subtitle,90-Jährige,0,NN,NN,90-Jährige,90-jährige,90-Jähriger,90-Jähriger,1,1,"Wie viele über 90-Jährige kennt ihr, die immer noch regelmäßig in den Medien zu sehen sind?"
4773,subtitle,ihr,0,PPER,PPER,ihr,ihr,sie,sie,1,1,"Wie viele über 90-Jährige kennt ihr, die immer noch regelmäßig in den Medien zu sehen sind?"
4774,subtitle,beliebt,0,ADJD,ADJD,beliebt,beliebt,belieben,belieben,1,1,"So sind auch negative Ergebnisse denkbar, je nachdem, wie beliebt oder wie unbeliebt eine Partei ist."
4777,subtitle,ihm,0,PPER,PPER,ihm,ihm,er,er,1,1,Und mit ihm natürlich auch sein Label und Spotify.
4779,subtitle,mir,0,PPER,PPER,mir,mir,ich,ich,1,1,"Tut mir leid, heute kein Eis für euch."
4779,subtitle,euch,0,PPER,PPER,euch,euch,ihr,ihr,1,1,"Tut mir leid, heute kein Eis für euch."
4784,subtitle,Im,1,APPRART,ART,in,in,im,im,1,1,Im Prinzip kann alles passieren.
4785,subtitle,ihr,0,PPER,PPER,ihr,ihr,sie,sie,1,1,"Ganz einfach gesagt, ist es egal, ob ihr das Perfekt oder das Präteritum benutzt, wenn ihr über die Vergangenheit sprecht."
4785,subtitle,ihr,0,PPER,PPER,ihr,ihr,sie,sie,1,1,"Ganz einfach gesagt, ist es egal, ob ihr das Perfekt oder das Präteritum benutzt, wenn ihr über die Vergangenheit sprecht."
4790,subtitle,dich,0,PRF,PPER,dich,dich,du,du,1,1,"Nein, anzeigen kann er dich dafür nicht."
4791,subtitle,Parteimitgliedern,0,NN,NN,Parteimitglieder,parteimitglieder,Parteimitglied,Parteimitglied,1,1,"Das sind Aussagen, die von Parteimitgliedern kommen."
4794,subtitle,unterm,0,APPRART,APPR,unter,unter,unterm,unterm,1,1,Das kann unterm Strich zu erstaunlichen Ergebnissen führen.
4796,subtitle,am,0,APPRART,APPR,an,an,am,am,1,1,"Ich habe am Anfang von so einer Situation gesprochen, wo unterschiedliche soziale Kreise aufeinandertreffen."
4797,subtitle,Bitte,1,ADV,ADV,bitte,bitte,bitten,Bitte,1,1,Bitte vertrau uns in der Sache.
4797,subtitle,vertrau,0,VVFIN,VVFIN,vertraun,vertrau,vertrauen,vertrauen,1,1,Bitte vertrau uns in der Sache.
4797,subtitle,uns,0,PPER,PPER,uns,uns,wir,wir,1,1,Bitte vertrau uns in der Sache.
4798,subtitle,letzte,0,ADJA,ADJA,letzter,letzter,letzt,letzt,1,1,"Ich habe das letzte Mal gegessen, gestern Abend um 7 oder 8 Uhr."
4798,subtitle,gegessen,0,VVPP,VVPP,gegessen,gegessen,essen,essen,1,1,"Ich habe das letzte Mal gegessen, gestern Abend um 7 oder 8 Uhr."
4799,subtitle,mehrere,0,PIAT,PIAT,mehrere,mehrere,mehr,mehr,1,1,"Es hat sechs juristische Überprüfungen, es hat auch mehrere gerichtsmedizinische Untersuchungen gegeben, Ergebnis ist: der tödliche Kopfschuss kam aus Grams Waffe, abgedrückt von ihm selbst."
4799,subtitle,ihm,0,PPER,PPER,ihm,ihm,er,er,1,1,"Es hat sechs juristische Überprüfungen, es hat auch mehrere gerichtsmedizinische Untersuchungen gegeben, Ergebnis ist: der tödliche Kopfschuss kam aus Grams Waffe, abgedrückt von ihm selbst."
4803,subtitle,Viele,1,PIS,PIS,viele,viele,viel,viel,1,1,"Viele der Partei haben nicht verstanden, wie die Kanzlerin 2015 gehandelt hat, als viele Menschen als Asylsuchende nach Deutschland kamen."
4803,subtitle,viele,0,PIAT,PIAT,vieler,vieler,viel,viel,1,1,"Viele der Partei haben nicht verstanden, wie die Kanzlerin 2015 gehandelt hat, als viele Menschen als Asylsuchende nach Deutschland kamen."
4804,subtitle,mir,0,PPER,PPER,mir,mir,ich,ich,1,1,"Meine Damen und Herren, tut mir leid, dass Sie warten mussten."
4805,subtitle,uns,0,PPER,PPER,uns,uns,wir,wir,1,1,"Wissen ist der Schlüssel, der uns von dem Stigma befreien kann."
4806,subtitle,ihr,0,PPER,PPER,ihr,ihr,sie,sie,1,1,"Lisa, Yara, was macht ihr hier?"
4807,subtitle,mich,0,PPER,PPER,mich,mich,ich,ich,1,1,"Momentan ist auf jeden Fall aus finanzieller Sicht sehr wichtig für mich, weil ich mich ja übers Autorinnen-Sein jetzt noch nicht irgendwie finanzieren kann."
4807,subtitle,mich,0,PRF,PRF,sich,sich,ich,ich,1,1,"Momentan ist auf jeden Fall aus finanzieller Sicht sehr wichtig für mich, weil ich mich ja übers Autorinnen-Sein jetzt noch nicht irgendwie finanzieren kann."
4807,subtitle,übers,0,APPRART,APPR,über,über,übers,übers,1,1,"Momentan ist auf jeden Fall aus finanzieller Sicht sehr wichtig für mich, weil ich mich ja übers Autorinnen-Sein jetzt noch nicht irgendwie finanzieren kann."
4809,subtitle,mir,0,PPER,PPER,mir,mir,ich,ich,1,1,"Ähm ja, dann vielleicht noch ganz kurz eine private Anekdote von mir persönlich."
4813,subtitle,Am,1,APPRART,APPR,an,an,Am,Am,1,1,"Am Ende war seine Ehe zerstört, und es hat eine ganze Weile gedauert, bis Hunter zumindest ansatzweise wieder auf die Beine gekommen ist."
4814,subtitle,vom,0,APPRART,APPR,von,von,vom,vom,1,1,"Es ist theoretisch möglich, dass sich das Virus selbst mit der Zeit weiterentwickelt hat und sich jetzt leichter vom Mensch auf den Mensch überträgt."
4815,subtitle,im,0,APPRART,ART,in,in,im,im,1,1,Das amerikanische Kriegsministerium verkauft den Briten die gesamte Palette an Kriegsausrüstung im Wert von mehr als 43 Millionen US-Dollar.
4818,subtitle,Präfixverben,0,NN,NN,Präfixverbe,präfixverbe,Präfixverb,Präfixverb,0,1,"Damit kannst du auch prüfen, ob du den Unterschied zwischen dem Verb “schaffen” und den verschiedenen Präfixverben aus meinem letzten Video verstanden hast."
4818,subtitle,letzten,0,ADJA,ADJA,letzter,letzter,letzt,letzt,1,1,"Damit kannst du auch prüfen, ob du den Unterschied zwischen dem Verb “schaffen” und den verschiedenen Präfixverben aus meinem letzten Video verstanden hast."
4821,subtitle,am,0,APPRART,ART,an,an,am,am,1,1,"Wenn die Telefonanlage auf dem neuesten Stand gewesen wäre, mehr Beamte auf der Wache geblieben wären, hätte man die Schüsse am zweiten Tatort verhindern können?"
4821,subtitle,zweiten,0,ADJA,ADJA,zweiter,zweiter,zweit,zweit,1,1,"Wenn die Telefonanlage auf dem neuesten Stand gewesen wäre, mehr Beamte auf der Wache geblieben wären, hätte man die Schüsse am zweiten Tatort verhindern können?"
4822,subtitle,Gastronomiebetriebe,0,NN,NN,Gastronomiebetriebe,gastronomiebetriebe,Gastronomiebetrieb,Gastronomiebetrieb,1,1,"Ab dem Jahr 2023 sind Gastronomiebetriebe in Deutschland verpflichtet, statt Kunststoff Mehrwegverpackungen anzubieten."
4823,subtitle,gibt's,0,VVFIN,VVFIN,gibt's,geben,gibte'n,gibten,1,0,Hier gibt's tatsächlich keine süßen Jungs mehr.
4827,subtitle,zum,0,APPRART,ART,zu,zu,zum,zum,1,1,Prinz Harry war z.B. zweimal zum Einsatz in Afghanistan.
4828,subtitle,dir,0,PPER,PPER,dir,dir,du,dir,1,1,"Du bist zu streng mit dir, Jem."
4829,subtitle,uns,0,PPER,PPER,uns,uns,wir,wir,1,1,Für uns ist das harmlos.
4830,subtitle,Falsches,0,NN,NN,Falsches,falsches,Falsch,Falsch,1,1,Wenn man etwas Falsches gegessen hat zum Beispiel.
4830,subtitle,gegessen,0,VVPP,VVPP,Gegessen,gegessen,essen,essen,1,1,Wenn man etwas Falsches gegessen hat zum Beispiel.
4830,subtitle,zum,0,APPRART,ART,zu,zu,zum,zum,1,1,Wenn man etwas Falsches gegessen hat zum Beispiel.
4831,subtitle,Wen,1,PWS,PWS,wen,wen,wer,wer,1,1,Wen wollt ihr als erstes sehen?
4831,subtitle,ihr,0,PPER,PPER,ihr,ihr,sie,sie,1,1,Wen wollt ihr als erstes sehen?
4831,subtitle,erstes,0,ADJA,ADJA,erster,erster,erst,erst,1,1,Wen wollt ihr als erstes sehen?
4832,subtitle,ihm,0,PPER,PPER,ihm,ihm,er,er,1,1,"Das liegt vor allem an seinem Vater, der ihm immer eingetrichtert hat, die Welt sei schlecht."
4832,subtitle,eingetrichtert,0,VVPP,VVPP,eingetrichteren,eingetrichtert,eintrichtern,eintrichtern,1,1,"Das liegt vor allem an seinem Vater, der ihm immer eingetrichtert hat, die Welt sei schlecht."
4833,subtitle,zur,0,APPRART,APPR,zu,zu,zur,zur,1,1,"Geheimdienste beschaffen und sammeln Informationen, werten sie aus und stellen sie der Regierung eines Landes oder einem anderen Auftraggeber zur Verfügung."
4835,subtitle,uns,0,PRF,PRF,sich,sich,wir,wir,1,1,Abram und ich haben uns gerade darüber getroffen.
4837,subtitle,bewussten,0,ADJA,ADJA,bewusst,bewusst,bewußt,bewußt,1,1,"Sondern aufgrund seines bewussten Verhaltens, so wie seiner Einstellung und Taten anderer gegenüber."
4837,subtitle,Taten,0,NN,NN,Tat,tat,Tate,Tate,1,1,"Sondern aufgrund seines bewussten Verhaltens, so wie seiner Einstellung und Taten anderer gegenüber."
4838,subtitle,ihn,0,PPER,PPER,ihn,ihn,er,er,1,1,"Wir sollten ihn besuchen, oder?"
4839,subtitle,tausende,0,NN,NN,Tausend,tausend,tausende,tausende,1,1,"Die Infektionszahlen steigen langsam, tausende demonstrieren gegen Corona-Maßnahmen, Urlaubsrückkehrer bringen frisches Virus mit nach Hause, das unbemerkt, nachdem es in Bayern die große Testpanne gab."
4839,subtitle,Testpanne,0,NN,NN,Testpanne,testpanne,Testpann,Testpanne,1,0,"Die Infektionszahlen steigen langsam, tausende demonstrieren gegen Corona-Maßnahmen, Urlaubsrückkehrer bringen frisches Virus mit nach Hause, das unbemerkt, nachdem es in Bayern die große Testpanne gab."
4845,subtitle,Bitte,1,PTKANT,ADV,bitte,bitte,bitten,Bitte,1,1,"Bitte hört auf damit, Leute!"
4848,subtitle,mich,0,PPER,PPER,mich,mich,ich,ich,1,1,Damit er solche Tore für mich schießt und sie mir widmet.
4848,subtitle,mir,0,PPER,PPER,mir,mir,ich,ich,1,1,Damit er solche Tore für mich schießt und sie mir widmet.
4849,subtitle,Ausserrhoden,0,NN,NE,Ausserrhoden,ausserrhoden,Außerrhoden,Ausserrhoden,1,1,Appenzell Ausserrhoden weist das kälteste Klima auf und erhält deshalb in diesem Thema 0 Punkte.
4849,subtitle,kälteste,0,ADJA,ADJA,kälte,kälte,kalt,kalt,1,1,Appenzell Ausserrhoden weist das kälteste Klima auf und erhält deshalb in diesem Thema 0 Punkte.
4853,subtitle,dir,0,PPER,PPER,dir,dir,du,dir,1,1,Ich kann dir gar nicht genug danken.
4856,subtitle,euch,0,PRF,PPER,euch,euch,ihr,ihr,1,1,Ich habe euch dazu unten in der Infobox was verlinkt.
4856,subtitle,verlinkt,0,VVPP,VVPP,verlinken,verlinkt,verlinken,verlinken,1,1,Ich habe euch dazu unten in der Infobox was verlinkt.
4857,subtitle,viele,0,PIAT,PIAT,vieler,vieler,viel,viel,1,1,Da gibt es viele weitere spannende Videos.
4860,subtitle,Azteken,0,NN,NN,Aztekum,aztekum,Azteke,Azteke,0,1,Die Azteken sind rücksichtslose und grausame Krieger.
4863,subtitle,bewerte,0,VVFIN,VVFIN,beweren,bewerte,bewerten,bewerten,1,1,Hier bewerte ich eine tiefere Arbeitslosenquote als besser.
4866,subtitle,Kulturschätze,0,NN,NN,Kulturschätze,kulturschätze,Kulturschatz,Kulturschatz,1,1,"Seit jeher werden Länder, Kulturen und Menschen ihrer Kunst- und Kulturschätze beraubt."
4868,subtitle,nächsten,0,ADJA,ADJA,nächster,nächster,nah,nah,1,1,"Ein Jahrhundertprojekt. (Klopfen, hallender Klang) Wir wollen ein Bauwerk für die nächsten 100 Jahre stellen."
4869,subtitle,Stress,0,NN,NN,Stress,stress,Streß,Streß,1,1,Aber Arbeit ist nicht nur Stress.
4874,subtitle,ins,0,APPRART,ART,in,in,ecser,ins,1,0,Du gehst einfach zu fremden Leuten ins Haus?
4875,subtitle,Warten,0,NN,NN,warten,warten,Wart,Warte,1,1,"Aber das Warten lohnt sich, denn Saadet war mal wieder am Start."
4875,subtitle,am,0,APPRART,ART,an,an,am,am,1,1,"Aber das Warten lohnt sich, denn Saadet war mal wieder am Start."
4876,subtitle,bekannt,0,ADJD,ADJD,bekannt,bekannt,bekennen,bekennen,1,1,"Und das, obwohl aus der Forschung bekannt ist, dass, wenn die Politik auf Populismus eingeht, meistens nur die Populisten profitieren."
4883,subtitle,Beitrittsperspektive,0,NN,NN,Beitrittsperspektiv,beitrittsperspektiv,Beitrittsperspektive,Beitrittsperspektive,0,1,Diese Beitrittsperspektive haben die Länder nach den Verträgen und vor allem die Thessaloniki-Agenda gilt uneingeschränkt.
4885,subtitle,nächsten,0,ADJA,ADJA,nächster,nächster,nah,nah,1,1,Danach deutete Kraft KS nächsten Punkte bereits in der Luftlage.
4886,subtitle,meisten,0,PIAT,PIAT,meister,meister,meist,meist,1,1,Die meisten Beschränkungen liegen bei 120 oder bei 130 km/h.
4887,subtitle,im,0,APPRART,ART,in,in,im,im,1,1,Wir arbeiten natürlich im Querformat.
4888,subtitle,weißt,0,VVFIN,VVFIN,weißen,wissen,weißen,weißen,1,1,"Du weißt doch, dass man ihm nicht vertrauen kann!"
4888,subtitle,ihm,0,PPER,PPER,ihm,ihm,er,er,1,1,"Du weißt doch, dass man ihm nicht vertrauen kann!"
4890,subtitle,bräuchte,0,VVFIN,VVFIN,bräuchte,bräuchte,brauchen,brauchen,1,1,"Dafür bräuchte sie eine Zweidrittelmehrheit, sowohl im Bundestag als auch im Bundesrat."
4890,subtitle,im,0,APPRART,ART,in,in,im,im,1,1,"Dafür bräuchte sie eine Zweidrittelmehrheit, sowohl im Bundestag als auch im Bundesrat."
4890,subtitle,im,0,APPRART,ART,in,in,im,imen,1,1,"Dafür bräuchte sie eine Zweidrittelmehrheit, sowohl im Bundestag als auch im Bundesrat."
4891,subtitle,uns,0,PPER,PPER,uns,uns,wir,wir,1,1,"Mit kleinen Abweichungen während der Hochphase der Pandemie kann man sagen, es kommen immer mehr Menschen zu uns."
4893,subtitle,mich,0,PPER,PPER,mich,mich,ich,ich,1,1,"Wow, das klingt sogar für mich furchtbar."
4894,subtitle,mir,0,PPER,PPER,mir,mir,ich,ich,1,1,"Oh warte kurz, Nina hat mir eine Nachricht geschrieben."
4897,subtitle,im,0,APPRART,ART,in,in,im,imen,1,1,"Da das Endo-Cannabinoid-System überall im Körper seine Finger im Spiel hat, gibt es auch viele verschiedene denkbare medizinische Einsatzbereiche für Cannabinoide."
4897,subtitle,im,0,APPRART,ART,in,in,im,im,1,1,"Da das Endo-Cannabinoid-System überall im Körper seine Finger im Spiel hat, gibt es auch viele verschiedene denkbare medizinische Einsatzbereiche für Cannabinoide."
4897,subtitle,viele,0,PIAT,PIAT,vieler,vieler,viel,viel,1,1,"Da das Endo-Cannabinoid-System überall im Körper seine Finger im Spiel hat, gibt es auch viele verschiedene denkbare medizinische Einsatzbereiche für Cannabinoide."
4897,subtitle,Einsatzbereiche,0,NN,NN,Einsatzbereiche,einsatzbereiche,Einsatzbereich,Einsatzbereich,1,1,"Da das Endo-Cannabinoid-System überall im Körper seine Finger im Spiel hat, gibt es auch viele verschiedene denkbare medizinische Einsatzbereiche für Cannabinoide."
4897,subtitle,Cannabinoide,0,NN,NN,Cannabinoide,cannabinoide,Cannabinoid,Cannabinoid,1,1,"Da das Endo-Cannabinoid-System überall im Körper seine Finger im Spiel hat, gibt es auch viele verschiedene denkbare medizinische Einsatzbereiche für Cannabinoide."
4898,subtitle,mir,0,PPER,PPER,mir,mir,ich,ich,1,1,"Es kommt mir noch wie gestern vor, da war er noch ein Baby."
4900,subtitle,alles,0,PIAT,PIS,aller,aller,alle,alle,1,1,"Das sind alles Anlagen, die in den nächsten Jahren komplett umgebaut werden müssen."
4900,subtitle,nächsten,0,ADJA,ADJA,nächster,nächster,nah,nah,1,1,"Das sind alles Anlagen, die in den nächsten Jahren komplett umgebaut werden müssen."
4901,subtitle,ihr,0,PPER,PPER,ihr,ihr,sie,sie,1,1,Wie seht ihr dieses Kapitel der Geschichte und wie soll man mit dem Straßennamen vom Anfang umgehen?
4901,subtitle,Straßennamen,0,NN,NN,Straßennamen,straßennamen,Straßenname,Straßenname,1,1,Wie seht ihr dieses Kapitel der Geschichte und wie soll man mit dem Straßennamen vom Anfang umgehen?
4901,subtitle,vom,0,APPRART,ART,von,von,vom,vom,1,1,Wie seht ihr dieses Kapitel der Geschichte und wie soll man mit dem Straßennamen vom Anfang umgehen?
4906,subtitle,ihr,0,PPER,PPER,ihr,ihr,sie,sie,1,1,"Wir hatten das Glück, habt ihr ja mitbekommen, dass wir den letzten Monat meines ersten Trimesters weg waren."
4906,subtitle,letzten,0,ADJA,ADJA,letzter,letzter,letzt,letzt,1,1,"Wir hatten das Glück, habt ihr ja mitbekommen, dass wir den letzten Monat meines ersten Trimesters weg waren."
4906,subtitle,ersten,0,ADJA,ADJA,erster,erster,erst,erst,1,1,"Wir hatten das Glück, habt ihr ja mitbekommen, dass wir den letzten Monat meines ersten Trimesters weg waren."
4907,subtitle,dir,0,PPER,PPER,dir,dir,du,dir,1,1,Wieso hast du nichts von dir hören lassen?
4908,subtitle,Russland,0,NN,NE,Russland,russland,Rußland,Rußland,1,1,Man will z.B. Russland wieder als starken Partner haben.
4909,subtitle,im,0,APPRART,ART,in,in,im,imen,1,1,Gut zu wissen: Diese 7 Parteien treffen sich im Bundestag.
4912,subtitle,Übliche,0,NN,NN,üblich,üblich,Übliche,Übliche,1,1,"Ja, dann hat man natürlich die Kinder, Haushalt, Essen kochen, das Übliche und dann abends eigentlich nur Verein."
4914,subtitle,Alliierten,0,NN,NN,alliierter,alliierter,Alliierte,Alliierte,0,1,"Die Alliierten verfügen nur über Flugzeuge, die mit einem Propeller angetrieben werden und deshalb wesentlich langsamer sind."
4914,subtitle,angetrieben,0,VVPP,VVPP,antrieben,angetrieben,antreiben,antreiben,1,1,"Die Alliierten verfügen nur über Flugzeuge, die mit einem Propeller angetrieben werden und deshalb wesentlich langsamer sind."
4915,subtitle,zum,0,APPRART,ART,zu,zu,zum,zum,1,1,"Dann kann ich durch Tastenkombinationen, die zum Tuning benutzt werden, testen, ob sich hier irgendwas tut, was sich nicht tun dürfte."
4915,subtitle,was,0,PRELS,PRELS,wer,wer,was,was,1,1,"Dann kann ich durch Tastenkombinationen, die zum Tuning benutzt werden, testen, ob sich hier irgendwas tut, was sich nicht tun dürfte."
4916,subtitle,zur,0,APPRART,APPR,zu,zu,zur,zu,1,1,Soviel zu den Zahlen und zur Geschichte von Wikipedia.
4917,subtitle,Beim,1,APPRART,ART,bei,bei,beim,beim,1,1,"Beim Emissionshandel legt die Regierung eine gewisse Menge CO2 fest, die in einem Jahr ausgestoßen werden darf."
4917,subtitle,ausgestoßen,0,VVPP,VVPP,ausgestoßen,ausgestoßen,ausstoßen,ausstoßen,1,1,"Beim Emissionshandel legt die Regierung eine gewisse Menge CO2 fest, die in einem Jahr ausgestoßen werden darf."
4918,subtitle,alle,0,PIAT,PIAT,aller,aller,alle,alle,1,1,"Auch alle Farben, die wir sehen, sind Teil des sichtbaren Sonnenlichts."
4921,subtitle,Akte,0,NN,NN,Akte,akte,Akt,Akt,1,1,"Das ist tatsächlich was wortwörtlich in deiner Akte steht, aber danach frage ich nicht."
4922,subtitle,ihn,0,PPER,PPER,ihn,ihn,er,er,1,1,Ich habe ihn heute noch nicht gesehen.
4924,subtitle,viele,0,PIAT,PIAT,vieler,vieler,viel,viel,1,1,Und es gibt viele weitere.
4931,subtitle,Vielen,1,PIAT,PIAT,vieler,vieler,viel,viel,1,1,"Vielen Dank für das Verständnis, Herr Kunze!"
4932,subtitle,Im,1,APPRART,ART,in,in,im,im,1,1,"Im Gedicht spricht immer eine fiktive, eine erfundene Stimme."
4936,subtitle,ehesten,0,ADJD,NN,eher,eher,ehesten,ehert,1,1,"Und damit hat er möglicherweise vor allem diejenigen Menschen verloren, die er am ehesten erreichen wollte, nämlich die Vegankritiker."
4938,subtitle,am,0,APPRART,ART,an,an,am,am,1,1,Ich wollte am Wochenende mit ihm lernen.
4938,subtitle,ihm,0,PPER,PPER,ihm,ihm,er,er,1,1,Ich wollte am Wochenende mit ihm lernen.
4946,subtitle,Infos,0,NN,NN,Infos,infos,Info,Info,1,1,Mehr Infos zu den Vorwürfen findet ihr unten in der Infobox.
4946,subtitle,ihr,0,PPER,PPER,ihr,ihr,sie,sie,1,1,Mehr Infos zu den Vorwürfen findet ihr unten in der Infobox.
4948,subtitle,Ausschuss,0,NN,NN,Ausschuss,ausschuss,Ausschuß,Ausschuß,1,1,Die Gründung des vorhin schon erwähnten Ausschuss für europäische wirtschaftliche Zusammenarbeit (OEEC) hat weitreichende Auswirkungen.
4949,subtitle,uns,0,PPER,PPER,uns,uns,wir,wir,1,1,Was uns zur nächsten Einzigartigkeit bringt. (Mysteriöse Musik) Den Virophagen.
4949,subtitle,zur,0,APPRART,ART,zu,zu,zur,zu,1,1,Was uns zur nächsten Einzigartigkeit bringt. (Mysteriöse Musik) Den Virophagen.
4949,subtitle,nächsten,0,ADJA,ADJA,nächster,nächster,nah,nah,1,1,Was uns zur nächsten Einzigartigkeit bringt. (Mysteriöse Musik) Den Virophagen.
4949,subtitle,Virophagen,0,NN,NN,Virophag,virophag,Virophage,Virophagen,0,1,Was uns zur nächsten Einzigartigkeit bringt. (Mysteriöse Musik) Den Virophagen.
4951,subtitle,Bitte,1,ADV,ADV,bitte,bitte,bitten,Bitte,1,1,Bitte nehmen Sie die Waffe runter.
4954,subtitle,geht's,0,VVFIN,VVFIN,geht's,gehen,gehe'en,gehten,1,0,Aber in deinem Körper geht's ganz schön ab. Und diese ständige Aktivität darf keine Sekunde stillstehen.
4958,subtitle,einiger,0,PIAT,PIAT,einiger,einiger,einige,einige,1,1,"Das war bis vor kurzem Hans-Georg Maaßen, der musste aber nach einiger Kritik an seiner Person und seiner Amtsführung zurücktreten."
4962,subtitle,zur,0,APPRART,ART,zu,zu,zur,zur,1,1,Sein Rad geht zur Polizei.
4963,subtitle,zum,0,APPRART,ART,zu,zu,zum,zum,1,1,"Ich kann natürlich auch konfigurieren, wenn eine Verkaufschance in welcher Stufe ist, mit wie viel Prozent sie zum Beispiel."
4964,subtitle,angegossen,0,ADJD,ADJD,angegossen,angegossen,angießen,angießen,1,0,"Eine Hose, die wie angegossen passt, hat also genau die richtige Größe."
4965,subtitle,was,0,PRELS,PWS,wer,wer,was,was,1,1,"""Final"" heißt , dass wir die Absicht oder das Ziel von dem, was jemand tut, ausdrücken."
4968,subtitle,viele,0,PIAT,PIAT,vieler,vieler,viel,viel,1,1,"Ein kleines Beispiel: Während seiner Regentschaft ziehen viele Ausländer nach Preußen, die anderswo wegen ihres Glaubens verfolgt werden."
4968,subtitle,Glaubens,0,NN,NN,Glauben,Glauben,Glaube,Glaube,1,1,"Ein kleines Beispiel: Während seiner Regentschaft ziehen viele Ausländer nach Preußen, die anderswo wegen ihres Glaubens verfolgt werden."
4971,subtitle,angepasst,0,VVPP,VVPP,angepassen,angepasst,anpassen,anpassen,1,1,Da wurden einzelne Werte verändert und die anderen Daten nicht entsprechend angepasst.
4972,subtitle,dir,0,PPER,PPER,dir,dir,du,dir,1,1,"Ich habe dir immer gesagt, mach nicht die Tür auf!"
4973,subtitle,aufzubewahren,0,VVIZU,VVIZU,aufzubewahren,aufzubewahren,aufbewahren,aufbewahren,1,1,"Esposito ist aber so schlau, die Empfangsbestätigung des Hotels aufzubewahren, wodurch er lange als Erfinder des Margherita-Rezepts gilt."
4975,subtitle,Vertriebene,0,NN,NN,vertriebener,vertriebener,Vertriebene,Vertriebener,1,1,Insgesamt wird es in diesem Krieg etwa 14 Millionen Vertriebene geben.
4976,subtitle,im,0,APPRART,ART,in,in,im,imen,1,1,Arbeiten Sie noch oder sind Sie schon im Ruhestand? ch bin bereits im Ruehstand.
4976,subtitle,im,0,APPRART,ART,in,in,im,imen,1,1,Arbeiten Sie noch oder sind Sie schon im Ruhestand? ch bin bereits im Ruehstand.
4977,subtitle,Wahres,0,NN,NN,wahres,wahres,Wahr,Wahr,1,1,Wie so oft bei Kalendersprüchenist da etwas Wahres dran.
4978,subtitle,Am,1,APPRART,APPR,an,an,Am,Am,1,1,Am 4. November 2011 wird in Eisenach eine Sparkasse überfallen.
4979,subtitle,Akten,0,NN,NN,Akte,akte,Akt,Akt,1,1,"Auch darüber steht nichts in den Akten, keine Aufzeichnung."
4980,subtitle,mich,0,PPER,PPER,mich,mich,ich,ich,1,1,"Die Nachricht, dass sie schwanger ist, war für mich 'ne Riesenüberraschung."
4980,subtitle,'ne,0,ART,ART,'ne,'ne,'ner,'ne,0,0,"Die Nachricht, dass sie schwanger ist, war für mich 'ne Riesenüberraschung."
4981,subtitle,einigen,0,PIAT,PIAT,einiger,einiger,einige,einige,1,1,Inzwischen ist es in einigen Ländern aber anders.
4982,subtitle,im,0,APPRART,ART,in,in,im,imen,1,1,Nach der Schule hab ich im Gegensatz zu Nico studiert und das Studium dann mit ’ner sehr guten Note abgeschlossen.
4984,subtitle,sogenannte,0,ADJA,ADJA,sogenannter,sogenannter,sogenannt,sogenannt,1,1,"In Österreich ist diese Notrufabfrage schon Standard, und bei kleineren medizinischen Problemen werde ich dann an eine sogenannte Gesundheitshotline weitergeleitet, wo mich Pflegepersonal berät."
4984,subtitle,weitergeleitet,0,VVPP,VVPP,weitergeleiten,weitergeleitet,weiterleiten,weiterleiten,1,1,"In Österreich ist diese Notrufabfrage schon Standard, und bei kleineren medizinischen Problemen werde ich dann an eine sogenannte Gesundheitshotline weitergeleitet, wo mich Pflegepersonal berät."
4984,subtitle,mich,0,PPER,PPER,mich,mich,ich,ich,1,1,"In Österreich ist diese Notrufabfrage schon Standard, und bei kleineren medizinischen Problemen werde ich dann an eine sogenannte Gesundheitshotline weitergeleitet, wo mich Pflegepersonal berät."
4985,subtitle,weißt,0,VVFIN,VVFIN,weißen,wissen,weißen,weißen,1,1,"Na ja, die Sache ist die: Du weißt es, auch ohne wirklich erklären zu können, wieso."
4986,subtitle,darfst,0,VMFIN,VMFIN,darfstn,darfst,dürfen,dürfen,1,1,Du darfst keine weißen Tennissocken in Sandalen tragen!
4987,subtitle,erste,0,ADJA,ADJA,erster,erster,erst,erst,1,1,"Erstens muss ich zugeben, dass Deutsch die erste Sprache war, die ich mir selber beigebracht habe."
4987,subtitle,mir,0,PPER,PRF,sich,sich,ich,ich,1,1,"Erstens muss ich zugeben, dass Deutsch die erste Sprache war, die ich mir selber beigebracht habe."
4988,subtitle,aufs,0,APPRART,ART,auf,auf,aufer,aufs,1,0,Ich gehe immer allein aufs Klo.
4990,subtitle,uns,0,PRF,PRF,sich,sich,wir,wir,1,1,"Ansonsten machen wir eine kurze Wiederholung, bevor wir uns ins Vergnügen stürzen!"
4990,subtitle,ins,0,APPRART,ART,in,in,ecser,ins,1,0,"Ansonsten machen wir eine kurze Wiederholung, bevor wir uns ins Vergnügen stürzen!"
4994,subtitle,alle,0,PIAT,PIAT,aller,aller,alle,alle,1,1,Bis morgen Abend habe ich alle Hausaufgaben erledigt.
4995,subtitle,Gleichfalls,0,ADV,ADV,Gleichfall,gleichfall,gleichfalls,gleichfalls,1,1,"Ruan Jiaojiao, schon wieder du? Gleichfalls."
4996,subtitle,rechte,0,ADJA,ADJA,rechter,rechter,recht,recht,1,1,"Schon seit längerer Zeit arbeitet der rechte Rassemblement National daran, Frankreich komplett umzukrempeln."
4997,subtitle,Schwächsten,0,NN,NN,Schwächsten,schwächsten,Schwach,Schwächste,1,1,"Aber wenn es um den Schutz der Schwächsten unserer Gesellschaft geht, dann muss manchmal dieser Schutz erzwungen werden."
5001,subtitle,uns,0,PRF,PRF,sich,sich,wir,wir,1,1,"Wir haben uns vor einem Jahr hier ein Haus in Frankfurt gekauft, in welchem wir mit unseren zwei kleinen Kindern wohnen."
5002,subtitle,im,0,APPRART,ART,in,in,im,imen,1,1,"Sie haben protestiert, sind in Streiks getreten und haben Verkehrswege blockiert, überall im Land."
5003,subtitle,uns,0,PPER,PPER,uns,uns,wir,wir,1,1,Lasst uns aus den kleinen Böllern einen großen machen.
5004,subtitle,Sexszenen,0,NN,NN,Sexszen,sexszen,Sexszene,Sexszene,0,1,"Stört es Sie, diese Sexszenen zu spielen?"
5008,subtitle,mir,0,PPER,PPER,mir,mir,ich,ich,1,1,"Es hat mir schon immer viel Spaß gemacht, anderen beim Deutschlernen zu helfen, aber ich bin keine Deutschlehrerin von Beruf."
5008,subtitle,beim,0,APPRART,ART,bei,bei,beim,beim,1,1,"Es hat mir schon immer viel Spaß gemacht, anderen beim Deutschlernen zu helfen, aber ich bin keine Deutschlehrerin von Beruf."
5008,subtitle,Deutschlernen,0,NN,NN,Deutschlern,deutschlernen,Deutschlerne,Deutschlernen,1,0,"Es hat mir schon immer viel Spaß gemacht, anderen beim Deutschlernen zu helfen, aber ich bin keine Deutschlehrerin von Beruf."
5009,subtitle,früher,0,ADJD,ADJD,früh,früh,früher,früher,1,1,Hier ist alles genau wie früher.
5011,subtitle,dich,0,PRF,PPER,dich,dich,du,du,1,1,"Freust du dich, deinen Vater zu sehen?"
5013,subtitle,viele,0,PIAT,PIAT,vieler,vieler,viel,viel,1,1,Die Zahlen schwanken zwischen 20.000 und 200.000. Auf jeden Fall gibt es viele Opfer von Verbrechen.
5015,subtitle,dir,0,PPER,PPER,dir,dir,du,dir,1,1,Da stimme ich dir zu! Ich werde heute die Wohnung buchen und dann können wir morgen gleich losmachen.
5018,subtitle,uns,0,PRF,PRF,sich,sich,wir,wir,1,1,"Ok, dann sehen wir uns morgen!"
5019,subtitle,eure,0,PPOSAT,PPOSAT,eur,eur,euer,euer,1,1,"Wenn eure E-Mail-Adresse deinemudder1111@mail.de lautet, dann lieber eine zweite aus Vor- und Nachnamen einrichten."
5019,subtitle,E-Mail-Adresse,0,NN,NN,E-Mail-Adres,e-mail-adres,E-Mail-Adresse,E-Mail-Adresse,0,1,"Wenn eure E-Mail-Adresse deinemudder1111@mail.de lautet, dann lieber eine zweite aus Vor- und Nachnamen einrichten."
5019,subtitle,lieber,0,ADV,ADV,lieber,lieber,lieb,lieb,1,1,"Wenn eure E-Mail-Adresse deinemudder1111@mail.de lautet, dann lieber eine zweite aus Vor- und Nachnamen einrichten."
5019,subtitle,zweite,0,ADJA,ADJA,zweiter,zweiter,zweit,zweit,1,1,"Wenn eure E-Mail-Adresse deinemudder1111@mail.de lautet, dann lieber eine zweite aus Vor- und Nachnamen einrichten."
5020,subtitle,nächstes,0,ADJA,NN,nächster,nächster,nah,nah,1,1,Als nächstes fahre ich zu Monika.
5022,subtitle,meisten,0,PIAT,PIAT,meister,meister,meist,meist,1,1,"Ende der 1970er war es nicht nur irgendein Hochsicherheitsgefängnis, sondern das, in dem einige der am meisten gefürchteten Terroristen des Landes untergebracht waren."
5023,subtitle,dir,0,PPER,PPER,dir,dir,du,dir,1,1,Was hat er zu dir gesagt?
5024,subtitle,mir,0,PPER,PPER,mir,mir,ich,ich,1,1,Hör mir mal genau zu. Hier ist Achmed Güniz.
5027,subtitle,im,0,APPRART,ART,in,in,im,im,1,1,Auch die Menschen im Heim wollen so schnell wie möglich raus.
5028,subtitle,ihn,0,PPER,PPER,ihn,ihn,er,er,1,1,"Solange die Sonne noch scheint, können wir ihn vernichten."
5030,subtitle,1950er-Jahren,0,NN,NN,1950er-Jahr,1950er-jahr,1950er-Jahre,1950er-Jahre,1,1,"In den 1950er-Jahren wird eine Reihe von Doping-Skandalen aufgedeckt, bei denen Betrüger die Rennen beeinflussen."
5032,subtitle,erste,0,ADJA,ADJA,erster,erster,erst,erst,1,1,"Eine erste Etappe läuft parallel zur Bundesstraße, durch Wälder und Dörfer bis nach Ferdinandshof."
5032,subtitle,zur,0,APPRART,ART,zu,zu,zur,zu,1,1,"Eine erste Etappe läuft parallel zur Bundesstraße, durch Wälder und Dörfer bis nach Ferdinandshof."
5037,subtitle,im,0,APPRART,ART,in,in,im,imen,1,1,"Aber im Grunde genommen ist es eine tolle Möglichkeit, damit du danach dein freies Sprechen analysieren kannst."
5038,subtitle,mir,0,PPER,PPER,mir,mir,ich,ich,1,1,"Yara, es tut mir so leid."
5039,subtitle,durchgerissen,0,VVPP,VVPP,durchgerissen,durchgerissen,durchreißen,durchreißen,1,1,"Hier sagen wir also nicht, wer etwas durchgerissen hat."
5040,subtitle,Infos,0,NN,NN,Infos,infos,Info,Info,1,1,"Weitere Infos findet ihr hier in diesen Videos, da oben geht es um die Geschichte von Seuchen und Krankheiten."
5040,subtitle,ihr,0,PPER,PPER,ihr,ihr,sie,sie,1,1,"Weitere Infos findet ihr hier in diesen Videos, da oben geht es um die Geschichte von Seuchen und Krankheiten."
5042,subtitle,willst,0,VVFIN,VVFIN,willen,willen,wollen,wollen,1,1,"Dad, wohin willst du? Wir wollen zu Hause etwas essen."
5044,subtitle,meisten,0,PIAT,PIAT,meister,meister,meist,meist,1,1,Das gilt auch für die meisten Fertig-Mikrowellengerichte.
5047,subtitle,zur,0,APPRART,ART,zu,zu,zur,zu,1,1,"Aber das andere passt sehr gut zur Frage: Was passiert, wenn wir den Klimawandel nicht in den Griff bekommen?"
5049,subtitle,glaubst,0,ADJD,VVFIN,glaubst,glaubst,glauben,glauben,1,1,"Was glaubst du, ich könnte dir Nachhilfestunden geben oder sowas hast du gedacht?"
5049,subtitle,dir,0,PPER,PRF,dir,dir,du,dir,1,1,"Was glaubst du, ich könnte dir Nachhilfestunden geben oder sowas hast du gedacht?"
5050,subtitle,Laubbäumen,0,NN,NN,Laubbäume,laubbäume,Laubbaum,Laubbaum,0,1,"Also, bei Laubbäumen etwa mit 120, 130 Jahren."
5051,subtitle,hybride,0,ADJA,ADJA,hybrid,hybrid,hybride,hybride,1,1,Aber es ist auf jeden Fall eine hybride Bedrohung.
5052,subtitle,früher,0,ADJD,ADV,früh,früh,früher,früher,1,1,Denn seit dem Tsunami von 2004 ist klar: Jede Minute früher kann Tausende von Menschenleben retten.
5053,subtitle,Pupsen,0,NN,NN,pupsen,pupsen,Pups,Pups,1,1,"Aber warum jetzt so mühsam H2S-Medikamente entwickeln, wenn man doch stattdessen einfach an Pupsen schnüffeln kann?"
5055,subtitle,im,0,APPRART,ART,in,in,im,imen,1,1,Auch die Justizminister spielen im Hintergrund dabei eine Rolle.
5056,subtitle,sogenannten,0,ADJA,ADJA,sogenannter,sogenannter,sogenannt,sogenannt,1,1,"Dazu kommen Quellwasser und Wasser aus Seen, Talsperren und dem sogenannten Uferfiltrat."
5058,subtitle,viele,0,PIAT,PIAT,vieler,vieler,viel,viel,1,1,Zudem gilt für viele Politiker nach wie vor das Prinzip der Sicherheit.
5059,subtitle,vergisst,0,VVFIN,VVFIN,vergissen,vergisst,vergessen,vergessen,1,1,"Bei ner Reportage oder Doku oder wenn man mal vergisst, dass die Kamera da ist."
5062,subtitle,euch,0,PPER,PPER,euch,euch,ihr,ihr,1,1,"Setzt euch hin, ich bringe euch gleich alles."
5062,subtitle,euch,0,PPER,PPER,euch,euch,ihr,ihr,1,1,"Setzt euch hin, ich bringe euch gleich alles."
5064,subtitle,Missbrauch,0,NN,NN,Missbrauch,missbrauch,Mißbrauch,Mißbrauch,1,1,Der Vorwurf: 20-facher sexueller Missbrauch.
5065,subtitle,gauche,0,VVFIN,FM,gauchen,gauche,gauch,gauche,1,0,"Und links dann ""le côté gauche""."
5066,subtitle,mich,0,PRF,PPER,mich,mich,ich,ich,1,1,"Ich weiß nicht, was ich wissen will, ist denkst du, sie würde mich mitnehmen? الله Mutter Adell M. Das ist Frank."
5067,subtitle,dichter,0,NN,ADJD,Dichter,dichter,dicht,dicht,1,1,"'n bisschen dichter an Störtebecker, dann sollte es funktionieren."
5068,subtitle,dritte,0,ADJA,ADJA,dritter,dritter,dritt,dritt,1,1,"Die dritte Variante: Die SPD sagt, dass ist uns alles zu unsicher, was da bei euch abläuft."
5068,subtitle,uns,0,PPER,PPER,uns,uns,wir,wir,1,1,"Die dritte Variante: Die SPD sagt, dass ist uns alles zu unsicher, was da bei euch abläuft."
5068,subtitle,euch,0,PPER,PPER,euch,euch,ihr,ihr,1,1,"Die dritte Variante: Die SPD sagt, dass ist uns alles zu unsicher, was da bei euch abläuft."
5071,subtitle,böse,0,ADJD,ADJD,böse,böse,bös,bös,1,1,Das kann nur böse enden.
5073,subtitle,mir,0,PPER,PPER,mir,mir,ich,ich,1,1,"Wenn ich sage, “Du bist mir immer willkommen”, dann bedeutet das: Ich freue mich immer, wenn du mich besuchst."
5073,subtitle,mich,0,PRF,PRF,sich,sich,ich,ich,1,1,"Wenn ich sage, “Du bist mir immer willkommen”, dann bedeutet das: Ich freue mich immer, wenn du mich besuchst."
5073,subtitle,mich,0,PPER,PRF,mich,mich,ich,ich,1,1,"Wenn ich sage, “Du bist mir immer willkommen”, dann bedeutet das: Ich freue mich immer, wenn du mich besuchst."
5073,subtitle,besuchst,0,VVFIN,VVFIN,besuchsen,besuchst,besuchen,besuchen,1,1,"Wenn ich sage, “Du bist mir immer willkommen”, dann bedeutet das: Ich freue mich immer, wenn du mich besuchst."
5074,subtitle,im,0,APPRART,ART,in,in,im,im,1,1,"Und im Laufe der Zeit habe ich endlich verstanden, wie das am besten für mich funktionierte."
5074,subtitle,mich,0,PPER,PPER,mich,mich,ich,ich,1,1,"Und im Laufe der Zeit habe ich endlich verstanden, wie das am besten für mich funktionierte."
5076,subtitle,einiger,0,PIAT,PIAT,einiger,einiger,einige,einige,1,1,"Das zeigt u.a. eine Studie, die das Bistum Essen vor einiger Zeit veröffentlichte."
5078,subtitle,ihr,0,PPER,PPER,ihr,ihr,sie,sie,1,1,"Ich persönlich traue ihr ziemlich viel zu: Mindestens Halbfinale, würde ich sagen."
5080,subtitle,hab's,0,VVFIN,VAFIN,hab's,hab's,habe'n,hab's,0,0,Ich hab's ja gerade eben beschrieben.
5081,subtitle,zum,0,APPRART,APPR,zu,zu,zum,zum,1,1,"Das gelingt einmal durch Handel, zum anderen eben durch Raubzüge der ersten."
5081,subtitle,ersten,0,ADJA,ADJA,erster,erster,erst,erst,1,1,"Das gelingt einmal durch Handel, zum anderen eben durch Raubzüge der ersten."
5083,subtitle,fünfte,0,ADJA,ADJA,fünfter,fünfter,fünft,fünft,1,1,Es fängt an mit einem D und hört auf mit einem E. Der fünfte Buchstabe ist ein T. Bonjour Papa.
5087,subtitle,umfänglicheren,0,ADJA,ADJA,umfänglicher,umfänglicher,umfänglich,umfänglich,1,1,"Genau, der hat den noch umfänglicheren Überblick als der CFO."
5089,subtitle,Ideologischen,0,NN,NN,Ideologischen,ideologischen,Ideologisch,Ideologisch,1,1,"Obwohl es ja eigentlich so ein nerdiges, sprachwissenschaftliches Thema sein sollte, ist es zu etwas hoch Emotionalem, Ideologischen geworden."
5090,subtitle,Anlass,0,NN,NN,Anlass,anlass,Anlaß,Anlaß,1,1,Sie brauchen nur einen kleinen Anlass und schreien dann sofort ganz wütend rum und können sich nicht beherrschen.
5093,subtitle,differenziert,0,ADJD,VVPP,differenziert,differenziert,differenzieren,differenzieren,1,1,"Sie sind zu vorsichtig bzw. zu differenziert, um sich einzumischen."
5094,subtitle,ihr,0,PPOSAT,PPER,ihr,ihr,sie,sie,1,1,"Ob das tatsächlich klappen könnte, auch darüber hab ich schon mal ein Video gemacht, ihr werdet's erahnt haben, das findet ihr oben auf dem ""i""."
5094,subtitle,werdet's,0,NN,VAFIN,Werdet's,werdet's,werdet'en,werden,0,0,"Ob das tatsächlich klappen könnte, auch darüber hab ich schon mal ein Video gemacht, ihr werdet's erahnt haben, das findet ihr oben auf dem ""i""."
5094,subtitle,ihr,0,PPER,PPER,ihr,ihr,sie,sie,1,1,"Ob das tatsächlich klappen könnte, auch darüber hab ich schon mal ein Video gemacht, ihr werdet's erahnt haben, das findet ihr oben auf dem ""i""."
5096,subtitle,uns,0,PPER,PRF,uns,uns,wir,wir,1,1,Wir haben uns jeden Tag gesehen.
5097,subtitle,Russland,1,NN,NE,Russland,russland,Rußland,Rußland,1,1,"Russland hat sich unter Jelzin in den Krieg eingemischt und Separatisten unterstützt, die sich völkerrechtswidrig von ihrem Land abspalten wollten."
5097,subtitle,abspalten,0,VVINF,VVINF,abspalten,abspalten,abspalen,abspalten,1,0,"Russland hat sich unter Jelzin in den Krieg eingemischt und Separatisten unterstützt, die sich völkerrechtswidrig von ihrem Land abspalten wollten."
5098,subtitle,am,0,APPRART,APPR,an,an,am,am,1,1,Statt “Ich bin fertig mit der Welt” kann man übrigens auch sagen: “Ich bin am Ende”.
5106,subtitle,mich,0,PRF,PRF,sich,sich,ich,ich,1,1,"Oh nein, heute ist der Tag, vor dem ich mich am meisten gefürchtet habe, tatsächlich gekommen."
5106,subtitle,meisten,0,PIS,PIS,meister,meister,meist,meist,1,1,"Oh nein, heute ist der Tag, vor dem ich mich am meisten gefürchtet habe, tatsächlich gekommen."
5108,subtitle,ihr,0,PPER,PPER,ihr,ihr,sie,sie,1,1,"Und, wie ihr am Staatsstreich sehen könnt, ist sie sehr machtbewusst."
5108,subtitle,am,0,APPRART,ART,an,an,am,am,1,1,"Und, wie ihr am Staatsstreich sehen könnt, ist sie sehr machtbewusst."
5108,subtitle,machtbewusst,0,NN,ADJD,machtbewussen,machtbewussen,machtbewusst,machtbewusst,0,1,"Und, wie ihr am Staatsstreich sehen könnt, ist sie sehr machtbewusst."
5111,subtitle,Pils,0,NN,NN,Pil,pil,Pils,Pils,1,1,Da sie auch Kölsche Braumeister für Kölsch und nicht Kölner für Pils anstellen Ist auch hier die direkte Kostenzurechnung möglich.
5116,subtitle,was,0,PRELS,PRELS,wer,wer,was,was,1,1,"Wasser ist genau das, was Mikroorganismen brauchen, wo sich sich vermehren."
5116,subtitle,Mikroorganismen,0,NN,NN,Mikroorganisme,mikroorganisme,Mikroorganismus,Mikroorganismus,0,1,"Wasser ist genau das, was Mikroorganismen brauchen, wo sich sich vermehren."
5117,subtitle,was,0,PRELS,PWS,wer,wer,was,was,1,1,"Ich habe so einen Mini-Bruchteil von dem gehabt, was ihr so jeden Tag habt und auf einem viel krasseren Level."
5117,subtitle,ihr,0,PPER,PPER,ihr,ihr,sie,sie,1,1,"Ich habe so einen Mini-Bruchteil von dem gehabt, was ihr so jeden Tag habt und auf einem viel krasseren Level."
5117,subtitle,krasseren,0,ADJA,ADJA,krasser,krasser,krass,krass,1,1,"Ich habe so einen Mini-Bruchteil von dem gehabt, was ihr so jeden Tag habt und auf einem viel krasseren Level."
5118,subtitle,Besondere,0,NN,NN,besondere,besondere,Besonderes,Besonderes,1,1,Das Besondere dabei ist: Als sogenannte Leguminosen oder Schmetterlingsblüter sind sie nicht auf Stickstoff aus der Erde angewiesen.
5118,subtitle,sogenannte,0,ADJA,ADJA,sogenannter,sogenannter,sogenannt,sogenannt,1,1,Das Besondere dabei ist: Als sogenannte Leguminosen oder Schmetterlingsblüter sind sie nicht auf Stickstoff aus der Erde angewiesen.
5118,subtitle,Leguminosen,0,NN,NN,Leguminosen,leguminosen,Leguminose,Leguminose,1,0,Das Besondere dabei ist: Als sogenannte Leguminosen oder Schmetterlingsblüter sind sie nicht auf Stickstoff aus der Erde angewiesen.
5118,subtitle,angewiesen,0,VVPP,VVPP,anweisen,anweisen,angewiesen,angewiesen,1,1,Das Besondere dabei ist: Als sogenannte Leguminosen oder Schmetterlingsblüter sind sie nicht auf Stickstoff aus der Erde angewiesen.
5119,subtitle,Besondere,0,NN,NN,besondere,besondere,Besonderes,Besonderes,1,1,"Das Besondere an diesem Adjektiv ist aber, dass es meistens Orte beschreibt, die draußen sind."
5122,subtitle,mir,0,PPER,PPER,mir,mir,ich,ich,1,1,"Das Video ist gleich vorbei, das tut mir jetzt aber leid."
5123,subtitle,euch,0,PPER,PPER,euch,euch,ihr,ihr,1,1,Seht sie euch nur an. Geht jetzt vorwärts.
5123,subtitle,Geht,0,VVFIN,VVFIN,gehen,gehen,geht,gehen,1,1,Seht sie euch nur an. Geht jetzt vorwärts.
5124,subtitle,dir,0,PPER,PRF,dir,dir,du,dir,1,1,Wir finden dir einen anderen Mann.
5125,subtitle,zum,0,APPRART,ART,zu,zu,zum,zum,1,1,"Jonas ist auf einem Bauernhof aufgewachsen, aber Käse macht er zum ersten Mal."
5125,subtitle,ersten,0,ADJA,ADJA,erster,erster,erst,erst,1,1,"Jonas ist auf einem Bauernhof aufgewachsen, aber Käse macht er zum ersten Mal."
5126,subtitle,eroberte,0,ADJA,ADJA,erobert,erobert,erobern,erobern,1,1,Es geht nicht nur um eroberte Gebiete oder religiöse Konflikte.
5128,subtitle,Tipp,0,NN,NN,Tipp,tipp,Tip,Tip,1,1,"Und hier kommt ein Tipp, der so einfach ist, dass man ihn leicht unterschätzt, aber er ist mega effektiv."
5128,subtitle,ihn,0,PPER,PPER,ihn,ihn,er,er,1,1,"Und hier kommt ein Tipp, der so einfach ist, dass man ihn leicht unterschätzt, aber er ist mega effektiv."
5130,subtitle,Angehörige,0,NN,NN,angehörig,angehörig,Angehörige,Angehörige,1,1,"Seine Morde haben nicht nur für die Opfer und Angehörige Auswirkungen, sondern auch in ganz anderer Hinsicht auf die Gesellschaft."
5132,subtitle,gibt's,0,VVFIN,VVFIN,gibt'sn,geben,gibte'n,gibten,1,0,Solche Systeme gibt's bisher auch schon.
5133,subtitle,im,0,APPRART,ART,in,in,im,imen,1,1,Steffi Lemke ist von den Grünen und seit knapp einem Jahr im Amt.
5135,subtitle,dich,0,PRF,PPER,dich,dich,du,du,1,1,"Also, was sagst du? 1 Jahr sollte ausreichen, damit Sarah dich vergisst."
5135,subtitle,vergisst,0,VVFIN,VVFIN,vergissen,vergisst,vergessen,vergessen,1,1,"Also, was sagst du? 1 Jahr sollte ausreichen, damit Sarah dich vergisst."
5143,subtitle,Russland,0,NN,NE,Russland,russland,Rußland,Rußland,1,1,"Ende der 1990er-Jahre war Russland in eine tiefe Wirtschaftskrise gerutscht, auch Rubelkrise genannt."
5144,subtitle,im,0,APPRART,ART,in,in,im,imen,1,1,Heute arbeite er nur noch ungern im Bereich des Sexualstrafrechts.
5145,subtitle,Am,1,APPRART,APPR,an,an,Am,Am,1,1,Am Ende trug ein Underdog den Sieg davon: der Leichtwasserreaktor.
5146,subtitle,Einfluss,0,NN,NN,Einfluss,einfluss,Einfluß,Einfluß,1,1,"Das bedeutet, er kümmert sich mehr um Geld und Einfluss als um den Seelenfrieden."
5148,subtitle,Im,1,APPRART,ART,in,in,im,im,1,1,Im True-Crime-Podcast von Bayern 3 darf Stevens seine Mandantin quasi noch mal verteidigen. (Podcast) Sie wollte wohl aus einem Familienclan ausbrechen.
5151,subtitle,Am,1,APPRART,APPR,an,an,Am,Am,1,1,Am Ende wurde Castillo tatsächlich seines Amtes enthoben und verhaftet.
5151,subtitle,enthoben,0,VVPP,VVPP,enthoben,enthoben,entheben,entheben,1,1,Am Ende wurde Castillo tatsächlich seines Amtes enthoben und verhaftet.
5153,subtitle,Zum,1,APPRART,APPR,zu,zu,zum,zum,1,1,"Zum Beispiel gibt es da diesen Moment in der Mühle, wo Tilo dann auf einmal in diesem Mehlstaub steht."
5154,subtitle,überlässt,0,VVFIN,VVFIN,überlässen,überlässt,überlassen,überlassen,1,1,Das überlässt man dem Markt.
5156,subtitle,Proteine,0,NN,NN,Protein,protein,Proteine,Proteine,1,1,Mit dieser neuen Form kann es jetzt auch an weitere Proteine binden und dadurch eine kleine Kaskade in Gang setzen.
5157,subtitle,dir,0,PPER,PPER,dir,dir,du,dir,1,1,Es liegt nicht an dir Rudi.
5159,subtitle,zum,0,APPRART,ART,zu,zu,zum,zum,1,1,Das Gericht verurteilt die beiden unter anderem wegen der Verabredung zum Mord zu Freiheitsstrafen.
5163,subtitle,mitzuerleben,0,VVINF,VVIZU,mitzuerleben,mitzuerleben,miterleben,miterleben,1,1,"Also, alles mal so live mitzuerleben, hammer."
5166,subtitle,dich,0,PRF,PPER,dich,dich,du,du,1,1,"Du solltest dich mir vorsehen, wenn du Seide trägst."
5166,subtitle,mir,0,PPER,PPER,mir,mir,ich,ich,1,1,"Du solltest dich mir vorsehen, wenn du Seide trägst."
5166,subtitle,trägst,0,VVFIN,VVFIN,trägstn,trägst,tragen,tragen,1,1,"Du solltest dich mir vorsehen, wenn du Seide trägst."
5168,subtitle,böse,0,ADJD,ADJD,böse,böse,bös,bös,1,1,"Aber ich weiß, dass du es nicht böse gemeint hast."
5172,subtitle,vielen,0,PIAT,PIAT,vieler,vieler,viel,viel,1,1,In vielen Fällen hat “abchecken” aber auch die Bedeutung “kontrollieren” oder “untersuchen”.
5174,subtitle,mir,0,PPER,PPER,mir,mir,ich,ich,1,1,Warum hast du mir das nicht schon vorher gezeigt?
5175,subtitle,abgelaufen,0,VVPP,VVPP,ablaufen,ablaufen,abgelaufen,abgelaufen,1,1,"Dann kommt der Gläubiger wieder und sagt: abgelaufen, bitte eine neue."
5175,subtitle,bitte,0,ADV,VVFIN,bitte,bitte,bitten,bitten,1,1,"Dann kommt der Gläubiger wieder und sagt: abgelaufen, bitte eine neue."
5176,subtitle,uns,0,PPER,PPER,uns,uns,wir,wir,1,1,"Experten sagen uns, wir könnten am Rhein, am Oberrhein insbesondere, durchaus noch 1, 2 Flusskraftwerke bauen, um Strom zu erzeugen."
5176,subtitle,am,0,APPRART,APPR,an,an,am,am,1,1,"Experten sagen uns, wir könnten am Rhein, am Oberrhein insbesondere, durchaus noch 1, 2 Flusskraftwerke bauen, um Strom zu erzeugen."
5176,subtitle,am,0,APPRART,APPR,an,an,am,am,1,1,"Experten sagen uns, wir könnten am Rhein, am Oberrhein insbesondere, durchaus noch 1, 2 Flusskraftwerke bauen, um Strom zu erzeugen."
5177,subtitle,Zum,1,APPRART,ART,zu,zu,zum,zum,1,1,"Zum einen was das Land angeht, zum anderen aber auch, was das Regime betrifft."
5177,subtitle,einen,0,PIS,PIS,einer,einer,ein,ein,1,1,"Zum einen was das Land angeht, zum anderen aber auch, was das Regime betrifft."
5177,subtitle,zum,0,APPRART,APPR,zu,zu,zum,zum,1,1,"Zum einen was das Land angeht, zum anderen aber auch, was das Regime betrifft."
5178,subtitle,uns,0,PPER,PPER,uns,uns,wir,wir,1,1,Dann kommst du zu uns.
5184,subtitle,ihr,0,PPER,PPER,ihr,ihr,sie,sie,1,1,Mehr findet ihr unten in der Infobox.
5189,subtitle,Niedersächsischen,0,ADJA,ADJA,Niedersächsischen,niedersächsischen,niedersächsisch,niedersächsisch,1,1,Elke Richlick ist Leiterin des Niedersächsischen Landesinstituts für schulische Qualitätsentwicklung.
5189,subtitle,Landesinstituts,0,NN,NN,Landesinstitut,landesinstitut,Landesinstituts,Landesinstitut,1,1,Elke Richlick ist Leiterin des Niedersächsischen Landesinstituts für schulische Qualitätsentwicklung.
5192,subtitle,keiner,0,PIS,PIS,keiner,keiner,kein,kein,1,1,"Also: unter dem Gefrierpunkt der Gase in der Atmosphäre. (Bewegende Musik) Jetzt beginnt ein schaurig-schönes Schauspiel, das leider aber keiner mehr zu sehen bekommt."
5195,subtitle,Am,0,APPRART,APPR,an,an,Am,Am,1,1,Das bedeutet: Am Stuttgarter Bahnhof funktionierte gar nichts mehr.
5198,subtitle,mich,0,PPER,PPER,mich,mich,ich,ich,1,1,"Was mich betrifft, Ihr Männer kennt mich nicht."
5198,subtitle,mich,0,PPER,PPER,mich,mich,ich,ich,1,1,"Was mich betrifft, Ihr Männer kennt mich nicht."
5199,subtitle,uns,0,PPER,PPER,uns,uns,wir,wir,1,1,O.M.G. Markus hat uns gerettet.
5202,subtitle,im,0,APPRART,ART,in,in,im,imen,1,1,Vielleicht interessieren Sie sich für die Arbeit im Produktdesign oder im Social-Media-Bereich.
5202,subtitle,im,0,APPRART,ART,in,in,im,imen,1,1,Vielleicht interessieren Sie sich für die Arbeit im Produktdesign oder im Social-Media-Bereich.
5204,subtitle,zum,0,APPRART,ART,zu,zu,zum,zum,1,1,"Aber zum hundertsten Mal, Nina: Du schaffst das!"
5204,subtitle,hundertsten,0,ADJA,ADJA,hundertster,hundertster,hundert,hundert,1,1,"Aber zum hundertsten Mal, Nina: Du schaffst das!"
5205,subtitle,zum,0,APPRART,APPR,zu,zu,zum,zum,1,1,"Stimmt! 2018, als das Wetter so schön war und wir jeden Tag zum See baden gegangen sind."
5208,subtitle,was,0,PRELS,PWS,wer,wer,was,was,1,1,"War dieser Einsatz und alles, was getan wurde, umsonst?"
5214,subtitle,bleib,0,VVFIN,VVFIN,Bleib,bleib,bleiben,bleiben,1,1,"Jimmy, komm und bleib beim Funkgerät!"
5214,subtitle,beim,0,APPRART,ART,bei,bei,beim,bei,1,1,"Jimmy, komm und bleib beim Funkgerät!"
5217,subtitle,mich,0,PRF,PRF,sich,sich,ich,ich,1,1,Vielleicht sollte ich mich wiegen.
5218,subtitle,im,0,APPRART,ART,in,in,im,im,1,1,Erst im letzten Moment springt er mit seinem Schwager und seinem Cousin ins Wasser.
5218,subtitle,letzten,0,ADJA,ADJA,letzter,letzter,letzt,letzt,1,1,Erst im letzten Moment springt er mit seinem Schwager und seinem Cousin ins Wasser.
5218,subtitle,ins,0,APPRART,ART,in,in,ecser,ins,1,0,Erst im letzten Moment springt er mit seinem Schwager und seinem Cousin ins Wasser.
5223,subtitle,tu,0,VVFIN,VVFIN,tu,tu,tun,tun,1,1,"Ja, tu es! Okay, es geht los."
5224,subtitle,grössten,0,ADJA,ADJA,grösst,grösst,groß,groß,0,1,"In Lugano, der grössten Stadt des Tessins, ist die Durchschnittstemperatur mit 12.5 Grad noch um ein gutes Stück höher als im Hauptort Bellinzona."
5224,subtitle,im,0,APPRART,ART,in,in,im,im,1,1,"In Lugano, der grössten Stadt des Tessins, ist die Durchschnittstemperatur mit 12.5 Grad noch um ein gutes Stück höher als im Hauptort Bellinzona."
5225,subtitle,Diabetes,0,NN,NN,Diabet,diabet,Diabetes,Diabetes,0,1,"In dieser Studie von 2017 wird z.B. davor gewarnt, dass Mundwasser das Risiko für Diabetes erhöhen könnte."
5226,subtitle,solltet,0,VMFIN,VMFIN,sollten,solltet,sollen,sollen,1,1,Ich wusste es. Ihr Deutschen solltet mir einen Orden verleihen.
5226,subtitle,mir,0,PPER,PPER,mir,mir,ich,ich,1,1,Ich wusste es. Ihr Deutschen solltet mir einen Orden verleihen.
5227,subtitle,Schauen,1,VVFIN,VVFIN,schauen,schauen,Schau,Schau,1,1,Schauen wir uns jetzt das Wort “aufgeblasen” an. Damit können wir eine Person beschreiben.
5227,subtitle,uns,0,PPER,PRF,sich,sich,wir,wir,1,1,Schauen wir uns jetzt das Wort “aufgeblasen” an. Damit können wir eine Person beschreiben.
5227,subtitle,aufgeblasen,0,VVINF,VVPP,aufgeblasen,aufgeblasen,aufblasen,aufgeblasen,1,1,Schauen wir uns jetzt das Wort “aufgeblasen” an. Damit können wir eine Person beschreiben.
5228,subtitle,weitergeleitet,0,VVPP,VVPP,weitergeleiten,weitergeleitet,weiterleiten,weiterleiten,1,1,"Unsere Nervenzellen, auch Neuronen genannt, besitzen einen Zellkörper und einen langen, dünnen Fortsatz, auch Axon genannt, durch den Informationen zwischen Zellen weitergeleitet werden."
5229,subtitle,weniger,0,PIAT,PIAT,weniger,weniger,wenig,wenig,1,1,Aber auf der Erdoberfläche würde es innerhalb weniger Tage heiß wie in einer Sauna.
5230,subtitle,was,0,PWS,PWS,wer,wer,was,was,1,1,"Sie bestimmen also, wieviel Geld die Regierung bekommt und was sie damit machen darf."
5234,subtitle,dich,0,PRF,PPER,dich,dich,du,du,1,1,"Egal wie sehr du dich anstrengst, du wirst ihm niemals unsere Gesellschaft erklären können."
5234,subtitle,ihm,0,PPER,PPER,ihm,ihm,er,er,1,1,"Egal wie sehr du dich anstrengst, du wirst ihm niemals unsere Gesellschaft erklären können."
5236,subtitle,mir,0,PPER,PPER,mir,mir,ich,ich,1,1,Vor Schreck entfiel mir der Becher.
5238,subtitle,uns,0,PPER,PRF,sich,sich,wir,wir,1,1,Wir können uns einfach nicht entscheiden.
5240,subtitle,mich,0,PRF,PRF,sich,sich,ich,ich,1,1,"Und ich habe mich selber dabei erwischt, dass ich zugehört habe, ob Sie jetzt Ihre Antworten diplomatisch ausdrücken."
5240,subtitle,zugehört,0,VVPP,VVPP,zugehören,zugehören,zuhören,zugehören,1,1,"Und ich habe mich selber dabei erwischt, dass ich zugehört habe, ob Sie jetzt Ihre Antworten diplomatisch ausdrücken."
5243,subtitle,weniger,0,PIAT,PIAT,weniger,weniger,wenig,wenig,1,1,"Zurück auf der Erde ist das Schaf ein wenig wakelig, hat aber weniger Angst als vor dem Scheren."
5243,subtitle,Scheren,0,NN,NN,scheren,scheren,Schere,Schere,1,1,"Zurück auf der Erde ist das Schaf ein wenig wakelig, hat aber weniger Angst als vor dem Scheren."
5246,subtitle,im,0,APPRART,ART,in,in,im,im,1,1,Das Verb im Imperativ steht immer ganz vorne.
5249,subtitle,kotz,0,VVFIN,VVFIN,kotz,kotz,kotzen,kotzen,1,1,Und was sagst du? Ich kotz gleich.
5254,subtitle,erste,0,PIS,ADJA,erster,erster,erst,erst,1,1,"Die erste kennt ihr wahrscheinlich schon: “sich etwas anschaffen” bedeutet, dass man etwas für sich kauft."
5254,subtitle,ihr,0,PPER,PPER,ihr,ihr,sie,sie,1,1,"Die erste kennt ihr wahrscheinlich schon: “sich etwas anschaffen” bedeutet, dass man etwas für sich kauft."
5255,subtitle,werd,0,VAFIN,VVFIN,werd,werd,werden,werden,1,1,Bitte werd schnell wieder gesund.
5256,subtitle,im,0,APPRART,ART,in,in,im,im,1,1,Ähnlich würde es im Bundesrat aussehen.
5258,subtitle,im,0,APPRART,ART,in,in,im,im,1,1,Die ganze Klicke geht auf die Party im Valley.
5260,subtitle,ins,0,APPRART,ART,in,in,ecser,ins,1,0,Geh aber nicht ins Bad.
5261,subtitle,im,0,APPRART,ART,in,in,im,im,1,1,Und im Gegensatz zu den Beamten 1996 und 1997 nehmen die Detectives in Palm Beach die Anschuldigungen ernst.
5264,subtitle,euch,0,PPER,PPER,euch,euch,ihr,ihr,1,1,Ist alles okay bei euch?
5265,subtitle,weiter,0,ADV,ADV,weiter,weiter,weit,weit,1,1,Ihre Zahl wird bestimmt noch weiter zunehmen.
5266,subtitle,Raucherbereichs,0,NN,NN,Raucherbereichs,raucherbereichs,Raucherbereich,Raucherbereich,1,1,Der öffentliche Raucherbereichs eines Bahnhofs.
5269,subtitle,euch,0,PPER,PPER,euch,euch,ihr,ihr,1,1,Ich habe mehr von euch erwartet.
5270,subtitle,Seid,1,VAIMP,PPER,Seid,sein,sei,seid,1,1,"Seid freundlich, seid gnädig mit euch selber und mit anderen."
5270,subtitle,euch,0,PPER,PPER,euch,euch,ihr,ihr,1,1,"Seid freundlich, seid gnädig mit euch selber und mit anderen."
5273,subtitle,nächste,0,ADJA,ADJA,nächster,nächster,nah,nah,1,1,Das ist das nächste Problem.
5274,subtitle,ihn,0,PPER,PPER,ihn,ihn,er,er,1,1,"Aber das geht ihn gar nichts an!"" Also: Wie viel Geld ich verdiene, soll Frank nicht interessieren."
5276,subtitle,mich,0,PRF,PRF,sich,sich,ich,ich,1,1,"Ich freue mich schon sehr darauf, die anderen wiederzusehen."
5276,subtitle,wiederzusehen,0,VVFIN,VVIZU,wiederzusehen,wiederzusehen,wiedersehen,wiedersehen,1,1,"Ich freue mich schon sehr darauf, die anderen wiederzusehen."
5277,subtitle,zur,0,APPRART,ART,zu,zu,zur,zur,1,1,"Und auf der anderen Seite öffnet sich das Rohr zur Karwendelgrube, einem streng geschützten Naturschutzgebiet."
5278,subtitle,eine,0,PIS,PIS,einer,einer,ein,ein,1,1,Cat ist 41 Jahre alt und bezeichnet sich selbst als eine der älteren in dem Geschäft.
5282,subtitle,vielen,0,PIAT,PIAT,vieler,vieler,viel,viel,1,1,"Ja, ich glaube, dass eine große Beunruhigung in vielen Menschen ist."
5283,subtitle,dich,0,PRF,PRF,dich,dich,du,du,1,1,Ich sollte dich küssen. -Was? -Deine Freunde sind auf dem Balkon.
5283,subtitle,-Deine,0,NN,$(,Deine,deine,-Dein,-Dein,1,1,Ich sollte dich küssen. -Was? -Deine Freunde sind auf dem Balkon.
5284,subtitle,Gemeint,1,VVPP,VVPP,meinen,meinen,Gemeint,gemeinen,1,1,Gemeint ist der Völkermord in Ruanda.
5287,subtitle,indigenen,0,ADJA,ADJA,indigen,indigen,indigenen,indigenen,1,1,Das spiegelt auch langjährige Rivalitäten der beiden indigenen Völker wider.
5288,subtitle,freu,0,VVFIN,VVFIN,freu,freu,freuen,freuen,1,1,Ich freu mich schon total auf deine Geburtstagsparty heute Abend!
5288,subtitle,mich,0,PPER,PRF,sich,sich,ich,ich,1,1,Ich freu mich schon total auf deine Geburtstagsparty heute Abend!
5290,subtitle,mich,0,PPER,PPER,mich,mich,ich,ich,1,1,Diese Sache mit Josh und Thail störte mich mehr als alles andere.
5290,subtitle,alles,0,PIAT,PIS,aller,aller,alle,alle,1,1,Diese Sache mit Josh und Thail störte mich mehr als alles andere.
5294,subtitle,ersten,0,ADJA,ADJA,erster,erster,erst,erst,1,1,Die ersten Minuten eines Gesprächs sind oft entscheidend für den gesamten Verlauf.
5295,subtitle,sogenannte,0,ADJA,ADJA,sogenannter,sogenannter,sogenannt,sogenannt,1,1,"Es gibt parallel trotzdem sogenannte Stimmbindungsverträge, so nach dem Motto, dass das auch immer einheitlich bestimmt werden kann."
5296,subtitle,Weihnachten,0,NN,NN,Weihnachten,weihnachten,Weihnacht,Weihnachten,1,1,Kurz vor Weihnachten hatten wir eine Folge zu der Chemie von Butterplätzchen.
5297,subtitle,Schrott-Journals,0,NN,NN,Schrott-Journals,schrott-journals,Schrott-Journal,Schrott-Journal,1,1,Weil diese Schrott-Journals letztendlich wie der Mülleimer der Wissenschaft sind.
5298,subtitle,Im,1,APPRART,ART,in,in,im,im,1,1,Im Westen kam diese Idee größtenteils ganz gut an. Auch in Deutschland.
5299,subtitle,weiter,0,ADV,ADV,weiter,weiter,weit,weit,1,1,"Ich habe nur das Gefühl, dass meine Führung des Ganzen etwas weiter gefasst ist."
5300,subtitle,Purpurfarbe,0,NN,NN,Purpurfarb,purpurfarb,Purpurfarbe,Purpurfarbe,0,1,"Der Name Phönizier kommt aus dem Griechischen, und er bezieht sich auf ein Handelsprodukt dieser Städte: Die Purpurfarbe, die aus Meerschnecken gewonnen wird."
5300,subtitle,Meerschnecken,0,NN,NN,Meerschneck,meerschneck,Meerschnecke,Meerschnecke,0,0,"Der Name Phönizier kommt aus dem Griechischen, und er bezieht sich auf ein Handelsprodukt dieser Städte: Die Purpurfarbe, die aus Meerschnecken gewonnen wird."
5305,subtitle,mir,0,PPER,PPER,mir,mir,ich,ich,1,1,Ihr kommt auch mit mir mit!
5308,subtitle,starre,0,ADJA,ADJA,starr,starr,starren,starren,1,1,"Diese starre Struktur kann es erschweren, eigene Interessen zu verfolgen oder sich in anderen Bereichen weiterzubilden."
5308,subtitle,weiterzubilden,0,VVIZU,VVIZU,weiterzubilden,weiterzubilden,weiterbilden,weiterbilden,1,1,"Diese starre Struktur kann es erschweren, eigene Interessen zu verfolgen oder sich in anderen Bereichen weiterzubilden."
5315,subtitle,überzeugt,0,VVPP,ADJD,überzeugen,überzeugen,überzeugt,überzeugt,1,1,"Er war überzeugt davon, der Diktator muss beseitigt werden."
5328,subtitle,begeistert,0,ADJD,ADJD,begeistert,begeistert,begeistern,begeistern,1,1,Er schien nicht so begeistert von deinem Onkel zu sein.
5333,subtitle,Früher,1,ADJD,ADV,früh,früh,früher,früher,1,1,Früher war das offenbar anders.
5337,subtitle,bezahlten,0,ADJA,ADJA,bezahlt,bezahlt,bezahlen,bezahlen,1,1,Er ist ledig 47 Jahre alt und hat einen undankbaren und schlecht bezahlten Job.
5338,subtitle,was,0,PRELS,PWS,wer,wer,was,was,1,1,"Gibt es nicht irgendetwas, was wir tun können, um ihm zu helfen?"
5338,subtitle,ihm,0,PPER,PPER,ihm,ihm,er,er,1,1,"Gibt es nicht irgendetwas, was wir tun können, um ihm zu helfen?"
5341,subtitle,Ihnen,0,PPER,PPER,ihnen,ihnen,Sie,Sie,1,1,"Wer kommt denn hier zu Ihnen, Herr Fogt?"
5343,subtitle,all,0,PIAT,PIAT,all,all,alle,alle,1,1,Nicht ich allein habe den Verdienst an all diesen Verspätungen.
5347,subtitle,ihr,0,PPER,PPER,ihr,ihr,sie,sie,1,1,"Wenn ihr eine Website habt, könnt ihr die gerne aufführen."
5347,subtitle,ihr,0,PPER,PPER,ihr,ihr,sie,sie,1,1,"Wenn ihr eine Website habt, könnt ihr die gerne aufführen."
5351,subtitle,zum,0,APPRART,ART,zu,zu,zum,zum,1,1,In den 70ern wurden in Kanada Tests zum BGE durchgeführt.
5352,subtitle,ihm,0,PPER,PPER,ihm,ihm,er,er,1,1,"Ja, ich war gerade bei ihm."
5353,subtitle,Anderten,0,NN,NE,Anderten,anderten,Andert,Andert,1,1,Darüber sprechen wir mit Moritz Anderten.
5356,subtitle,allererste,0,ADJA,ADJA,allererster,allererster,allererste,allererste,1,1,Und so sieht das allererste Exemplar des Grundgesetzes von 1949 aus.
5359,subtitle,nächste,0,ADJA,ADJA,nächster,nächster,nah,nah,1,1,"Kaum hat sie die eine Hochzeit hinter sich, schon muss sie sich wieder über die nächste Gedanken machen."
5360,subtitle,zur,0,APPRART,ART,zu,zu,zur,zu,1,1,Bis zur 2. Etage geht es gerade noch.
5362,subtitle,nächster,0,ADJA,ADJA,nächster,nächster,nah,nah,1,1,"Klar ist, da wird sich in nächster Zeit einiges neu sortieren und neu sortieren müssen."
5363,subtitle,Im,1,APPRART,ART,in,in,im,im,1,1,Im Jahr 1944 ist die militärische Lage in der Sowjetunion klar: Die Deutschen verlieren.
5364,subtitle,vorangetrieben,0,VVPP,VVPP,vorantreiben,vorangetrieben,vorantreiben,vorantreiben,1,1,"Die Entwicklung dieser Nuklearwaffen wurde in unterirdischen Anlagen in der Gegend um Armstadt, Wechmar und Ohrruf vorangetrieben."
5368,subtitle,uns,0,PPER,PPER,uns,uns,wir,wir,1,1,Der Staat sorgt für uns außerdem im Alter vor und wenn wir krank sind.
5368,subtitle,im,0,APPRART,ART,in,in,im,im,1,1,Der Staat sorgt für uns außerdem im Alter vor und wenn wir krank sind.
5371,subtitle,erkältet,0,ADJD,VVPP,erkältet,erkältet,erkälten,erkälten,1,1,"Wie man es vielleicht an meiner Stimme hören kann, bin ich leicht erkältet."
5373,subtitle,Erste,0,ADJA,ADJA,erster,erster,erst,erst,1,1,Als Erste wird Sophie Scholl hingerichtet.
5374,subtitle,Steuerklassen,0,NN,NN,Steuerklass,steuerklass,Steuerklasse,Steuerklasse,0,1,Es gibt die Steuerklassen 1-6.
5375,subtitle,Spreche,1,VVFIN,VVFIN,Sprechen,sprechen,Spreche,Spreche,1,1,Spreche ich in Ihnen mit dem Eigentümer dieses Anwesens?
5375,subtitle,Ihnen,0,PPER,PPER,ihnen,ihnen,Sie,Sie,1,1,Spreche ich in Ihnen mit dem Eigentümer dieses Anwesens?
5376,subtitle,ihr,0,PPER,PPER,ihr,ihr,sie,sie,1,1,"Wie immer habe ich für Mitglieder von “Deutsch mit Rieke” ein Quiz erstellt, mit dem ihr die Verben aus diesem Video üben könnt."
5376,subtitle,Verben,0,NN,NN,Verbe,verbe,Verb,Verb,1,1,"Wie immer habe ich für Mitglieder von “Deutsch mit Rieke” ein Quiz erstellt, mit dem ihr die Verben aus diesem Video üben könnt."
5378,subtitle,bitte,0,ADV,ADV,bitte,bitte,bitten,bitten,1,1,"Ja, aber bitte erst am Abend vorher rausstellen."
5378,subtitle,am,0,APPRART,ART,an,an,am,am,1,1,"Ja, aber bitte erst am Abend vorher rausstellen."
5379,subtitle,vom,0,APPRART,ART,von,von,vom,vom,1,1,"Dort haben die Schlaumeier vom Dienst, alle ihre Gedanken in komplizierten Schachtelsätzen zusammengelümmelt."
5379,subtitle,alle,0,PIS,PIS,aller,aller,alle,alle,1,1,"Dort haben die Schlaumeier vom Dienst, alle ihre Gedanken in komplizierten Schachtelsätzen zusammengelümmelt."
5379,subtitle,komplizierten,0,ADJA,ADJA,kompliziert,kompliziert,komplizieren,komplizieren,1,1,"Dort haben die Schlaumeier vom Dienst, alle ihre Gedanken in komplizierten Schachtelsätzen zusammengelümmelt."
5379,subtitle,Schachtelsätzen,0,NN,NN,Schachtelsätze,schachtelsätze,Schachtelsatz,Schachtelsatz,0,1,"Dort haben die Schlaumeier vom Dienst, alle ihre Gedanken in komplizierten Schachtelsätzen zusammengelümmelt."
5379,subtitle,zusammengelümmelt,0,VVPP,VVPP,zusammengelümmelt,zusammengelümmelt,zusammenlümmeln,zusammenlümmeln,1,1,"Dort haben die Schlaumeier vom Dienst, alle ihre Gedanken in komplizierten Schachtelsätzen zusammengelümmelt."
5383,subtitle,reingelegt,0,VVFIN,VVPP,reingelegen,reingelegt,reinlegen,reinlegen,1,1,Ich wurde von den anderen reingelegt Herr Kunze!
5384,subtitle,Schau,1,VVFIN,ITJ,Schau,schauen,Schau,Schau,1,1,Schau sie dir an. Der erlesene Bodensatz des Krieges.
5384,subtitle,dir,0,PPER,PPER,dir,dir,du,dir,1,1,Schau sie dir an. Der erlesene Bodensatz des Krieges.
5385,subtitle,ihnen,0,PPER,PPER,ihnen,ihnen,sie,sie,1,1,RECHTLICH VERBUNDEN Warum hast du es ihnen gesagt?
5386,subtitle,im,0,APPRART,ART,in,in,im,imen,1,1,"Ich wuchs im Outback auf, Junge."
5387,subtitle,was,0,PWS,PRELS,wer,wer,was,was,1,1,"In seinem Wahlprogramm schreibt das BSW: Und die Konsequenz daraus für die Partei ist, Deutschland brauche eine, Zitat, ""Atempause"", was Migration angeht."
5388,subtitle,gibt's,0,VVFIN,VVFIN,gibt's,geben,gibte'n,gibten,1,0,"Ich hoffe, dort gibt's den guten Döner."
5389,subtitle,Sicherheitszonen,0,NN,NN,Sicherheitszon,sicherheitszon,Sicherheitszone,Sicherheitszone,0,1,So bildet das Virus Sicherheitszonen um eine infizierte Zelle herum.
5389,subtitle,infizierte,0,ADJA,ADJA,infiziert,infiziert,infizieren,infizieren,1,1,So bildet das Virus Sicherheitszonen um eine infizierte Zelle herum.
5392,subtitle,Am,1,APPRART,APPR,an,an,Am,Am,1,1,Am Anfang. war das nichts.
5393,subtitle,zum,0,APPRART,ART,zu,zu,zum,zum,1,1,"Jetzt steht es endlich zum Verkauf!"" Also: Dieses Haus wollte ich schon lange haben, kaufen."
5394,subtitle,im,0,APPRART,ART,in,in,im,im,1,1,"Er schafft es, dass man per Gesetz im Wahlrecht Ungerechtigkeiten verbietet."
5395,subtitle,keiner,0,PIS,PIS,keiner,keiner,kein,kein,1,1,"Ja, das ist mein Rezept. -Und keiner kennt es, richtig? -Nein."
5403,subtitle,mir,0,PPER,PPER,mir,mir,ich,ich,1,1,Neben mir findet ihr noch ein Video zur Situation im Nahen Osten generell.
5403,subtitle,ihr,0,PPER,PPER,ihr,ihr,sie,sie,1,1,Neben mir findet ihr noch ein Video zur Situation im Nahen Osten generell.
5403,subtitle,zur,0,APPRART,APPR,zu,zu,zur,zur,1,1,Neben mir findet ihr noch ein Video zur Situation im Nahen Osten generell.
5403,subtitle,im,0,APPRART,ART,in,in,im,im,1,1,Neben mir findet ihr noch ein Video zur Situation im Nahen Osten generell.
5406,subtitle,Am,1,APPRART,APPR,an,an,Am,Am,1,1,Am Ende musste Sahra Wagenknecht klein beigeben.
5408,subtitle,lieber,0,ADV,ADV,lieber,lieber,lieb,lieb,1,1,"Ich wäre lieber mit dem Auto oder mit der Bahn gefahren, aber das geht nicht."
5409,subtitle,euch,0,PPER,PPER,euch,euch,ihr,ihr,1,1,"Stellt euch das vor, mehr als eine Stunde liegt man sich in den Deckungen gegenüber."
5411,subtitle,Schwarzes,0,ADJA,ADJA,schwarze,schwarze,Schwarz,Schwarz,1,1,"Handelt es sich aber um ein Schwarzes Loch mit dem Durchmesser einer Münze, dann wäre es deutlich massiver."
5412,subtitle,am,0,APPRART,ART,an,an,am,am,1,1,Inklusive der Operation am offenen Herzen hatte ich eine Überlebenschance von unter 3 %. Ich war 25 und mein Körper war komplett am Boden.
5412,subtitle,am,0,APPRART,ART,an,an,am,am,1,1,Inklusive der Operation am offenen Herzen hatte ich eine Überlebenschance von unter 3 %. Ich war 25 und mein Körper war komplett am Boden.
5413,subtitle,euch,0,PPER,PPER,euch,euch,ihr,ihr,1,1,Beziehungsweise wir verlinken es euch unter dem Video.
5416,subtitle,aller,0,PIAT,PIAT,aller,aller,alle,alle,1,1,"Und wie vorhin schon einmal gesagt, das Programm von BSW und das aller anderen Parteien aus diesem Video findet ihr unten in der Infobox verlinkt."
5416,subtitle,ihr,0,PPER,PPER,ihr,ihr,sie,sie,1,1,"Und wie vorhin schon einmal gesagt, das Programm von BSW und das aller anderen Parteien aus diesem Video findet ihr unten in der Infobox verlinkt."
5416,subtitle,verlinkt,0,VVPP,VVPP,verlinkt,verlinkt,verlinken,verlinken,1,1,"Und wie vorhin schon einmal gesagt, das Programm von BSW und das aller anderen Parteien aus diesem Video findet ihr unten in der Infobox verlinkt."
5417,subtitle,uns,0,PPER,PPER,uns,uns,wir,wir,1,1,"Ohne uns läuft's nicht, aber wirklich was zu sagen haben wir nicht."
5417,subtitle,läuft's,0,VVFIN,VVFIN,läuft's,läuft's,läuften,läuften,0,0,"Ohne uns läuft's nicht, aber wirklich was zu sagen haben wir nicht."
5417,subtitle,was,0,PWS,PIS,wer,wer,was,was,1,1,"Ohne uns läuft's nicht, aber wirklich was zu sagen haben wir nicht."
5418,subtitle,ins,0,APPRART,ART,in,in,ecser,ins,1,0,"Wer für die Demokraten ins Rennen geht, ist noch nicht sicher, aber es gibt einen aussichtsreichen Kandidaten, Joe Biden."
5419,subtitle,Letztes,1,ADJA,ADJA,Letztes,letztes,letzt,letzt,1,1,"Letztes Mal bei Like Germans: Bleib ganz ruhig, Sarah!"
5420,subtitle,dich,0,PRF,PRF,dich,dich,du,du,1,1,Ich bringe dich zur Schule.
5420,subtitle,zur,0,APPRART,APPR,zu,zu,zur,zur,1,1,Ich bringe dich zur Schule.
5421,subtitle,Russland,0,NN,NE,Russland,russland,Rußland,Rußland,1,1,"Andererseits muss es sich mit dem mächtigen Nachbarn Sowjetunion, und später Russland, möglichst gut verstehen und auch auf dessen Interessen eingehen."
5422,subtitle,vom,0,APPRART,APPR,von,von,vom,vom,1,1,Es ist Professor Hackmann vom soziologischen Institut.
5426,subtitle,im,0,APPRART,ART,in,in,im,imen,1,1,Knigge und Weishaupt trennen sich im Streit.
5428,subtitle,einer,0,PIS,PIS,einer,einer,ein,ein,1,1,"Das soll künftig nur noch dann der Fall sein, wenn mindestens einer der beiden Elternteile US-Bürger ist oder einen ständigen Wohnsitz in den USA hat."
5429,subtitle,viele,0,PIAT,PIAT,vieler,vieler,viel,viel,1,1,Genau so machen die Nazis viele Deutsche zu Mittätern.
5429,subtitle,Deutsche,0,NN,NN,deutsche,deutsche,deutsch,deutsch,1,1,Genau so machen die Nazis viele Deutsche zu Mittätern.
5431,subtitle,Zum,1,APPRART,ART,zu,zu,zum,zum,1,1,"Zum Beispiel künstliche Intelligenz, die Arbeit an Batterien mit hoher Reichweite oder die Produktion synthetischer Kraftstoffe."
5436,subtitle,euch,0,PPER,PRF,euch,euch,ihr,ihr,1,1,Gut dann zeigen wir euch erstmal die Lösungen.
5441,subtitle,Russland,0,NN,NE,Russland,russland,Rußland,Rußland,1,1,"Und Marina, hatte sie Schwierigkeiten aus Russland rauszuk?"
5442,subtitle,mir,0,PPER,PPER,mir,mir,ich,ich,1,1,Du sprichst nicht mit mir.
5444,subtitle,Einige,1,PIAT,PIAT,einiger,einiger,einige,einige,1,1,Einige Zeit nach ihrem ersten Treffen bringt Kleopatra ein Kind zur Welt.
5444,subtitle,ersten,0,ADJA,ADJA,erster,erster,erst,erst,1,1,Einige Zeit nach ihrem ersten Treffen bringt Kleopatra ein Kind zur Welt.
5444,subtitle,zur,0,APPRART,ART,zu,zu,zur,zur,1,1,Einige Zeit nach ihrem ersten Treffen bringt Kleopatra ein Kind zur Welt.
5447,subtitle,ins,0,APPRART,ART,in,in,ecser,ins,1,0,"Und das Land versucht, sich komplett unabhängig von anderen Ländern zu machen, eben damit Sanktionen ins Leere laufen."
5449,subtitle,euch,0,PPER,PPER,euch,euch,ihr,ihr,1,1,"Stellt euch einen Wasserhahn vor, aus dem Wasser fließt."
5454,subtitle,willst,0,VVFIN,VVFIN,willen,willen,wollen,wollen,1,1,"Aha, jetzt willst du wieder was von mir!"
5454,subtitle,mir,0,PPER,PPER,mir,mir,ich,ich,1,1,"Aha, jetzt willst du wieder was von mir!"
5455,subtitle,fessel,0,VVFIN,VVFIN,Fessel,fessel,fesseln,fesseln,1,1,"John, fessel sie. -Plank, wo ist das Geld? -Da."
5456,subtitle,einzubauen,0,VVINF,VVIZU,einzubauen,einzubauen,einbauen,einbauen,1,1,"Interferone bringen die Zellen dazu, viel mehr solcher Schaufenster einzubauen."
5462,subtitle,Ihnen,0,PPER,PRF,ihnen,ihnen,Sie,Sie,1,1,"Gut, dann wünsche ich Ihnen, dass Sie die Bescheinigung morgen ohne Probleme bekommen."
5464,subtitle,weißt,0,VVFIN,VVFIN,weißen,wissen,weißen,weißen,1,1,"Du weißt, die Zionisten sind mir genauso fremd ihr."
5464,subtitle,mir,0,PPER,PPER,mir,mir,ich,ich,1,1,"Du weißt, die Zionisten sind mir genauso fremd ihr."
5464,subtitle,ihr,0,PPER,PPER,ihr,ihr,sie,sie,1,1,"Du weißt, die Zionisten sind mir genauso fremd ihr."
5466,subtitle,uns,0,PPER,PPER,uns,uns,wir,wir,1,1,"Die Gefallenen können uns nur spüren wenn wir in unmittelbarer Nähe sind, Deshalb lebe ich so weit draußen."
5474,subtitle,Mehrere,1,PIAT,PIAT,mehrere,mehrere,mehr,mehr,1,1,Mehrere Kilogramm Sprengstoff detonieren vor der Wohnung der Familie Le Pen in Paris.
5475,subtitle,meisten,0,PIAT,PIAT,meister,meister,meist,meist,1,1,Die meisten Direktoren stellen sich hinter ihre Leute.
5478,subtitle,einigen,0,PIAT,PIAT,einiger,einiger,einige,einige,1,1,"Und das erklärt auch, warum auf einigen Autokennzeichen noch ein „H“ für Hansestadt zu sehen ist."
5480,subtitle,uns,0,PPER,PPER,uns,uns,wir,wir,1,1,Er hat uns eine Einführung in das Thema gegeben.
5482,subtitle,zurate,0,NN,ADJD,Zurate,zurate,zuraten,zuraten,1,1,Diese Empfehlung wird dann zurate gezogen in der Entscheidung der Volksvertreter.
5483,subtitle,Beende,1,NN,PTKANT,Beende,beende,Beend,Beende,1,1,"Beende sofort, wenn ich stopp sage."
5483,subtitle,stopp,0,ADV,ADV,stopp,stopp,stoppen,stoppen,1,1,"Beende sofort, wenn ich stopp sage."
5484,subtitle,plötzliche,0,ADJA,ADJA,Plötzliche,plötzliche,plötzlich,plötzlich,1,1,"Darf ich fragen, woher dieser plötzliche 180 Umschwung kommt?"
5486,subtitle,uns,0,PPER,PPER,uns,uns,wir,wir,1,1,"Auch bei uns in Deutschland, weit weg vom Gazastreifen, wird über den Krieg dort emotional diskutiert, teilweise unterhalb der Gürtellinie, auch hier bei YouTube."
5486,subtitle,vom,0,APPRART,ART,von,von,vom,vom,1,1,"Auch bei uns in Deutschland, weit weg vom Gazastreifen, wird über den Krieg dort emotional diskutiert, teilweise unterhalb der Gürtellinie, auch hier bei YouTube."
5489,subtitle,mich,0,PRF,PPER,sich,sich,ich,ich,1,1,Doch wirst du! Du kannst mich nicht dazu zwingen.
5491,subtitle,Ihnen,0,PPER,PPER,ihnen,ihnen,Sie,Sie,1,1,Ich kann Ihnen dabei helfen.
5493,subtitle,DNA-Schäden,0,NN,NN,DNA-Schäd,dna-schäd,DNA-Schaden,DNA-Schaden,0,1,"Denn sie sucht nach Möglichkeiten, auf Mars-Missionen die DNA-Schäden durch kosmische Strahlung für Astronauten zu reduzieren."
5494,subtitle,Nächstes,1,ADJA,ADJA,Nächstes,nächstes,nah,nah,1,1,Nächstes Jahr Landtagswahl in Sachsenanhalt äh dann wird das werden die Karten neu gemischt.
5498,subtitle,Dass,1,KOUS,KOUS,dass,dass,daß,daß,1,1,Dass man keine andere Möglichkeit hat.
5499,subtitle,am,0,APPRART,APPR,an,an,am,am,1,1,Da können Ergebnisse voneinander abweichen und selbst bei gleichen Zahlen muss man am Ende die Faktoren auch gegeneinander gewichten.
5499,subtitle,gewichten,0,VVINF,VVINF,gewichten,gewichten,wichten,gewichten,1,0,Da können Ergebnisse voneinander abweichen und selbst bei gleichen Zahlen muss man am Ende die Faktoren auch gegeneinander gewichten.
5500,subtitle,euch,0,PRF,PPER,euch,euch,ihr,ihr,1,1,"Ich stelle euch einige Wörter vor, die ich persönlich sehr mag und wir besprechen natürlich auch, was sie bedeuten und wie ihr sie benutzen könnt."
5500,subtitle,einige,0,PIAT,PIAT,einiger,einiger,einige,einige,1,1,"Ich stelle euch einige Wörter vor, die ich persönlich sehr mag und wir besprechen natürlich auch, was sie bedeuten und wie ihr sie benutzen könnt."
5500,subtitle,ihr,0,PPER,PPER,ihr,ihr,sie,sie,1,1,"Ich stelle euch einige Wörter vor, die ich persönlich sehr mag und wir besprechen natürlich auch, was sie bedeuten und wie ihr sie benutzen könnt."
5501,subtitle,am,0,APPRART,APPR,an,an,am,am,1,1,"Hier ist der Knackpunkt der Wäsche, hier entscheidet sich, ob du am Ende Kratzer verursachst oder eben nicht."
5501,subtitle,verursachst,0,VVPP,VVFIN,verursachsen,verursachst,verursachen,verursachen,1,1,"Hier ist der Knackpunkt der Wäsche, hier entscheidet sich, ob du am Ende Kratzer verursachst oder eben nicht."
5502,subtitle,Samen,0,NN,NN,Samen,samen,Same,Same,1,1,"Ich benutze ein großes Stück hartes Holz und mache ein Loch hinein, in das sich die Samen lege."
5503,subtitle,dir,0,PPER,PPER,dir,dir,du,dir,1,1,"Schatz, ich habe noch eine Frage: Soll ich dir beim Grillen helfen?"
5503,subtitle,beim,0,APPRART,ART,bei,bei,beim,beim,1,1,"Schatz, ich habe noch eine Frage: Soll ich dir beim Grillen helfen?"
5503,subtitle,Grillen,0,NN,NN,Grill,grill,Grille,Grille,1,1,"Schatz, ich habe noch eine Frage: Soll ich dir beim Grillen helfen?"
5505,subtitle,ins,0,APPRART,ART,in,in,ecser,ins,1,0,"Ja, mag ich natürlich nicht, hört die ganze Family zu. Also muss ich ins Zimmer."
5506,subtitle,weggefahren,0,VVPP,VVPP,weggefahren,weggefahren,wegfahren,wegfahren,1,1,Die ganze Familie ist ja eben weggefahren!
5507,subtitle,mir,0,PPER,PPER,mir,mir,ich,ich,1,1,Trotzdem bedeuten mir die 100.000 Abonnenten ziemlich viel.
5508,subtitle,Viele,1,PIAT,PIAT,vieler,vieler,viel,viel,1,1,"Viele jüdische Gemeinden in Köln, Mainz, Speyer, Worms oder Xanten fallen wütenden, mordenden Mobs zum Opfer."
5508,subtitle,wütenden,0,ADJA,ADJA,wütend,wütend,wutend,wütend,1,1,"Viele jüdische Gemeinden in Köln, Mainz, Speyer, Worms oder Xanten fallen wütenden, mordenden Mobs zum Opfer."
5508,subtitle,zum,0,APPRART,ART,zu,zu,zum,zum,1,1,"Viele jüdische Gemeinden in Köln, Mainz, Speyer, Worms oder Xanten fallen wütenden, mordenden Mobs zum Opfer."
5509,subtitle,Extremophile,0,NN,NN,Extremophil,extremophil,Extremophile,Extremophile,0,1,"Nur Extremophile halten es hier unten aus, wie der Pseudoliparis swirei, der mit rund 8.000 Metern den Tiefenrekord unter den Fischen hält."
5512,subtitle,keiner,0,PIS,PIS,keiner,keiner,kein,kein,1,1,Dann kommt wohl doch keiner mehr.
5513,subtitle,Beste,0,NN,NN,gute,gute,Beste,Beste,1,1,"Sie denkt, das Leben in England ist das Beste für mich."
5513,subtitle,mich,0,PPER,PPER,mich,mich,ich,ich,1,1,"Sie denkt, das Leben in England ist das Beste für mich."
5514,subtitle,dich,0,PRF,PRF,dich,dich,du,du,1,1,Ich mache dich gleich so fertig.
5515,subtitle,Kleiner,1,ADJA,ADJA,Kleiner,kleiner,Kleine,Kleine,1,1,"Kleiner Spoiler Nicht so viel, wie man vielleicht denken mag."
5516,subtitle,ersten,0,ADJA,ADJA,erster,erster,erst,erst,1,1,Dann in der ersten Demokratie auf deutschem Boden lange den Präsidenten gestellt: Als einzige personell vorhandene Partei gegen Hitlers Ermächtigungsgesetz gestimmt.
5518,subtitle,mich,0,PPER,PPER,mich,mich,ich,ich,1,1,Ihr Tod veranlasste mich zu einer Bestandsaufnahme meiner Situation.
5519,subtitle,übers,0,APPRART,APPR,über,über,übers,übers,1,1,Und jetzt kann ich direkt meine Clips hier oben übers Medienfenster importieren.
5522,subtitle,ihr,0,PPER,PPER,ihr,ihr,sie,sie,1,1,Und wie habt ihr es gelöst?
5523,subtitle,begeistert,0,ADJD,ADJD,begeistert,begeistert,begeistern,begeistern,1,1,"Schillers Arbeitgeber, der Herzog von Württemberg, ist von den „Räubern“ wenig begeistert."
5526,subtitle,uns,0,PPER,PPER,uns,uns,wir,wir,1,1,Wer hat Schuld und warum kann das für uns alle gefährlich werden?
5527,subtitle,Pflanzensorte,0,NN,NN,Pflanzensort,pflanzensort,Pflanzensorte,Pflanzensorte,0,1,"Man hoffte auf die zufällige Entstehung einer neuen, nützlichen Pflanzensorte."
5532,subtitle,kollabiert,0,VVPP,VVPP,kollabiern,kollabiert,kollabieren,kollabieren,1,1,"Nur dass sie kaum Jobs finden werden, weil 2060 die südkoreanische Wirtschaft vielleicht kollabiert sein wird."
5533,subtitle,arrangierte,0,ADJA,ADJA,arrangiert,arrangiert,arrangieren,arrangieren,1,1,Es war eine arrangierte Ehe in Indien.
5539,subtitle,sogenanntes,0,ADJA,ADJA,sogenannter,sogenannter,sogenannt,sogenannt,1,1,Die Insel ist ein sogenanntes überseeisches Gebiet der Europäischen Union.
5540,subtitle,dir,0,PPER,PPER,dir,dir,du,dir,1,1,Ich habe dir auch den heftigsten Antrag gemacht.
5541,subtitle,im,0,APPRART,ART,in,in,im,im,1,1,"Ich glaube, es ist auch die Gelegenheit, dass man im Rahmen dieser Arbeitsgruppe diese Punkte diskutiert."
5543,subtitle,am,0,APPRART,ART,an,an,am,am,1,1,"Als seine Frau am Abend nach Hause kommt, ahnt sie von alldem nichts."
5543,subtitle,alldem,0,PIS,PIS,alldem,alldem,allder,alldem,1,0,"Als seine Frau am Abend nach Hause kommt, ahnt sie von alldem nichts."
5544,subtitle,mich,0,PPER,PPER,mich,mich,ich,ich,1,1,"Ich wusste, dass sie mich nimmt."
5548,subtitle,vergiss,0,VVFIN,VVFIN,vergiss,vergiss,vergessen,vergessen,1,1,"Und vergiss nicht, die Polizei zu rufen."
5550,subtitle,dir,0,PPER,PPER,dir,dir,du,dir,1,1,War das bei dir auch so? Manchmal stellen wir unsere Ergebnisse in einer Arbeit mit Hilfe von Grafen oder Diagrammen dar.
5552,subtitle,weniger,0,PIAT,PIAT,weniger,weniger,wenig,wenig,1,1,"Wir haben aber nicht mehr Geld, also weniger Gefangene."
5552,subtitle,Gefangene,0,NN,NN,gefangener,gefangener,Gefangene,Gefangene,1,1,"Wir haben aber nicht mehr Geld, also weniger Gefangene."
5556,subtitle,zum,0,APPRART,APPR,zu,zu,zum,zum,1,1,Diese beiden Halbkreise gehören aber nicht zum selben Längenkreis.
5558,subtitle,uns,0,PPER,PPER,uns,uns,wir,wir,1,1,"Wenn wir jemanden hätten, der die Inhalte nicht gut erklären kann, bringt uns das nichts."
5561,subtitle,Hör,1,VVFIN,PTKANT,Hör,hören,Hör,Hör,1,1,"Hör zu, ich muss wieder aufs College."
5561,subtitle,aufs,0,APPRART,ART,auf,auf,aufer,aufs,1,0,"Hör zu, ich muss wieder aufs College."
5562,subtitle,Danke,1,NN,PTKANT,Danke,danke,Dank,Dank,1,1,Danke auch an die Kollegen hinter der Kamera und im Schnitt.
5562,subtitle,im,0,APPRART,ART,in,in,im,im,1,1,Danke auch an die Kollegen hinter der Kamera und im Schnitt.
5564,subtitle,ihr,0,PPER,PPER,ihr,ihr,sie,sie,1,1,"Dann seht ihr, dass noch ein Stück Kuchen von gestern im Kühlschrank liegt, das ihr ganz vergessen hattet."
5564,subtitle,im,0,APPRART,ART,in,in,im,im,1,1,"Dann seht ihr, dass noch ein Stück Kuchen von gestern im Kühlschrank liegt, das ihr ganz vergessen hattet."
5564,subtitle,ihr,0,PPER,PPER,ihr,ihr,sie,sie,1,1,"Dann seht ihr, dass noch ein Stück Kuchen von gestern im Kühlschrank liegt, das ihr ganz vergessen hattet."
5564,subtitle,hattet,0,VAFIN,VAFIN,hatten,hattet,haben,haben,1,1,"Dann seht ihr, dass noch ein Stück Kuchen von gestern im Kühlschrank liegt, das ihr ganz vergessen hattet."
5565,subtitle,alle,0,PIAT,PIAT,aller,aller,alle,alle,1,1,"Das heißt, aktuell sind alle wichtigen Patches durch die frische Installation schon installiert."
5566,subtitle,im,0,APPRART,ART,in,in,im,imen,1,1,Ich habe im Park ihr Handy gefunden.
5568,subtitle,im,0,APPRART,ART,in,in,im,im,1,1,"Ich würde niemals so sprechen, nicht mal im Unterricht."
5569,subtitle,im,0,APPRART,ART,in,in,im,im,1,1,Sie verstecken ihre Eier im losen Sand am Meeresufer.
5569,subtitle,am,0,APPRART,ART,an,an,am,am,1,1,Sie verstecken ihre Eier im losen Sand am Meeresufer.
5572,subtitle,letztes,0,ADJA,ADJA,letzter,letzter,letzt,letzt,1,1,"Aber Papa, das ist schon viel besser als letztes Jahr."
5573,subtitle,im,0,APPRART,ART,in,in,im,imen,1,1,Der Ex-Mann der Angeklagten ist im März vor Gericht erschienen und ist von einem Kamerateam schon ans Gericht begleitet worden.
5573,subtitle,ans,0,APPRART,APPR,an,an,ans,ans,1,1,Der Ex-Mann der Angeklagten ist im März vor Gericht erschienen und ist von einem Kamerateam schon ans Gericht begleitet worden.
5574,subtitle,mir,0,PPER,PPER,mir,mir,ich,ich,1,1,"Das Wort ""Rasse"" stammt nicht von mir, sondern das stammt aus der Definition der Vereinten Nationen."
5575,subtitle,euch,0,PPER,PPER,euch,euch,ihr,ihr,1,1,"Wahrscheinlich fallen euch Ereignisse ein, wie diese: 19. Dezember 2016, ein islamistischer Attentäter steuert einen Lkw mitten in einen Weihnachtsmarkt in Berlin. 11 Menschen sterben."
5576,subtitle,Neues,0,NN,NN,neue,neue,Neu,Neu,1,1,Noch etwas Neues bringt die Einweg-Kunststoffrichtlinie 2019/904 ab dem kommenden Jahr für uns.
5576,subtitle,uns,0,PPER,PPER,uns,uns,wir,wir,1,1,Noch etwas Neues bringt die Einweg-Kunststoffrichtlinie 2019/904 ab dem kommenden Jahr für uns.
5577,subtitle,zum,0,APPRART,ART,zu,zu,zum,zum,1,1,"Wenn man sich zum Beispiel die Website eines Unternehmens ansieht, dann steht meistens irgendwo ""Wir stellen ein""."
5580,subtitle,uns,0,PPER,PPER,uns,uns,wir,wir,1,1,"Noch ein Punkt betrifft uns persönlich: Inzwischen haben wir vieles ausgelagert in die Cloud, Urlaubsfotos, Kalender, andere Dinge."
5580,subtitle,vieles,0,PIS,PIS,viele,viele,viel,viel,1,1,"Noch ein Punkt betrifft uns persönlich: Inzwischen haben wir vieles ausgelagert in die Cloud, Urlaubsfotos, Kalender, andere Dinge."
5580,subtitle,Urlaubsfotos,0,NN,NN,Urlaubsfotos,urlaubsfotos,Urlaubsfoto,Urlaubsfoto,1,1,"Noch ein Punkt betrifft uns persönlich: Inzwischen haben wir vieles ausgelagert in die Cloud, Urlaubsfotos, Kalender, andere Dinge."
5580,subtitle,Kalender,0,NN,NN,Kalend,kalend,Kalender,Kalender,0,1,"Noch ein Punkt betrifft uns persönlich: Inzwischen haben wir vieles ausgelagert in die Cloud, Urlaubsfotos, Kalender, andere Dinge."
5581,subtitle,ihnen,0,PPER,PPER,ihnen,ihnen,sie,sie,1,1,Einige von ihnen wurden vorher selbst zu Opfern.
5582,subtitle,Beste,0,NN,NN,gute,gute,Beste,Beste,1,1,"Und die sagen, das ist das Beste, was jemand erfunden hat."
5582,subtitle,was,0,PRELS,PWS,wer,wer,was,was,1,1,"Und die sagen, das ist das Beste, was jemand erfunden hat."
5584,subtitle,gässe,0,VVFIN,FM,gässe,gässe,gusse,gießen,1,0,"Mit diesem Wissen solltest du nun in der Lage sein, den Satz “Häsch scho Znacht gässe?” übesetzen zu können."
5585,subtitle,Mehrere,1,PIAT,PIAT,mehrere,mehrere,mehr,mehr,1,1,Mehrere Dutzend werden aufgespürt und ohne Gerichtsverfahren hingerichtet.
5586,subtitle,mich,0,PPER,PPER,mich,mich,ich,ich,1,1,Für mich muss unbedingt Peperoni und Schafskäse mit rein.
5587,subtitle,Nichtwissenschaftliches,0,NN,NN,Nichtwissenschaftlicher,nichtwissenschaftlicher,Nichtwissenschaftlich,Nichtwissenschaftliche,0,1,"Bekannt von Bestsellern wie: Sie standen immer wieder in die Kritik, dass sie Nichtwissenschaftliches als Fakten verkaufen."
5587,subtitle,Fakten,0,NN,NN,Fakt,fakt,Faktum,Faktum,1,1,"Bekannt von Bestsellern wie: Sie standen immer wieder in die Kritik, dass sie Nichtwissenschaftliches als Fakten verkaufen."
5589,subtitle,viele,0,PIAT,PIAT,vieler,vieler,viel,viel,1,1,"Es gibt viele Menschen, die wenig Alkohol trinken, gar keinen Alkohol trinken oder lieber alkoholfreie Varianten wählen."
5589,subtitle,lieber,0,ADJD,ADV,lieber,lieber,lieb,lieb,1,1,"Es gibt viele Menschen, die wenig Alkohol trinken, gar keinen Alkohol trinken oder lieber alkoholfreie Varianten wählen."
5592,subtitle,Nachbarzähnen,0,NN,NN,Nachbarzähne,nachbarzähne,Nachbarzahn,Nachbarzahn,0,1,"Dann kann der Zahnarzt einen künstlichen Zahn anfertigen lassen, der an den beiden Nachbarzähnen befestigt wird und die Lücke schließt."
5594,subtitle,uns,0,PPER,PPER,uns,uns,wir,wir,1,1,"Ja, erzählt uns davon in den Kommentaren."
5596,subtitle,willst,0,VVFIN,VMFIN,willen,willen,wollen,wollen,1,1,Ist doch was du willst.
5597,subtitle,sogenannter,0,ADJA,ADJA,sogenannter,sogenannter,sogenannt,sogenannt,1,1,Die Auswirkung eines Nahrungsmittels auf das Klima wird oft mithilfe sogenannter Lebenszyklusanalysen betrachtet.
5597,subtitle,Lebenszyklusanalysen,0,NN,NN,Lebenszyklusanalysen,lebenszyklusanalysen,Lebenszyklusanalyse,Lebenszyklusanalyse,1,1,Die Auswirkung eines Nahrungsmittels auf das Klima wird oft mithilfe sogenannter Lebenszyklusanalysen betrachtet.
5599,subtitle,genervt,0,ADJD,ADJD,genervt,genervt,nerven,nerven,1,1,Papa hat manchmal echt genervt.
5602,subtitle,Am,1,APPRART,APPR,an,an,Am,Am,1,1,"Am Anfang wirken manche Menschen etwas reserviert, aber das ist nicht dasselbe wie unfreundlich."
5602,subtitle,reserviert,0,VVFIN,ADJD,reservieren,reservieren,reserviert,reserviert,1,1,"Am Anfang wirken manche Menschen etwas reserviert, aber das ist nicht dasselbe wie unfreundlich."
5603,subtitle,mir,0,PPER,PPER,mir,mir,ich,ich,1,1,Und hier neben mir findet ihr noch einmal das Video zum Nordirlandkonflikt.
5603,subtitle,ihr,0,PPER,PPER,ihr,ihr,sie,sie,1,1,Und hier neben mir findet ihr noch einmal das Video zum Nordirlandkonflikt.
5603,subtitle,zum,0,APPRART,ART,zu,zu,zum,zum,1,1,Und hier neben mir findet ihr noch einmal das Video zum Nordirlandkonflikt.
5604,subtitle,Denne,1,ADV,PPER,denne,denne,denner,Denn,1,1,"Denne sind am Arsch wahrscheinlich, aber du hast mich auch nicht erkannt."
5604,subtitle,am,0,APPRART,APPR,an,an,am,am,1,1,"Denne sind am Arsch wahrscheinlich, aber du hast mich auch nicht erkannt."
5604,subtitle,mich,0,PPER,PPER,sich,sich,ich,ich,1,1,"Denne sind am Arsch wahrscheinlich, aber du hast mich auch nicht erkannt."
5607,subtitle,mir,0,PPER,PPER,mir,mir,ich,ich,1,1,"Ich werde nur noch die Anzüge tragen, die du mir ausgesucht hast und auch sonst versuchen, mich weniger exzentrisch aufzuführen."
5607,subtitle,mich,0,PPER,PPER,mich,mich,ich,ich,1,1,"Ich werde nur noch die Anzüge tragen, die du mir ausgesucht hast und auch sonst versuchen, mich weniger exzentrisch aufzuführen."
5609,subtitle,zum,0,APPRART,ART,zu,zu,zum,zum,1,1,"Nur mal zum Vergleich, das Modell Typ 770 von Mercedes kostet in dieser Zeit 40.000 Reichsmark."
5610,subtitle,ins,0,APPRART,ART,in,in,ecser,ins,1,0,"Zentral ist dabei für Ägypten, die Grenzregion möglichst stabil zu halten und zu verhindern, dass Zehntausende Menschen als Flüchtlinge ins eigene Land kommen."
5611,subtitle,mittleren,0,ADJA,ADJA,mittlerer,mittlerer,mittler,mittler,1,1,Vor allem Entlastung der Menschen mit mittleren oder niedrigen Einkommen.
5612,subtitle,kämpf,0,VVFIN,VVFIN,kämpf,kämpf,kämpfen,kämpfen,1,1,"Ich kämpf' für dein Zuhause, dann kannst du wieder lachen!"
5615,subtitle,mir,0,PPER,PPER,mir,mir,ich,ich,1,1,"Er erzählt mir, dass es nicht das erste Mal ist, dass er so ein Messer sieht und sagt, das weiße Männer bei seinem Volk lieben."
5615,subtitle,erste,0,ADJA,ADJA,erster,erster,erst,erst,1,1,"Er erzählt mir, dass es nicht das erste Mal ist, dass er so ein Messer sieht und sagt, das weiße Männer bei seinem Volk lieben."
5616,subtitle,uns,0,PPER,PPER,uns,uns,wir,wir,1,1,"Nämlich, dass wir erst einmal unser Gegenüber akzeptieren als Person auf Augenhöhe und uns nicht besser fühlen als jemand anderes."
5619,subtitle,dich,0,PRF,PRF,dich,dich,du,du,1,1,Weil ich dich über alles liebe.
5619,subtitle,alles,0,PIAT,PIS,aller,aller,alle,alle,1,1,Weil ich dich über alles liebe.
5619,subtitle,liebe,0,NN,VVFIN,Liebe,liebe,lieben,lieben,1,1,Weil ich dich über alles liebe.
5620,subtitle,Ihnen,0,PPER,PPER,ihnen,ihnen,Sie,Sie,1,1,Kann ich Ihnen bei etwas helfen?
5624,subtitle,zur,0,APPRART,ART,zu,zu,zur,zu,1,1,"Während sich diese Zelle immer wieder vermehrt, und schließlich als Mensch zur Welt kommt."
5628,subtitle,Hör,1,VVFIN,PTKANT,Hör,hören,Hör,Hör,1,1,"Hör auf, ich ergebe mich."
5628,subtitle,mich,0,PRF,PRF,mich,mich,ich,ich,1,1,"Hör auf, ich ergebe mich."
5630,subtitle,im,0,APPRART,ART,in,in,im,imen,1,1,Ich war da ganz oft im Stadion.
5632,subtitle,uns,0,PPER,PPER,uns,uns,wir,wir,1,1,"Das Jugendamt Gelsenkirchen sagt uns, der Kinderschutz sei hier bisher immer gewährleistet gewesen."
5633,subtitle,zweiten,0,ADJA,ADJA,zweiter,zweiter,zweit,zweit,1,1,Bei der zweiten Version von “hängen” ist das anders.
5634,subtitle,beim,0,APPRART,ART,bei,bei,beim,beim,1,1,"Ja etwas weiter unten sehen wir diesen Punkt Ausrichtungssperre, damit dein Handy beim Filmen nicht versehentlich vom Querformat ins Hochformat wechselt."
5634,subtitle,vom,0,APPRART,APPR,von,von,vom,vom,1,1,"Ja etwas weiter unten sehen wir diesen Punkt Ausrichtungssperre, damit dein Handy beim Filmen nicht versehentlich vom Querformat ins Hochformat wechselt."
5634,subtitle,ins,0,APPRART,ART,in,in,ecser,ins,1,0,"Ja etwas weiter unten sehen wir diesen Punkt Ausrichtungssperre, damit dein Handy beim Filmen nicht versehentlich vom Querformat ins Hochformat wechselt."
5635,subtitle,euch,0,PPER,PPER,euch,euch,ihr,ihr,1,1,"Der Arzt kann euch auch fragen, wie lange ihr die Schmerzen schon habt und wie häufig."
5635,subtitle,ihr,0,PPER,PPER,ihr,ihr,sie,sie,1,1,"Der Arzt kann euch auch fragen, wie lange ihr die Schmerzen schon habt und wie häufig."
5641,subtitle,im,0,APPRART,ART,in,in,im,imen,1,1,"Ähm, aber der Punkt ist, da hat sich ganz intransparent im Hintergrund, in den Hinterzimmern ein Verfahren entwickelt, und niemand weiß so ganz genau."
5642,subtitle,Sagen,0,NN,NN,sagen,sagen,Sage,Sage,1,1,"Sie streiten darum, wer das Sagen hat und bestimmen darf."
5644,subtitle,weniger,0,PIS,PIS,weniger,weniger,wenig,wenig,1,1,Und man muss viel weniger arbeiten.
5645,subtitle,Danke,1,NN,ITJ,Danke,danke,Dank,Dank,1,1,"Danke, Lisa, dafür bekommst du eine Eins."
5647,subtitle,dich,0,PRF,PPER,dich,dich,du,du,1,1,Ich liebe dich genauso wie am ersten Tag.
5647,subtitle,am,0,APPRART,ART,an,an,am,am,1,1,Ich liebe dich genauso wie am ersten Tag.
5647,subtitle,ersten,0,ADJA,ADJA,erster,erster,erst,erst,1,1,Ich liebe dich genauso wie am ersten Tag.
5648,subtitle,nächstes,0,PIS,ADJA,nächster,nächster,nah,nah,1,1,"Du bist als nächstes dran, anonyme Nudel."
5650,subtitle,ihr,0,PPER,PPER,ihr,ihr,sie,sie,1,1,"Als Vertrag von Lausanne ging die Vereinbarung in die Geschichte ein, habt ihr vielleicht gehört."
5655,subtitle,rezeptoren,0,NN,NN,Rezeptore,rezeptore,rezeptor,Rezeptoren,0,1,"Kurze Ergänzung: Ich meine damit die Hauptgeschmacksrichtungen, die wir wirklich mit den Haupt- rezeptoren auf der Zunge wahrnehmen."
5656,subtitle,Danke,0,NN,NN,Danke,danke,Dank,Dank,1,1,Diesen umgangssprachlichen Ausdruck verwenden wir vor allem in zwei Situationen: Erstens als Antwort auf “Danke”.
5657,subtitle,uns,0,PRF,PRF,sich,sich,wir,wir,1,1,"Weil unsere Sonne eines Tages sterben wird, müssen wir uns irgendwann nach einer neuen Heimat umsehen."
5659,subtitle,Zum,1,APPRART,APPR,zu,zu,zum,zum,1,1,Zum Glück haben wir dann einen wunderbaren Partner gefunden der das Ganze einfach ermöglicht hat: Shopify.
5660,subtitle,Deine,1,PPOSAT,PPOSAT,Deine,deine,dein,dein,1,1,Deine Arbeit würde ich dir nie wegnehmen wollen.
5660,subtitle,dir,0,PPER,PPER,dir,dir,du,dir,1,1,Deine Arbeit würde ich dir nie wegnehmen wollen.
5661,subtitle,verlinkt,0,VVPP,VVPP,verlinkt,verlinkt,verlinken,verlinken,1,1,Ich habe dazu auch noch mal etwas in der Infobox verlinkt.
5662,subtitle,darfst,0,VMFIN,VMFIN,darfstn,darfst,dürfen,dürfen,1,1,Du darfst es nicht einfach weggelassen.
5665,subtitle,Bitte,1,ADV,ADV,bitte,bitte,bitten,Bitte,1,1,Bitte geben Sie mir nur 5 Minuten.
5665,subtitle,mir,0,PPER,PPER,mir,mir,ich,ich,1,1,Bitte geben Sie mir nur 5 Minuten.
5666,subtitle,Beim,1,APPRART,ART,bei,bei,beim,ber,1,1,"Beim Sprechen ist es in Ordnung, aber beim Schreiben solltest du versuchen auf diese Redewendung diesen Ausdruck zu verzichten."
5666,subtitle,beim,0,APPRART,ART,bei,bei,beim,beim,1,1,"Beim Sprechen ist es in Ordnung, aber beim Schreiben solltest du versuchen auf diese Redewendung diesen Ausdruck zu verzichten."
5670,subtitle,Im,1,APPRART,ART,in,in,im,im,1,1,"Im Zeitalter des Gesetzes sagte Gott: Ja? Des Menschen Armut, Reichtum, Ehre und Demut, Lebensspanne, Krankheit und sein Tod liegen in Gottes Hand."
5671,subtitle,keine,0,PIAT,PIS,keiner,keiner,kein,kein,1,1,Und tatsächlich konnte keine dieser Substanzen nachgewiesen werden.
5673,subtitle,erste,0,ADJA,ADJA,erster,erster,erst,erst,1,1,Die erste Antwort gibt immer die wahren Gefühle wieder.
5674,subtitle,wartest,0,VVFIN,VVFIN,wartestn,wartest,warten,warten,1,1,Worauf wartest du? Worauf wartest du? Mach es sauber.
5674,subtitle,wartest,0,VVFIN,VVFIN,wartestn,wartest,warten,warten,1,1,Worauf wartest du? Worauf wartest du? Mach es sauber.
5674,subtitle,Mach,0,VVFIN,VVFIN,mach,machen,Mach,Mach,1,1,Worauf wartest du? Worauf wartest du? Mach es sauber.
5677,subtitle,klingst,0,VVFIN,VVFIN,klingsen,klingst,klingen,klingen,1,1,Du klingst dadurch einfach viel natürlicher.
5683,subtitle,beliebt,0,ADJD,ADJD,beliebt,beliebt,belieben,belieben,1,1,"Er war weder besonders innovativ, noch sehr beliebt bei den Wissenschaftlern."
5685,subtitle,Am,1,APPRART,APPR,an,an,Am,Am,1,1,Am 15. August wendet sich Kaiser Hirohito in einer Radioansprache an die Bevölkerung. und verkündet das Ende des Kriegs.
5686,subtitle,alle,0,PIS,PIS,aller,aller,alle,alle,1,1,"Wir alle sind heute in der Lage, Nachrichten vom Smartphone jederzeit weltweit zu veröffentlichen."
5686,subtitle,vom,0,APPRART,ART,von,von,vom,vom,1,1,"Wir alle sind heute in der Lage, Nachrichten vom Smartphone jederzeit weltweit zu veröffentlichen."
5687,subtitle,euch,0,PPER,PPER,euch,euch,ihr,ihr,1,1,Ist wirklich alles okay bei euch?
5693,subtitle,zur,0,APPRART,APPR,zu,zu,zur,zur,1,1,"Einfach Mut zur Debatte, das ist das, was wir uns wünschen."
5693,subtitle,was,0,PRELS,PWS,wer,wer,was,was,1,1,"Einfach Mut zur Debatte, das ist das, was wir uns wünschen."
5693,subtitle,uns,0,PRF,PRF,sich,sich,wir,wir,1,1,"Einfach Mut zur Debatte, das ist das, was wir uns wünschen."
5694,subtitle,Behinderte,0,NN,NN,behinderter,behinderter,Behinderte,Behindertes,1,1,"Das heißt, Behinderte sind komplett außerhalb der Gesellschaft."
5697,subtitle,ihn,0,PPER,PPER,ihn,ihn,er,er,1,1,"Ich sage Ed nicht, dass du ihn betrügst."
5697,subtitle,betrügst,0,VVFIN,VVFIN,betrügsen,betrügst,betragen,betrügen,1,1,"Ich sage Ed nicht, dass du ihn betrügst."
5699,subtitle,Beste,0,NN,NN,gute,gute,Beste,Beste,1,1,Dein Vater möchte nur das Beste für dich.
5699,subtitle,dich,0,PPER,PPER,dich,dich,du,du,1,1,Dein Vater möchte nur das Beste für dich.
5701,subtitle,diverse,0,ADJA,ADJA,diverser,diverser,divers,divers,1,1,"Das heißt: Wenn Joe Biden etwas ändern möchte in diesem Bereich, dann muss er das erst mal gegen diverse Widerstände durchsetzen."
5705,subtitle,im,0,APPRART,ART,in,in,im,im,1,1,"Und nur, weil Vitamin D jedenfalls eine Rolle spielt im Immunsystem, heißt das nicht automatisch, dass besonders viel Vitamin D dafür nötig ist."
5708,subtitle,Sagen,1,VVFIN,VVFIN,sagen,sagen,Sage,Sage,1,1,"Sagen Sie aus, Mr. X. Wer?"
5709,subtitle,nächste,0,ADJA,ADJA,nächster,nächster,nah,nah,1,1,"Die nächste Redewendung klingt ein bisschen merkwürdig, wenn man nicht weiß, was sie bedeutet: ""jemandem wie aus dem Gesicht geschnitten sein""."
5709,subtitle,geschnitten,0,VVPP,VVPP,geschnitten,geschnitten,schneiden,schneiden,1,1,"Die nächste Redewendung klingt ein bisschen merkwürdig, wenn man nicht weiß, was sie bedeutet: ""jemandem wie aus dem Gesicht geschnitten sein""."
5710,subtitle,Vielen,1,PIAT,PIAT,vieler,vieler,viel,viel,1,1,"Vielen Dank. (Rednerwechsel) Danke schön, Herr Tebert."
5710,subtitle,Danke,0,NN,PTKANT,Danke,danke,Dank,Dank,1,1,"Vielen Dank. (Rednerwechsel) Danke schön, Herr Tebert."
5713,subtitle,uns,0,PPER,PPER,sich,sich,wir,wir,1,1,"Die werden uns töten, wenn wir nichts machen."
5715,subtitle,Moleküle,0,NN,NN,Moleküle,moleküle,Molekül,Molekül,1,1,"Verlieren diese Moleküle Wärme, bewegen sie sich langsamer und kollidieren seltener."
5716,subtitle,im,0,APPRART,ART,in,in,im,im,1,1,Ihre riesigen Augen sehen gut im dunklen Wasser.
5717,subtitle,wenigsten,0,PIS,PIS,wenigster,wenigster,wenig,wenig,1,1,"Die wenigsten rechnen damit, dass sie es wieder in den Bundestag schaffen wird."
5719,subtitle,zum,0,APPRART,ART,zu,zu,zum,zum,1,1,Aus der Wirtschaft zum Beispiel von den Arbeitgeberverbänden.
5721,subtitle,Schlimmste,0,NN,NN,schlimme,schlimme,Schlimmst,Schlimm,1,0,Doch das Schlimmste kommt erst jetzt.
5722,subtitle,allen,0,PIAT,PIAT,aller,aller,alle,alle,1,1,"Vor allen Dingen, um die Menschen in Deutschland zu entlasten angesichts steigender Preise wegen der hohen Inflationsrate."
5724,subtitle,ihr,0,PPER,PPER,ihr,ihr,sie,sie,1,1,"Schaut wie gesagt gerne auf meiner Website vorbei, wenn ihr die Verben mit ""lassen"" üben möchtet."
5724,subtitle,Verben,0,NN,NN,Verbe,verbe,Verb,Verb,1,1,"Schaut wie gesagt gerne auf meiner Website vorbei, wenn ihr die Verben mit ""lassen"" üben möchtet."
5734,subtitle,was,0,PRELS,PWS,wer,wer,was,was,1,1,"Jetzt erst beginnt das, was wir als Geschichte bezeichnen und der Fortschritt beschleunigt sich."
5735,subtitle,Vieles,1,PIS,PIS,viele,viele,viel,viel,1,1,"Vieles deutet darauf hin, dass die Mafia ihn ermordet hat."
5735,subtitle,ihn,0,PPER,PPER,ihn,ihn,er,er,1,1,"Vieles deutet darauf hin, dass die Mafia ihn ermordet hat."
5736,subtitle,aufgesplitteter,0,NN,ADJD,Aufgesplitteter,aufgesplitteter,aufgesplittet,aufgesplittet,1,0,"Es ist viel diverser, viel aufgesplitteter."
5741,subtitle,mich,0,PRF,PRF,sich,sich,ich,ich,1,1,Ich lege mich ins Bett.
5741,subtitle,ins,0,APPRART,ART,in,in,ecser,ins,1,0,Ich lege mich ins Bett.
5749,subtitle,Vom,1,APPRART,ART,von,von,vom,vom,1,1,"Vom anderen Ende der Welt, verirrt in einen Hamburger Vorort."
5750,subtitle,Schauen,0,VVFIN,VVFIN,schauen,schauen,Schau,Schau,1,1,Doch dann: Schauen wir uns das genauer an. Hierzu gibt es mehrere Hinweise aus der Forschung.
5750,subtitle,uns,0,PRF,PRF,sich,sich,wir,wir,1,1,Doch dann: Schauen wir uns das genauer an. Hierzu gibt es mehrere Hinweise aus der Forschung.
5750,subtitle,mehrere,0,PIAT,PIAT,mehrere,mehrere,mehr,mehr,1,1,Doch dann: Schauen wir uns das genauer an. Hierzu gibt es mehrere Hinweise aus der Forschung.
5753,subtitle,liebe,0,ADJA,ADJA,lieb,lieb,lieben,lieben,1,1,Meine Mutter war ganz entzückt!” Sie war also sehr positiv von den neuen Nachbarn überrascht und hat sich über diese liebe Geste gefreut.
5755,subtitle,Krippen-,0,TRUNC,$(,Krippe,krippe,Krippen-,krippe,1,0,"Man schafft Krippen- und Kindergartenplätze, damit Mütter arbeiten können."
5758,subtitle,ihn,0,PPER,PPER,ihn,ihn,er,er,1,1,"Erst einmal muss ich ihn aber aus seinem Haus holen und ablenken, damit die anderen alles vorbereiten können."
5760,subtitle,mich,0,PRF,PRF,sich,sich,ich,ich,1,1,"Ja, würde er. Ja, natürlich freue ich mich."
5761,subtitle,ihr,0,PPER,PPER,ihr,ihr,sie,sie,1,1,Kennt ihr die Kauker Presse?
5763,subtitle,vielen,0,PIAT,PIAT,vieler,vieler,viel,viel,1,1,Seit vielen Jahren schon versucht China nachweislich die Politik und die Gesellschaft in Taiwan zu infiltrieren.
5766,subtitle,Betriebsratsvorsitzender,0,NN,NN,Betriebsratsvorsitzender,betriebsratsvorsitzender,Betriebsratsvorsitzende,Betriebsratsvorsitzender,1,1,Was ist eigentlich ein Betriebsratsvorsitzender?
5768,subtitle,fasten,0,ADJA,ADJA,fast,fast,fasen,fasen,1,0,Darf eigentlich jeder fasten Jahre?
5771,subtitle,Letztes,1,ADJA,ADJA,Letztes,letztes,letzt,letzt,1,1,Letztes Spiel habe ich verloren.
5772,subtitle,was,0,PRELS,PWS,wer,wer,was,was,1,1,"Eigentlich ist das wahrscheinlich das Reifste, was du seit langem gesagt hast."
5773,subtitle,am,0,APPRART,ART,an,an,am,am,1,1,"Ja, aber nur am Schalter."
5774,subtitle,heißen,0,ADJA,ADJA,heiß,heiß,heißen,heißen,1,1,Aber das ist natürlich nur ein Tropfen auf den heißen Stein.
5775,subtitle,Hühner,0,NN,NN,Hühn,hühn,Huhn,Huhn,0,1,Ihre Hühner sind wirklich etwas Besonderes.
5775,subtitle,Besonderes,0,NN,NN,besondere,besondere,besonder,besonder,1,1,Ihre Hühner sind wirklich etwas Besonderes.
5776,subtitle,mich,0,PPER,PPER,mich,mich,ich,ich,1,1,Für mich gibt es nur Yara.
5777,subtitle,Passt,1,VVFIN,VVFIN,Passt,passt,Passen,passen,1,1,Passt es bei dir um 19:00 Uhr?
5777,subtitle,dir,0,PPER,PPER,dir,dir,du,dir,1,1,Passt es bei dir um 19:00 Uhr?
5778,subtitle,uns,0,PPER,PPER,uns,uns,wir,wir,1,1,"Ich glaube, wir kommen nur durch den Zweikampf weiter, denn er macht uns stärker."
5779,subtitle,Privilegien,0,NN,NN,Privileg,privileg,Privilegium,Privilegium,1,0,Er hat sie in ihren Privilegien bestätigt.
5781,subtitle,böse,0,ADJD,ADJD,böse,böse,bös,bös,1,1,Diese Tür da ist böse.
5782,subtitle,dich,0,PRF,PRF,dich,dich,du,du,1,1,"Wir kriegen dich, du geile Sau."
5782,subtitle,geile,0,ADJA,VVFIN,geil,geil,geilen,geil,1,1,"Wir kriegen dich, du geile Sau."
5783,subtitle,dir,0,PPER,PPER,dir,dir,du,dir,1,1,"Hier, schau es dir an. Ich liebe Furzen."
5783,subtitle,Furzen,0,NN,NN,Furzen,Furzen,Furz,Furz,1,1,"Hier, schau es dir an. Ich liebe Furzen."
5785,subtitle,Schloss,0,NN,NN,Schloss,schloss,Schloß,Schloß,1,1,Er darf jetzt sein Schloss mitnehmen und zu Fuß weitergehen.
5788,subtitle,momentane,0,ADJA,ADJA,momentan,momentan,momentane,momentan,1,1,"Unsere momentane Taktik besteht darin zu warten, bis es zu spät ist und das Getriebe versagt."
5789,subtitle,ihr,0,PPER,PPER,ihr,ihr,sie,sie,1,1,Sie gibt ihr im perfekten Spanisch eine Wegbeschreibung zum Bahnhof.
5789,subtitle,im,0,APPRART,ART,in,in,im,im,1,1,Sie gibt ihr im perfekten Spanisch eine Wegbeschreibung zum Bahnhof.
5789,subtitle,zum,0,APPRART,APPR,zu,zu,zum,zum,1,1,Sie gibt ihr im perfekten Spanisch eine Wegbeschreibung zum Bahnhof.
5797,subtitle,selbstständiges,0,ADJA,ADJA,selbstständig,selbstständig,selbständig,selbständig,1,1,Weishaupt über die Grenze in ein selbstständiges Fürstentum.
5801,subtitle,weißt,0,VVFIN,VVFIN,weißen,wissen,weißen,weißen,1,1,"Ich hoffe, du weißt, dass ich dich nie bestehlen würde."
5801,subtitle,dich,0,PRF,PRF,dich,dich,du,du,1,1,"Ich hoffe, du weißt, dass ich dich nie bestehlen würde."
5804,subtitle,Schlafsäcken,0,NN,NN,Schlafsäcke,schlafsäcke,Schlafsack,Schlafsack,1,1,"Wie penibel er sich vorbereitet, sieht man an einem kleinen Beispiel: Auf einer Expedition hat Amundsen Probleme mit den Schlafsäcken."
5807,subtitle,mir,0,PPER,PRF,sich,sich,ich,ich,1,1,"Also: “Das kann nur Laura sein” bedeutet: Ich bin mir sehr sicher, dass es Laura ist."
5809,subtitle,Erste,0,NN,ADJA,erster,erster,erst,erst,1,1,"Wenn Wissenschaftler ausrechnen, mit welchem Druck Pinguine kacken, bin ich die Erste, die darüber berichtet."
5810,subtitle,im,0,APPRART,ART,in,in,im,im,1,1,Hier ist “lieb” im Sinne von “willkommen” oder “angenehm” gemeint.
5815,subtitle,erstes,0,ADJA,ADJA,erster,erster,erst,erst,1,1,Unser erstes Verb ist “etwas absagen”.
5816,subtitle,gespannt,0,ADJD,ADJD,gespannt,gespannt,spannen,spannen,1,1,"Ich bin wirklich gespannt, ob Lena in echt auch so hübsch ist, wie auf ihren Bildern."
5817,subtitle,weniger,0,PIAT,PIAT,weniger,weniger,wenig,wenig,1,1,"Innerhalb weniger Jahre wird die Deutsche Post zu einem wichtigen Player, national und immer mehr auch international."
5818,subtitle,Inder,0,NN,NN,Ind,ind,Inder,Inder,1,1,"Also muss ich unseren Inder beraten Freunde, um sie an dich zu verkaufen."
5818,subtitle,dich,0,PPER,PPER,dich,dich,du,du,1,1,"Also muss ich unseren Inder beraten Freunde, um sie an dich zu verkaufen."
5819,subtitle,mehreren,0,PIAT,PIAT,mehrere,mehrere,mehr,mehr,1,1,"Damit jenseits von Liebesbeziehungen oder der Ehe 2 oder mehreren Personen ermöglicht wird, rechtlich füreinander Verantwortung zu übernehmen."
5827,subtitle,uns,0,PRF,PRF,sich,sich,wir,wir,1,1,"Wir werden uns das im Detail genauer anschauen, wenn wir das Wahlprogramm analysieren in diesem Video."
5827,subtitle,im,0,APPRART,ART,in,in,im,imen,1,1,"Wir werden uns das im Detail genauer anschauen, wenn wir das Wahlprogramm analysieren in diesem Video."
5828,subtitle,eine,0,PIS,PIS,einer,einer,ein,ein,1,1,Angela Merkel soll eine der treibenden Kräfte sein gegen Volksentscheide auf Bundesebene.
5830,subtitle,Nächste,1,ADJA,ADJA,Nächste,nächste,nah,nah,1,1,Nächste Runde ist er bestimmt wieder da. Aber was habe ich jetzt wieder falsch gemacht?
5830,subtitle,bestimmt,0,ADJD,ADV,bestimmen,bestimmen,bestimmt,bestimmt,1,1,Nächste Runde ist er bestimmt wieder da. Aber was habe ich jetzt wieder falsch gemacht?
5831,subtitle,denk,0,VVFIN,VVFIN,denk,denk,denken,denken,1,1,"Aber ich denk mir dann auch wieder, wo kann man das?"
5831,subtitle,mir,0,PRF,PRF,mir,mir,ich,ich,1,1,"Aber ich denk mir dann auch wieder, wo kann man das?"
5834,subtitle,bestückt,0,VVPP,VVPP,bestücken,bestückt,bestücken,bestücken,1,1,"Die Läden haben wir aus Mitteln des Vereins bezahlt und haben wir dann mit Personal bestückt, die teilweise auch einen sozialen Hintergrund hatten."
5836,subtitle,herausgefunden,0,VVPP,VVPP,herausfinden,herausgefunden,herausfinden,herausfinden,1,1,"Was die Forscher dabei herausgefunden haben und welche Projekte aktuell anstehen, das hat uns Volker Hahn erklärt."
5836,subtitle,uns,0,PPER,PPER,uns,uns,wir,wir,1,1,"Was die Forscher dabei herausgefunden haben und welche Projekte aktuell anstehen, das hat uns Volker Hahn erklärt."
5837,subtitle,im,0,APPRART,ART,in,in,im,imen,1,1,"Die Briten wollen zeigen, dass sie im Machtgerangel der Nationen noch immer ganz oben mitspielen."
5838,subtitle,im,0,APPRART,ART,in,in,im,im,1,1,In Sachsen-Anhalt käme die AfD bei diesen Zahlen auf 35 von 83 möglichen Sitzen im Landtag und in Mecklenburg-Vorpommern auf 29 von 71 Sitzen.
5839,subtitle,mich,0,PRF,PRF,sich,sich,ich,ich,1,1,"Das fühlt sich an nach dem guten, gesunden neuen Kapitel und ich freue mich."
5841,subtitle,dich,0,PPER,PPER,dich,dich,du,du,1,1,Warum ist er dann sauer auf dich?
5842,subtitle,weggenommen,0,VVPP,VVPP,wegnommen,weggenommen,wegnehmen,wegnehmen,1,1,"Als Kind weggenommen, für immer ferngehalten?"
5842,subtitle,ferngehalten,0,VVPP,VVPP,ferngehalten,ferngehalten,fernhalten,fernhalten,1,1,"Als Kind weggenommen, für immer ferngehalten?"
5843,subtitle,im,0,APPRART,ART,in,in,im,imen,1,1,Ich bin im Land der Häuslebauer.
5846,subtitle,mich,0,PRF,PRF,sich,sich,ich,ich,1,1,Ich kann mich mal umhören.
5849,subtitle,zum,0,APPRART,ART,zu,zu,zum,zum,1,1,Bei der Fraktionssitzung erörtern sie auch zum Beispiel die politische Lage oder beschließen Gesetzentwürfe.
5849,subtitle,Gesetzentwürfe,0,NN,NN,Gesetzentwürf,gesetzentwürf,Gesetzentwurf,Gesetzentwurf,0,1,Bei der Fraktionssitzung erörtern sie auch zum Beispiel die politische Lage oder beschließen Gesetzentwürfe.
5850,subtitle,meinen,0,VVFIN,VVFIN,meinen,meinen,mein,mein,1,1,Die meinen es wirklich ernst.
5855,subtitle,willst,0,VMFIN,VMFIN,willen,willen,wollen,wollen,1,1,"Hey, Chase, willst du dich etwa auch hier verstecken?"
5855,subtitle,dich,0,PRF,PPER,dich,dich,du,du,1,1,"Hey, Chase, willst du dich etwa auch hier verstecken?"
5856,subtitle,erste,0,ADJA,ADJA,erster,erster,erst,erst,1,1,"Das sind erste Anzeichen dafür, dass der Markt konsolidiert."
5858,subtitle,im,0,APPRART,ART,in,in,im,imen,1,1,"Dafür haben wir im deutschen Arbeitsrecht einen Begriff, den nennen wir ""Mehrarbeit"" oder ""Überstunden"", weil das geht ständig so weiter."
5859,subtitle,wegzogen,0,NN,VVFIN,wegzog,wegzog,wegziehen,wegziehen,1,1,"Wir wissen nur, dass ihre Kultur unterging und sie entweder wegzogen oder ausstarben."
5859,subtitle,ausstarben,0,VVFIN,VVFIN,ausstarben,ausstarben,aussterben,aussterben,1,1,"Wir wissen nur, dass ihre Kultur unterging und sie entweder wegzogen oder ausstarben."
5860,subtitle,im,0,APPRART,ART,in,in,im,im,1,1,Er liegt noch im Bett.
5862,subtitle,gesündeste,0,NN,ADJA,gesündeste,gesündeste,gesündest,gesund,1,0,Er ist jetzt der gesündeste von uns.
5862,subtitle,uns,0,PPER,PPER,uns,uns,wir,wir,1,1,Er ist jetzt der gesündeste von uns.
5864,subtitle,euch,0,PPER,PPER,euch,euch,ihr,ihr,1,1,Wäre er für euch ein guter Bundeskanzler?
5865,subtitle,geht's,0,VVFIN,VVFIN,geht's,gehen,gehe'en,gehten,1,0,Los geht's jetzt. (Lockere Musik) (Abfallende Klänge) Eine Supermacht greift den Iran an und besetzt das Land.
5866,subtitle,im,0,APPRART,ART,in,in,im,im,1,1,"Das schwarze Loch im Zentrum der Galaxie BL Lacertae frisst so viel Materie, dass Plasmastrahlen entstehen, die fast bis auf Lichtgeschwindigkeit beschleunigen."
5866,subtitle,frisst,0,VVFIN,VVFIN,frissen,frisst,fressen,fressen,1,1,"Das schwarze Loch im Zentrum der Galaxie BL Lacertae frisst so viel Materie, dass Plasmastrahlen entstehen, die fast bis auf Lichtgeschwindigkeit beschleunigen."
5866,subtitle,Plasmastrahlen,0,NN,NN,Plasmastrahle,plasmastrahle,Plasmastrahl,Plasmastrahl,0,1,"Das schwarze Loch im Zentrum der Galaxie BL Lacertae frisst so viel Materie, dass Plasmastrahlen entstehen, die fast bis auf Lichtgeschwindigkeit beschleunigen."
5872,subtitle,Säfte,0,NN,NN,Säft,säft,Saft,Saft,0,1,"Aldi Süd teilt mit, dass es sein könne, dass für Säfte und Schorlen, für Tiefkühlprodukte und Konfitüren zum Teil auf chinesische Rohware zurückgegriffen werde."
5872,subtitle,Schorlen,0,NN,NN,Schorl,schorl,Schorle,Schorle,0,1,"Aldi Süd teilt mit, dass es sein könne, dass für Säfte und Schorlen, für Tiefkühlprodukte und Konfitüren zum Teil auf chinesische Rohware zurückgegriffen werde."
5872,subtitle,Konfitüren,0,NN,NN,Konfitür,konfitür,Konfitüre,Konfitüre,0,1,"Aldi Süd teilt mit, dass es sein könne, dass für Säfte und Schorlen, für Tiefkühlprodukte und Konfitüren zum Teil auf chinesische Rohware zurückgegriffen werde."
5872,subtitle,zum,0,APPRART,ART,zu,zu,zum,zum,1,1,"Aldi Süd teilt mit, dass es sein könne, dass für Säfte und Schorlen, für Tiefkühlprodukte und Konfitüren zum Teil auf chinesische Rohware zurückgegriffen werde."
5872,subtitle,zurückgegriffen,0,VVINF,VVPP,zurückgegriffen,zurückgegriffen,zurückgreifen,zurückgreifen,1,1,"Aldi Süd teilt mit, dass es sein könne, dass für Säfte und Schorlen, für Tiefkühlprodukte und Konfitüren zum Teil auf chinesische Rohware zurückgegriffen werde."
5873,subtitle,zum,0,APPRART,ART,zu,zu,zum,zum,1,1,Wer dieser drei Herren hat sich selbst zum Reichskanzler ernannt nach einem Putsch?
5874,subtitle,uns,0,PRF,PRF,sich,sich,wir,wir,1,1,Vielleicht müssen wir uns einfach wieder öfter sehen.
5874,subtitle,öfter,0,ADV,ADV,öfter,öfter,oft,oft,1,1,Vielleicht müssen wir uns einfach wieder öfter sehen.
5878,subtitle,biegbaren,0,ADJA,ADJA,biegbaren,biegbaren,biegbar,biegbar,1,1,Bei biegbaren Bausteinen ist Lego inzwischen schon weitergekommen.
5879,subtitle,konntest,0,VMFIN,VMFIN,konntestn,konntest,können,können,1,1,"Diese Zeit brauchte es, damit du zu einem funktionierenden Menschen werden konntest."
5881,subtitle,dich,0,PRF,PRF,dich,dich,du,du,1,1,"Ich werde dich dabei nicht aufhalten, Lisa."
5884,subtitle,ihr,0,PPER,PPER,ihr,ihr,sie,sie,1,1,Auch dazu findet ihr einen Link.
5885,subtitle,Zum,1,APPRART,ART,zu,zu,zum,zum,1,1,"Zum Beispiel, wenn es um das Heizungsgesetz ging."
5886,subtitle,unvorhersehbarem,0,ADJA,ADJA,unvorhersehbar,unvorhersehbar,unvorhersehbarem,unvorhersehbar,1,1,Die Weite der Wüste erlaubt seinen Panzereinheiten ihrer Mobilität in unvorhersehbarem Ausmaß zu entfalten.
5887,subtitle,geht's,0,VVFIN,VVFIN,geht's,gehen,gehe'en,gehten,1,0,Da geht's dann explizit um Corona.
5889,subtitle,mir,0,PRF,PRF,mir,mir,ich,ich,1,1,"Ich bin mir wegen des Briefs, den ich schreiben musste, nicht sicher."
5890,subtitle,harmloser,0,ADJD,ADJD,harmloser,harmloser,harmlos,harmlos,1,1,"Dann werden vor allem dramatische und alarmierende Schlagzeilen formuliert, deren Inhalt weitaus harmloser ist."
5895,subtitle,ihm,0,PPER,PPER,ihm,ihm,er,er,1,1,Und was soll ich ihm sagen?
5901,subtitle,mir,0,PPER,PPER,mir,mir,ich,ich,1,1,Oder was mir eben eingefallen ist.
5902,subtitle,geschneit,0,ADV,VVPP,Geschneit,geschneit,schneien,schneien,1,1,Es hat gerade geschneit da oben.
5906,subtitle,euch,0,PPER,PPER,euch,euch,ihr,ihr,1,1,"Es ist nur ein Gedanke, aber stellt euch vor, man könnte vor der Geburt feststellen, ob ein Kind evtl. homosexuell wird."
5908,subtitle,check,0,VVFIN,VVFIN,Check,check,checken,checken,1,1,Ich check schon seit zwei Folgen nichts.
5909,subtitle,charmante,0,ADJA,ADJA,charmant,charmant,charmante,charmant,1,1,Wir könnten eine charmante Stadt in der Nähe aussuchen und dort ein bisschen herumlaufen.
5910,subtitle,uns,0,PPER,PPER,uns,uns,wir,wir,1,1,Dein Vater war gestern bei uns zu Hause.
5915,subtitle,Schloss,0,NN,NN,Schloss,schloss,Schloß,Schloß,1,1,Das goldene Schloss symbolisiert dies.
5918,subtitle,Proteine,1,NN,NN,Protein,protein,Proteine,Proteine,1,1,"Proteine sind der wichtigste Rohstoffe, um unsere Zellen aufzubauen und zu reparieren."
5920,subtitle,gibt's,0,VVFIN,VVFIN,gibt's,geben,gibte'n,gibten,1,0,Dort gibt's auch vorgefertigte Einstellungen mit kleinen Symbolen die zeige ich dir jetzt.
5920,subtitle,dir,0,PPER,PPER,dir,dir,du,dir,1,1,Dort gibt's auch vorgefertigte Einstellungen mit kleinen Symbolen die zeige ich dir jetzt.
5931,subtitle,ihr,0,PPER,PPER,ihr,ihr,sie,sie,1,1,Vielleicht kennt ihr das Attentat auf die israelische Delegation während der Olympischen Spiele 1972 in München.
5932,subtitle,uns,0,PPER,PRF,sich,sich,wir,wir,1,1,"Freunde der Sonne, wir sehen uns."
5933,subtitle,Leidtragende,1,NN,NN,Leidtragende,leidtragende,Leidtragend,Leidtragender,1,1,"Leidtragende sind vor allem die russischen Bürger, die das ganze mit ihren Steuern bezahlt haben."
5934,subtitle,zusammen-,0,TRUNC,ADJD,zusamme,zusamme,zusammen-,zusammen-,1,0,"Wer jetzt noch wissen will, warum man ""dasselbe"" zusammen-, aber ""das gleiche"" getrennt schreibt: Aufgepasst!"
5934,subtitle,gleiche,0,ADJA,NN,gleich,gleich,gleichen,gleichen,1,1,"Wer jetzt noch wissen will, warum man ""dasselbe"" zusammen-, aber ""das gleiche"" getrennt schreibt: Aufgepasst!"
5934,subtitle,Aufgepasst,0,NN,VVPP,Aufgepasst,aufgepasst,aufpassen,Aufgepasst,1,1,"Wer jetzt noch wissen will, warum man ""dasselbe"" zusammen-, aber ""das gleiche"" getrennt schreibt: Aufgepasst!"
5936,subtitle,was,0,PRELS,PWS,wer,wer,was,was,1,1,"Also was wir nicht benutzen, degeneriert."
5936,subtitle,degeneriert,0,VVPP,VVPP,degenerieren,degeneriert,degenerieren,degenerieren,1,0,"Also was wir nicht benutzen, degeneriert."
5937,subtitle,im,0,APPRART,ART,in,in,im,im,1,1,Er gibt Kurse im Bergsteigen als psychologische Schulung.
5938,subtitle,strukturiert,0,VVPP,VVPP,strukturieren,strukturieren,strukturiert,strukturiert,1,1,Fangen wir mit der Morgenroutine an. Als Studentin ist mein Morgen recht strukturiert.
5941,subtitle,dir,0,PPER,PPER,dir,dir,du,dir,1,1,Nimm dir ein Beispiel an Pepe!
5943,subtitle,lieber,0,ADV,ADV,lieber,lieber,lieb,lieb,1,1,"Ja, lieber einmal mehr Fragen als gar nicht."
5944,subtitle,viele,0,PIAT,PIAT,vieler,vieler,viel,viel,1,1,"Und auch das prangern viele Kritiker an. Um Unternehmen finanzielle Sicherheit zu geben, ist die Regierung bei einigen mit eingestiegen."
5945,subtitle,Früher,1,ADJD,ADV,früh,früh,früher,früher,1,1,"Früher oder später musst du dich daran gewöhnen, Schatz!"
5945,subtitle,dich,0,PRF,PPER,dich,dich,du,du,1,1,"Früher oder später musst du dich daran gewöhnen, Schatz!"
5946,subtitle,was,0,PRELS,PWS,wer,wer,was,was,1,1,"Selbst ein ehemaliger Sicherheitsberater sagt, das sei ein Fiasko gewesen, was Donald Trump da gemacht habe."
5948,subtitle,im,0,APPRART,ART,in,in,im,imen,1,1,"Man kann im Grunde sehr, sehr wenig essen."
5949,subtitle,Viele,1,PIS,PIS,viele,viele,viel,viel,1,1,"Viele von dem, was Olaf Scholz in den frühen Jahren forderte, sah er ab Ende der 1990er-Jahre komplett anders."
5949,subtitle,was,0,PRELS,PRELS,wer,wer,was,was,1,1,"Viele von dem, was Olaf Scholz in den frühen Jahren forderte, sah er ab Ende der 1990er-Jahre komplett anders."
5952,subtitle,viele,0,PIS,PIS,viele,viele,viel,viel,1,1,"Pierre sagt, viele seiner Freunde seien jetzt vor der Bundestagswahl enttäuscht von der Politik und den Parteien."
5952,subtitle,enttäuscht,0,VVPP,ADJD,enttäuschen,enttäuschen,enttäuscht,enttäuscht,1,1,"Pierre sagt, viele seiner Freunde seien jetzt vor der Bundestagswahl enttäuscht von der Politik und den Parteien."
5953,subtitle,verdreckte,0,ADJA,ADJA,verdreckt,verdreckt,verdrecken,verdrecken,1,1,"Jetzt kann man entweder bei einer unbewirtschafteten Raststätte rausfahren und riskieren, komplett verdreckte sanitäre Anlagen benutzen zu müssen oder sich sogar in Gefahr zu begeben."
5955,subtitle,ihr,0,PPER,PPER,ihr,ihr,sie,sie,1,1,"Einige der weiteren angebauten Produkte kennt ihr auch in Nahuatl, der aztekischen Sprache: Tomate und ""Chocolatl""."
5955,subtitle,Tomate,0,NN,NN,Tomat,tomat,Tomate,Tomate,0,1,"Einige der weiteren angebauten Produkte kennt ihr auch in Nahuatl, der aztekischen Sprache: Tomate und ""Chocolatl""."
5956,subtitle,dich,0,PRF,PPER,dich,dich,du,du,1,1,"Du kannst dich gerne hinsetzen, wenn du möchtest."
5956,subtitle,möchtest,0,VVFIN,VMFIN,möchteen,möchtest,mögen,mögen,1,1,"Du kannst dich gerne hinsetzen, wenn du möchtest."
5961,subtitle,zum,0,APPRART,ART,zu,zu,zum,zum,1,1,"""Wir müssen auch da als Rechtsstaat ganz genau hinschauen"", sagt zum Beispiel der FDP-Fraktionsvorsitzende Christian Dürr."
5962,subtitle,im,0,APPRART,ART,in,in,im,im,1,1,Ein Virus hat die Computer im Büro befallen.
5963,subtitle,lange,0,ADV,ADV,lange,lange,lang,lange,1,1,Das Stadion ist lange ausverkauft.
5964,subtitle,am,0,APPRART,ART,an,an,am,am,1,1,"Bereits am 6. Dezember startet die erste Maschine zum Probeflug, der allerdings aufgrund technischer Unzulänglichkeiten tödlich endet."
5964,subtitle,erste,0,ADJA,ADJA,erster,erster,erst,erst,1,1,"Bereits am 6. Dezember startet die erste Maschine zum Probeflug, der allerdings aufgrund technischer Unzulänglichkeiten tödlich endet."
5964,subtitle,zum,0,APPRART,ART,zu,zu,zum,zum,1,1,"Bereits am 6. Dezember startet die erste Maschine zum Probeflug, der allerdings aufgrund technischer Unzulänglichkeiten tödlich endet."
5967,subtitle,euch,0,PRF,PPER,euch,euch,ihr,ihr,1,1,Ich werde euch zum Diamanten machen.
5967,subtitle,zum,0,APPRART,ART,zu,zu,zum,zum,1,1,Ich werde euch zum Diamanten machen.
5967,subtitle,Diamanten,0,NN,NN,Diamanten,diamanten,Diamant,Diamant,1,1,Ich werde euch zum Diamanten machen.
5972,subtitle,Proteine,0,NN,NN,Protein,protein,Proteine,Proteine,1,1,"Wenig Fette und Ballaststoffe, maßvoll Proteine."
5973,subtitle,mir,0,PPER,PPER,mir,mir,ich,ich,1,1,"Oh, er hat mir eine Nachricht geschrieben."
5977,subtitle,zur,0,APPRART,ART,zu,zu,zur,zu,1,1,Doch für die insgesamt 1000 Schüler stehen gerade einmal rund 60 Tablets zur Verfügung.
5978,subtitle,ihr,0,PPER,PPER,ihr,ihr,sie,sie,1,1,Habt ihr schon eine Idee für seinen Namen?
5979,subtitle,meldest,0,VVFIN,VVFIN,meldestn,meldest,melden,melden,1,1,"Du meldest dich aber auch nur, wenn dir irgendwo der Schrückt, was oder drückt es den Werten Herrn noch anderswo."
5979,subtitle,dich,0,PRF,PPER,dich,dich,du,du,1,1,"Du meldest dich aber auch nur, wenn dir irgendwo der Schrückt, was oder drückt es den Werten Herrn noch anderswo."
5979,subtitle,dir,0,PPER,PPER,dir,dir,du,dir,1,1,"Du meldest dich aber auch nur, wenn dir irgendwo der Schrückt, was oder drückt es den Werten Herrn noch anderswo."
5981,subtitle,Spannendes,1,ADJA,ADJA,Spannendes,spannendes,spannend,spannend,1,1,"Spannendes Thema, sollte man sich mit befassen."
5984,subtitle,gleiche,0,ADJA,NN,gleich,gleich,gleichen,gleichen,1,1,Das gleiche ist auch für Telk und das gleiche gibt's auch für andere Sachen.
5984,subtitle,gleiche,0,ADJA,NN,gleich,gleich,gleichen,gleichen,1,1,Das gleiche ist auch für Telk und das gleiche gibt's auch für andere Sachen.
5984,subtitle,gibt's,0,NN,VVFIN,gibt's,gibt's,gibte'n,gibten,1,0,Das gleiche ist auch für Telk und das gleiche gibt's auch für andere Sachen.
5988,subtitle,-Arbeiter,0,NN,NN,Arbeiter,arbeiter,-Arbeiter,-Arbeiter,1,1,"Es gibt auch ein paar zusammengesetzte Wörter mit “-Arbeiter”, die Personen beschreiben, die nicht körperlich arbeiten."
5990,subtitle,Prozess,0,NN,NN,Prozess,prozess,Prozeß,Prozeß,1,1,Wir beschreiben hier immer einen Prozess.
5991,subtitle,gleiche,0,ADJA,NN,gleich,gleich,gleichen,gleichen,1,1,"Ich wünschte, ich könnte das gleiche behaupten, Vladimir."
5993,subtitle,mir,0,PPER,PPER,mir,mir,ich,ich,1,1,"Und was mir am wichtigsten auch ist, ist der Teamplayer, hier lebt man noch richtig die Kameradschaft."
5993,subtitle,am,0,PTKA,ART,an,an,am,am,1,1,"Und was mir am wichtigsten auch ist, ist der Teamplayer, hier lebt man noch richtig die Kameradschaft."
5995,subtitle,uns,0,PRF,PRF,sich,sich,wir,wir,1,1,Aber wir sehen uns so selten.
5997,subtitle,viele,0,PIAT,PIAT,vieler,vieler,viel,viel,1,1,"Wir haben ja sehr viele verschiedene Onlinekurse, die dich auf diesem Weg unterstützen."
5997,subtitle,dich,0,PRF,PPER,dich,dich,du,du,1,1,"Wir haben ja sehr viele verschiedene Onlinekurse, die dich auf diesem Weg unterstützen."
5998,subtitle,was,0,PRELS,PWS,wer,wer,was,was,1,1,"Ich werbe nur für das, was andere Leute machen."
5999,subtitle,Schluss,0,NN,NN,Schluss,schluss,Schluß,Schluß,1,1,"Ich bin zu dem Schluss gekommen, dass zurzeit nicht der richtige Moment für mich ist, eine Beziehung zu führen."
5999,subtitle,mich,0,PPER,PPER,mich,mich,ich,ich,1,1,"Ich bin zu dem Schluss gekommen, dass zurzeit nicht der richtige Moment für mich ist, eine Beziehung zu führen."
6003,transcript,'nem,0,ART,ART,'n,'n,'nemer,syl,0,0,"Wir sind jetzt an 'nem echten Wahrzeichen, der Frauenkirche in Dresden. Warum..."
6007,transcript,out,0,ADJD,FM,out,out,outen,outen,1,1,"Yeh, err, I can read out an example."
6008,transcript,dich,0,PPER,PPER,dich,dich,du,du,1,1,Gutes Essen. - Mhm. Was ist gutes Essen für dich?
6009,transcript,am,0,APPRART,ART,an,an,am,am,1,1,"Besonders ist natürlich die Lage, direkt am Meer, mit Sonnenschein das ganze Jahr."
6011,transcript,viele,0,PIAT,PIAT,vieler,vieler,viel,viel,1,1,"Ha... eigentlich ja viele Sachen, also das äh Freiburger Münster, auf jeden Fall und dann ja..."
6012,transcript,viele,0,PIAT,PIAT,vieler,vieler,viel,viel,1,1,"Es wird auch das inoffizielle Gästehaus der Bundesregierung genannt, denn sehr viele Staatsgäste übernachten hier."
6015,transcript,gekriegt,0,VVPP,VVPP,gekriegen,gekriegt,kriegen,kriegen,1,1,"Wenn er Wasser gekriegt hat, dann blühen da schöne Blumen."
6018,transcript,uns,0,PPER,PPER,uns,uns,wir,wir,1,1,"Ach? - Ja. - Verrätst du uns, was da drin ist?"
6019,transcript,versteh,0,VVFIN,VVFIN,versteh,versteh,verstehen,verstehen,1,1,"Ein Schnack? Na, das versteh ich nicht, aber schau, jetzt haben wir was gefunden, was ich nicht verstehe."
6019,transcript,was,0,PRELS,PWS,wer,wer,was,was,1,1,"Ein Schnack? Na, das versteh ich nicht, aber schau, jetzt haben wir was gefunden, was ich nicht verstehe."
6021,transcript,mir,0,PPER,PPER,mir,mir,ich,ich,1,1,"Ja, das tut mir auch total leid, aber ähm, da sind grad Bauarbeiten und äh, das war für mich..."
6021,transcript,mich,0,PPER,PPER,mich,mich,ich,ich,1,1,"Ja, das tut mir auch total leid, aber ähm, da sind grad Bauarbeiten und äh, das war für mich..."
6023,transcript,glaub,0,ADJD,VVFIN,glaub,glaub,glauben,glauben,1,1,"Hm, naa, ich glaub', das war's ungefähr."
6023,transcript,war's,0,VVFIN,VVFIN,war's,war's,wer'en,sein,0,0,"Hm, naa, ich glaub', das war's ungefähr."
6025,transcript,einiges,0,PIS,PIS,einiger,einiger,einige,einige,1,1,Unsere Mitglieder bekommen einiges an Bonusmaterial zu unseren Videos und zu unseren Podcast-Episoden.
6027,transcript,Wem,1,PWS,PWS,wem,wem,wer,wem,1,1,"Wem hab' ich zuletzt gratuliert? Oh, meiner Oma am Samstag!"
6027,transcript,am,0,APPRART,ART,an,an,am,am,1,1,"Wem hab' ich zuletzt gratuliert? Oh, meiner Oma am Samstag!"
6028,transcript,mich,0,PRF,PRF,sich,sich,ich,ich,1,1,"Willkommen in Berlin. - Äh dankeschön, ich freue mich sehr."
6029,transcript,im,0,APPRART,ART,in,in,im,im,1,1,"Der Briefkasten. Wir haben keine Post im Briefkasten, nur Werbung."
6031,transcript,mir,0,PRF,PRF,sich,sich,ich,ich,1,1,"Ich kaufe mir eine Kanne Kaffee, denn ich bin kaffeesüchtig."
6036,transcript,geht's,0,VVFIN,VVFIN,geht's,gehen,gehe'en,gehten,1,0,"Weiter geht's mit ""Zum Geburtstag viel Glück""."
6036,transcript,Zum,0,APPRART,ART,zu,zu,zum,zum,1,1,"Weiter geht's mit ""Zum Geburtstag viel Glück""."
6037,transcript,gibt's,0,VVFIN,VVFIN,gibt's,geben,gibte'n,gibten,1,0,"über Kanadier… gibt's kaum schlechte, negative Vorurteile, oder?"
6040,transcript,Chiligurken,0,NN,NN,Chiligurk,chiligurk,Chiligurke,Chiligurke,0,1,"Während mein Mund noch von den Chiligurken brennt, geht Janusz zur Fischräucherei."
6040,transcript,zur,0,APPRART,APPR,zu,zu,zur,zur,1,1,"Während mein Mund noch von den Chiligurken brennt, geht Janusz zur Fischräucherei."
6041,transcript,bräuchte,0,VVFIN,VVFIN,bräuchte,bräuchte,brauchen,brauchen,1,1,"Wenn man sämtliche Namen vorlesen wollte, bräuchte man fast sieben Jahre."
6042,transcript,glaub,0,ADJD,VVFIN,glaub,glaub,glauben,glauben,1,1,"Ich glaub', am Anfang 'n bisschen zurückhaltender, dann kommt natürlich der Alkohol und dann wird's besser."
6042,transcript,am,0,APPRART,APPR,an,an,am,am,1,1,"Ich glaub', am Anfang 'n bisschen zurückhaltender, dann kommt natürlich der Alkohol und dann wird's besser."
6042,transcript,wird's,0,VAFIN,VAFIN,wird's,wird's,werd'en,wird'ss,0,0,"Ich glaub', am Anfang 'n bisschen zurückhaltender, dann kommt natürlich der Alkohol und dann wird's besser."
6045,transcript,euch,0,PRF,PRF,euch,euch,ihr,ihr,1,1,"Während Janusz mampft, wollen Isi und ich euch von unserer Easy German Mitgliedschaft erzählen."
6047,transcript,Möchten,1,VMFIN,VVFIN,möchten,mögen,Möchten,pönen,1,1,Möchten Sie schon etwas zu trinken bestellen?
6049,transcript,ihr,0,PPER,PPER,ihr,ihr,sie,sie,1,1,"Oder geht ihr lieber ins Geschäft, weil ihr denkt, echte Geschäfte, die sollen unbedingt überleben?"
6049,transcript,lieber,0,ADV,ADV,lieber,lieber,lieb,lieb,1,1,"Oder geht ihr lieber ins Geschäft, weil ihr denkt, echte Geschäfte, die sollen unbedingt überleben?"
6049,transcript,ins,0,APPRART,ART,in,in,ecser,ins,1,0,"Oder geht ihr lieber ins Geschäft, weil ihr denkt, echte Geschäfte, die sollen unbedingt überleben?"
6049,transcript,ihr,0,PPER,PPER,ihr,ihr,sie,sie,1,1,"Oder geht ihr lieber ins Geschäft, weil ihr denkt, echte Geschäfte, die sollen unbedingt überleben?"
6052,transcript,Pfannkuchen,0,NN,NN,Pfannkuch,pfannkuch,Pfannkuchen,Pfannkuchen,0,1,"Wir werden den Teig ungefähr für sieben Pfannkuchen vorbereiten, damit ihr die Mengen kennt."
6052,transcript,ihr,0,PPER,PPER,ihr,ihr,sie,sie,1,1,"Wir werden den Teig ungefähr für sieben Pfannkuchen vorbereiten, damit ihr die Mengen kennt."
6053,transcript,dich,0,PPER,PPER,dich,dich,du,du,1,1,"Naja, ""Ich liebe dich"". Also..."
6055,transcript,zieht,0,VVFIN,VVFIN,ziehen,ziehen,zeihen,ziehen,1,1,Und wann zieht man in Ecuador aus von zu Hause normalerweise?
6058,transcript,'nen,0,ART,PIAT,'n,'n,'nerer,'nen,0,0,"Wenn ich 'nen Termin habe oder sowas, dann zehn Minuten."
6060,transcript,Danke,0,NN,PTKANT,Danke,danke,Dank,Dank,1,1,"Ah, herzlichen Glückwunsch! - Danke schön."
6062,transcript,euch,0,PRF,PRF,euch,euch,ihr,ihr,1,1,"Wir möchten euch gerne unsere App Seedlang ans Herz legen, an der wir alle mitgearbeitet haben."
6062,transcript,ans,0,APPRART,APPR,an,an,ans,ans,1,1,"Wir möchten euch gerne unsere App Seedlang ans Herz legen, an der wir alle mitgearbeitet haben."
6063,transcript,ihr,0,PPER,PPER,ihr,ihr,sie,sie,1,1,"Und die Hürde ist ganz klein und so habt ihr jeden Tag das Gefühl, ein bisschen weiterzukommen."
6063,transcript,weiterzukommen,0,VVINF,VVIZU,weiterzukommen,weiterzukommen,weiterkommen,weiterkommen,1,1,"Und die Hürde ist ganz klein und so habt ihr jeden Tag das Gefühl, ein bisschen weiterzukommen."
6064,transcript,ihr,0,PPER,PPER,ihr,ihr,sie,sie,1,1,Die Übungen bekommt ihr als Mitglied von Easy German.
6065,transcript,'ne,0,ART,ART,'ne,'ne,'ner,'ne,0,0,"Na ja, also wir haben 'ne eigene Sprache, wir haben auch ('ne) gewisse eigene Kultur, Frankenkultur ist ja schon sehr alt."
6070,transcript,Glitzerjacke,0,NN,NN,Glitzerjack,glitzerjack,Glitzerjacke,Glitzerjacke,1,1,"Nein, das war... so wie er hat! Mit dem äh der Glitzerjacke und auch mit dem Klavierschal."
6071,transcript,was,0,ART,PWS,wer,wer,was,was,1,1,"Und ein trauriger Moment war, als vor And a sad moment was when drei Jahren mein Vater gestorben ist. - Oh ja."
6075,transcript,Danke,1,NN,ITJ,Danke,danke,Dank,Dank,1,1,"Danke für's Zuschauen, danke, dass du dabei warst Sherin und bis zur nächsten Woche. - Gerne. - Tschüüß!"
6075,transcript,Zuschauen,0,NN,NN,Zuschauen,Zuschauen,Zuschaue,Zuschauen,1,1,"Danke für's Zuschauen, danke, dass du dabei warst Sherin und bis zur nächsten Woche. - Gerne. - Tschüüß!"
6075,transcript,danke,0,VVFIN,ITJ,danke,danke,danken,danken,1,1,"Danke für's Zuschauen, danke, dass du dabei warst Sherin und bis zur nächsten Woche. - Gerne. - Tschüüß!"
6075,transcript,zur,0,APPRART,ART,zu,zu,zur,zu,1,1,"Danke für's Zuschauen, danke, dass du dabei warst Sherin und bis zur nächsten Woche. - Gerne. - Tschüüß!"
6075,transcript,nächsten,0,ADJA,ADJA,nächster,nächster,nah,nah,1,1,"Danke für's Zuschauen, danke, dass du dabei warst Sherin und bis zur nächsten Woche. - Gerne. - Tschüüß!"
6077,transcript,Warst,0,VVFIN,VAFIN,Warst,sein,wersen,sarsen,1,0,Unsere Frage heute ist: Warst du schon mal bei einem Protest?
6081,transcript,im,0,APPRART,ART,in,in,im,im,1,1,"Also die Musik, die im Radio läuft, muss zu sechzig oder siebzig Prozent..."
6082,transcript,zweite,0,ADJA,ADJA,zweiter,zweiter,zweit,zweit,1,1,"""Zwar... aber"" zeigt, dass es zwei Informationen gibt, aber die zweite Information schränkt die erste Information ein."
6082,transcript,erste,0,ADJA,ADJA,erster,erster,erst,erst,1,1,"""Zwar... aber"" zeigt, dass es zwei Informationen gibt, aber die zweite Information schränkt die erste Information ein."
6084,transcript,'ne,0,ART,ART,'ne,'ne,'ner,'ne,0,0,Ist auch 'ne slavische Sprache irgendwie.
6085,transcript,Handwerkliches,0,NN,NN,Handwerkliches,handwerkliches,Handwerkliche,Handwerkliche,1,1,"Das wusste ich damals nicht besser, aber eigentlich hätte ich damals so was Handwerkliches machen sollen, das wär' gut gewesen."
6085,transcript,wär,0,VAFIN,VAFIN,wär,wär,sein,sein,1,1,"Das wusste ich damals nicht besser, aber eigentlich hätte ich damals so was Handwerkliches machen sollen, das wär' gut gewesen."
6088,transcript,zum,0,APPRART,ART,zu,zu,zum,zum,1,1,"Äh, zum Beispiel das, ähm, ehemalige Fort in der Krefelder Straße mit einem schönen Rosengarten. Kennt kaum jemand."
6091,transcript,viele,0,PIAT,PIAT,vieler,vieler,viel,viel,1,1,"es gibt viele Bedeutungen (dafür), aber das ist... äh..."
6098,transcript,am,0,APPRART,ART,an,an,am,am,1,1,Jetzt sitze ich am Schreibtisch von Janusz Hamerski.
6104,transcript,im,0,APPRART,ART,in,in,im,imen,1,1,"Aber heute Abend sind wir in der Volksbühne, da ist auch Tango, im Roten Salon."
6106,transcript,verstärkt,0,ADJD,ADJD,verstärken,verstärken,verstärkt,verstärkt,1,1,ganz verstärkt diese Digitalisierung erlebt.
6107,transcript,euch,0,PPER,PPER,euch,euch,ihr,ihr,1,1,Ihr gebt euch Mühe beim Deutsch lernen.
6107,transcript,beim,0,APPRART,ART,bei,bei,beim,beim,1,1,Ihr gebt euch Mühe beim Deutsch lernen.
6111,transcript,'nen,0,ART,PIAT,'n,'n,'nerer,'nen,0,0,Ein... 'nen Herd brauch ich auf jeden Fall. Ähm...
6111,transcript,brauch,0,VVFIN,VVFIN,brauch,brauch,brauchen,brauchen,1,1,Ein... 'nen Herd brauch ich auf jeden Fall. Ähm...
6112,transcript,uns,0,PPER,PPER,uns,uns,wir,wir,1,1,Es ist so gemütlich hier bei uns.
6115,transcript,ihr,0,PPER,PPER,ihr,ihr,sie,sie,1,1,Und habt ihr jetzt eine Band zusammen?
6116,transcript,Supermärkten,0,NN,NN,Supermärkt,supermärkt,Supermarkt,Supermarkt,0,1,"Lidl gehört zu den günstigeren Supermärkten, Lidl is one of the cheaper supermarkets, zusammen mit Netto, Penny und Aldi."
6118,transcript,gespannt,0,ADJD,ADJD,gespannt,gespannt,spannen,spannen,1,1,"Rotbier, nie gehört, ich bin gespannt."
6120,transcript,Viele,1,PIS,PIS,viele,viele,viel,viel,1,1,"Viele denken, wenn sie vom Wedding hören, an einen langweiligen, grauen und sogar gefährlichen Bezirk in Berlin."
6120,transcript,vom,0,APPRART,ART,von,von,vom,vom,1,1,"Viele denken, wenn sie vom Wedding hören, an einen langweiligen, grauen und sogar gefährlichen Bezirk in Berlin."
6122,transcript,früher,0,ADJD,ADV,früh,früh,früher,früher,1,1,"Na, ich fand früher die Zeit etwas entspannter als ich aufgewachsen bin. - Können Sie mir das näher beschreiben?"
6122,transcript,mir,0,PPER,PPER,mir,mir,ich,ich,1,1,"Na, ich fand früher die Zeit etwas entspannter als ich aufgewachsen bin. - Können Sie mir das näher beschreiben?"
6123,transcript,ihm,0,PPER,PPER,ihm,ihm,er,er,1,1,"Diese Frage ist natürlich etwas rhetorisch gemeint, denn Janusz erwartet nicht wirklich, dass ich ihm als Antwort einen konkreten Zeitpunkt nenne."
6127,transcript,belegter,0,ADJA,ADJA,belegt,belegt,belegter,belegter,1,1,Bei Echt Gute Wurst Wolff sehen wir eine Variation typisch deutscher belegter Brötchen.
6130,transcript,einen,0,PIS,PIS,einer,einer,ein,ein,1,1,"Jetzt haben wir noch einen, das ist wirklich anders bei uns und bei euch. Ich sage ""Es gibt""..."
6130,transcript,uns,0,PPER,PPER,uns,uns,wir,wir,1,1,"Jetzt haben wir noch einen, das ist wirklich anders bei uns und bei euch. Ich sage ""Es gibt""..."
6130,transcript,euch,0,PPER,PPER,euch,euch,ihr,ihr,1,1,"Jetzt haben wir noch einen, das ist wirklich anders bei uns und bei euch. Ich sage ""Es gibt""..."
6131,transcript,leckerste,0,ADJA,ADJA,leckerste,leckerste,lecker,lecker,1,1,Das ist das leckerste Gemüse der Welt. - Auch Gemüse?
6137,transcript,unterrichte,0,ADJA,VVFIN,unterricht,unterricht,unterrichten,unterrichten,1,1,"Also ich unterrichte Marketingkommunikation und Design, so, das ist das. - Ah!"
6138,transcript,Danke,0,NN,ITJ,Danke,danke,Dank,Dank,1,1,"Oh prima, das mach ich. Danke sehr, schönen Tag noch!"
6144,transcript,mir,0,PPER,PPER,mir,mir,ich,ich,1,1,"Ähm, bringen Sie mir einfach den, Erm, just bring me the one den Sie am besten finden. - Okay. Bis gleich."
6145,transcript,dir,0,PPER,PPER,dir,dir,du,dir,1,1,"Dana, es war schön mit dir. - Ja super."
6146,transcript,viele,0,PIAT,PIS,vieler,vieler,viel,viel,1,1,Wir haben auch in Deutschland sehr viele We have lots of different words unterschiedliche Wörter.
6148,transcript,ihr,0,PPER,PPER,ihr,ihr,sie,sie,1,1,Habt ihr denn heute was gelernt Have you learnt something today oder fandet ihr dieses Thema etwa zu schwierig?
6148,transcript,fandet,0,VVFIN,VVFIN,fanden,fandet,finden,finden,1,1,Habt ihr denn heute was gelernt Have you learnt something today oder fandet ihr dieses Thema etwa zu schwierig?
6148,transcript,ihr,0,PPER,PPER,ihr,ihr,sie,sie,1,1,Habt ihr denn heute was gelernt Have you learnt something today oder fandet ihr dieses Thema etwa zu schwierig?
6151,transcript,Sagen,1,VVFIN,VVFIN,sagen,sagen,Sage,Sage,1,1,Sagen Ich sage Ich sage: Hallo.
6152,transcript,gibt's,0,VVFIN,VVFIN,gibt'sn,geben,gibte'n,gibten,1,0,Und dann gibt's dann Frühstück für die Bewohner.
6154,transcript,im,0,APPRART,ART,in,in,im,imen,1,1,"Und was denkt man in Deutschland And what do people in Germany über Brasilien, so im Allgemeinen?"
6154,transcript,Allgemeinen,0,NN,NN,allgemein,allgemein,Allgemeine,Allgemeine,1,1,"Und was denkt man in Deutschland And what do people in Germany über Brasilien, so im Allgemeinen?"
6155,transcript,wütenden,0,ADJA,ADJA,wütend,wütend,wutend,wütend,1,1,Ich sehe einen wütenden Janusz vor dem Parkautomaten.
6155,transcript,Parkautomaten,0,NN,NN,Parkautomate,parkautomate,Parkautomat,Parkautomat,0,1,Ich sehe einen wütenden Janusz vor dem Parkautomaten.
6157,transcript,dir,0,PPER,PPER,dir,dir,du,dir,1,1,Und was ist dir besonders wichtig bei deinen Freunden?
6160,transcript,zum,0,APPRART,ART,zu,zu,zum,zum,1,1,"Aber das Wort ""viel"" kann auch alleine stehen und zum Beispiel das Objekt ersetzen."
6162,transcript,mir,0,PPER,PPER,mir,mir,ich,ich,1,1,Und das hat unter anderem mit diesem Gebäude And one of the things to do with it hier hinter mir zu tun. Los geht's!
6162,transcript,geht's,0,VVFIN,VVFIN,geht's,gehen,gehe'en,gehten,1,0,Und das hat unter anderem mit diesem Gebäude And one of the things to do with it hier hinter mir zu tun. Los geht's!
6163,transcript,Bin,0,VAFIN,VAFIN,Bin,bin,sein,sein,1,1,Sie antwortet nicht so viel. - Ja. Bin dann halt...
6164,transcript,öfter,0,ADV,ADV,öfter,öfter,oft,oft,1,1,"Du kannst, äh, mal öfter vorbeikommen, wie Janusz sagte."
6165,transcript,Pfannekuchenstreifen,0,NN,NN,Pfannekuchenstreife,pfannekuchenstreife,Pfannekuchenstreifen,Pfannekuchenstreifen,1,1,Das sind geschnittene Pfannekuchenstreifen in 'ner Suppe.
6166,transcript,dir,0,PPER,PPER,dir,dir,du,dir,1,1,"wenn du kannst und wenn du es dir leisten kannst, suche dir Hilfe, ja, von einem Lehrer oder einem Freund, der Erfahrung hat."
6166,transcript,dir,0,PPER,PPER,dir,dir,du,dir,1,1,"wenn du kannst und wenn du es dir leisten kannst, suche dir Hilfe, ja, von einem Lehrer oder einem Freund, der Erfahrung hat."
6168,transcript,Zum,1,APPRART,ART,zu,zu,zum,zum,1,1,Zum Zmittag hämmer gha Spaghetti anere super Sosse. Bolognese.
6168,transcript,hämmer,0,ADJD,VVIMP,hämm,hämm,hämmern,hämmern,0,1,Zum Zmittag hämmer gha Spaghetti anere super Sosse. Bolognese.
6168,transcript,anere,0,ADJA,FM,an,an,anere,aner,1,1,Zum Zmittag hämmer gha Spaghetti anere super Sosse. Bolognese.
6168,transcript,Sosse,0,NN,NN,Sosse,sosse,Soße,Soße,1,1,Zum Zmittag hämmer gha Spaghetti anere super Sosse. Bolognese.
6170,transcript,orientier,0,VVFIN,VVFIN,orientier,orientier,orientieren,orientieren,1,1,"Ich orientier mich ja, wie damals schon auch die Weimarer Klassik an dem zeitlos Aktuellen."
6170,transcript,mich,0,PPER,PRF,mich,mich,ich,ich,1,1,"Ich orientier mich ja, wie damals schon auch die Weimarer Klassik an dem zeitlos Aktuellen."
6172,transcript,ins,0,APPRART,APPR,in,in,ins,ins,1,1,noch mehr investieren ins Hobby.
6173,transcript,mir,0,PRF,PRF,sich,sich,ich,ich,1,1,Ich ziehe mir eine Jacke an.
6176,transcript,uns,0,PRF,PRF,sich,sich,wir,wir,1,1,Wir freuen uns auf eure... - The Lose Lab.
6176,transcript,eure,0,PPOSAT,ART,eure,eure,euer,euer,1,1,Wir freuen uns auf eure... - The Lose Lab.
6177,transcript,Flüchtlingsgespräche,0,NN,NN,Flüchtlingsgespräche,flüchtlingsgespräche,Flüchtlingsgespräch,Flüchtlingsgespräch,1,1,"Nee, das war, ähm, ähm, ""Flüchtlingsgespräche"" von B... äh, von Brecht. - Wow! - Genau."
6178,transcript,ihr,0,PPER,PPER,ihr,ihr,sie,sie,1,1,"Wenn ihr jetzt ein Easy German Patreon-Mitglied werdet, könnt ihr das mal ausprobieren und Übungen zu dieser Folge machen."
6178,transcript,ihr,0,PPER,PPER,ihr,ihr,sie,sie,1,1,"Wenn ihr jetzt ein Easy German Patreon-Mitglied werdet, könnt ihr das mal ausprobieren und Übungen zu dieser Folge machen."
6180,transcript,Let's,1,NN,FM,Let's,let's,Let',Let's,0,0,"Let's take Heiko Maas, OK... (that) was random."
6180,transcript,take,0,VVFIN,FM,take,take,taken,take,1,1,"Let's take Heiko Maas, OK... (that) was random."
6180,transcript,was,0,PWS,FM,wer,wer,was,was,1,1,"Let's take Heiko Maas, OK... (that) was random."
6181,transcript,zum,0,APPRART,ART,zu,zu,zum,zum,1,1,"Und in manchen Fällen, wie zum Beispiel in meiner Wohnung, müsst ihr auch selbst noch einen Gasvertrag abschließen."
6181,transcript,ihr,0,PPER,PPER,ihr,ihr,sie,sie,1,1,"Und in manchen Fällen, wie zum Beispiel in meiner Wohnung, müsst ihr auch selbst noch einen Gasvertrag abschließen."
6182,transcript,bitte,0,ADV,ADV,bitte,bitte,bitten,bitten,1,1,Dann spielen wir noch mal bitte.
6183,transcript,ihr,0,PPER,PPER,ihr,ihr,sie,sie,1,1,"Einfach 'ne Podcast-App aufmachen, ""Easy German"" suchen und dann könnt ihr uns auch zweimal die Woche hören, während ihr zum Beispiel putzt oder duscht."
6183,transcript,uns,0,PPER,PPER,uns,uns,wir,wir,1,1,"Einfach 'ne Podcast-App aufmachen, ""Easy German"" suchen und dann könnt ihr uns auch zweimal die Woche hören, während ihr zum Beispiel putzt oder duscht."
6183,transcript,ihr,0,PPER,PPER,ihr,ihr,sie,sie,1,1,"Einfach 'ne Podcast-App aufmachen, ""Easy German"" suchen und dann könnt ihr uns auch zweimal die Woche hören, während ihr zum Beispiel putzt oder duscht."
6183,transcript,zum,0,APPRART,ART,zu,zu,zum,zum,1,1,"Einfach 'ne Podcast-App aufmachen, ""Easy German"" suchen und dann könnt ihr uns auch zweimal die Woche hören, während ihr zum Beispiel putzt oder duscht."
6183,transcript,duscht,0,NN,VVFIN,Duscht,duscht,duschen,duschen,1,1,"Einfach 'ne Podcast-App aufmachen, ""Easy German"" suchen und dann könnt ihr uns auch zweimal die Woche hören, während ihr zum Beispiel putzt oder duscht."
6184,transcript,durchzubürsten,0,VVFIN,VVIZU,durchzubürsn,durchzubürsten,durchbürsten,durchbürsten,1,1,"Dann brauchen wir eine Bürste, um die Haare ordentlich durchzubürsten."
6186,transcript,more,1,ADJD,FM,mor,mor,more,more,1,1,more progressive here than in... than in Poland.
6186,transcript,progressive,0,ADJA,FM,progressiv,progressiv,progressive,progressive,1,1,more progressive here than in... than in Poland.
6189,transcript,fürs,0,APPRART,ART,für,für,fürser,fürs,1,0,"Äh, ich weiß noch, dass er sich fürs Fahrradfahren Erm, I know that he was a strong advocate starkgemacht hat. Das fand' ich gut, aber..."
6189,transcript,starkgemacht,0,VVPP,VVPP,starkgemachen,starkgemacht,starkmachen,starkmachen,1,1,"Äh, ich weiß noch, dass er sich fürs Fahrradfahren Erm, I know that he was a strong advocate starkgemacht hat. Das fand' ich gut, aber..."
6190,transcript,ihr,0,PPER,PPER,ihr,ihr,sie,sie,1,1,Probiert das mal aus. Den Link seht ihr hier gleich um ein Mitglied zu werden von Easy German.
6192,transcript,ihr,0,PPER,PPER,ihr,ihr,sie,sie,1,1,"Also wenn ihr mehr lernen wollt über Deutschland im Mittelalter, das ist 'ne Ausstellung für euch."
6192,transcript,im,0,APPRART,ART,in,in,im,imen,1,1,"Also wenn ihr mehr lernen wollt über Deutschland im Mittelalter, das ist 'ne Ausstellung für euch."
6192,transcript,'ne,0,ART,ART,'n,'n,'ner,'ne,0,0,"Also wenn ihr mehr lernen wollt über Deutschland im Mittelalter, das ist 'ne Ausstellung für euch."
6192,transcript,euch,0,PPER,PPER,euch,euch,ihr,ihr,1,1,"Also wenn ihr mehr lernen wollt über Deutschland im Mittelalter, das ist 'ne Ausstellung für euch."
6193,transcript,Ins,1,APPRART,ART,in,in,er,ins,1,1,"""Ins Fettnäpfchen treten"" bedeutet tatsächlich, dass man etwas Peinliches macht oder etwas Unsensibles macht und nicht genau aufpasst."
6193,transcript,Peinliches,0,NN,NN,Peinliches,peinliches,Peinliche,Peinliche,1,1,"""Ins Fettnäpfchen treten"" bedeutet tatsächlich, dass man etwas Peinliches macht oder etwas Unsensibles macht und nicht genau aufpasst."
6193,transcript,Unsensibles,0,NN,NN,Unsensibles,unsensibles,Unsensibl,Unsensible,1,0,"""Ins Fettnäpfchen treten"" bedeutet tatsächlich, dass man etwas Peinliches macht oder etwas Unsensibles macht und nicht genau aufpasst."
6197,transcript,mir,0,PPER,PRF,sich,sich,ich,ich,1,1,"Ich lasse mir etwas Zeit auch, um das Leben zu genießen."
6199,transcript,dir,0,PPER,PPER,dir,dir,du,dir,1,1,Fällt dir noch eine ein? - Von ihm jetzt? - Ja?
6199,transcript,ihm,0,PPER,PPER,ihm,ihm,er,er,1,1,Fällt dir noch eine ein? - Von ihm jetzt? - Ja?
6200,transcript,mich,0,PPER,PPER,sich,sich,ich,ich,1,1,"Wenn du mich anschreist, dann hast du damit zu rechnen, dass ich dir eine auf die Schnauze haue, ja?"
6200,transcript,anschreist,0,VVFIN,VVFIN,anschreisen,anschreist,anschreien,anschreien,1,1,"Wenn du mich anschreist, dann hast du damit zu rechnen, dass ich dir eine auf die Schnauze haue, ja?"
6200,transcript,dir,0,PPER,PRF,dir,dir,du,dir,1,1,"Wenn du mich anschreist, dann hast du damit zu rechnen, dass ich dir eine auf die Schnauze haue, ja?"
6200,transcript,eine,0,ART,PIS,einer,einer,ein,ein,1,1,"Wenn du mich anschreist, dann hast du damit zu rechnen, dass ich dir eine auf die Schnauze haue, ja?"
6202,transcript,meisten,0,PIAT,PIAT,meister,meister,meist,meist,1,1,"Auch sind die meisten Metalle neutral, zum Beispiel das Silber und das Gold."
6202,transcript,zum,0,APPRART,ART,zu,zu,zum,zum,1,1,"Auch sind die meisten Metalle neutral, zum Beispiel das Silber und das Gold."
6203,transcript,Danke,1,NN,PTKANT,Danke,danke,Dank,Dank,1,1,"Danke, dass du heute dabei warst."
6207,transcript,mich,0,PRF,PRF,mich,mich,ich,ich,1,1,"Ich freue mich mega, dass du da bist."
6208,transcript,uns,0,PRF,PRF,sich,sich,wir,wir,1,1,"Wenn wir uns jetzt aber diese Modalpartikeln angucken, dann ist das etwas ganz anderes."
6209,transcript,Frittaten,0,NN,NN,Frittat,frittat,Frittate,Frittate,0,0,"Und das ist eine ganz beliebte österreichische Suppeneinlage und das nennt sich ""Frittaten""."
6210,transcript,short,0,NN,FM,Short,short,shorten,shorten,1,0,"groß big/tall klein small/short Erik ist klein, Janusz ist groß."
6212,transcript,danke,0,VVFIN,ITJ,danke,danke,danken,danken,1,1,"Oh, danke! Ich finde deinen Pulli schön."
6214,transcript,im,0,APPRART,ART,in,in,im,imen,1,1,"Für fünf Euro im Monat seid ihr schon dabei, damit unterstützt ihr gleichzeitig unsere Arbeit."
6214,transcript,ihr,0,PPER,PPER,ihr,ihr,sie,sie,1,1,"Für fünf Euro im Monat seid ihr schon dabei, damit unterstützt ihr gleichzeitig unsere Arbeit."
6214,transcript,ihr,0,PPER,PPER,ihr,ihr,sie,sie,1,1,"Für fünf Euro im Monat seid ihr schon dabei, damit unterstützt ihr gleichzeitig unsere Arbeit."
6216,transcript,U-Bahnfahren,0,NN,NN,U-Bahnfahr,u-bahnfahr,U-Bahnfahren,U-Bahnfahren,0,1,"Und für die ist das genau so wichtig, wie Autofahren oder U-Bahnfahren."
6218,transcript,dir,0,PPER,PPER,dir,dir,du,dir,1,1,"Das heißt, das Geld... äh... rinnt dir so durch die Finger und du weißt gar nicht, wo's bleibt?"
6218,transcript,weißt,0,VVFIN,VVFIN,weißen,wissen,weißen,weißen,1,1,"Das heißt, das Geld... äh... rinnt dir so durch die Finger und du weißt gar nicht, wo's bleibt?"
6219,transcript,was,0,PRELS,PWS,wer,wer,was,was,1,1,"Aber tatsächlich ist das etwas, was mich persönlich auch nervt."
6219,transcript,mich,0,PPER,PPER,mich,mich,ich,ich,1,1,"Aber tatsächlich ist das etwas, was mich persönlich auch nervt."
6220,transcript,euch,0,PPER,PPER,euch,euch,ihr,ihr,1,1,"Wir hoffen, dass euch dieses Video etwas weitergeholfen hat und ihr den Dativ jetzt mit Sicherheit nutzen könnt, wenn ihr Deutsch sprecht."
6220,transcript,weitergeholfen,0,VVINF,VVPP,weitergeholfen,weitergeholfen,weiterhelfen,weiterhelfen,1,1,"Wir hoffen, dass euch dieses Video etwas weitergeholfen hat und ihr den Dativ jetzt mit Sicherheit nutzen könnt, wenn ihr Deutsch sprecht."
6220,transcript,ihr,0,PPER,PPER,ihr,ihr,sie,sie,1,1,"Wir hoffen, dass euch dieses Video etwas weitergeholfen hat und ihr den Dativ jetzt mit Sicherheit nutzen könnt, wenn ihr Deutsch sprecht."
6221,transcript,Trompete,0,NN,NN,Trompen,trompen,Trompete,Trompete,0,1,"Oh, auf welchem Instrument? - Trompete."
6222,transcript,Frühlingsrollen,0,NN,NN,Frühlingsroll,frühlingsroll,Frühlingsrolle,Frühlingsrolle,0,1,"Esthi hat sich Nudeln mit Frühlingsrollen Esthi ordered noodles with spring rolls und Tofu bestellt. Hmm, lecker."
6223,transcript,ersten,0,ADJA,ADJA,erster,erster,erst,erst,1,1,"Also, ich hab tatsächlich die ersten Computer miterlebt, wo ich noch nicht so wirklich wusste, was man damit eigentlich machen soll. Und dann... äh..."
6224,transcript,Mich,1,PPER,PPER,mich,mich,ich,ich,1,1,"Mich fragt keiner. Aber man sieht ja, wo's hinführt, ne?"
6224,transcript,keiner,0,PIS,PIS,keiner,keiner,kein,kein,1,1,"Mich fragt keiner. Aber man sieht ja, wo's hinführt, ne?"
6224,transcript,hinführt,0,VVFIN,VVFIN,hinführen,hinführen,hinfahren,hinfahren,1,1,"Mich fragt keiner. Aber man sieht ja, wo's hinführt, ne?"
6224,transcript,ne,0,NN,NE,ne,ne,ein,ein,1,1,"Mich fragt keiner. Aber man sieht ja, wo's hinführt, ne?"
6226,transcript,im,0,APPRART,ART,in,in,im,im,1,1,Sie lebt mit Mitch im Süden von England.
6227,transcript,ihr,0,PPER,PPER,ihr,ihr,sie,sie,1,1,Darauf könnt ihr mal in der nächsten Szene achten.
6227,transcript,nächsten,0,ADJA,ADJA,nächster,nächster,nah,nah,1,1,Darauf könnt ihr mal in der nächsten Szene achten.
6233,transcript,Unfreundliches,0,NN,NN,Unfreundliches,unfreundliches,unfreundlich,unfreundlich,1,1,"Hier ist das Wort ""doch"" also auch etwas sehr Unfreundliches eigentlich."
6234,transcript,Denkmäler,0,NN,NN,Denkmäl,denkmäl,Denkmal,Denkmal,0,1,"Ja, das stimmt. - Also, alte Gebäude, Denkmäler, generell Geschichte, gerade Zweiter Weltkrieg ist schon sehr deutsch, offensichtlich. - Ja."
6234,transcript,Zweiter,0,ADJA,ADJA,zweiter,zweiter,Zweite,Zweite,1,1,"Ja, das stimmt. - Also, alte Gebäude, Denkmäler, generell Geschichte, gerade Zweiter Weltkrieg ist schon sehr deutsch, offensichtlich. - Ja."
6235,transcript,zum,0,APPRART,ART,zu,zu,zum,zum,1,1,"Mh... Ja, zum Beispiel habe ich einem Freund heute Mmm... Yeah, for example I sent a butterfly einen Schmetterling geschickt."
6239,transcript,im,0,APPRART,ART,in,in,im,imen,1,1,Da hatte ich auch solche… die sind dann barfuß I also… they came to uni mit'm Schwert im Winter zur Uni gekommen.
6239,transcript,zur,0,APPRART,ART,zu,zu,zur,zur,1,1,Da hatte ich auch solche… die sind dann barfuß I also… they came to uni mit'm Schwert im Winter zur Uni gekommen.
6242,transcript,mich,0,PPER,PPER,mich,mich,ich,ich,1,1,"Für mich bedeutet das, wenn einer irgendetwas, äh, redet, was nicht viel Bedeutung hat."
6242,transcript,einer,0,PIS,PIS,einer,einer,ein,ein,1,1,"Für mich bedeutet das, wenn einer irgendetwas, äh, redet, was nicht viel Bedeutung hat."
6242,transcript,was,0,PRELS,PRELS,wer,wer,was,was,1,1,"Für mich bedeutet das, wenn einer irgendetwas, äh, redet, was nicht viel Bedeutung hat."
6243,transcript,all,0,PIAT,FM,all,all,alle,alle,1,1,"Let me see, no... I think they're all okay."
6245,transcript,zum,0,APPRART,ART,zu,zu,zum,zum,1,1,Oh ja! Sauberkeit zum Beispiel.
6247,transcript,uns,0,PPER,PRF,sich,sich,wir,wir,1,1,"So fantastisch, und wir freuen uns, wenn ihr dabei seid, denn damit unterstützt ihr gleichzeitig die Arbeit von Easy German."
6247,transcript,ihr,0,PPER,PPER,ihr,ihr,sie,sie,1,1,"So fantastisch, und wir freuen uns, wenn ihr dabei seid, denn damit unterstützt ihr gleichzeitig die Arbeit von Easy German."
6247,transcript,ihr,0,PPER,PPER,ihr,ihr,sie,sie,1,1,"So fantastisch, und wir freuen uns, wenn ihr dabei seid, denn damit unterstützt ihr gleichzeitig die Arbeit von Easy German."
6254,transcript,mehr,0,PIAT,PIAT,mehrere,mehrere,mehr,mehr,1,1,Lukas hat auf jeden Fall mehr Erfahrung als ich.
6255,transcript,mich,0,PPER,PPER,mich,mich,ich,ich,1,1,"Ja? - Ja… das war nicht so ähm, dass es mich so begeistert hat. Oder ähm… - Warum nicht?"
6256,transcript,ihr,0,PPER,PPER,ihr,ihr,sie,sie,1,1,"Wir hoffen, ihr könnt euch jetzt besser vorstellen, was es kostet, wenn man in Deutschland wohnen möchte."
6256,transcript,euch,0,PPER,PPER,euch,euch,ihr,ihr,1,1,"Wir hoffen, ihr könnt euch jetzt besser vorstellen, was es kostet, wenn man in Deutschland wohnen möchte."
6257,transcript,uns,0,PPER,PPER,uns,uns,wir,wir,1,1,"Also, wir haben jemanden gefunden, der jetzt uns OK, we've found somebody who will ask auch eine Scherzfrage stellt."
6259,transcript,Hühner,0,NN,NN,Hühn,hühn,Huhn,Huhn,0,1,"Es ist sowas wie ""Ich kenne meine Hühner"". - Yeah."
6260,transcript,eurem,0,PPOSAT,PPOSAT,eur,eur,euer,euer,1,1,Was sehen wir hier? Ihr habt Fische in eurem Klassenraum?
6268,transcript,Deutscher,0,NN,NN,deutsche,deutsche,deutsch,deutsch,1,1,"Ja, ja. - Das ist ein typischer Deutscher."
6269,transcript,Viele,1,PIAT,PIAT,vieler,vieler,viel,viel,1,1,Viele Leute machen Urlaub dort. Es gibt die Berge und auch den höchsten Berg Deutschlands gibt es in Bayern mit der Zugspitze.
6270,transcript,aufgelauert,0,VVPP,VVPP,aufgelaueren,aufgelauert,auflauern,auflauern,1,1,Janusz und ich haben vor einem Supermarkt gedreht und wir haben quasi Menschen aufgelauert.
6271,transcript,mir,0,PPER,PPER,mir,mir,ich,ich,1,1,"Also ich sag' einmal, es ist eine interessante Stadt, aber mir, äh, wenn man so den öffentlichen Medien folgen kann, zu kriminell."
6272,transcript,glaub,0,ADJD,VVFIN,glaub,glaub,glauben,glauben,1,1,"Ich glaub man kann sich das erstmal bewusst machen und darüber nachdenken. - Das hilft schon, genau."
6272,transcript,bewusst,0,ADJD,ADJD,bewusst,bewusst,bewußt,bewußt,1,1,"Ich glaub man kann sich das erstmal bewusst machen und darüber nachdenken. - Das hilft schon, genau."
6274,transcript,unterrichte,0,VVFIN,VVFIN,unterrichen,unterrichte,unterrichten,unterrichten,1,1,"Aber eigentlich unterrichte ich auch schon viele B2-Strukturen, so die Frage ist, wo zieht man die Grenze wirklich."
6274,transcript,viele,0,PIAT,PIAT,vieler,vieler,viel,viel,1,1,"Aber eigentlich unterrichte ich auch schon viele B2-Strukturen, so die Frage ist, wo zieht man die Grenze wirklich."
6274,transcript,zieht,0,VVFIN,VVFIN,ziehen,ziehen,zeihen,ziehen,1,1,"Aber eigentlich unterrichte ich auch schon viele B2-Strukturen, so die Frage ist, wo zieht man die Grenze wirklich."
6275,transcript,im,0,APPRART,ART,in,in,im,im,1,1,Übrigens haben Cari und ich im Easy German Podcast auch schon mal über diese Thema geredet.
6276,transcript,würd,0,VMFIN,VMFIN,werdn,würd,werden,werden,1,1,"ich würd' schon sagen, nicht spießiger, I'd say so, not more conventional and narrow-minded, aber schon ('n) bisschen förmlicher vielleicht."
6278,transcript,weniger,0,PIAT,PIAT,weniger,weniger,wenig,wenig,1,1,"Spargel immer unbeliebter und rund um Berlin Asparagus is getting less and less popular, and around Berlin jedenfalls wird immer weniger Spargel angebaut."
6280,transcript,ins,0,APPRART,ART,in,in,ecser,ins,1,0,"Und wir sagen nicht ""in das Gebirge"", sondern ""ins Gebirge""."
6281,transcript,euch,0,PPER,PPER,euch,euch,ihr,ihr,1,1,"Hallo! - Hallo! - Servus, grüßt euch!"
6282,transcript,meisten,0,PIAT,PIAT,meister,meister,meist,meist,1,1,"Die meisten Neutrum-Wörter, die auf -en, -el, -er, -chen oder -lein enden, haben im Plural keine Veränderung."
6282,transcript,Neutrum-Wörter,0,NN,NN,Neutrum-Wörter,neutrum-wörter,Neutrum-Wort,Neutrum-Wort,1,1,"Die meisten Neutrum-Wörter, die auf -en, -el, -er, -chen oder -lein enden, haben im Plural keine Veränderung."
6282,transcript,im,0,APPRART,ART,in,in,im,imen,1,1,"Die meisten Neutrum-Wörter, die auf -en, -el, -er, -chen oder -lein enden, haben im Plural keine Veränderung."
6283,transcript,viele,0,PIAT,PIAT,vieler,vieler,viel,viel,1,1,"Aber genauso wie in Deutschland gibt es in Polen sehr viele freundliche, wunderbare, tolle Menschen, nur man muss sie halt kennenlernen, ja."
6288,transcript,ihr,0,PPER,PPER,ihr,ihr,sie,sie,1,1,"Hier habt ihr gesehen, was die Wörter ""montags"", ""dienstags"" und so weiter bedeuten."
6294,transcript,Im,1,APPRART,ART,in,in,im,im,1,1,Im Schnitt? - Vielleicht 2000 netto.
6295,transcript,Zum,1,APPRART,ART,zu,zu,zum,zum,1,1,"Zum Beispiel... jonglieren lernen zum Beispiel, einfach so, ohne S... ohne Sinn sozusagen, genau."
6295,transcript,zum,0,APPRART,ART,zu,zu,zum,zum,1,1,"Zum Beispiel... jonglieren lernen zum Beispiel, einfach so, ohne S... ohne Sinn sozusagen, genau."
6296,transcript,viele,0,PIAT,PIAT,vieler,vieler,viel,viel,1,1,"Das sind Käsespätzle. Ich weiß, dass ganz viele Leute sie lieben, aber die schmecken mir gar nicht."
6296,transcript,mir,0,PPER,PPER,mir,mir,ich,ich,1,1,"Das sind Käsespätzle. Ich weiß, dass ganz viele Leute sie lieben, aber die schmecken mir gar nicht."
6303,transcript,am,0,APPRART,APPR,an,an,am,am,1,1,Nein? - Nein. - Und was finden Sie am Leben am schrecklichsten?
6303,transcript,am,0,APPRART,ART,an,an,am,am,1,1,Nein? - Nein. - Und was finden Sie am Leben am schrecklichsten?
6303,transcript,schrecklichsten,0,NN,NN,schrecklichst,schrecklichst,schrecklich,schrecklich,0,1,Nein? - Nein. - Und was finden Sie am Leben am schrecklichsten?
6304,transcript,im,0,APPRART,ART,in,in,im,imen,1,1,"Weil ich ja hier die Stabilität im rechten Bein hab, wenn ich dann das Bein wegnehme."
6304,transcript,rechten,0,ADJA,ADJA,rechter,rechter,recht,recht,1,1,"Weil ich ja hier die Stabilität im rechten Bein hab, wenn ich dann das Bein wegnehme."
6306,transcript,viele,0,PIS,PIS,viele,viele,viel,viel,1,1,Oder auch so regionale Namen? - Ah nicht ganz so viele.
6307,transcript,ihr,0,PPER,PPER,ihr,ihr,sie,sie,1,1,"Wow, und wie seid ihr dazu gekommen? Was hat euch nach Taiwan gezogen?"
6307,transcript,euch,0,PPER,PPER,euch,euch,ihr,ihr,1,1,"Wow, und wie seid ihr dazu gekommen? Was hat euch nach Taiwan gezogen?"
6312,transcript,Lustigen,0,NN,NN,Lustig,lustig,Lustige,Lustige,1,1,Ihr gehört zu den Lustigen.
6313,transcript,berechtigt,0,ADJD,ADJD,berechtigt,berechtigt,berechtigen,berechtigen,1,1,Aber Arroganz kann ja auch berechtigt oder unberechtigt sein.
6315,transcript,mich,0,PPER,PPER,mich,mich,ich,ich,1,1,Äh nur Kaffee. Nur Milchkaffee für mich.
6316,transcript,ihm,0,PPER,PPER,ihm,ihm,er,er,1,1,"Janusz hat den Namen der Pflanze nicht gewusst, aber die App hat ihm geholfen."
6317,transcript,mir,0,PPER,PPER,mir,mir,ich,ich,1,1,"Das heißt, wenn es mir nicht gut geht That means if I'm not okay oder ich mit etwas unzufrieden bin, sage ich das auch."
6319,transcript,ihr,0,PPER,PPER,ihr,ihr,sie,sie,1,1,"Um das zu weiter zu erörtern, könnt ihr gleich noch ein Exklusivinterview mit Janusz Hamerski sehen."
6320,transcript,leckerste,0,ADJA,ADJA,leckerste,leckerste,lecker,lecker,1,1,"Das war das leckerste Bier, was ich seit der Mittagspause getrunken habe."
6321,transcript,im,0,APPRART,ART,in,in,im,imen,1,1,Nie im Leben. - Interessant. - Nie.
6324,transcript,Weintrauben,0,NN,NN,Weintrauben,weintrauben,Weintraube,Weintraube,1,1,Annchi schneidet die Weintrauben Annchi is slicing the grapes und Marlin schneidet die Birne für den Fruchtsalat.
6325,transcript,Danke,1,NN,PTKANT,Danke,danke,Dank,Dank,1,1,Danke an alle und tschüss. - Ciao.
6325,transcript,tschüss,0,NN,NN,Tschüss,tschüss,tschuß,tschüss,1,0,Danke an alle und tschüss. - Ciao.
6331,transcript,uns,0,PPER,PPER,uns,uns,wir,wir,1,1,Schreibt uns gerne einen Kommentar. Wir freuen uns auf eure Geschichten.
6331,transcript,uns,0,PRF,PRF,sich,sich,wir,wir,1,1,Schreibt uns gerne einen Kommentar. Wir freuen uns auf eure Geschichten.
6331,transcript,eure,0,PPOSAT,PPOSAT,eur,eur,euer,euer,1,1,Schreibt uns gerne einen Kommentar. Wir freuen uns auf eure Geschichten.
6336,transcript,euch,0,PRF,PRF,euch,euch,ihr,ihr,1,1,Das wünschen wir euch auf jeden Fall.
6340,transcript,uns,0,PRF,PRF,sich,sich,wir,wir,1,1,Jetzt freuen wir uns auf eure Geschichten und Kommentare: Wie ist das dann bei euch mit Lehrerinnen und Lehrern?
6340,transcript,eure,0,PPOSAT,PPOSAT,eur,eur,euer,euer,1,1,Jetzt freuen wir uns auf eure Geschichten und Kommentare: Wie ist das dann bei euch mit Lehrerinnen und Lehrern?
6340,transcript,euch,0,PPER,PPER,euch,euch,ihr,ihr,1,1,Jetzt freuen wir uns auf eure Geschichten und Kommentare: Wie ist das dann bei euch mit Lehrerinnen und Lehrern?
6341,transcript,zum,0,APPRART,ART,zu,zu,zum,zum,1,1,"Und zum Beispiel, magst du Spinat?"
6341,transcript,magst,0,VVFIN,VVIMP,magen,magen,mögen,mögen,1,1,"Und zum Beispiel, magst du Spinat?"
6342,transcript,zum,0,APPRART,ART,zu,zu,zum,zum,1,1,"dann etwas Butter zum Anbraten, Gemüsebrühe... damit wird das..."
6343,transcript,Danke,1,NN,PTKANT,Danke,danke,Dank,Dank,1,1,"Danke, Janusz, für deine interessanten Fragen auf der Straße."
6343,transcript,interessanten,0,ADJA,ADJA,interessant,interessant,interessanten,interessant,1,1,"Danke, Janusz, für deine interessanten Fragen auf der Straße."
6345,transcript,hinzufügen,0,VVFIN,VVINF,hinzufügen,hinzufügen,hinfügen,hinfügen,1,1,Das Wasser kocht. Jetzt können wir die Spaghetti hinzufügen.
6346,transcript,im,0,APPRART,ART,in,in,im,imen,1,1,Und hier zählt man im Deutschen etwas anders als in anderen Ländern.
6346,transcript,Deutschen,0,NN,NN,deutsche,deutsche,deutsch,Deutsche,1,1,Und hier zählt man im Deutschen etwas anders als in anderen Ländern.
6348,transcript,Würd,0,VMFIN,VAFIN,Würd,würd,werden,würden,1,1,"Was man da verändern kann? Vielleicht, dass man offener ist und mehr miteinander redet? Und hinterfragt, wieso, weshalb, warum? … Würd' ich jetzt sagen, ja."
6353,transcript,euch,0,PRF,PRF,euch,euch,ihr,ihr,1,1,Das zeigen wir euch (beim) nächsten Verb.
6353,transcript,beim,0,APPRART,ART,bei,bei,beim,beim,1,1,Das zeigen wir euch (beim) nächsten Verb.
6353,transcript,nächsten,0,ADJA,ADJA,nächster,nächster,nah,nah,1,1,Das zeigen wir euch (beim) nächsten Verb.
6356,transcript,am,0,APPRART,FM,an,an,am,am,1,1,"I, err, am a caterer."
6357,transcript,dir,0,PPER,PPER,dir,dir,du,dir,1,1,"Manuel, kann ich dir noch was anbieten?"
6361,transcript,mir,0,PRF,PRF,sich,sich,ich,ich,1,1,Ich schlage mir meinen Bauch voll.
6362,transcript,Zur,1,APPRART,APPR,zu,zu,zur,zur,1,1,Zur Strafe sitzt du jetzt da drüben alleine.
6365,transcript,Ihnen,0,PPER,PPER,ihnen,ihnen,Sie,Sie,1,1,Da kann ich Ihnen nur beipflichten.
6367,transcript,Kreative,0,NN,NN,kreative,kreative,Kreativ,Kreativ,1,1,"Das ist... das ist gut, ja. Ich bin nicht so der Kreative."
6368,transcript,studier,0,VVFIN,VVFIN,studiern,studier,studieren,studieren,1,1,Ich bin Student. Also ich studier' momentan an der Hauptuni.
6372,transcript,uns,0,PPER,PRF,sich,sich,wir,wir,1,1,"Wir freuen uns, wenn ihr dabei seid, und ihr unterstützt damit auch gleichzeitig unsere Arbeit."
6372,transcript,ihr,0,PPER,PPER,ihr,ihr,sie,sie,1,1,"Wir freuen uns, wenn ihr dabei seid, und ihr unterstützt damit auch gleichzeitig unsere Arbeit."
6372,transcript,ihr,0,PPER,PPER,ihr,ihr,sie,sie,1,1,"Wir freuen uns, wenn ihr dabei seid, und ihr unterstützt damit auch gleichzeitig unsere Arbeit."
6373,transcript,ihr,0,PPER,PPER,ihr,ihr,sie,sie,1,1,Werdet ein Patreon und dann bekommt ihr einen Link zu unserem neuesten Übungsblatt. Danke für's Zuschauen und hier solltet ihr unbedingt noch Easy German abonnieren.
6373,transcript,Danke,0,NN,ITJ,Danke,danke,Dank,Dank,1,1,Werdet ein Patreon und dann bekommt ihr einen Link zu unserem neuesten Übungsblatt. Danke für's Zuschauen und hier solltet ihr unbedingt noch Easy German abonnieren.
6373,transcript,Zuschauen,0,NN,NN,Zuschauen,Zuschauen,Zuschaue,Zuschauen,1,1,Werdet ein Patreon und dann bekommt ihr einen Link zu unserem neuesten Übungsblatt. Danke für's Zuschauen und hier solltet ihr unbedingt noch Easy German abonnieren.
6373,transcript,solltet,0,VMFIN,VMFIN,sollten,solltet,sollen,sollen,1,1,Werdet ein Patreon und dann bekommt ihr einen Link zu unserem neuesten Übungsblatt. Danke für's Zuschauen und hier solltet ihr unbedingt noch Easy German abonnieren.
6373,transcript,ihr,0,PPER,PPER,ihr,ihr,sie,sie,1,1,Werdet ein Patreon und dann bekommt ihr einen Link zu unserem neuesten Übungsblatt. Danke für's Zuschauen und hier solltet ihr unbedingt noch Easy German abonnieren.
6376,transcript,mir,0,PPER,PPER,mir,mir,ich,ich,1,1,"Aber was mir zum Beispiel aufgefallen ist, ich bin ja auch so'n bisschen älter jetzt, 28..."
6376,transcript,zum,0,APPRART,ART,zu,zu,zum,zum,1,1,"Aber was mir zum Beispiel aufgefallen ist, ich bin ja auch so'n bisschen älter jetzt, 28..."
6379,transcript,glaub,0,ADJD,VVFIN,glaub,glaub,glauben,glauben,1,1,"Puh, ich glaub' dann würd' ich nie wieder Kartoffeln essen."
6379,transcript,würd,0,VMFIN,VMFIN,werdn,würd,werden,werden,1,1,"Puh, ich glaub' dann würd' ich nie wieder Kartoffeln essen."
6380,transcript,Magst,1,VVFIN,ITJ,Magst,mögen,magst,magen,1,1,Magst du Obst? - Ja.
6387,transcript,weißt,0,VVFIN,VVFIN,weißt,wissen,weißen,weißen,1,1,"Ich will, weißt du, was ich gerne spielen möchte?"
6389,transcript,einige,0,PIAT,PIAT,einiger,einiger,einige,einige,1,1,"Klar, Klaus spricht Italienisch, Sure, Klaus speaks Italian, deswegen kennt er einige Wörter schon."
6390,transcript,dich,0,PPER,PPER,dich,dich,du,du,1,1,"Okay Manuel, ich habe auch ein paar Fragen an dich! — Okay."
6392,transcript,sieht's,0,VVFIN,VVFIN,sieht's,sieht's,sieht'e'sen,seeht',0,0,"Wie sieht's... ist es denn mit ""Baby""? - S Butzele."
6392,transcript,Butzele,0,NN,NE,Butzel,butzel,Butzele,Butzele,0,1,"Wie sieht's... ist es denn mit ""Baby""? - S Butzele."
6393,transcript,'ne,0,ART,PIAT,'ne,'ne,'ner,'ne,0,0,"Ich hatte schon mal 'ne Glatze, deswegen..."
6396,transcript,im,0,APPRART,ART,in,in,im,imen,1,1,Mindestens 450€ im Raum von München. - Ah Ok.
6398,transcript,Sagen,1,VVFIN,VVFIN,sagen,sagen,Sage,Sage,1,1,"Sagen Sie, mein Fahrrad ist gerade kaputt gegangen."
6403,transcript,ihr,0,PPER,PPER,ihr,ihr,sie,sie,1,1,"Wenn ihr darüber weiter diskutieren wollt mit uns, If you want to discuss this more with us, dann werdet doch ein Mitglied von Easy German."
6403,transcript,uns,0,PPER,PPER,uns,uns,wir,wir,1,1,"Wenn ihr darüber weiter diskutieren wollt mit uns, If you want to discuss this more with us, dann werdet doch ein Mitglied von Easy German."
6405,transcript,Weißt,1,VVFIN,VVFIN,weißen,wissen,weißen,wissen,1,1,"Weißt du Shreyan, wir haben ja eine lange Tradition in Deutschland mit fremden Küchen, ne? - Ja."
6408,transcript,meine,0,PPOSAT,PPOSAT,meinen,meinen,mein,meinen,1,1,"Ja, ich meine Hartz IV ist schon übel."
6410,transcript,isst,0,VVFIN,VVFIN,issen,isst,essen,essen,1,1,Und meine Frage an Janusz ist jetzt: Wie oft isst du eigentlich am Tag?
6410,transcript,am,0,APPRART,ART,an,an,am,am,1,1,Und meine Frage an Janusz ist jetzt: Wie oft isst du eigentlich am Tag?
6411,transcript,Beste,0,NN,NN,gute,gute,Beste,Beste,1,1,"Und wenn ja, was ist das Beste am Studium?"
6411,transcript,am,0,APPRART,ART,an,an,am,am,1,1,"Und wenn ja, was ist das Beste am Studium?"
6413,transcript,probably,0,ADJD,FM,probably,probably,probablün,probably,1,0,"To study, probably. - Yeah."
6414,transcript,glaub,0,ADJD,VVFIN,glaub,glaub,glauben,glauben,1,1,"Ich glaub', das hat er selbst gemacht."
6416,transcript,am,0,APPRART,ART,an,an,am,am,1,1,"Leute, wir sind gerade am Flughafen, hier in Berlin. Und mit diesem Flugzeug fliegen wir jetzt nach Ägypten."
6417,transcript,Danke,1,NN,PTKANT,Danke,danke,Dank,Dank,1,1,"Danke, dass ihr hier wart."
6417,transcript,ihr,0,PPER,PPER,ihr,ihr,sie,sie,1,1,"Danke, dass ihr hier wart."
6418,transcript,regrette,0,ADJA,FM,Regrette,regrette,regrett,regrette,1,0,Gar nichts. - Je ne regrette rien? - Das ist gut.
6421,transcript,viele,0,PIS,PIS,viele,viele,viel,viel,1,1,"Oh, viele. Also, in Europa... - Immer zum Urlaub oder auch mit Ihrem Beruf verbunden?"
6421,transcript,zum,0,APPRART,ART,zu,zu,zum,zum,1,1,"Oh, viele. Also, in Europa... - Immer zum Urlaub oder auch mit Ihrem Beruf verbunden?"
6422,transcript,bekannt,0,ADJD,ADJD,bekannt,bekannt,bekennen,bekennen,1,1,"Unsere Straßeninterviews sind tatsächlich das Format, mit dem Easy German bekannt geworden ist."
6424,transcript,am,0,APPRART,ART,an,an,am,am,1,1,"Carina Schmid, achtundsechzig Meter, am weit unteren Ende."
6424,transcript,unteren,0,ADJA,ADJA,unterer,unterer,unter,unter,1,1,"Carina Schmid, achtundsechzig Meter, am weit unteren Ende."
6425,transcript,Geht,1,VVFIN,VVFIN,gehen,gehen,geht,gehen,1,1,"Geht also mal über unseren Link nordvpn.com/easygerman, dann unterstützt ihr unsere Arbeit und habt gleichzeitig auch noch 'n super Deal gesichert."
6425,transcript,ihr,0,PPER,PPER,ihr,ihr,sie,sie,1,1,"Geht also mal über unseren Link nordvpn.com/easygerman, dann unterstützt ihr unsere Arbeit und habt gleichzeitig auch noch 'n super Deal gesichert."
6426,transcript,wüsste,0,VMFIN,VVFIN,wüssten,wüsste,wissen,wissen,1,1,"Ja. - Ja. - Und du... in diesem Fall kannst du sagen ""Ich würde gerne wissen..."" oder ""Ich wüsste gerne...""."
6428,transcript,am,0,APPRART,APPR,an,an,am,am,1,1,"Wir sind jetzt am Himmelstempel, einer von vier Tempeln in Peking."
6428,transcript,einer,0,PIS,PIS,einer,einer,ein,ein,1,1,"Wir sind jetzt am Himmelstempel, einer von vier Tempeln in Peking."
6429,transcript,im,0,APPRART,ART,in,in,im,im,1,1,Janusz liebt Zitronen im Tee.
6430,transcript,weißt,0,VVFIN,VVFIN,weißt,wissen,weißen,weißen,1,1,"Da hab ich… weißt du, was ich da gedacht hab Peter?"
6431,transcript,zeig,0,VVFIN,VVFIN,zeign,zeig,zeigen,zeigen,1,1,Ich zeig' euch mal mein Ticket.
6431,transcript,euch,0,PPER,PPER,euch,euch,ihr,ihr,1,1,Ich zeig' euch mal mein Ticket.
6434,transcript,einige,0,PIAT,PIAT,einiger,einiger,einige,einige,1,1,"Es gibt nämlich tatsächlich einige Verben, die werden ganz anders konjugiert auch."
6434,transcript,Verben,0,NN,NN,Verbe,verbe,Verb,Verb,1,1,"Es gibt nämlich tatsächlich einige Verben, die werden ganz anders konjugiert auch."
6435,transcript,nächste,0,ADJA,ADJA,nächster,nächster,nah,nah,1,1,Man bezieht sich dabei immer auf die nächste volle Stunde.
6437,transcript,geht's,0,VVFIN,VVFIN,geht's,gehen,gehe'en,geht's,1,0,Und los geht's! - Los geht's!
6437,transcript,geht's,0,VVFIN,VVFIN,geht's,gehen,gehe'en,gehten,1,0,Und los geht's! - Los geht's!
6439,transcript,ihr,0,PPER,PPER,ihr,ihr,sie,sie,1,1,"Das könnt ihr euch also schon mal als erste Regel merken, wenn ihr einen Relativsatz bildet."
6439,transcript,euch,0,PPER,PPER,euch,euch,ihr,ihr,1,1,"Das könnt ihr euch also schon mal als erste Regel merken, wenn ihr einen Relativsatz bildet."
6439,transcript,erste,0,ADJA,ADJA,erster,erster,erst,erst,1,1,"Das könnt ihr euch also schon mal als erste Regel merken, wenn ihr einen Relativsatz bildet."
6439,transcript,ihr,0,PPER,PPER,ihr,ihr,sie,sie,1,1,"Das könnt ihr euch also schon mal als erste Regel merken, wenn ihr einen Relativsatz bildet."
6440,transcript,alle,0,PIAT,PIAT,aller,aller,alle,alle,1,1,"Nö, nö, nee... Wir lieben Popmusik, äh, ja, als übergeordnete, ähm, äh, Musikrichtung, aber wir gehen in alle Richtungen und..."
6443,transcript,find,0,VVFIN,VVFIN,find,find,finden,finden,1,1,"Und äh… und äh… das ist also dieser, dieser Hilfegedanke, der ist in anderen Ländern find' ich ein bisschen ausgeprägter, als bei uns."
6443,transcript,uns,0,PPER,PPER,uns,uns,wir,wir,1,1,"Und äh… und äh… das ist also dieser, dieser Hilfegedanke, der ist in anderen Ländern find' ich ein bisschen ausgeprägter, als bei uns."
6445,transcript,Tipp,0,NN,NN,Tipp,tipp,Tip,Tip,1,1,"Wir haben nämlich dafür einen exklusiven Tipp, nämlich unsere Partnerapp Seedlang."
6447,transcript,Einen,1,PIS,PIS,Einer,einer,ein,ein,1,1,"Einen haben wir gerade vor der Tür: hier. - Ja, auch."
6448,transcript,im,0,APPRART,ART,in,in,im,imen,1,1,"Es gibt im Deutschen ganz viele Verben, die immer mit bestimmten Präpositionen funktionieren, und das ist ein schwieriges Thema für euch, ich weiß das."
6448,transcript,Deutschen,0,NN,ADJA,deutsche,deutsche,deutsch,deutsch,1,1,"Es gibt im Deutschen ganz viele Verben, die immer mit bestimmten Präpositionen funktionieren, und das ist ein schwieriges Thema für euch, ich weiß das."
6448,transcript,viele,0,PIAT,PIAT,vieler,vieler,viel,viel,1,1,"Es gibt im Deutschen ganz viele Verben, die immer mit bestimmten Präpositionen funktionieren, und das ist ein schwieriges Thema für euch, ich weiß das."
6448,transcript,Verben,0,NN,NN,Verbe,verbe,Verb,Verb,1,1,"Es gibt im Deutschen ganz viele Verben, die immer mit bestimmten Präpositionen funktionieren, und das ist ein schwieriges Thema für euch, ich weiß das."
6448,transcript,euch,0,PPER,PPER,euch,euch,ihr,ihr,1,1,"Es gibt im Deutschen ganz viele Verben, die immer mit bestimmten Präpositionen funktionieren, und das ist ein schwieriges Thema für euch, ich weiß das."
6449,transcript,Danke,1,NN,PTKANT,Danke,danke,Dank,Dank,1,1,"Danke, dass ihr endlich gekommen seid."
6449,transcript,ihr,0,PPER,PPER,ihr,ihr,sie,sie,1,1,"Danke, dass ihr endlich gekommen seid."
6453,transcript,im,0,APPRART,ART,in,in,im,imen,1,1,"Janusz, wir sind jetzt im Zwinger."
6454,transcript,Mir,1,PPER,PPER,mir,mir,ich,ich,1,1,Mir tut die Schulter weh.
6456,transcript,alle,0,PIAT,PIAT,aller,aller,alle,alle,1,1,Also alle Männer oder alle Menschen vielleicht...
6456,transcript,alle,0,PIAT,PIAT,aller,aller,alle,alle,1,1,Also alle Männer oder alle Menschen vielleicht...
6457,transcript,'ne,0,ART,ART,'ne,'ne,'ner,'ne,0,0,"Hm, und die Freunde lernt man halt meistens dann auch kennen oder ist zumindest 'ne Möglichkeit, die auch kennenzulernen."
6458,transcript,fremdgegangen,0,VVFIN,VVPP,fremdgegangen,fremdgegangen,fremdgehen,fremdgehen,1,1,jemandem fremdgehen - to cheat on someone Der Mann ist seiner Frau fremdgegangen.
6462,transcript,erstes,0,ADJA,ADJA,erster,erster,erst,erst,1,1,Ja unser erstes Thema heute ist: Deutsche beschweren sich immer die ganze Zeit. - Immer!
6462,transcript,Deutsche,0,NN,NN,deutsche,deutsche,deutsch,deutsch,1,1,Ja unser erstes Thema heute ist: Deutsche beschweren sich immer die ganze Zeit. - Immer!
6467,transcript,uns,0,PPER,PPER,uns,uns,wir,wir,1,1,Schreibt uns mal hier einen Kommentar auf Deutsch.
6470,transcript,viele,0,PIAT,PIAT,vieler,vieler,viel,viel,1,1,"Fleur, wie viele Stunden arbeitest du pro Woche?"
6470,transcript,arbeitest,0,VVFIN,VVFIN,arbeitestn,arbeitest,arbeiten,arbeiten,1,1,"Fleur, wie viele Stunden arbeitest du pro Woche?"
6471,transcript,ins,0,APPRART,APPR,in,in,ins,ins,1,1,"Wir wollten jetzt in diesen Buchladen, und danach in'ne Bar. - Und dann zurück ins Bett. - Hihi, genau."
6472,transcript,was,0,PRELS,PWS,wer,wer,was,was,1,1,"Das ist das, was mich immer nervt, wenn ich Bahn fahr, aber, ähm, ja."
6472,transcript,mich,0,PPER,PPER,mich,mich,ich,ich,1,1,"Das ist das, was mich immer nervt, wenn ich Bahn fahr, aber, ähm, ja."
6472,transcript,fahr,0,VVFIN,VVFIN,fahr,fahr,fahren,fahren,1,1,"Das ist das, was mich immer nervt, wenn ich Bahn fahr, aber, ähm, ja."
6474,transcript,Reisegeschichte,0,NN,NN,Reisegeschicht,reisegeschicht,Reisegeschichte,Reisegeschichte,0,1,Das war unsere Reisegeschichte von Berlin nach Hanoi.
6479,transcript,zur,0,APPRART,ART,zu,zu,zur,zu,1,1,Und wer schrieb den Text zur deutschen Nationalhymne? - Ohh...
6480,transcript,früher,0,ADJD,ADV,früh,früh,früher,früher,1,1,"Und das man, früher war es wahrscheinlich viel schwieriger erstmal ein Date zu haben."
6482,transcript,Flüchtlingskrise,0,NN,NN,Flüchtlingskris,flüchtlingskris,Flüchtlingskrise,Flüchtlingskrise,0,1,"Puh... - Ich denke sie hat das ganz gut gemeistert mit den Krisen, Finanzkrise, Flüchtlingskrise... doch."
6486,transcript,zum,0,APPRART,ART,zu,zu,zum,zum,1,1,Und zum Beispiel in Brasilien ist der Valentinstag an einem ganz anderen Tag.
6488,transcript,mir,0,PPER,PPER,mir,mir,ich,ich,1,1,Das ist mir dann immer wichtig.
6492,transcript,ihr,0,PPER,PPER,ihr,ihr,sie,sie,1,1,"Ihr könnt interaktive Übungen machen zu diesem Video. Wie das geht, erfahrt ihr hier unten, easygerman.org/membership."
6493,transcript,wünsch,0,VVFIN,VVFIN,wünsch,wünsch,wünschen,wünschen,1,1,"Yeah I have to. – That’s better, yeah, Viel Spaß wünsch ich euch noch in der Stadt, ne? - Ok dankeschön!"
6493,transcript,euch,0,PRF,PPER,euch,euch,ihr,ihr,1,1,"Yeah I have to. – That’s better, yeah, Viel Spaß wünsch ich euch noch in der Stadt, ne? - Ok dankeschön!"
6494,transcript,uns,0,PRF,PRF,sich,sich,wir,wir,1,1,Dann haben wir uns in unserem Büro in Berlin getroffen und Jeremy erzählte uns seine Geschichte.
6494,transcript,uns,0,PPER,PPER,uns,uns,wir,wir,1,1,Dann haben wir uns in unserem Büro in Berlin getroffen und Jeremy erzählte uns seine Geschichte.
6495,transcript,was,0,PRELS,PWS,wer,wer,was,was,1,1,"Das ist eigentlich so das, was ich mit, äh, That's basically what I, erm, mit Stuttgart verbinde. Käsespätzle."
6498,transcript,im,0,APPRART,ART,in,in,im,im,1,1,"Köln und Düsseldorf sind zwei bekannte Städte im Westen Deutschlands, in Nordrhein-Westfalen."
6500,transcript,ihr,0,PPER,PPER,ihr,ihr,sie,sie,1,1,"Und wenn ihr mehr Easy German sehen wollt, dann müsst ihr unseren Kanal abonnieren."
6500,transcript,ihr,0,PPOSAT,PPER,ihr,ihr,sie,sie,1,1,"Und wenn ihr mehr Easy German sehen wollt, dann müsst ihr unseren Kanal abonnieren."
6501,transcript,einige,1,PIAT,PIAT,einiger,einiger,einige,einige,1,1,"einige Leute... also... (lieben) (Bücher), ne?"
6502,transcript,was,0,PRELS,PWS,wer,wer,was,was,1,1,"So. Während ich jetzt schreibe, können wir mal schauen, was Janusz und Cari machen."
6509,transcript,ihr,0,PPER,PPER,ihr,ihr,sie,sie,1,1,"Und wärt ihr bereit, eins von euren Geheimnissen... äh..."
6509,transcript,eins,0,PIS,ADV,einer,einer,ein,ein,1,1,"Und wärt ihr bereit, eins von euren Geheimnissen... äh..."
6509,transcript,euren,0,PPOSAT,PPOSAT,eur,eur,euer,euer,1,1,"Und wärt ihr bereit, eins von euren Geheimnissen... äh..."
6509,transcript,Geheimnissen,0,NN,NN,Geheimnisse,geheimnisse,Geheimnis,Geheimnis,1,1,"Und wärt ihr bereit, eins von euren Geheimnissen... äh..."
6510,transcript,glaub,0,ADJD,VVFIN,glaub,glaub,glauben,glauben,1,1,"Typisch, ich glaub', die chillen viel, Typical, I think, they chill a lot, die sind gemütlich, ja. Ja."
6514,transcript,Sag,0,VVFIN,VVFIN,sag,sagen,sag,Sagen,1,1,"Nicht aufgeregt. Doch. - Sag nix Falsches, ja?"
6514,transcript,nix,0,PIAT,PIS,nix,nix,nichts,nichts,1,1,"Nicht aufgeregt. Doch. - Sag nix Falsches, ja?"
6514,transcript,Falsches,0,NN,NN,Falsches,falsches,Falsch,Falsch,1,1,"Nicht aufgeregt. Doch. - Sag nix Falsches, ja?"
6515,transcript,was,0,PIS,PIS,wer,wer,was,was,1,1,So gesehen… ein bisschen was von beidem.
6515,transcript,beidem,0,PIS,PIS,beidem,beidem,beide,beide,1,1,So gesehen… ein bisschen was von beidem.
6516,transcript,find,0,VVFIN,VVFIN,find,find,finden,finden,1,1,"Die Häuserfassaden, find ich schön, Theater, äh, macht für mich 'n sehr guten Eindruck vom Baustil her, das müsste ich mir noch mal genauer ansehen."
6516,transcript,mich,0,PPER,PPER,mich,mich,ich,ich,1,1,"Die Häuserfassaden, find ich schön, Theater, äh, macht für mich 'n sehr guten Eindruck vom Baustil her, das müsste ich mir noch mal genauer ansehen."
6516,transcript,vom,0,APPRART,APPR,von,von,vom,vom,1,1,"Die Häuserfassaden, find ich schön, Theater, äh, macht für mich 'n sehr guten Eindruck vom Baustil her, das müsste ich mir noch mal genauer ansehen."
6516,transcript,müsste,0,VMFIN,VMFIN,müssten,müsste,müssen,müssen,1,1,"Die Häuserfassaden, find ich schön, Theater, äh, macht für mich 'n sehr guten Eindruck vom Baustil her, das müsste ich mir noch mal genauer ansehen."
6516,transcript,mir,0,PRF,PRF,sich,sich,ich,ich,1,1,"Die Häuserfassaden, find ich schön, Theater, äh, macht für mich 'n sehr guten Eindruck vom Baustil her, das müsste ich mir noch mal genauer ansehen."
6520,transcript,viele,0,PIAT,PIAT,vieler,vieler,viel,viel,1,1,"Und viele Events, ne, den CSD."
6520,transcript,ne,0,NN,NE,ne,ne,ein,ein,1,1,"Und viele Events, ne, den CSD."
6522,transcript,ihm,0,PPER,PPER,ihm,ihm,er,er,1,1,"Dann geh' ich nach Hause und sage ihm, Then I go home and tell him dass ich das nicht gefunden habe."
6524,transcript,Im,0,APPRART,ART,in,in,im,im,1,1,"Das ist sehr gebräuchlich, aber auch noch mal unterschiedlich. Im Vorarlberg sagt man zum Beispiel ""schaffa"". - Ah, wie in, äh, Baden-Württemberg."
6524,transcript,zum,0,APPRART,ART,zu,zu,zum,zum,1,1,"Das ist sehr gebräuchlich, aber auch noch mal unterschiedlich. Im Vorarlberg sagt man zum Beispiel ""schaffa"". - Ah, wie in, äh, Baden-Württemberg."
6525,transcript,dich,0,PPER,PPER,dich,dich,du,du,1,1,Und warum Karl Marx... was fasziniert dich (an) Karl Marx?
6526,transcript,ins,0,APPRART,ART,in,in,ecser,ins,1,0,"Ähm, ich geh' gern ins Fitnessstudio Erm, I enjoy going to the gym und ich bin beim THW. - Was ist THW?"
6526,transcript,beim,0,APPRART,ART,bei,bei,beim,bei,1,1,"Ähm, ich geh' gern ins Fitnessstudio Erm, I enjoy going to the gym und ich bin beim THW. - Was ist THW?"
6528,transcript,knall,0,VVFIN,VVFIN,knall,knall,knallen,knallen,1,1,"knallen to bang Mitch, knall doch die Tür nicht so!"
6532,transcript,frag,0,VVFIN,VVFIN,frag,frag,fragen,fragen,1,1,"Ich frag' mal kurz Janusz, ob er mit in den Park gehen möchte."
6533,transcript,euch,0,PPER,PPER,euch,euch,ihr,ihr,1,1,Wir verlinken das mal hier unten und schaut euch das mal an.
6534,transcript,Pfannkuchen,0,NN,NN,Pfannkuch,pfannkuch,Pfannkuchen,Pfannkuchen,0,1,"Ich werde jetzt Tomaten und Frischkäse, Kräuterkäse, auf den Pfannkuchen legen und hoffe einfach mal, dass das hinterher schmeckt."
6542,transcript,erster,0,ADJA,ADJA,erster,erster,erst,erst,1,1,"Unser erster Ausdruck ist ""Bock haben""."
6544,transcript,ihr,0,PPER,PPER,ihr,ihr,sie,sie,1,1,Oder seid ihr vielleicht auch umgezogen und lebt jetzt an einem anderen Ort?
6545,transcript,am,0,APPRART,APPR,an,an,am,am,1,1,Wenn 'an' mit 'dem' kombiniert wird sagt man 'am': Ich stehe am Herd.
6545,transcript,am,0,APPRART,ART,an,an,am,am,1,1,Wenn 'an' mit 'dem' kombiniert wird sagt man 'am': Ich stehe am Herd.
6548,transcript,ne,0,NN,NE,ne,ne,ein,ein,1,1,"Man kann halt Party machen, ne?"
6553,transcript,zum,0,APPRART,ART,zu,zu,zum,zum,1,1,"Oh Gott. Wer hat eingeladen zum Date. - Ah OK, also das ist wichtig?"
6554,transcript,geht's,0,VVFIN,VVFIN,geht's,gehen,gehe'en,gehten,1,0,Wie geht's Ihnen? - Wie geht's Eana?
6554,transcript,Ihnen,0,PPER,PPER,ihnen,ihnen,Sie,Sie,1,1,Wie geht's Ihnen? - Wie geht's Eana?
6554,transcript,geht's,0,ADJA,VVFIN,geht's,geht's,gehe'en,gehten,1,0,Wie geht's Ihnen? - Wie geht's Eana?
6558,transcript,dir,0,PPER,PPER,dir,dir,du,dir,1,1,Bei dir sieht das nicht so aus?
6559,transcript,unsere,0,PPOSAT,PPOSAT,mein,mein,unser,unser,1,1,"Na, unsere Frage heute ist: Was ist typisch österreichisch?"
6560,transcript,ihr,0,PPER,PPER,ihr,ihr,sie,sie,1,1,Und natürlich könnt ihr auch mit uns darüber diskutieren.
6560,transcript,uns,0,PPER,PPER,uns,uns,wir,wir,1,1,Und natürlich könnt ihr auch mit uns darüber diskutieren.
6561,transcript,was,0,PRELS,PWS,wer,wer,was,was,1,1,"Das Wort Arbeit, das was ich den ganzen Tag mach. - Ja?"
6562,transcript,haben's,0,VAFIN,VAFIN,haben's,haben's,haben,haben's,0,1,"Wir haben's Handy genannt und das ist ja auch gar kein englisches Wort. Ich telefoniere mit meinem Handy. - Ja, genau."
6562,transcript,telefoniere,0,VVFIN,VVFIN,telefoniern,telefoniere,telefonieren,telefonieren,1,1,"Wir haben's Handy genannt und das ist ja auch gar kein englisches Wort. Ich telefoniere mit meinem Handy. - Ja, genau."
6563,transcript,einer,0,PIS,PIS,einer,einer,ein,ein,1,1,"Hast du schon mal überlegt, einer zu werden?"
6564,transcript,ans,0,APPRART,APPR,an,an,ans,ans,1,1,"Es war also ein Weg, um schneller ans Ziel zu kommen, obwohl man erst mal ein bisschen Arbeit aufwenden muss."
6565,transcript,dir,0,PPER,PPER,dir,dir,du,dir,1,1,Ich wollte dir auch 'n Kompliment machen.
6568,transcript,Stipendien,0,NN,NN,Stipendien,stipendien,Stipendium,Stipendium,1,1,"...dann soll man sich drum kümmern, weil so Stipendien gibt es jede Menge."
6571,transcript,würd,0,VMFIN,VMFIN,werdn,würd,werden,werden,1,1,(Das) würd' ich gerne aber noch mal aus Ihrem Mund hören.
6573,transcript,Zutaten,0,NN,NN,Zutat,zutat,Zutaten,Zutaten,1,1,"Welche, welche Zutaten brauchen wir dafür Klaus?"
6575,transcript,motiviert,0,VVPP,VVPP,motivieren,motivieren,motiviert,motiviert,1,1,Ich bin überhaupt nicht motiviert.
6576,transcript,Weißt,1,VVFIN,VVFIN,weißen,wissen,weißen,wissen,1,1,"Weißt du, wenn du in Mexi..."
6578,transcript,Tipp,0,NN,NN,Tipp,tipp,Tip,Tip,1,1,"Und hast du 'n Tipp, wo man, also was man draußen in der Natur machen kann oder irgendwelche Orte?"
6578,transcript,was,0,PRELS,PWS,wer,wer,was,was,1,1,"Und hast du 'n Tipp, wo man, also was man draußen in der Natur machen kann oder irgendwelche Orte?"
6578,transcript,irgendwelche,0,ADJA,PIAT,irgendwelch,irgendwelch,irgendwelcher,irgendwelcher,1,1,"Und hast du 'n Tipp, wo man, also was man draußen in der Natur machen kann oder irgendwelche Orte?"
6579,transcript,im,0,APPRART,ART,in,in,im,imen,1,1,Wir sind ja auch Meister im Scheitern.
6580,transcript,vorm,0,APPRART,APPR,vor,vor,vorm,vorme,1,1,Einfach machen! Einen Ratschlag... Einfach irgendwas anfangen und keine Angst vorm Scheitern.
6582,transcript,bräuchte,0,VVFIN,VVFIN,bräuchte,bräuchte,brauchen,brauchen,1,1,Sollen - sollte. Brauchen - bräuchte. Wissen - wüsste.
6582,transcript,wüsste,0,VMFIN,VMFIN,wüssen,wüsste,wissen,wissen,1,1,Sollen - sollte. Brauchen - bräuchte. Wissen - wüsste.
6584,transcript,ihr,0,PPER,PPER,ihr,ihr,sie,sie,1,1,"Übrigens: Wenn ihr noch intensiver Deutsch lernen möchtet, dann werdet ein Mitglied von Easy German."
6585,transcript,Letzte,1,ADJA,ADJA,letzter,letzter,letzt,letzt,1,1,"Letzte Person. - Na ja, das ist unsere Bürgermeisterin, genau, Frau..."
6586,transcript,dir,0,PPER,PPER,dir,dir,du,dir,1,1,Und warum macht so ein minimalistisches Fahrrad dir Spaß?
6588,transcript,was,0,PRELS,PRELS,wer,wer,was,was,1,1,"Ich esse immer das, was mir gerade schmeckt."
6588,transcript,mir,0,PPER,PPER,mir,mir,ich,ich,1,1,"Ich esse immer das, was mir gerade schmeckt."
6589,transcript,meine,0,VVFIN,VAFIN,meinen,meinen,mein,meinen,1,1,"Absolut. Ich werde das heute noch Absolutely. I'll try it out ausprobieren und das meine ich auch, ja."
6590,transcript,im,0,APPRART,ART,in,in,im,im,1,1,"Mecklenburg-Vorpommern, auch kurz, im Volksmund Meck-Pomm genannt, liegt im Nordosten Deutschlands und es ist tatsächlich das dünn besiedelste Bundesland Deutschlands."
6590,transcript,im,0,APPRART,ART,in,in,im,imen,1,1,"Mecklenburg-Vorpommern, auch kurz, im Volksmund Meck-Pomm genannt, liegt im Nordosten Deutschlands und es ist tatsächlich das dünn besiedelste Bundesland Deutschlands."
6591,transcript,Weiß,1,NN,ADJD,weiße,weiße,Weiß,Weiß,1,1,Weiß nicht.  - Morgen free man!
6593,transcript,Balkonstühle,0,NN,NN,Balkonstuhl,balkonstuhl,Balkonstühle,Balkonstuhl,1,1,Äh... das sind zwei Kissen für meine Balkonstühle.
6594,transcript,bezahl,0,VVFIN,VVFIN,Bezahl,bezahl,bezahlen,bezahlen,1,1,Ich persönlich bezahl auch gerne mit Geld.
6595,transcript,danke,0,VVFIN,VVFIN,danke,danke,danken,danken,1,1,"Oh, danke schön! - Schön, ne?"
6597,transcript,ersten,0,ADJA,ADJA,erster,erster,erst,erst,1,1,Janusz ist 53 Jahre alt und sieht aus wie eine glückliche Version meiner Physik- und Chemielehrer in der ersten Klasse der Highschool.
6604,transcript,ins,0,APPRART,APPR,in,in,ins,ins,1,1,I bin in do Friah aufgstonden I woke up early in the morning und mit do Bici ins Büro gfohren.
6604,transcript,gfohren,0,VVINF,VVINF,gfohren,gfohren,fahren,gfohren,1,1,I bin in do Friah aufgstonden I woke up early in the morning und mit do Bici ins Büro gfohren.
6607,transcript,lass,0,VMFIN,VVFIN,lass,lassen,laß,laß,1,1,"würden sie ""Aldi"" sagen, lass uns zu Aldi gehen."
6607,transcript,uns,0,PPER,PPER,uns,uns,wir,wir,1,1,"würden sie ""Aldi"" sagen, lass uns zu Aldi gehen."
6609,transcript,weiter,0,ADV,PTKVZ,weit,weit,weiter,weiter,1,1,"Und wir fahren jetzt mal weiter, nebenan ist nämlich der Reichstag."
6611,transcript,Danke,1,NN,PTKANT,Danke,danke,Dank,Dank,1,1,"Danke. - Also, nur zehn Prozent der Bevölkerung gehören zu (den) goofy-footers. - Geil! - Ja."
6612,transcript,zum,0,APPRART,ART,zu,zu,zum,zum,1,1,"Der Unistress und der Lebensstress, zum Beispiel."
6613,transcript,Dass,1,KOUS,KOUS,dass,dass,daß,daß,1,1,Dass es morgen Sommer ist. - Ja.
6616,transcript,verkackt,0,VVFIN,VVPP,verkacken,verkackt,verkacken,verkacken,1,1,Also bei dieser Aufgabe haben Sie total verkackt.
6619,transcript,beeindruckt,0,VVPP,ADJD,beeindrucken,beeindrucken,beeindruckt,beeindruckt,1,1,Alex zeigt einen Zaubertrick. Carlos ist beeindruckt.
6621,transcript,was,0,PWS,PIS,wer,wer,was,was,1,1,Und wollen Sie gern noch was zum Nachtisch bestellen? - Nachtisch?
6621,transcript,zum,0,APPRART,ART,zu,zu,zum,zum,1,1,Und wollen Sie gern noch was zum Nachtisch bestellen? - Nachtisch?
6622,transcript,gespannt,0,ADJD,ADJD,gespannt,gespannt,spannen,spannen,1,1,"Ich bin ganz gespannt, was ihr dazu sagt."
6622,transcript,ihr,0,PPER,PPER,ihr,ihr,sie,sie,1,1,"Ich bin ganz gespannt, was ihr dazu sagt."
6623,transcript,würd,0,VMFIN,VMFIN,werdn,würd,werden,werden,1,1,"Ich würd' mich schon als cool bezeichnen, I would call myself cool, in Kombination mit Charisma."
6623,transcript,mich,0,PPER,PPER,mich,mich,ich,ich,1,1,"Ich würd' mich schon als cool bezeichnen, I would call myself cool, in Kombination mit Charisma."
6625,transcript,euch,0,PPER,PPER,euch,euch,ihr,ihr,1,1,Wir machen unsere Videos gratis für euch.
6626,transcript,kenn,0,VVFIN,VVFIN,kenn,kenn,kennen,kennen,1,1,"Ja, diesen Begriff kenn ich auch, aber macht man seltener."
6628,transcript,Patschen,0,NN,NN,Patschen,patschen,Patsche,Patsche,1,1,"Also, das ist besonders schwierig, weil es zwei komplett unterschiedliche Bedeutungen hat, und das Wort heißt ""Patschen"", oder ""Patschen"". - Was?"
6628,transcript,Patschen,0,NN,NN,Patschen,patschen,Patsche,Patsche,1,1,"Also, das ist besonders schwierig, weil es zwei komplett unterschiedliche Bedeutungen hat, und das Wort heißt ""Patschen"", oder ""Patschen"". - Was?"
6630,transcript,uns,0,PRF,PRF,sich,sich,wir,wir,1,1,"Wir haben uns gerade seit sehr sehr langer Zeit wiedergetroffen, denn wir sind heute in Heidelberg, wo Charlotte studiert."
6630,transcript,wiedergetroffen,0,VVPP,VVPP,wiedergetroffen,wiedergetroffen,wiedertreffen,wiedertreffen,1,1,"Wir haben uns gerade seit sehr sehr langer Zeit wiedergetroffen, denn wir sind heute in Heidelberg, wo Charlotte studiert."
6636,transcript,am,0,APPRART,APPR,an,an,am,am,1,1,"Ist der am Brassele? - Ja, der ist 'n Brasseler."
6636,transcript,Brassele,0,NN,NN,Brassel,brassel,Brassele,Brassele,0,1,"Ist der am Brassele? - Ja, der ist 'n Brasseler."
6638,transcript,flirte,0,VVFIN,VVFIN,fliren,flirte,flirten,flirten,1,1,Ich flirte dich an? - Ja.
6638,transcript,dich,0,PRF,PRF,dich,dich,du,du,1,1,Ich flirte dich an? - Ja.
6641,transcript,am,0,APPRART,ART,an,an,am,am,1,1,"Zehn Minuten am Tag? Oh, das ist... - Nicht viel."
6643,transcript,uns,0,PRF,PRF,sich,sich,wir,wir,1,1,"Wir können nicht alles wissen, aber mit unserer Fantasie können wir uns Dinge ausmalen und vielleicht vorstellen, wie es sein könnte."
6647,transcript,'s,0,PPER,PPER,'s,'s,es,es,0,1,"Aber eigentlich finde ich's gut, But I actually think it's good dass man darüber auch transparent redet, also, ähm."
6648,transcript,ihm,0,PPER,PPER,ihm,ihm,er,er,1,1,"Janusz hat etwas erzählt, ich will ihm zustimmen und ich sage einfach ""schon"". Man kann dieses ""schon"" manchmal auch ironisch benutzen."
6650,transcript,ihr,0,PPOSAT,PPER,ihr,ihr,sie,sie,1,1,Hier sehr ihr zwei Kandidaten aus diesem Bezirk hier in Pankow.
6654,transcript,uns,0,PRF,PRF,sich,sich,wir,wir,1,1,Wir freuen uns auf eure Geschichten.
6654,transcript,eure,0,PPOSAT,PPOSAT,eur,eur,euer,euer,1,1,Wir freuen uns auf eure Geschichten.
6655,transcript,glaub,0,ADJD,VVFIN,glaub,glaub,glauben,glauben,1,1,"Also ich glaub', dass die Vielfalt schon wichtig ist."
6657,transcript,ihr,0,PPER,PPER,ihr,ihr,sie,sie,1,1,Hallo! Habt ihr kurz Lust auf 'n Interview mit mir? - Nein. - Nee.
6657,transcript,mir,0,PPER,PPER,mir,mir,ich,ich,1,1,Hallo! Habt ihr kurz Lust auf 'n Interview mit mir? - Nein. - Nee.
6658,transcript,alle,0,PIAT,PIAT,aller,aller,alle,alle,1,1,Schlecht: von der Lock sind alle Triebwerke ausgefallen.
6659,transcript,habedere,0,NN,NN,habederen,habederen,habedere,habederes,0,1,"Hallo, servus und habedere aus Wien."
6663,transcript,aufm,0,ART,ART,aufr,aufr,aufm,auflenge,0,1,"Wir bauen grade 'ne Kartoffelpyramide und 'n Hochbeet aufm Hof bei uns, ja."
6663,transcript,uns,0,PPER,PPER,uns,uns,wir,wir,1,1,"Wir bauen grade 'ne Kartoffelpyramide und 'n Hochbeet aufm Hof bei uns, ja."
6664,transcript,ihr,0,PPER,PPER,ihr,ihr,sie,sie,1,1,Dort könnt ihr unter anderem auch eure Aussprache trainieren.
6664,transcript,eure,0,PPOSAT,PPOSAT,eur,eur,euer,euer,1,1,Dort könnt ihr unter anderem auch eure Aussprache trainieren.
6666,transcript,Stimmt,0,VVFIN,NN,stimmen,stimmen,Stimmt,Stimmt,1,1,"Ah die nennt man Host. - Oder Host, MC, ja. - Stimmt."
6671,transcript,uns,0,PPER,PPER,uns,uns,wir,wir,1,1,Schreibt uns mal einen Kommentar!
6673,transcript,uns,0,PPER,PPER,uns,uns,wir,wir,1,1,"Manuel, wieso bist du denn schon vor uns am Bahnhof?"
6673,transcript,am,0,APPRART,ART,an,an,am,am,1,1,"Manuel, wieso bist du denn schon vor uns am Bahnhof?"
6676,transcript,bitte,0,ADV,VVINF,bitte,bitte,bitten,bitten,1,1,Einen Döner mit scharfer Soße bitte.
6682,transcript,wenigen,0,PIAT,PIAT,weniger,weniger,wenig,wenig,1,1,"Es gab eine Reform vor wenigen Jahren, seitdem haben wir auch in Deutschland Bachelor und Master."
6684,transcript,magst,0,VVFIN,VVFIN,magen,magen,mögen,mögen,1,1,Und was magst du gerne an dir?
6684,transcript,dir,0,PPER,PPER,dir,dir,du,dir,1,1,Und was magst du gerne an dir?
6685,transcript,Ihnen,0,PPER,PPER,ihnen,ihnen,Sie,Sie,1,1,Ich wünsche Ihnen noch einen schönen Tag.
6687,transcript,find,0,VVFIN,VVFIN,find,find,finden,finden,1,1,"Grundsätzlich find ich das ja gut, dass es so Elektrofahrräder gibt und auch Scooter gibt."
6688,transcript,verbring,0,VVFIN,VVFIN,Verbring,verbring,verbringen,verbringen,1,1,Und wo verbring(en) (Sie) (Ihren) Urlaub?
6689,transcript,Zum,1,APPRART,ART,zu,zu,zum,zum,1,1,Zum Mitnehmen bitte Ich hätte noch gerne einen Ayran dazu.
6689,transcript,bitte,0,ADV,VVFIN,bitte,bitte,bitten,bitten,1,1,Zum Mitnehmen bitte Ich hätte noch gerne einen Ayran dazu.
6690,transcript,ihr,0,PPER,PPER,ihr,ihr,sie,sie,1,1,"Und was glaubt ihr, ist das typisch deutsch?"
6692,transcript,mir,0,PPER,PPER,mir,mir,ich,ich,1,1,"in der Nähe von mir zuhause, wo (es) keine Auto(s) gibt mitternachts, dann... vielleicht komm' ich rüber. - Ja, ja."
6693,transcript,viele,0,PIAT,PIAT,vieler,vieler,viel,viel,1,1,"Tim, wie viele Stunden arbeitest du pro Woche?"
6693,transcript,arbeitest,0,VVFIN,VVFIN,arbeitestn,arbeitest,arbeiten,arbeiten,1,1,"Tim, wie viele Stunden arbeitest du pro Woche?"
6697,transcript,euch,0,PRF,PRF,euch,euch,ihr,ihr,1,1,Und auch wir werden euch diese beiden Wörter heute vorstellen.
6698,transcript,dir,0,PPER,PPER,dir,dir,du,dir,1,1,"Wenn es dir schwerfällt, die Artikel zu merken, If you find it difficult to remember the articles kann dir der Gender-Trainer von Seedlang helfen."
6698,transcript,schwerfällt,0,ADJD,VVFIN,schwerfällen,schwerfällen,schwerfallen,schwerfallen,1,1,"Wenn es dir schwerfällt, die Artikel zu merken, If you find it difficult to remember the articles kann dir der Gender-Trainer von Seedlang helfen."
6698,transcript,dir,0,PPER,PPER,dir,dir,du,dir,1,1,"Wenn es dir schwerfällt, die Artikel zu merken, If you find it difficult to remember the articles kann dir der Gender-Trainer von Seedlang helfen."
6699,transcript,Polen,0,NN,NN,Pole,pole,Polen,Polen,1,1,"Also ich meine, dass… dass die Polen nicht so nett und so freundlich sind wie die Deutschen."
6700,transcript,nächstes,0,ADJA,ADJA,nächster,nächster,nah,nah,1,1,"Unser nächstes Verb ist """"enthüllen""""."
6705,transcript,ihr,0,PPER,PPER,ihr,ihr,sie,sie,1,1,italki ist eigentlich einfach eine Plattform auf der ihr den perfekten Lehrer oder die perfekte Lehrerin finden könnt.
6709,transcript,glaub,0,ADJD,VVFIN,glaub,glaub,glauben,glauben,1,1,"Aha, weil irgendwas könnte ja dran sein. - Nee, glaub ich nicht."
6710,transcript,ihn,0,PPER,PPER,ihn,ihn,er,er,1,1,"Oh, man kann ihn schon gar nicht mehr sehen."
6715,transcript,letzten,0,ADJA,ADJA,letzter,letzter,letzt,letzt,1,1,"Also, ich bin bei dem letzten Schritt."
6716,transcript,vergess,0,NN,VVFIN,vergess,vergess,vergessen,vergessen,1,1,Ah Ok. - Also man muss die ja noch in den Briefkasten tun und das vergess' ich manchmal ein paar Tage durch.
6717,transcript,euch,0,PRF,PPER,euch,euch,ihr,ihr,1,1,Wo finden sie euch? - Äh YouTube.
6723,transcript,ihr,0,PPER,PPER,ihr,ihr,sie,sie,1,1,Was denkt ihr als Schweizerinnen über Deutsche und Deutschland?
6723,transcript,Schweizerinnen,0,NN,NN,schweizerinnen,schweizerinnen,Schweizerin,Schweizerin,1,1,Was denkt ihr als Schweizerinnen über Deutsche und Deutschland?
6723,transcript,Deutsche,0,NN,NN,deutsche,deutsche,deutsch,deutsch,1,1,Was denkt ihr als Schweizerinnen über Deutsche und Deutschland?
6726,transcript,am,0,APPRART,APPR,an,an,am,am,1,1,Zell am See ist eine schöne Bergstadt mit allen Möglichkeiten.
6726,transcript,allen,0,PIAT,PIAT,aller,aller,alle,alle,1,1,Zell am See ist eine schöne Bergstadt mit allen Möglichkeiten.
6730,transcript,Hochhäusern,0,NN,NN,Hochhäuser,hochhäuser,Hochhaus,Hochhaus,0,1,"Ist das so wichtig, diese Berufe, die in diesen Hochhäusern stattfinden?"
6732,transcript,Schöne,0,NN,NN,schöne,schöne,Schönes,Schönes,1,1,Das ist das Schöne an unserer Community.
6733,transcript,Im,1,APPRART,ART,in,in,im,im,1,1,Im 19. Jahrhundert es war modisch.
6734,transcript,ihr,0,PPER,PPER,ihr,ihr,sie,sie,1,1,"Unter anderem findet ihr dort einen Vokabeltrainer, mit dem ihr die 10000 wichtigsten deutschen Vokabeln lernen könnt."
6734,transcript,ihr,0,PPER,PPER,ihr,ihr,sie,sie,1,1,"Unter anderem findet ihr dort einen Vokabeltrainer, mit dem ihr die 10000 wichtigsten deutschen Vokabeln lernen könnt."
6735,transcript,ne,0,NN,NE,ne,ne,ein,ein,1,1,"Also wie Augen und Ohren, kann man sich gut merken, ne?"
6737,transcript,gelungen,0,VVPP,ADJD,gelingen,gelingen,gelungen,gelungen,1,1,"Ich finde dieses Plakat nicht so gelungen, also unmöglich."
6742,transcript,gab's,0,VVFIN,VVFIN,gab's,gab's,gabe'n,gab'en,0,0,"Na ja, in der Familie gab's mal einen Fall, Well, there was a case in the family wo jemand sein Konto, ähm..."
6745,transcript,mich,0,PPER,PPER,mich,mich,ich,ich,1,1,Sie hat alles für mich vorbereitet.
6746,transcript,Keks,0,NN,NN,Kek,kek,Keks,Keks,0,1,Ich habe nur noch einen Keks.
6748,transcript,'nem,0,ART,ART,'n,'n,'nemer,syl,0,0,Das muss aber auch von 'nem richtigen Brauhaus sein.
6749,transcript,allen,0,PIAT,PIAT,aller,aller,alle,alle,1,1,"Oh, mein Feierabend... der ist... äh... vor allen Dingen... ähm..."
6751,transcript,ihr,0,PPER,PPER,ihr,ihr,sie,ihr,1,1,"Was ich an sie (ihr) toll finde, ist, äh, What I think is great about her is, erm, dass sie wahrscheinlich, äh..."
6753,transcript,bitte,0,ADV,VVPP,bitte,bitte,bitten,bitten,1,1,Ich hätte gern Baguette bitte.
6755,transcript,Jungs,0,NN,NN,Jung,jung,Jungs,Jungs,1,1,Mia bringt ein deutsches Magazin zu den Jungs.
6757,transcript,euch,0,PRF,PPER,euch,euch,ihr,ihr,1,1,"Und das Verb, was wir euch heute vorstellen heißt: Können."
6758,transcript,ihr,0,PPER,PPER,ihr,ihr,sie,sie,1,1,"Wenn ihr jetzt noch mehr deutsche Vokabeln lernen wollt, dann probiert doch mal den Vokabeltrainer in unserer App ‘’Seedlang’’ aus."
6761,transcript,euch,0,PPER,PPER,euch,euch,ihr,ihr,1,1,Und jetzt wollen wir mal von euch wissen: And now we want to know from you: Was sind denn eure Hobbys?
6761,transcript,eure,0,PPOSAT,PPOSAT,eur,eur,euer,euer,1,1,Und jetzt wollen wir mal von euch wissen: And now we want to know from you: Was sind denn eure Hobbys?
6762,transcript,vom,0,APPRART,ART,von,von,vom,vom,1,1,Ja? - Weil ich möchte gerne mal dieses Gefühl haben vom Fliegen. - Ja.
6762,transcript,Fliegen,0,NN,NN,Fliegen,Fliegen,Fliege,Fliege,1,1,Ja? - Weil ich möchte gerne mal dieses Gefühl haben vom Fliegen. - Ja.
6763,transcript,Dass,1,KOUS,KOUS,dass,dass,daß,daß,1,1,"Dass man sich hinchillen... - Ah, nee, hinchillt."
6763,transcript,hinchillt,0,VVPP,VVFIN,hinchillt,hinchillt,hinchillen,hinchillen,1,1,"Dass man sich hinchillen... - Ah, nee, hinchillt."
6764,transcript,am,0,APPRART,APPR,an,an,am,am,1,1,Hallo liebe Zuschauer. Wir sind heute in Zell am See.
6768,transcript,ihr,0,PPER,PPER,ihr,ihr,sie,sie,1,1,Äh auf der anderen Seite seht ihr den Philosophen-Weg. - Ja.
6770,transcript,dir,0,PPER,PPER,dir,dir,du,dir,1,1,"Ja, in der Schweiz, musst du dir vorstellen, das sind alles aus sehr dörflichen Strukturen entstanden, ja?"
6770,transcript,dörflichen,0,ADJA,ADJA,dörflich,dörflich,dörflichen,dörflichen,1,1,"Ja, in der Schweiz, musst du dir vorstellen, das sind alles aus sehr dörflichen Strukturen entstanden, ja?"
6772,transcript,Im,0,APPRART,ART,in,in,im,im,1,1,Ja. - Im Frühdienst oder im Spätdienst.
6772,transcript,im,0,APPRART,ART,in,in,im,imen,1,1,Ja. - Im Frühdienst oder im Spätdienst.
6776,transcript,zum,0,APPRART,ART,zu,zu,zum,zum,1,1,"Ähm, ja, Froschschenkel zum Beispiel oder Schnecken Erm, yeah, frog legs, for example, or snails in Frankreich. - Genau, weil ich hab' mich die ganze..."
6776,transcript,mich,0,PPER,PPER,mich,mich,ich,ich,1,1,"Ähm, ja, Froschschenkel zum Beispiel oder Schnecken Erm, yeah, frog legs, for example, or snails in Frankreich. - Genau, weil ich hab' mich die ganze..."
6777,transcript,reingetan,0,VVPP,VVPP,Reingetan,reingetan,reintun,reintun,1,1,"Wieso? - Ich hab' da immer ganz wenig Fett reingetan und dann sind die immer angebraten. - Ja, haste ja heute was gelernt."
6777,transcript,angebraten,0,VVFIN,ADJD,angebraten,angebraten,anbraten,anbraten,1,1,"Wieso? - Ich hab' da immer ganz wenig Fett reingetan und dann sind die immer angebraten. - Ja, haste ja heute was gelernt."
6778,transcript,eine,0,PIS,PIS,einer,einer,ein,ein,1,1,"Und jeden Tag Vokabeln lernen ist eine der effektivsten Sachen, die man machen kann, um immer dranzubleiben und nicht aufzugeben."
6778,transcript,dranzubleiben,0,VVIZU,VVIZU,dranzubleiben,dranzubleiben,dranbleiben,dranbleiben,1,1,"Und jeden Tag Vokabeln lernen ist eine der effektivsten Sachen, die man machen kann, um immer dranzubleiben und nicht aufzugeben."
6783,transcript,geht's,0,VVFIN,VVFIN,geht's,gehen,gehe'en,gehten,1,0,Hier ist dein Mikrofon. - Ok. - Los geht's.
6784,transcript,find's,0,VVFIN,VVFIN,find's,find's,find'en,find's,0,0,Aber ich persönlich find's jetzt auch nicht so cool.
6785,transcript,ne,0,NN,ITJ,ne,ne,ein,ein,1,1,"Andere Menschen treffen? Traurig, ne, dass das schon in die Kategorie ""sich etwas gönnen"" fällt. - Ja. - Okay."
6786,transcript,gibt's,0,VVFIN,VVFIN,gibt'sn,geben,gibte'n,gibten,1,0,"Seedlang gibt's für Android und iOS oder You can get Seedlang for Android and iOS, or natürlich auch im Browser unter seedlang.com."
6786,transcript,im,0,APPRART,ART,in,in,im,im,1,1,"Seedlang gibt's für Android und iOS oder You can get Seedlang for Android and iOS, or natürlich auch im Browser unter seedlang.com."
6787,transcript,mich,0,PRF,PPER,mich,mich,ich,ich,1,1,Sie rufen mich wegen einem Klingelschild an?
6791,transcript,ihr,0,PPER,PPER,ihr,ihr,sie,sie,1,1,Und ihr bekommt auch was dafür.
6792,transcript,mich,0,PPER,PPER,mich,mich,ich,ich,1,1,"Aber das ist eine Sache, die (mich) 'n bisschen bis jetzt, äh, wundert."
6793,transcript,was,0,PRELS,PWS,wer,wer,was,was,1,1,"Das heißt... - Das, was er macht. Genau."
6795,transcript,uns,0,PPER,PPER,uns,uns,wir,wir,1,1,"Also das ist einfach... Musik verbindet uns alle, macht Freude, ist universell."
6796,transcript,uns,0,PRF,PRF,sich,sich,wir,wir,1,1,"Manuel, ähm, wir werden uns das jetzt vorbereiten, dass wir das Stück dort einleimen können."
6799,transcript,Fakten,0,NN,NN,Fakt,fakt,Faktum,Faktum,1,1,"Mit dem Futur I drückt man aber aus, dass es sich um eine Prognose handelt, also nicht wirklich um Fakten."
6800,transcript,gibt's,0,VVFIN,VVFIN,gibt's,geben,gibte'n,gibten,1,0,"Ich weiß gar nicht. Also da, wo ich herkomme, gibt's eigentlich mehr Italiener als deutsche Restaurants sogar."
6803,transcript,bestimmt,0,VVFIN,FM,bestimmen,bestimmen,bestimmt,bestimmt,1,1,"Ich weiß nicht, da braucht man I don't know, you definitely bestimmt schon 3000 Euro, 4000 Euro oder so."
6808,transcript,mich,0,PPER,PRF,mich,mich,ich,ich,1,1,"stellen Sie mich mal bitte zu ihrem Manager durch, ja?"
6808,transcript,bitte,0,ADV,ADV,bitte,bitte,bitten,bitten,1,1,"stellen Sie mich mal bitte zu ihrem Manager durch, ja?"
6809,transcript,uns,0,PRF,PRF,sich,sich,wir,wir,1,1,Ich hatte richtig Spaß an der Sache und wir haben uns schon verabredet.
6810,transcript,im,0,APPRART,ART,in,in,im,im,1,1,"Probiert das mal aus auf Seedlang.com, oder im App-Store und Google Play Store findet ihr die App auch unter ""Seedlang""."
6810,transcript,App-Store,0,NN,NN,App-Store,app-store,App-Stor,App-Store,1,1,"Probiert das mal aus auf Seedlang.com, oder im App-Store und Google Play Store findet ihr die App auch unter ""Seedlang""."
6810,transcript,ihr,0,PPER,PPER,ihr,ihr,sie,sie,1,1,"Probiert das mal aus auf Seedlang.com, oder im App-Store und Google Play Store findet ihr die App auch unter ""Seedlang""."
6811,transcript,gespannt,0,ADJD,ADJD,gespannt,gespannt,spannen,spannen,1,1,Ich bin schon ganz gespannt Klaus.
6812,transcript,glaub,0,ADJD,VVFIN,glaub,glaub,glauben,glauben,1,1,Ja? - Ja. - Ist der noch aktiv? - Ich glaub' er hat sich ein bisschen zurückgezogen.
6818,transcript,ihr,0,PPER,PPER,ihr,ihr,sie,sie,1,1,"Und das müsst ihr euch merken, dass diese Formen erst mal existieren."
6818,transcript,euch,0,PRF,PPER,euch,euch,ihr,ihr,1,1,"Und das müsst ihr euch merken, dass diese Formen erst mal existieren."
6820,transcript,all,0,PIAT,FM,all,all,alle,alle,1,1,Die Franzosen gehen das Ganze The French approach it all 'n bisschen lockerer an und...
6822,transcript,willst,0,VMFIN,VMFIN,willen,willen,wollen,wollen,1,1,"Du bist ein nettes Mädchen, You're a nice girl, willst du mit mir gehen?"
6822,transcript,mir,0,PPER,PPER,mir,mir,ich,ich,1,1,"Du bist ein nettes Mädchen, You're a nice girl, willst du mit mir gehen?"
6823,transcript,kaffeesüchtigen,0,NN,ADJA,Kaffeesüchtigen,kaffeesüchtigen,kaffeesüchtig,kaffeesüchtig,1,1,"Er hat auch einen Kartoffeltee gekocht, für den kaffeesüchtigen Michael eine gelungene Abwechslung."
6824,transcript,Kannste,1,VMFIN,VAFIN,Kannste,kannste,kennsen,kannst,1,0,"Kannste auf'n Schlossberg gehen, Stadtgarten..."
6824,transcript,Stadtgarten,0,NN,NN,Stadtgart,stadtgart,Stadtgarten,Stadtgarten,0,1,"Kannste auf'n Schlossberg gehen, Stadtgarten..."
6829,transcript,Deutsche,0,NN,NN,deutsche,deutsche,deutsch,deutsch,1,1,"Definitiv. Aber nicht nur Deutsche, Menschen generell, würde ich sagen."
6830,transcript,im,0,APPRART,ART,in,in,im,im,1,1,Und die App ist jetzt auch im App Store und im Google Play Store verfügbar.
6830,transcript,im,0,APPRART,ART,in,in,im,im,1,1,Und die App ist jetzt auch im App Store und im Google Play Store verfügbar.
6833,transcript,gespannt,0,ADJD,ADJD,gespannt,gespannt,spannen,spannen,1,1,"Janusz, ich bin gespannt. - Ich auch."
6834,transcript,Nächstes,0,ADJA,NN,Nächster,nächster,Nächst,Nach,1,1,Als Nächstes macht Janusz die Bluetooth-Box an.
6836,transcript,Am,1,APPRART,APPR,an,an,Am,Am,1,1,Am Telefon ist ein Call Center.
6838,transcript,ihr,0,PPER,PPER,ihr,ihr,sie,sie,1,1,"Diese Situation, die ihr gerade gesehen habt, die ist mir tatsächlich auch schon öfters passiert."
6838,transcript,mir,0,PPER,PPER,mir,mir,ich,ich,1,1,"Diese Situation, die ihr gerade gesehen habt, die ist mir tatsächlich auch schon öfters passiert."
6839,transcript,'nen,0,ART,PIAT,'n,'n,'nerer,'nen,0,0,"Ja, dank dem hab' ich auch 'nen guten Abschluss gemacht."
6839,transcript,Abschluss,0,NN,NN,Abschluss,abschluss,Abschluß,Abschluß,1,1,"Ja, dank dem hab' ich auch 'nen guten Abschluss gemacht."
6840,transcript,Habedere,1,NN,NE,Habeder,habeder,Habedere,Habedere,0,1,Habedere. - Habedere. - Auf Wiedersehen.
6840,transcript,Habedere,0,NN,NN,Habeder,habeder,Habedere,Habedere,0,1,Habedere. - Habedere. - Auf Wiedersehen.
6840,transcript,Wiedersehen,0,NN,NN,Wiedersehe,wiedersehe,Wiedersehen,Wiedersehen,1,1,Habedere. - Habedere. - Auf Wiedersehen.
6847,transcript,glaub,0,ADJD,VVFIN,glaub,glaub,glauben,glauben,1,1,"Ich glaub', das ist, wenn etwas unwichtig ist."
6848,transcript,euch,0,PRF,PRF,euch,euch,ihr,ihr,1,1,Wir zeigen euch heute einige dieser Verben. Los geht's.
6848,transcript,Verben,0,NN,NN,Verbe,verbe,Verb,Verb,1,1,Wir zeigen euch heute einige dieser Verben. Los geht's.
6848,transcript,geht's,0,VVFIN,VVFIN,geht's,gehen,gehe'en,gehten,1,0,Wir zeigen euch heute einige dieser Verben. Los geht's.
6850,transcript,Tinder,1,NN,PTKANT,Tinder,tinder,Tind,Tinder,1,0,Tinder schon. Und dann... das ist was anderes.
6851,transcript,zweite,0,ADJA,ADJA,zweiter,zweiter,zweit,zweit,1,1,"Nee, was war das zweite? - Ich war in der Bank."
6852,transcript,Ihnen,0,PPER,PPER,Ihnen,ihnen,Sie,Sie,1,1,"Was gibt Ihnen Kraft? - Was gibt mir... ja, okay."
6852,transcript,mir,0,PPER,PPER,mir,mir,ich,ich,1,1,"Was gibt Ihnen Kraft? - Was gibt mir... ja, okay."
6853,transcript,veganen,0,ADJA,ADJA,vegan,vegan,veganen,veganen,1,1,"Veganen Nachtisch, äh, wir haben White Baozi (als) veganen Nachtisch."
6854,transcript,'ne,0,ART,ART,'ne,'ne,'ner,'ne,0,0,"Äh, wie viel kostet, äh, 'ne Tasse Kaffee in Deutschland?"
6855,transcript,dir,0,PPER,PPER,dir,dir,du,dir,1,1,Und kommt zu dir der Nikolaus oder der Krampus?
6856,transcript,Aufgepasst,1,NN,VVPP,Aufgepasst,aufgepasst,aufpassen,aufpassen,1,1,"Aufgepasst! Bei manchen Ländern benutzt man ""in""."
6858,transcript,Gleiche,0,NN,NN,Gleich,gleich,Gleiche,Gleiche,1,1,"Ja, die Gleiche, und wie geht das? Welche Art von Musik ist das?"
6860,transcript,weniger,0,PIS,PIS,weniger,weniger,wenig,weniger,1,1,Werden sich… wird das eher weniger werden?
6862,transcript,Pillepalle,1,NN,NE,Pillepall,pillepall,Pillepalle,Pillepalle,0,1,Pillepalle. - Was bedeutet es?
6864,transcript,ihr,0,PPER,PPER,ihr,ihr,sie,sie,1,1,Hier habt ihr jetzt gerade Here you've just seen ein Beispiel im Nominativ (Akkusativ) gesehen.
6864,transcript,seen,0,NN,FM,see,see,seen,seen,1,1,Hier habt ihr jetzt gerade Here you've just seen ein Beispiel im Nominativ (Akkusativ) gesehen.
6864,transcript,im,0,APPRART,ART,in,in,im,im,1,1,Hier habt ihr jetzt gerade Here you've just seen ein Beispiel im Nominativ (Akkusativ) gesehen.
6865,transcript,Ihnen,0,PPER,PPER,ihnen,ihnen,Sie,Sie,1,1,"Was glauben Sie passiert mit Ihnen, wenn Sie irgendwann tot sind?"
6867,transcript,mir,0,PPER,PPER,mir,mir,ich,ich,1,1,also so älter jetzt von mir aus gesehen...
6868,transcript,am,0,APPRART,FM,an,an,am,am,1,1,"I am going home now, bye!"
6870,transcript,uns,0,PPER,PRF,uns,uns,wir,wir,1,1,Wir verstehen uns. Das Problem herrscht in Berlin leider auch. - Schade.
6870,transcript,Schade,0,VVIMP,NN,schade,schaden,Schade,schade,1,1,Wir verstehen uns. Das Problem herrscht in Berlin leider auch. - Schade.
6871,transcript,Vom,1,APPRART,ART,von,von,vom,vom,1,1,"Vom Dialekt her wüsste ich jetzt nicht, ob's eher nach England geht oder Australien."
6871,transcript,wüsste,0,VMFIN,VVFIN,wüssen,wüsste,wissen,wissen,1,1,"Vom Dialekt her wüsste ich jetzt nicht, ob's eher nach England geht oder Australien."
6872,transcript,Ihnen,0,PPER,PPER,ihnen,ihnen,Sie,Sie,1,1,Welche Themen sind Ihnen wichtig in... in der Politik?
6873,transcript,glaubst,0,ADJD,VVFIN,glaubst,glaubst,glauben,glauben,1,1,"Und was glaubst du, gibt's so And what kind of technological für technologische Erneuerungen?"
6873,transcript,gibt's,0,VVFIN,VVFIN,gibt's,geben,gibte'n,gibten,1,0,"Und was glaubst du, gibt's so And what kind of technological für technologische Erneuerungen?"
6875,transcript,was,0,PRELS,PWS,wer,wer,was,was,1,1,"Ist trotzdem, ob das Leben, was wir jetzt leben, Is still... whether life that we're living now..."
6878,transcript,Let's,0,NN,FM,Let's,let's,Let',Let's,0,0,people here in Berlin. - Let's go.
6880,transcript,ihr,0,PPER,PPER,ihr,ihr,sie,sie,1,1,"Was denkt ihr denn, was denken Deutsche über die Slowakei?"
6880,transcript,Deutsche,0,NN,NN,deutsche,deutsche,deutsch,deutsch,1,1,"Was denkt ihr denn, was denken Deutsche über die Slowakei?"
6882,transcript,gibt's,0,VVFIN,VVFIN,gibt's,geben,gibte'n,gibten,1,0,Und gibt's noch irgendwelche Nachteile an Köln?
6882,transcript,irgendwelche,0,PIAT,PIAT,irgendwelch,irgendwelch,irgendwelcher,irgendwelcher,1,1,Und gibt's noch irgendwelche Nachteile an Köln?
6883,transcript,zum,0,APPRART,ART,zu,zu,zum,zum,1,1,"In Deutschland ist zum Beispiel Direktheit In Germany, for example, directness und Ehrlichkeit sehr wichtig."
6884,transcript,dich,0,PPER,PPER,dich,dich,du,du,1,1,"Also, wenn dich was nicht interessiert, tust du auch nicht so, als würde es dich interessieren. - Richtig, richtig."
6884,transcript,interessiert,0,ADJD,VVFIN,interessiert,interessiert,interessieren,interessieren,1,1,"Also, wenn dich was nicht interessiert, tust du auch nicht so, als würde es dich interessieren. - Richtig, richtig."
6884,transcript,tust,0,VVFIN,VVFIN,tuen,tust,tun,tun,1,1,"Also, wenn dich was nicht interessiert, tust du auch nicht so, als würde es dich interessieren. - Richtig, richtig."
6884,transcript,dich,0,PPER,PPER,dich,dich,du,du,1,1,"Also, wenn dich was nicht interessiert, tust du auch nicht so, als würde es dich interessieren. - Richtig, richtig."
6886,transcript,alles,0,PIAT,PIS,aller,aller,alle,alle,1,1,Das sind alles überraschende Sachen für mich.
6886,transcript,mich,0,PPER,PPER,mich,mich,ich,ich,1,1,Das sind alles überraschende Sachen für mich.
6887,transcript,zum,0,APPRART,ART,zu,zu,zum,zum,1,1,"Wissen. - Wissen. An sich, der Infinitiv derselbe, aber ich sag' zum Beispiel ""I woaß des ned"". Ich weiß das nicht. - Hm."
6889,transcript,nix,0,PIS,PIS,nix,nix,nichts,nichts,1,1,"In der Umgangssprache hört man auch oft ""nix""."
6891,transcript,dir,0,PPER,PPER,dir,dir,du,dir,1,1,"Okay, ich erkläre es dir kurz. In Deutschland darf man so schnell fahren, wie man möchte auf der Autobahn, theoretisch."
6892,transcript,ins,0,APPRART,ART,in,in,ecser,ins,1,0,Ich gehe mit meinem Freund ins Kino.
6899,transcript,mag's,0,VMFIN,VVFIN,mag's,mag's,mag'sen,mag's,0,0,"Ich mag's eigentlich... na ja, mittel halt."
6900,transcript,ne,0,NN,ITJ,ne,ne,ein,ein,1,1,"Und meine Erfahrung ist, wenn jemand kein, offensichtlich kein Deutsch spricht, ähm, ist es sowieso, glaube ich, ne, also."
6904,transcript,einem,0,PIS,PIS,einer,einer,ein,ein,1,1,"Baden-Württemberg hat 10,5 Millionen Einwohner und gehört damit zu einem der größeren Bundesländer."
6905,transcript,letztes,0,ADJA,ADJA,letzter,letzter,letzt,letzt,1,1,"Also, ich hab' das Thema ausgewählt, weil Elon Musk letztes Jahr, dieses Jahr permanent, äh, durch die Presse geistert, und vor allem über Twitter."
6905,transcript,äh,0,ITJ,VVFIN,äh,äh,ähen,äh,1,0,"Also, ich hab' das Thema ausgewählt, weil Elon Musk letztes Jahr, dieses Jahr permanent, äh, durch die Presse geistert, und vor allem über Twitter."
6905,transcript,geistert,0,VVPP,VVFIN,istern,geistert,geistern,geistern,1,1,"Also, ich hab' das Thema ausgewählt, weil Elon Musk letztes Jahr, dieses Jahr permanent, äh, durch die Presse geistert, und vor allem über Twitter."
6907,transcript,uns,0,PPER,PPER,uns,uns,wir,wir,1,1,"Oh, das tut uns so leid! Das tut uns wirklich leid, aber wir können ja nicht ohne Schlüssel, wir brauchten die ganz dringend. - Ja."
6907,transcript,uns,0,PPER,PPER,uns,uns,wir,wir,1,1,"Oh, das tut uns so leid! Das tut uns wirklich leid, aber wir können ja nicht ohne Schlüssel, wir brauchten die ganz dringend. - Ja."
6908,transcript,mich,0,PRF,PRF,sich,sich,ich,ich,1,1,"Und ich mich für deine Anweisungen und alles, And I thank you for your instructions and for everything was du mir gezeigt hast."
6908,transcript,mir,0,PPER,PPER,mir,mir,ich,ich,1,1,"Und ich mich für deine Anweisungen und alles, And I thank you for your instructions and for everything was du mir gezeigt hast."
6909,transcript,Wollen,1,NN,NN,wollen,wollen,Wolle,Wolle,1,1,"""Wollen"" ist ein deutsches Modalverb und man drückt damit einen Wunsch oder einen Plan aus."
6912,transcript,Privaten,0,NN,NN,private,private,Privat,Privat,1,1,Wo ist denn der Unterschied zwischen den Privaten und den Öffentlich-Rechtlichen in Deutschland?
6912,transcript,Öffentlich-Rechtlichen,0,NN,NN,Öffentlich-Rechtliche,öffentlich-rechtliche,Öffentlich-Rechtlich,Öffentlich-Rechtlich,1,1,Wo ist denn der Unterschied zwischen den Privaten und den Öffentlich-Rechtlichen in Deutschland?
6915,transcript,Zum,1,APPRART,ART,zu,zu,zum,zum,1,1,"Zum Beispiel sage ich: ""Manuel hat einen Hund"", und ihr sagt dann: ""Das ist sein Hund."" Los geht's."
6915,transcript,ihr,0,PPER,PPER,ihr,ihr,sie,sie,1,1,"Zum Beispiel sage ich: ""Manuel hat einen Hund"", und ihr sagt dann: ""Das ist sein Hund."" Los geht's."
6915,transcript,geht's,0,VVFIN,VVFIN,geht's,gehen,gehe'en,gehten,1,0,"Zum Beispiel sage ich: ""Manuel hat einen Hund"", und ihr sagt dann: ""Das ist sein Hund."" Los geht's."
6917,transcript,fänd,0,VVFIN,VVFIN,fänd,fänd,finden,finden,1,1,"""Moin."" - Das fänd' ich zu salopp."
6919,transcript,Hab,0,NN,VAFIN,Hab,hab,haben,haben,1,1,Nix. - Ja. Hab' ich mir schon gedacht.
6919,transcript,mir,0,PPER,PRF,sich,sich,ich,ich,1,1,Nix. - Ja. Hab' ich mir schon gedacht.
6921,transcript,ihr,0,PPER,PPER,ihr,ihr,sie,sie,1,1,Die Frage wäre: Was habt ihr heute gemacht?
6925,transcript,dededede,0,ADJA,ADJA,dededed,dededed,dededede,dededed,0,1,"Denn die Amerikaner fangen sofort an zu labern, und zwar wirklich dededede dededede..."
6927,transcript,meisten,0,PIAT,PIAT,meister,meister,meist,meist,1,1,"Ich glaube, die meisten Deutschen haben..."
6932,transcript,geht's,0,VVFIN,VVFIN,geht's,gehen,gehe'en,gehten,1,0,"So, jetzt geht's mit Jené weiter."
6933,transcript,geht's,0,VVFIN,VVFIN,geht's,gehen,gehe'en,geht's,1,0,"und ähm… wo geht's weiter? Wir leben in Remscheid, auch eine Reise wert, weil es Bergisches Land ist, das ist einfach traumhaft schön."
6933,transcript,Bergisches,0,ADJA,ADJA,Bergische,bergische,Bergisches,bergisch,0,1,"und ähm… wo geht's weiter? Wir leben in Remscheid, auch eine Reise wert, weil es Bergisches Land ist, das ist einfach traumhaft schön."
6934,transcript,uns,0,PPER,PRF,uns,uns,wir,wir,1,1,Können Sie uns mal eine kleine Gesangseinlage als Tina Turner für Arme geben?
6935,transcript,find's,0,VVFIN,VVFIN,find's,find's,find'en,find's,0,0,"Also, es ist schwer zu sagen. Ich bin… ich find's schade."
6936,transcript,Biergarten,0,NN,NN,Biergart,biergart,Biergarten,Biergarten,0,1,Der Biergarten. Ich bin im Biergarten.
6936,transcript,im,0,APPRART,ART,in,in,im,imen,1,1,Der Biergarten. Ich bin im Biergarten.
6936,transcript,Biergarten,0,NN,NN,Biergart,biergart,Biergarten,Biergarten,0,1,Der Biergarten. Ich bin im Biergarten.
6941,transcript,gab's,0,VVFIN,VVFIN,gab's,gab's,gabe'n,gab'en,0,0,"Nach der Wiedervereinigung gab's die Möglichkeit, das hier zu schaffen, und es gab zwei Wettbewerbe."
6942,transcript,dir,0,PPER,PPER,dir,dir,du,dir,1,1,"Allgemein. Stell dir vor, ich bin ein... eine golde..."
6942,transcript,golde,0,NN,NN,Golde,golde,gold,golde,1,1,"Allgemein. Stell dir vor, ich bin ein... eine golde..."
6943,transcript,Schuss,0,NN,NN,Schuss,schuss,Schuß,Schuß,1,1,"Okay, ja, das stimmt. Ja, man muss halt die Wohnung doch irgendwie in Schuss halten."
6944,transcript,meinen,0,VVFIN,PPOSAT,meinen,meinen,mein,mein,1,1,"Ich fand' meinen ganz gut, ehrlich gesagt."
6947,transcript,Im,1,APPRART,ART,in,in,im,im,1,1,Im Schlafzimmer? - Ein Bett und Bettzeug und... mehr eigentlich nicht.
6949,transcript,letzten,0,ADJA,ADJA,letzter,letzter,letzt,letzt,1,1,Wir sind auf den letzten Metern unserer Reise.
6950,transcript,ne,0,NN,ADV,ne,ne,ein,ein,1,1,Ich glaube 1348. - Das ist schon verrückt ne?
6953,transcript,freikommt,0,VVFIN,VVFIN,freikommen,freikommt,freikommen,freikommen,1,1,"Was singen wir denn? Martin, würdest du ein Lied singen, damit Isi freikommt? - Ja."
6954,transcript,glaub,0,ADJD,VVFIN,glaub,glaub,glauben,glauben,1,1,Aber irgendwie... - Ich glaub' schon.
6955,transcript,letztes,0,ADJA,ADJA,letzter,letzter,letzt,letzt,1,1,"Also Sie würden auch Leuten erzählen, was Sie letztes Mal gewählt haben bei der Wahl? - Ja."
6956,transcript,vom,0,APPRART,APPR,von,von,vom,vom,1,1,Wir sind zurück vom Mittagessen.
6957,transcript,ihr,0,PPER,PPER,ihr,ihr,sie,sie,1,1,Genau und jetzt seid ihr gefragt! Wir wollen nämlich von euch wissen: kennt ihr jemanden in London?
6957,transcript,euch,0,PPER,PPER,euch,euch,ihr,ihr,1,1,Genau und jetzt seid ihr gefragt! Wir wollen nämlich von euch wissen: kennt ihr jemanden in London?
6957,transcript,ihr,0,PPER,PPER,ihr,ihr,sie,sie,1,1,Genau und jetzt seid ihr gefragt! Wir wollen nämlich von euch wissen: kennt ihr jemanden in London?
6958,transcript,vom,0,APPRART,APPR,von,von,vom,vom,1,1,"Ja, so ab 80 Euro die Stunde aufwärts, je nach Künstler, je nach Aufwand vom Motiv und, und Fläche, sagen wir mal so."
6959,transcript,Schwimmen,0,NN,NN,Schwimme,schwimme,Schwimmen,Schwimmen,1,1,Mit (dem) Fahrrad fahren. Schwimmen gehen.
6964,transcript,dir,0,PPER,PPER,dir,dir,du,dir,1,1,Und machst du dir Gedanken And are you already thinking zum Thema Rente schon? - Nein.
6964,transcript,zum,0,APPRART,APPR,zu,zu,zum,zum,1,1,Und machst du dir Gedanken And are you already thinking zum Thema Rente schon? - Nein.
6965,transcript,ihr,0,PPER,PPER,ihr,ihr,sie,sie,1,1,Was habt ihr heute eingekauft?
6967,transcript,chömet,0,ADJD,VVFIN,chömet,chömet,chömen,chömen,1,0,Woher kommen Sie? - Vo wo chömet Sie?
6968,transcript,interessiert,0,ADJD,VVFIN,interessiert,interessiert,interessieren,interessieren,1,1,"Wenn in China ein Sack Reis umfällt, dann interessiert uns das hier nicht."
6968,transcript,uns,0,PPER,PPER,uns,uns,wir,wir,1,1,"Wenn in China ein Sack Reis umfällt, dann interessiert uns das hier nicht."
6977,transcript,Verben,1,NN,NN,Verbe,verbe,Verb,Verb,1,1,"Verben, die mit """"ent-"""" anfangen, sind keine trennbaren Verben."
6977,transcript,Verben,0,NN,NN,Verbe,verbe,Verb,Verb,1,1,"Verben, die mit """"ent-"""" anfangen, sind keine trennbaren Verben."
6978,transcript,alle,0,PIAT,PIAT,aller,aller,alle,alle,1,1,Ihr studiert alle Germanistik hier an der Uni in Ho Chi Minh City.
6981,transcript,ihm,0,PPER,PPER,ihm,ihm,er,er,1,1,Manuel möchte ihm helfen. Gib mal Manuel.
6981,transcript,Gib,0,VVIMP,VVFIN,Gib,geben,gib,geben,1,1,Manuel möchte ihm helfen. Gib mal Manuel.
6982,transcript,ihr,0,PPER,PPER,ihr,ihr,sie,sie,1,1,"Außerdem könnt ihr wie jede Woche interaktive Übungen, Like every week, you can also get interactive exercises, Vokabeln und ein Transkript zu dieser Episode bekommen."
6982,transcript,exercises,0,NN,FM,exercises,exercises,exercisch,exercises,1,0,"Außerdem könnt ihr wie jede Woche interaktive Übungen, Like every week, you can also get interactive exercises, Vokabeln und ein Transkript zu dieser Episode bekommen."
6983,transcript,viele,0,PIAT,PIAT,vieler,vieler,viel,viel,1,1,Wie viele Stunden arbeiten Sie pro Woche? - Ähm etwa 35.
6984,transcript,alkoholfreies,0,NN,ADJA,alkoholfreies,alkoholfreies,alkoholfrei,alkoholfrei,1,1,Ich hätte gern ein alkoholfreies Bier.
6987,transcript,letzten,0,ADJA,ADJA,letzter,letzter,letzt,letzt,1,1,Und so wird das Thema auch jetzt erst in der letzten Woche wirklich verstärkt wahrgenommen.
6987,transcript,verstärkt,0,ADJD,VVPP,verstärkt,verstärkt,verstärken,verstärkt,1,1,Und so wird das Thema auch jetzt erst in der letzten Woche wirklich verstärkt wahrgenommen.
6989,transcript,ihr,0,PPER,PPER,ihr,ihr,sie,sie,1,1,Vielleicht lernt ihr gerade Deutsch oder Französisch oder Spanisch und dann hab' ich eine Empfehlung für euch und das ist die App Seedlang.
6989,transcript,euch,0,PPER,PPER,euch,euch,ihr,ihr,1,1,Vielleicht lernt ihr gerade Deutsch oder Französisch oder Spanisch und dann hab' ich eine Empfehlung für euch und das ist die App Seedlang.
6992,transcript,ihr,0,PPER,PPER,ihr,ihr,sie,sie,1,1,"Wir sind heute wieder in Köln und ihr erinnert euch, letztes Mal haben wir mit Rami ein Video gemacht."
6992,transcript,euch,0,PPER,PPER,euch,euch,ihr,ihr,1,1,"Wir sind heute wieder in Köln und ihr erinnert euch, letztes Mal haben wir mit Rami ein Video gemacht."
6992,transcript,letztes,0,ADJA,ADJA,letzter,letzter,letzt,letzt,1,1,"Wir sind heute wieder in Köln und ihr erinnert euch, letztes Mal haben wir mit Rami ein Video gemacht."
6993,transcript,was,0,PWS,PWS,wer,wer,was,was,1,1,"Ja, was sagen Sie jetzt? Überrascht? - Weiß nicht, bleibt abzuwarten. - Irgendwer wird ja immer Präsident ne? - Genau."
6993,transcript,Überrascht,0,VVFIN,ADJD,überrascht,überraschen,überrascht,überrascht,1,1,"Ja, was sagen Sie jetzt? Überrascht? - Weiß nicht, bleibt abzuwarten. - Irgendwer wird ja immer Präsident ne? - Genau."
6993,transcript,Weiß,0,NN,NN,weiße,weiße,Weiß,Weiß,1,1,"Ja, was sagen Sie jetzt? Überrascht? - Weiß nicht, bleibt abzuwarten. - Irgendwer wird ja immer Präsident ne? - Genau."
6994,transcript,ne,0,NN,NE,ne,ne,ein,ein,1,1,"Joar, das ist ja schon etwas länger her, ne?"
6995,transcript,regelst,0,ADJD,VVFIN,regelst,regelst,regeln,regeln,1,1,"Wie regelst du das? Hast du da 'n genauen Plan, ich mach' jeden Tag 15 Minuten oder..."
6999,transcript,geschnitten,0,VVPP,VVPP,geschnitten,geschnitten,schneiden,schneiden,1,1,wie aus dem Gesicht geschnitten.
7001,transcript,uns,0,PRF,PRF,sich,sich,wir,wir,1,1,"Und wir freuen uns darüber, weil das in Berlin lange nicht so warm war."
7002,transcript,geht's,0,VVFIN,VVFIN,geht's,gehen,gehe'en,gehten,1,0,Ich geh' mal rein. Los geht's.
7005,transcript,Youtube-Kollegen,0,NN,NN,Youtube-Kolleg,youtube-kolleg,Youtube-Kollege,Youtube-Kollege,1,1,"Und die Hallo Deutschschule hat auch einen Youtube-Kanal, And the Hallo Deutschschule also has a YouTube channel, wir sind sozusagen Youtube-Kollegen."
7006,transcript,vergangen,0,VVPP,VVPP,vergehen,vergehen,vergangen,vergehen,1,1,"Nach ""vor"" steht die Zeit, die zwischen der Handlung und jetzt vergangen ist, zum Beispiel drei Wochen."
7006,transcript,zum,0,APPRART,APPR,zu,zu,zum,zum,1,1,"Nach ""vor"" steht die Zeit, die zwischen der Handlung und jetzt vergangen ist, zum Beispiel drei Wochen."
7008,transcript,geht's,0,VVFIN,VVFIN,geht's,gehen,gehe'en,gehten,1,0,"Wir stellen die Wörter jetzt mal vor, los geht's."
7009,transcript,im,0,APPRART,ART,in,in,im,im,1,1,"Ja, im Grunde genommen schon, aber nicht immer."
7012,transcript,im,0,APPRART,ART,in,in,im,imen,1,1,Jetzt bin ich im Lidl. Ich suche was Erfrischendes.
7012,transcript,Erfrischendes,0,NN,NN,Erfrischendes,erfrischendes,Erfrischend,Erfrischend,1,1,Jetzt bin ich im Lidl. Ich suche was Erfrischendes.
7015,transcript,ihr,0,PPER,PPER,ihr,ihr,sie,sie,1,1,"Ok, wo wart ihr? - Ich war in St. Petersburg und Moskau."
7017,transcript,ging's,0,VVFIN,VVFIN,ging's,ging's,gingen,gehen,0,1,"Klaus, also äh… - Worum ging's eigentlich?"
7019,transcript,euch,0,PPER,PPER,euch,euch,ihr,ihr,1,1,Und wir werden mit euch weiter diskutieren in den Kommentaren.
7024,transcript,uns,0,PRF,PRF,sich,sich,wir,wir,1,1,"Okay, wir haben uns noch nicht bewegt, wir stehen immer noch an der gleichen Stelle und schon ist der nächste Deutsche hier vorbeigelaufen. — Ja."
7024,transcript,nächste,0,ADJA,ADJA,nächster,nächster,nah,nah,1,1,"Okay, wir haben uns noch nicht bewegt, wir stehen immer noch an der gleichen Stelle und schon ist der nächste Deutsche hier vorbeigelaufen. — Ja."
7024,transcript,Deutsche,0,NN,NN,deutsche,deutsche,deutsch,deutsch,1,1,"Okay, wir haben uns noch nicht bewegt, wir stehen immer noch an der gleichen Stelle und schon ist der nächste Deutsche hier vorbeigelaufen. — Ja."
7024,transcript,vorbeigelaufen,0,VVPP,VVPP,vorbeigelaufen,vorbeigelaufen,vorbeilaufen,vorbeilaufen,1,1,"Okay, wir haben uns noch nicht bewegt, wir stehen immer noch an der gleichen Stelle und schon ist der nächste Deutsche hier vorbeigelaufen. — Ja."
7026,transcript,zum,0,APPRART,ART,zu,zu,zum,zum,1,1,Tüänd Sie immer so gsund zum Zmorgä ässä?
7027,transcript,ins,0,APPRART,ART,in,in,ecser,ins,1,0,Ich versuche früh ins Bett zu gehen.
7029,transcript,ihr,0,PPER,PPER,ihr,ihr,sie,sie,1,1,Und das sind übrigens die Teilnehmer unserer Easy German Summer School. - Und wenn ihr uns… - das war ein Delfin.
7029,transcript,uns,0,PPER,PPER,uns,uns,wir,wir,1,1,Und das sind übrigens die Teilnehmer unserer Easy German Summer School. - Und wenn ihr uns… - das war ein Delfin.
7030,transcript,Nächstes,0,PIS,NN,Nächster,nächster,Nächst,Nach,1,1,Als Nächstes genieße ich meinen Kaffee.
7034,transcript,Wusstet,0,VVFIN,VVFIN,Wussten,wusstet,Wissen,sitzen,1,1,"Übrigens: Wusstet ihr, dass ihr auch ein Mitglied bei Easy German werden könnt?"
7034,transcript,ihr,0,PPER,PPER,ihr,ihr,sie,sie,1,1,"Übrigens: Wusstet ihr, dass ihr auch ein Mitglied bei Easy German werden könnt?"
7034,transcript,ihr,0,PPER,PPER,ihr,ihr,sie,sie,1,1,"Übrigens: Wusstet ihr, dass ihr auch ein Mitglied bei Easy German werden könnt?"
7036,transcript,glaub,0,ADJD,VVFIN,glaub,glaub,glauben,glauben,1,1,"Ich glaub', wir sind oft so'n bisschen borniert in Deutschland, aber dafür funktionieren vielleicht Dinge auch mal ab und zu 'n bisschen besser."
7037,transcript,hollandaise,0,ADV,FM,hollandaise,hollandaise,hollandais,hollandais,1,0,Wine in the hollandaise sauce?
7038,transcript,ihr,0,PPER,PPER,ihr,ihr,sie,sie,1,1,"Ihr seid auf der Straße, ihr macht irgendwas falsch und dann kommt dieser Blick."
7040,transcript,ihr,0,PPER,PPER,ihr,ihr,sie,sie,1,1,Und dann könnt ihr viele interaktive Übungen zum Deutschlernen machen. Tschüss und bis bald.
7040,transcript,viele,0,PIAT,PIAT,vieler,vieler,viel,viel,1,1,Und dann könnt ihr viele interaktive Übungen zum Deutschlernen machen. Tschüss und bis bald.
7040,transcript,zum,0,APPRART,APPR,zu,zu,zum,zum,1,1,Und dann könnt ihr viele interaktive Übungen zum Deutschlernen machen. Tschüss und bis bald.
7040,transcript,Deutschlernen,0,NN,NN,Deutschlern,deutschlernen,Deutschlerne,Deutschlernen,1,0,Und dann könnt ihr viele interaktive Übungen zum Deutschlernen machen. Tschüss und bis bald.
7042,transcript,alle,0,PIAT,PIAT,aller,aller,alle,alle,1,1,Eine… alle Bierflaschen haben 8 Cent Pfand.
7043,transcript,Könnten,0,VMFIN,VMFIN,Könnten,könnten,können,kennen,1,1,"""Erst mal: Entschuldigung, dass ich klopfe, und ich hab 'ne große Bitte an Sie, ähm: Könnten Sie leiser machen?"
7043,transcript,leiser,0,ADJD,ADJD,leiser,leiser,leise,leise,1,1,"""Erst mal: Entschuldigung, dass ich klopfe, und ich hab 'ne große Bitte an Sie, ähm: Könnten Sie leiser machen?"
7044,transcript,ihr,0,PPER,PPER,ihr,ihr,sie,sie,1,1,"Wir hoffen, ihr habt einige Tipps mitgenommen, was ihr euch mal in Dresden angucken könnt, kommt unbedingt hier hin."
7044,transcript,einige,0,PIAT,PIAT,einiger,einiger,einige,einige,1,1,"Wir hoffen, ihr habt einige Tipps mitgenommen, was ihr euch mal in Dresden angucken könnt, kommt unbedingt hier hin."
7044,transcript,Tipps,0,NN,NN,Tipps,tipps,Tip,Tip,1,1,"Wir hoffen, ihr habt einige Tipps mitgenommen, was ihr euch mal in Dresden angucken könnt, kommt unbedingt hier hin."
7044,transcript,ihr,0,PPER,PPER,ihr,ihr,sie,sie,1,1,"Wir hoffen, ihr habt einige Tipps mitgenommen, was ihr euch mal in Dresden angucken könnt, kommt unbedingt hier hin."
7044,transcript,euch,0,PPER,PPER,euch,euch,ihr,ihr,1,1,"Wir hoffen, ihr habt einige Tipps mitgenommen, was ihr euch mal in Dresden angucken könnt, kommt unbedingt hier hin."
7045,transcript,mich,0,PPER,PRF,mich,mich,ich,ich,1,1,"Schon wichtig, ja, mach ich viel. Ich entspanne mich viel."
7052,transcript,Tschüss,0,NN,NN,Tschüss,tschüss,Tschuß,Tschüss,1,0,"Super gerne. - Tschüss, liebe Leute! - Ciao!"
7052,transcript,liebe,0,ADJA,ADJA,lieb,lieb,lieben,lieben,1,1,"Super gerne. - Tschüss, liebe Leute! - Ciao!"
7055,transcript,mich,0,PRF,PRF,sich,sich,ich,ich,1,1,"Und ich freue mich, von euch zu hören und dass wir uns hier bald wiedersehen. Bis bald!"
7055,transcript,euch,0,PPER,PPER,euch,euch,ihr,ihr,1,1,"Und ich freue mich, von euch zu hören und dass wir uns hier bald wiedersehen. Bis bald!"
7055,transcript,uns,0,PRF,PRF,sich,sich,wir,wir,1,1,"Und ich freue mich, von euch zu hören und dass wir uns hier bald wiedersehen. Bis bald!"
7057,transcript,euch,0,PPER,PRF,euch,euch,ihr,ihr,1,1,"Deshalb haben wir euch heute nur Adjektive gezeigt, die man im Alltag auch häufig nutzt."
7057,transcript,im,0,APPRART,ART,in,in,im,imen,1,1,"Deshalb haben wir euch heute nur Adjektive gezeigt, die man im Alltag auch häufig nutzt."
7058,transcript,realisier,0,ADJD,VVFIN,Realisier,realisier,realisieren,realisieren,1,1,"Ich selber realisier noch gar nicht, dass ich hier bin."
7060,transcript,viele,0,PIAT,PIAT,vieler,vieler,viel,viel,1,1,"Wir haben so viele Ressourcen, ihr könnt unseren Podcast hören, unsere Videos gucken und auch Übungen mit uns machen, mit uns chatten als Mitglied."
7060,transcript,ihr,0,PPER,PPER,ihr,ihr,sie,sie,1,1,"Wir haben so viele Ressourcen, ihr könnt unseren Podcast hören, unsere Videos gucken und auch Übungen mit uns machen, mit uns chatten als Mitglied."
7060,transcript,uns,0,PPER,PPER,uns,uns,wir,wir,1,1,"Wir haben so viele Ressourcen, ihr könnt unseren Podcast hören, unsere Videos gucken und auch Übungen mit uns machen, mit uns chatten als Mitglied."
7060,transcript,uns,0,PPER,PPER,uns,uns,wir,wir,1,1,"Wir haben so viele Ressourcen, ihr könnt unseren Podcast hören, unsere Videos gucken und auch Übungen mit uns machen, mit uns chatten als Mitglied."
7060,transcript,chatten,0,NN,VVFIN,chatten,chatten,chaben,chaten,1,0,"Wir haben so viele Ressourcen, ihr könnt unseren Podcast hören, unsere Videos gucken und auch Übungen mit uns machen, mit uns chatten als Mitglied."
7061,transcript,euch,0,PRF,PRF,euch,euch,ihr,ihr,1,1,"Heute stellen wir euch das Präfix ""ab"" vor."
7063,transcript,sprech,0,VVFIN,VVFIN,sprech,sprech,sprechen,sprechen,1,1,Ich sprech Salzburgerisch und Oberösterreichisch.
7064,transcript,Wohnst,1,PWAV,VVFIN,Wohnst,wohnst,wohnen,wohnen,1,1,Wohnst du in 'ner Stadt? - Auch nicht wirklich.
7070,transcript,glaub,0,ADJD,VVFIN,glaub,glaub,glauben,glauben,1,1,"kommt ganz drauf an, wen man fragt, glaub' ich."
7071,transcript,guck,0,ADV,VVFIN,guck,guck,gucken,gucken,1,1,"Ok, ja, nee ist schön… guck mal das Auto da Cari, der blaue Porsche, wie abgefahren ist das denn?"
7071,transcript,abgefahren,0,VVPP,ADJD,abfahren,abfahren,abgefahren,abgefahren,1,1,"Ok, ja, nee ist schön… guck mal das Auto da Cari, der blaue Porsche, wie abgefahren ist das denn?"
7075,transcript,Am,1,APPRART,ART,an,an,Am,Am,1,1,"Am schrecklichsten? - Na, gute Frage. Ich bin ein bisschen überfragt."
7075,transcript,schrecklichsten,0,ADJA,NN,schrecklichst,schrecklichst,schrecklich,schrecklich,0,1,"Am schrecklichsten? - Na, gute Frage. Ich bin ein bisschen überfragt."
7076,transcript,übertrieben,0,ADJD,ADJD,übertrieben,übertrieben,übertreiben,übertreiben,1,1,Auf dem Gepäckträger transportiert man übertrieben große Dinge.
7077,transcript,am,0,APPRART,APPR,an,an,am,am,1,1,"Äh, irgendwo in 'ner Cafeteria sicherlich am Automaten."
7079,transcript,euch,0,PPER,PRF,euch,euch,ihr,ihr,1,1,"Schaut mal rein in die Links. Wir wollen euch helfen, noch schneller und einfacher und mit Spaß Deutsch zu lernen. Keine Lüge!"
7080,transcript,euch,0,PRF,PRF,euch,euch,ihr,ihr,1,1,"Und außerdem laden wir euch ein, noch mehr zu lernen mit Easy German."
7081,transcript,am,0,APPRART,ART,an,an,am,am,1,1,"Und richtig gelegen hat Francisco oder am nächsten dran war Francisco, mit hundertfünfzig Metern, denn die richtige Antwort ist hunderteinundsechzig Meter und fünfzig Zentimeter."
7081,transcript,nächsten,0,ADJA,ADJA,nächster,nächster,nah,nah,1,1,"Und richtig gelegen hat Francisco oder am nächsten dran war Francisco, mit hundertfünfzig Metern, denn die richtige Antwort ist hunderteinundsechzig Meter und fünfzig Zentimeter."
7083,transcript,einem,0,PIS,PIS,einer,einer,ein,ein,1,1,"Hallo Leute! In einem unserer letzten Videos haben wir euch erklärt, was der Unterschied zwischen den Präpositionen ""aus"" und ""von"" ist."
7083,transcript,letzten,0,ADJA,ADJA,letzter,letzter,letzt,letzt,1,1,"Hallo Leute! In einem unserer letzten Videos haben wir euch erklärt, was der Unterschied zwischen den Präpositionen ""aus"" und ""von"" ist."
7083,transcript,euch,0,PRF,PRF,euch,euch,ihr,ihr,1,1,"Hallo Leute! In einem unserer letzten Videos haben wir euch erklärt, was der Unterschied zwischen den Präpositionen ""aus"" und ""von"" ist."
7086,transcript,alle,0,PIAT,PIAT,aller,aller,alle,alle,1,1,"Darum duz' ich meistens die Leute, also meistens alle Leute."
7087,transcript,zum,0,APPRART,APPR,zu,zu,zum,zum,1,1,Wir gehen zum Burgerladen und essen abend.
7091,transcript,letzten,0,ADJA,ADJA,letzter,letzter,letzt,letzt,1,1,Und genau daran haben wir in den letzten Monaten gearbeitet.
7097,transcript,euch,0,PPER,PPER,euch,euch,ihr,ihr,1,1,Heute zeige ich euch das typische WG-Leben und nehme euch einmal mit.
7097,transcript,euch,0,PRF,PPER,euch,euch,ihr,ihr,1,1,Heute zeige ich euch das typische WG-Leben und nehme euch einmal mit.
7098,transcript,dir,0,PPER,PPER,dir,dir,du,dir,1,1,"Ja richtig. - Natasha, du hast dir eine Gratulation von Janusz verdient. - Herzlichen Glückwunsch. Ganz persönlich von mir."
7098,transcript,mir,0,PPER,PPER,mir,mir,ich,ich,1,1,"Ja richtig. - Natasha, du hast dir eine Gratulation von Janusz verdient. - Herzlichen Glückwunsch. Ganz persönlich von mir."
7099,transcript,Hab,1,NN,VAFIN,hab,hab,haben,haben,1,1,"Hab' ich nicht, aber den hole..."
7105,transcript,erster,0,ADJA,ADJA,erster,erster,erst,erst,1,1,"Janusz, erster Eindruck? - Was haben wir nur getan?"
7106,transcript,geht's,0,VVFIN,VVFIN,geht's,gehen,gehe'en,gehten,1,0,"Oh, Janusz weiß schon was er wählt. Das wusste ich noch nicht. Los geht's."
7107,transcript,Probiert's,1,NN,PTKANT,Probiert's,probiert's,Probiert',probiert,0,0,"Probiert's gerne mal aus unter dem Link, den findet ihr auch noch mal hier unten."
7107,transcript,ihr,0,PPER,PPER,ihr,ihr,sie,sie,1,1,"Probiert's gerne mal aus unter dem Link, den findet ihr auch noch mal hier unten."
7109,transcript,viele,0,PIAT,PIAT,vieler,vieler,viel,viel,1,1,und insgesamt in Deutschland viele Leute so starren.
7110,transcript,Geht,0,VVFIN,VVFIN,gehen,gehen,geht,gehen,1,1,Bis morgen brauchen wir drei Ideen We need three ideas for a für ein virales Video. Geht das klar?
7112,transcript,dir,0,PPER,PPER,dir,dir,du,dir,1,1,Das hast du dir ausgerechnet? Oder woher weißt du das?
7112,transcript,weißt,0,VVFIN,VVFIN,weißen,wissen,weißen,weißen,1,1,Das hast du dir ausgerechnet? Oder woher weißt du das?
7113,transcript,meinen,0,VVFIN,PPOSAT,meinen,meinen,mein,mein,1,1,Ich glaube meinen... meine Bücherecke mag ich am liebsten.
7113,transcript,Bücherecke,0,NN,NN,Büchereck,büchereck,Bücherecke,Bücherecke,0,1,Ich glaube meinen... meine Bücherecke mag ich am liebsten.
7113,transcript,liebsten,0,ADJD,NN,lieb,lieb,gerne,gerne,1,1,Ich glaube meinen... meine Bücherecke mag ich am liebsten.
7117,transcript,könntest,0,VVFIN,VMFIN,könntestn,könntest,können,können,1,1,"Guten Morgen erst einmal. Ich finde, Chef, du könntest trotzdem freundlich bleiben zu mir, wenn du mich anmeckerst. Und ich..."
7117,transcript,mir,0,PPER,PPER,mir,mir,ich,ich,1,1,"Guten Morgen erst einmal. Ich finde, Chef, du könntest trotzdem freundlich bleiben zu mir, wenn du mich anmeckerst. Und ich..."
7117,transcript,mich,0,PPER,PRF,mich,mich,ich,ich,1,1,"Guten Morgen erst einmal. Ich finde, Chef, du könntest trotzdem freundlich bleiben zu mir, wenn du mich anmeckerst. Und ich..."
7117,transcript,anmeckerst,0,VVFIN,ADJD,anmeckeren,anmeckerst,anmeckern,anmeckern,1,0,"Guten Morgen erst einmal. Ich finde, Chef, du könntest trotzdem freundlich bleiben zu mir, wenn du mich anmeckerst. Und ich..."
7125,transcript,alle,0,PIAT,PIAT,aller,aller,alle,alle,1,1,"Und die italienischsprachigen Muttersprachler hier, lernen die auch alle Deutsch?"
7126,transcript,am,0,APPRART,ART,an,an,am,am,1,1,"Äh - Ganz spontan. - Also ich bin dann am stolzesten Österreicher, wenn ich mit einem Deutschen rede."
7126,transcript,stolzesten,0,ADJA,ADJA,stolze,stolze,stolz,stolz,1,1,"Äh - Ganz spontan. - Also ich bin dann am stolzesten Österreicher, wenn ich mit einem Deutschen rede."
7126,transcript,Deutschen,0,ADJA,NN,deutsch,deutsch,Deutsche,Deutsche,1,1,"Äh - Ganz spontan. - Also ich bin dann am stolzesten Österreicher, wenn ich mit einem Deutschen rede."
7129,transcript,versuch's,0,VVFIN,VVFIN,versuch's,versuch's,versuch'en,versuch's,0,0,"Ich versuch's. Das klappt nicht so super, aber, ähm, ich strenge mich an und das klappt immer in Wellen besser und schlechter."
7129,transcript,mich,0,PRF,PRF,mich,mich,ich,ich,1,1,"Ich versuch's. Das klappt nicht so super, aber, ähm, ich strenge mich an und das klappt immer in Wellen besser und schlechter."
7130,transcript,allen,0,PIAT,PIAT,aller,aller,alle,alle,1,1,"Familie ist sehr viel, vor allen Dingen sollte man sie nicht vergessen."
7133,transcript,Glaubst,1,VVFIN,ITJ,Glaubst,glauben,glaubst,gluuben,1,1,"Glaubst du, äh, das passiert oder das passiert nicht?"
7134,transcript,zum,0,APPRART,ART,zu,zu,zum,zum,1,1,Mit manchen Freunden spreche ich zum Beispiel Ukrainisch oder Russisch und mit einigen nur Englisch oder Deutsch.
7134,transcript,einigen,0,PIAT,PIS,einiger,einiger,einige,einige,1,1,Mit manchen Freunden spreche ich zum Beispiel Ukrainisch oder Russisch und mit einigen nur Englisch oder Deutsch.
7136,transcript,engeres,0,ADJA,ADJA,engerer,engerer,enger,eng,1,1,"wo ich jetzt wieder hier bin, dass wir ein engeres Verhältnis haben, aber unter anderem deswegen fühl' ich mich schon sehr unabhängig, ja. - Okay."
7136,transcript,fühl,0,VVFIN,VVFIN,fühl,fühl,fühlen,fühlen,1,1,"wo ich jetzt wieder hier bin, dass wir ein engeres Verhältnis haben, aber unter anderem deswegen fühl' ich mich schon sehr unabhängig, ja. - Okay."
7136,transcript,mich,0,PRF,PRF,sich,sich,ich,ich,1,1,"wo ich jetzt wieder hier bin, dass wir ein engeres Verhältnis haben, aber unter anderem deswegen fühl' ich mich schon sehr unabhängig, ja. - Okay."
7141,transcript,ner,0,ART,PIAT,n,n,ner,ner,1,1,10 Minuten ruhiges Frühstück mit 'ner großen Tasse Tee.
7142,transcript,dir,0,PPER,PPER,dir,dir,du,dir,1,1,"In diesem Video hast du erzählt, dass du dir..."
7143,transcript,euch,0,PRF,PRF,euch,euch,ihr,ihr,1,1,"So und jetzt geben wir euch noch ein paar Tips, was man machen kann, wenn man krank ist."
7143,transcript,was,0,PRELS,PWS,wer,wer,was,was,1,1,"So und jetzt geben wir euch noch ein paar Tips, was man machen kann, wenn man krank ist."
7146,transcript,dich,0,PPER,PPER,dich,dich,du,du,1,1,Das ist ein weiterer Punkt für dich.
7148,transcript,mir,0,PPER,PPER,mir,mir,ich,ich,1,1,Was mir am besten gelungen ist?
7150,transcript,was,0,PRELS,PWS,wer,wer,was,was,1,1,"Alles was ich bisher gesehen haben, ist wunderschön in Salzburg."
7151,transcript,ihr,0,PPER,PPER,ihr,ihr,sie,sie,1,1,Und ihr solltet auch Danas Kanal checken.
7151,transcript,solltet,0,VMFIN,VMFIN,sollten,solltet,sollen,sollen,1,1,Und ihr solltet auch Danas Kanal checken.
7153,transcript,würd,0,VMFIN,VMFIN,werdn,würd,werden,werden,1,1,"Ja, da würd' ich jetzt gar nichts verstehen als... als Norddeutsche."
7154,transcript,ihr,0,PPER,PPER,ihr,ihr,sie,sie,1,1,Könnt ihr ja auch mal in die Kommentare schreiben.
7157,transcript,find,0,VVFIN,VVFIN,find,find,finden,finden,1,1,"Man kann was erleben, man kriegt You can experience something, you get frische Luft, das find' ich wunderbar."
7159,transcript,was,0,PRELS,PRELS,wer,wer,was,was,1,1,"dieses Unglück, was er auf die Welt gebracht hat. Äh ja."
7160,transcript,allen,0,PIAT,PIAT,aller,aller,alle,alle,1,1,also auch Brot vor allen Dingen.
7166,transcript,vielen,0,PIAT,PIAT,vieler,vieler,viel,viel,1,1,"Ich glaube, beruflich bin ich jemand, der sehr gut ist in vielen verschiedenen Dingen."
7167,transcript,erste,0,ADJA,ADJA,erster,erster,erst,erst,1,1,"Das erste ""ne"" ist wieder 'ne Abkürzung für einen Artikel."
7168,transcript,fürs,0,APPRART,ART,für,für,fürser,fürs,1,0,"Also, ich bin fürs Studium nach Berlin gekommen, äh, (ist) zehn Jahre her, es war eine lange, ja, vor einer lange(n) Zeit."
7168,transcript,lange,0,ADJA,ADJA,lange,lange,lang,lang,1,1,"Also, ich bin fürs Studium nach Berlin gekommen, äh, (ist) zehn Jahre her, es war eine lange, ja, vor einer lange(n) Zeit."
7168,transcript,lange,0,ADV,ADJA,lange,lange,lang,lang,1,1,"Also, ich bin fürs Studium nach Berlin gekommen, äh, (ist) zehn Jahre her, es war eine lange, ja, vor einer lange(n) Zeit."
7169,transcript,gibt's,0,NN,VVFIN,gibt's,gibt's,gibte'n,gibten,1,0,"Also für die gibt's wahrscheinlich nur Immobilien und, äh..."
7170,transcript,ihr,0,PPER,PPER,ihr,ihr,sie,sie,1,1,"Wie eben schon gesagt, könnt ihr dort zum Beispiel mit dem Gendertrainer die Artikel zu den wichtigsten 2000 deutschen Nomen lernen."
7170,transcript,zum,0,APPRART,ART,zu,zu,zum,zum,1,1,"Wie eben schon gesagt, könnt ihr dort zum Beispiel mit dem Gendertrainer die Artikel zu den wichtigsten 2000 deutschen Nomen lernen."
7173,transcript,Danke,0,NN,NN,Danke,danke,Dank,Dank,1,1,"Sehr gut, wie ein Pro. - Danke."
7175,transcript,treff,0,VVFIN,VVFIN,treff,treff,treffen,treffen,1,1,"Ich spiele gerne Fußball, mach' gern Sport wie klettern, joggen gehen und lese noch gerne, treff' mich mit Freunden."
7175,transcript,mich,0,PPER,PPER,mich,mich,ich,ich,1,1,"Ich spiele gerne Fußball, mach' gern Sport wie klettern, joggen gehen und lese noch gerne, treff' mich mit Freunden."
7176,transcript,dir,0,PPER,PPER,dir,dir,du,dir,1,1,"...und jemand kommt und gratuliert dir schon, ...and someone comes and congratulates you, äh, fünf Stunden davor."
7180,transcript,Dass,1,KOUS,KOUS,dass,dass,daß,daß,1,1,Dass ich noch sehr sehr lange... ähm...
7180,transcript,lange,0,ADV,ADJD,lange,lange,lang,lange,1,1,Dass ich noch sehr sehr lange... ähm...
7181,transcript,magst,0,ADV,VVFIN,magen,magen,mögen,mögen,1,1,Du magst Warum magst du keinen Kaffee?
7181,transcript,magst,0,ADV,VVFIN,magen,magen,mögen,mögen,1,1,Du magst Warum magst du keinen Kaffee?
7182,transcript,im,0,APPRART,ART,in,in,im,im,1,1,Die Flasche geht im Wasser unter.
7183,transcript,vom,0,APPRART,ART,von,von,vom,vom,1,1,So vom Typ her. - So 'ne gewisse... gewisse Arroganz auch.
7184,transcript,im,0,APPRART,ART,in,in,im,im,1,1,"So was wie Bücher oder Büroartikel kaufe ich I buy things like books or office supplies online, im Geschäft lieber die Klamotten."
7184,transcript,lieber,0,ADV,ADV,lieber,lieber,lieb,lieb,1,1,"So was wie Bücher oder Büroartikel kaufe ich I buy things like books or office supplies online, im Geschäft lieber die Klamotten."
7188,transcript,kann's,0,VMFIN,VMFIN,kann'sen,kann's,könne'n,kann'esen,0,0,"Also ich kann's mir wohl noch leisten, aber es wird genügend geben, wo sie es nicht mehr hinbekommen."
7188,transcript,mir,0,PPER,PRF,mir,mir,ich,ich,1,1,"Also ich kann's mir wohl noch leisten, aber es wird genügend geben, wo sie es nicht mehr hinbekommen."
7189,transcript,zum,0,APPRART,ART,zu,zu,zum,zum,1,1,Es ist 11 Uhr morgens und wir fahren zum Flughafen.
7190,transcript,euch,0,PPER,PPER,euch,euch,ihr,ihr,1,1,"Wir wollen von euch wissen, was... wie das bei euch aussieht: Bestellt ihr gerne online?"
7190,transcript,euch,0,PPER,PPER,euch,euch,ihr,ihr,1,1,"Wir wollen von euch wissen, was... wie das bei euch aussieht: Bestellt ihr gerne online?"
7190,transcript,ihr,0,PPER,PPER,ihr,ihr,sie,sie,1,1,"Wir wollen von euch wissen, was... wie das bei euch aussieht: Bestellt ihr gerne online?"
7192,transcript,dich,0,PPER,PPER,dich,dich,du,du,1,1,Was begeistert dich an deinem Hobby?
7193,transcript,am,0,APPRART,ART,an,an,am,am,1,1,Und was machst du dann am Wochenende?
7195,transcript,Alle,1,PIS,PIAT,aller,aller,alle,alle,1,1,Alle meine Entchen schwimmen auf dem See… - Alle meine Händchen?
7195,transcript,Alle,0,PIS,PIS,aller,aller,alle,alle,1,1,Alle meine Entchen schwimmen auf dem See… - Alle meine Händchen?
7196,transcript,alle,0,PIAT,PIAT,aller,aller,alle,alle,1,1,Gibt es da irgendwas? - Nö. Ich mag alle Leute.
7199,transcript,ihn,0,PPER,PPER,ihn,ihn,er,er,1,1,Ihr müsst You need to Ihr müsst ihn verfolgen!
7201,transcript,ihr,0,PPER,PPER,ihr,ihr,sie,sie,1,1,Oder seid ihr vielleicht auch umgezogen Or did you maybe move und lebt jetzt an einem anderen Ort?
7201,transcript,umgezogen,0,ADJA,VVPP,umgezog,umgezog,umziehen,umziehen,0,1,Oder seid ihr vielleicht auch umgezogen Or did you maybe move und lebt jetzt an einem anderen Ort?
7202,transcript,wird's,0,VAFIN,VAFIN,wird's,wird's,werd'en,wird'ss,0,0,"S Gsälz. - Jetzt wird's ganz wild, ""die Erdbeermarmelade"". - S Breschtlingsgsälz."
7205,transcript,uns,0,PRF,PRF,sich,sich,wir,wir,1,1,"Alles klar, dann sehen wir uns gleich. Ich freue mich."
7205,transcript,mich,0,PRF,PRF,sich,sich,ich,ich,1,1,"Alles klar, dann sehen wir uns gleich. Ich freue mich."
7207,transcript,Wurststückchen,0,NN,NN,Wurststückche,wurststückche,Wurststückchen,Wurststückchen,0,1,Das Ganze hat manchmal auch noch Speck mit drin oder Kartoffeln oder Wurststückchen.
7208,transcript,mich,0,PPER,PPER,mich,mich,ich,ich,1,1,Ja. Das kann man so sagen. - Das freut mich sehr.
7210,transcript,ihr,0,PPER,PPER,ihr,ihr,sie,sie,1,1,"Und ihr sollt Easy Languages nutzen, um eine Möglichkeit zu haben, in die andere Kultur zu gucken. - Ja."
7211,transcript,tarte,0,VVFIN,FM,tarte,tarte,tart,tart,1,0,"Cheese spätzle and tarte flambée, chocolate."
7211,transcript,chocolate,0,NN,FM,Chocolate,chocolate,chocolat,chocolate,1,1,"Cheese spätzle and tarte flambée, chocolate."
7213,transcript,zerknittert,0,VVPP,VVPP,zerknitteren,zerknittert,zerknittern,zerknittern,1,1,"Ja, du siehst es an meinem Gesicht, ich bin ganz zerknittert."
7215,transcript,ihr,0,PPER,PPER,ihr,ihr,sie,sie,1,1,"sich nicht aufhalten, hier müsst ihr aufpassen."
7217,transcript,runtergebrochen,0,VVFIN,ADJD,runtergebrochen,runtergebrochen,runterbrechen,runterbrechen,1,1,"ähm... ich weiß gar nicht, runtergebrochen 15000 im Jahr vielleicht?"
7217,transcript,im,0,APPRART,ART,in,in,im,imen,1,1,"ähm... ich weiß gar nicht, runtergebrochen 15000 im Jahr vielleicht?"
7218,transcript,uns,0,PRF,PRF,sich,sich,wir,wir,1,1,Wir freuen uns auf eure Meinung.
7218,transcript,eure,0,PPOSAT,PPOSAT,eur,eur,euer,euer,1,1,Wir freuen uns auf eure Meinung.
7219,transcript,Am,1,APPRART,APPR,an,an,Am,Am,1,1,Am Sonntag sind in Deutschland alle Geschäfte geschlossen On Sunday all shops in Germany are closed und man entspannt sich wirklich.
7219,transcript,alle,0,PIAT,PIAT,aller,aller,alle,alle,1,1,Am Sonntag sind in Deutschland alle Geschäfte geschlossen On Sunday all shops in Germany are closed und man entspannt sich wirklich.
7219,transcript,all,0,PIAT,FM,all,all,alle,alle,1,1,Am Sonntag sind in Deutschland alle Geschäfte geschlossen On Sunday all shops in Germany are closed und man entspannt sich wirklich.
7220,transcript,früher,0,ADJD,ADV,früh,früh,früher,früher,1,1,"Wenn ich noch mal die Chance hätte, würde ich sogar früher mit dem Tanz anfangen."
7224,transcript,was,0,PRELS,PWS,wer,wer,was,was,1,1,"Ja und wer, was spielst du denn dann? - Ähm… in dem Film."
7227,transcript,müsstest,0,VMFIN,VMFIN,müsstestn,müsstest,müssen,müssen,1,1,als Berliner müsstest du das eigentlich... - Voll.
7230,transcript,viele,0,PIAT,PIAT,vieler,vieler,viel,viel,1,1,Dieses Problem haben tatsächlich viele Leute in Deutschland lieber Haris.
7230,transcript,lieber,0,ADV,ADV,lieber,lieber,lieb,lieb,1,1,Dieses Problem haben tatsächlich viele Leute in Deutschland lieber Haris.
7233,transcript,nächste,0,ADJA,ADJA,nächster,nächster,nah,nah,1,1,Und wohin fährst du nächste Woche?
7241,transcript,bitte,0,PTKANT,VVFIN,bitte,bitte,bitten,bitten,1,1,"Ein großes Sprudelwasser, bitte. - Ja, gern."
7242,transcript,Rouladen,1,NN,NN,Roulad,roulad,Roulade,Roulade,0,1,Rouladen sind gefüllte Rollen. Und diese Rollen bestehen entweder aus Fleisch oder aus Kohl. Wir haben vor einiger Zeit ein Video gemacht über schlesische Rouladen.
7242,transcript,einiger,0,PIAT,PIAT,einiger,einiger,einige,einige,1,1,Rouladen sind gefüllte Rollen. Und diese Rollen bestehen entweder aus Fleisch oder aus Kohl. Wir haben vor einiger Zeit ein Video gemacht über schlesische Rouladen.
7243,transcript,uns,0,PPER,PPER,uns,uns,wir,wir,1,1,"Und Easy German Videos hat uns sehr geholfen, um unser Deutsch zu verbessern."
7244,transcript,ihr,0,PPER,PPER,ihr,ihr,sie,sie,1,1,"Wenn ihr zu diesem Thema noch etwas mehr üben möchtet, vor allem diese Dativpronomen üben möchtet, dann schaut euch doch mal unsere interaktiven Übungen an."
7244,transcript,Dativpronomen,0,NN,NN,Dativpronom,dativpronom,Dativpronomen,Dativpronomen,0,1,"Wenn ihr zu diesem Thema noch etwas mehr üben möchtet, vor allem diese Dativpronomen üben möchtet, dann schaut euch doch mal unsere interaktiven Übungen an."
7244,transcript,euch,0,PPER,PPER,euch,euch,ihr,ihr,1,1,"Wenn ihr zu diesem Thema noch etwas mehr üben möchtet, vor allem diese Dativpronomen üben möchtet, dann schaut euch doch mal unsere interaktiven Übungen an."
7246,transcript,drittes,0,ADJA,ADJA,dritter,dritter,dritt,dritt,1,1,Unser drittes Thema sind Geschenke.
7249,transcript,mir,0,PPER,PPER,mir,mir,ich,ich,1,1,"Und dann hat man mir gesagt, ich wäre schwarz gefahren."
7250,transcript,Wart,1,VVFIN,VVFIN,wart,sein,Wart,Wart,1,1,"Wart ihr schon in einer Situation, wo eure Freiheit begrenzt wurde durch irgendetwas? - Naja, unsere Freiheit wird permanent gegrenz..."
7250,transcript,ihr,0,PPER,PPER,ihr,ihr,sie,sie,1,1,"Wart ihr schon in einer Situation, wo eure Freiheit begrenzt wurde durch irgendetwas? - Naja, unsere Freiheit wird permanent gegrenz..."
7250,transcript,eure,0,PPOSAT,PPOSAT,eur,eur,euer,euer,1,1,"Wart ihr schon in einer Situation, wo eure Freiheit begrenzt wurde durch irgendetwas? - Naja, unsere Freiheit wird permanent gegrenz..."
7250,transcript,unsere,0,PPOSAT,PPOSAT,mein,mein,unser,unser,1,1,"Wart ihr schon in einer Situation, wo eure Freiheit begrenzt wurde durch irgendetwas? - Naja, unsere Freiheit wird permanent gegrenz..."
7250,transcript,gegrenz,0,NN,VVPP,Gegrenz,gegrenz,grenzen,grenzen,1,1,"Wart ihr schon in einer Situation, wo eure Freiheit begrenzt wurde durch irgendetwas? - Naja, unsere Freiheit wird permanent gegrenz..."
7252,transcript,Im,0,APPRART,ART,in,in,im,im,1,1,"Deine Frage, Cari, lautet: Die Präambel des Grundgesetzes beginnt mit den Worten: Im Bewusstsein seiner Verantwortung vor..."
7252,transcript,Bewusstsein,0,NN,NN,Bewusstsein,bewusstsein,Bewußtsein,Bewußtsein,1,1,"Deine Frage, Cari, lautet: Die Präambel des Grundgesetzes beginnt mit den Worten: Im Bewusstsein seiner Verantwortung vor..."
7258,transcript,im,0,APPRART,ART,in,in,im,imen,1,1,War'n sie dort im Supermarkt? - Auch. Zur Weihnachtszeit.
7258,transcript,Zur,0,APPRART,ART,zu,zu,zur,zur,1,1,War'n sie dort im Supermarkt? - Auch. Zur Weihnachtszeit.
7261,transcript,viele,0,PIAT,PIAT,vieler,vieler,viel,viel,1,1,Wie viele Parteien sind aktuell im Bundestag vertreten?
7261,transcript,im,0,APPRART,ART,in,in,im,imen,1,1,Wie viele Parteien sind aktuell im Bundestag vertreten?
7262,transcript,letzte,0,ADJA,ADJA,letzter,letzter,letzt,letzt,1,1,"Ich lasse also dieses letzte ""e"" weg So I drop this last ""e"" und das passiert tatsächlich ganz oft bei Verben."
7262,transcript,Verben,0,NN,NN,Verbe,verbe,Verb,Verb,1,1,"Ich lasse also dieses letzte ""e"" weg So I drop this last ""e"" und das passiert tatsächlich ganz oft bei Verben."
7265,transcript,im,0,APPRART,ART,in,in,im,im,1,1,"Ach, ne alte, ausgequetschte Zitrone hält Janusz bei sich im Fach. Die stellen wir wieder zurück."
7266,transcript,Liebe,1,NN,ADJA,Liebe,liebe,lieb,lieb,1,1,Liebe Grüße an euch alle und bis bald! - Ciao!
7266,transcript,Grüße,0,NN,NN,Grüße,grüße,Gruß,Gruß,1,1,Liebe Grüße an euch alle und bis bald! - Ciao!
7266,transcript,euch,0,PPER,PPER,euch,euch,ihr,ihr,1,1,Liebe Grüße an euch alle und bis bald! - Ciao!
7267,transcript,uns,0,PRF,PRF,sich,sich,wir,wir,1,1,"Und jetzt fragen wir uns natürlich, wie es weitergeht, Klaus."
7269,transcript,isst,0,VVFIN,VVFIN,issen,isst,essen,essen,1,1,"äh, da isst man schon eher international."
7270,transcript,Sonntags,0,ADV,NN,Sonntags,sonntags,Sonntag,Sonntag,1,1,"Janusz erzählt gerade, wie man sich in Deutschland Sonntags auf'm Land trifft."
7270,transcript,'m,0,ART,$(,'r,'r,'m,'m,0,0,"Janusz erzählt gerade, wie man sich in Deutschland Sonntags auf'm Land trifft."
7272,transcript,im,0,APPRART,ART,in,in,im,im,1,1,"Und zwar brauchen wir dafür Milch, 200 Milliliter, hier im Messbecher."
7274,transcript,im,0,APPRART,ART,in,in,im,imen,1,1,"Was sind die Dinge, über die sie sich echauffieren, ärgern oder aufregen in ihrem Alltag oder im Leben an sich?"
7276,transcript,am,0,APPRART,APPR,an,an,am,am,1,1,"""""-ich"""", Wörter mit """"-ich"""" am Ende, wie zum Beispiel der Teppich und der Pfirsich."
7276,transcript,zum,0,APPRART,ART,zu,zu,zum,zum,1,1,"""""-ich"""", Wörter mit """"-ich"""" am Ende, wie zum Beispiel der Teppich und der Pfirsich."
7277,transcript,Danke,1,NN,ITJ,Danke,danke,Dank,Dank,1,1,"Danke dir, wer auch immer du bist, für meinen Schlüssel!"
7277,transcript,dir,0,PPER,PPER,dir,dir,du,dir,1,1,"Danke dir, wer auch immer du bist, für meinen Schlüssel!"
7278,transcript,uns,0,PPER,PPER,uns,uns,wir,wir,1,1,"Cool, Lukas hat uns hier eingeladen, weil er auch Easy German benutzt im Unterricht in der Schule, aber auch in verschiedenen Unternehmen."
7278,transcript,im,0,APPRART,ART,in,in,im,im,1,1,"Cool, Lukas hat uns hier eingeladen, weil er auch Easy German benutzt im Unterricht in der Schule, aber auch in verschiedenen Unternehmen."
7283,transcript,gespannt,0,ADJD,ADJD,gespannt,gespannt,spannen,spannen,1,1,"Ich bin sehr gespannt, denn ich hab' die Fragen mitformuliert, aber die Antworten noch nicht gehört."
7283,transcript,mitformuliert,0,VVPP,VVPP,mitformulieren,mitformuliert,mitformulieren,mitformulieren,1,1,"Ich bin sehr gespannt, denn ich hab' die Fragen mitformuliert, aber die Antworten noch nicht gehört."
7284,transcript,Schwierigste,0,NN,NN,schwierige,schwierige,Schwierigst,Schwierigster,1,0,"Und das """"Ü"""" ist vielleicht das Schwierigste für euch alle."
7284,transcript,euch,0,PPER,PPER,euch,euch,ihr,ihr,1,1,"Und das """"Ü"""" ist vielleicht das Schwierigste für euch alle."
7288,transcript,Zur,1,APPRART,ART,zu,zu,zur,zur,1,1,"Zur Arbeit, immer mit dem Bus oder mit der Straßenbahn."
7289,transcript,ersten,0,ADJA,ADJA,erster,erster,erst,erst,1,1,"Ähm, ja, nicht, äh, nicht von der ersten..."
7292,transcript,uns,0,PPER,PPER,uns,uns,wir,wir,1,1,"Wir sind zurück in Berlin, bei uns ist Maria und unser Thema ist heute: - 5 Euro!"
7295,transcript,Let's,0,NN,FM,Let's,let's,Let',Let's,0,0,here's Janusz. Let's go! - Ahhh!
7296,transcript,erste,0,ADJA,ADJA,erster,erster,erst,erst,1,1,"Die erste Person, die wir treffen, ist Jacky."
7305,transcript,Schauen,1,VVFIN,VVFIN,schauen,schauen,Schau,Schau,1,1,Schauen wir mal. - Ja.
7306,transcript,ne,0,NN,NE,ne,ne,ein,ein,1,1,"Na, stereotypisch ist das Sparen, äh, Well, stereotypically saving, erm, in Stuttgart, ne, das, ähm, schwäbische..."
7307,transcript,Wollen,0,VMFIN,VMFIN,wollen,wollen,Wolle,Wolle,1,1,"Knausrig? Wollen die den Fahrpreis von 1,60 Franken nicht bezahlen?"
7307,transcript,Franken,0,NN,NN,Franken,franken,Franke,Franke,1,1,"Knausrig? Wollen die den Fahrpreis von 1,60 Franken nicht bezahlen?"
7311,transcript,uns,0,PPER,PRF,uns,uns,wir,wir,1,1,Wir können uns eigentlich kaum draußen bewegen.
7312,transcript,mich,0,PPER,PPER,mich,mich,ich,ich,1,1,"Und ich hab' mich jetzt folgendes gefragt, das ist ja wie so'n ähm, wie so'n Quiz, ne?"
7314,transcript,euch,0,PRF,PPER,euch,euch,ihr,ihr,1,1,Sie guckt schon seit vier Jahren Easy German und wir möchten euch heute zeigen wie ähnlich oder unähnlich Deutsch und Niederländisch sind.
7317,transcript,mich,0,PPER,PPER,mich,mich,ich,ich,1,1,"persönlich... was für mich funktioniert, ne?"
7318,transcript,mich,0,PPER,PPER,mich,mich,ich,ich,1,1,"Also für mich persönlich, ich würd' sagen, viele Menschen eigentlich. Viele Menschen, mit denen wir 'ne engere Verbindung..."
7318,transcript,würd,0,VMFIN,VMFIN,werdn,würd,werden,werden,1,1,"Also für mich persönlich, ich würd' sagen, viele Menschen eigentlich. Viele Menschen, mit denen wir 'ne engere Verbindung..."
7318,transcript,viele,0,PIAT,PIAT,vieler,vieler,viel,viel,1,1,"Also für mich persönlich, ich würd' sagen, viele Menschen eigentlich. Viele Menschen, mit denen wir 'ne engere Verbindung..."
7318,transcript,Viele,0,PIAT,PIAT,vieler,vieler,viel,viel,1,1,"Also für mich persönlich, ich würd' sagen, viele Menschen eigentlich. Viele Menschen, mit denen wir 'ne engere Verbindung..."
7318,transcript,'ne,0,ART,ART,'ne,'ne,'ner,'ne,0,0,"Also für mich persönlich, ich würd' sagen, viele Menschen eigentlich. Viele Menschen, mit denen wir 'ne engere Verbindung..."
7319,transcript,im,0,APPRART,ART,in,in,im,im,1,1,"Und wir dachten: ""Okay, jetzt ist hier alles im Eimer"", so alle, die ganze Straße ist komplett ruiniert."
7319,transcript,ruiniert,0,VVPP,VVPP,ruinieren,ruinieren,ruiniert,ruiniert,1,1,"Und wir dachten: ""Okay, jetzt ist hier alles im Eimer"", so alle, die ganze Straße ist komplett ruiniert."
7323,transcript,ihr,0,PPER,PPER,ihr,ihr,sie,sie,1,1,"Einige von diesen kennt ihr vielleicht schon, andere sind vielleicht neu. Los geht's!"
7323,transcript,geht's,0,VVFIN,VVFIN,geht's,gehen,gehe'en,gehten,1,0,"Einige von diesen kennt ihr vielleicht schon, andere sind vielleicht neu. Los geht's!"
7325,transcript,euch,0,PRF,PRF,euch,euch,ihr,ihr,1,1,Wir werden euch weiter berichten.
7329,transcript,Neues,0,NN,NN,neue,neue,Neu,Neu,1,1,"Ich bin immer dafür was Neues auszuprobieren, also ich glaub' es gibt am Ende keine Zufälle."
7329,transcript,glaub,0,ADJD,VVFIN,Glaub,glaub,glauben,glauben,1,1,"Ich bin immer dafür was Neues auszuprobieren, also ich glaub' es gibt am Ende keine Zufälle."
7329,transcript,am,0,APPRART,APPR,an,an,am,am,1,1,"Ich bin immer dafür was Neues auszuprobieren, also ich glaub' es gibt am Ende keine Zufälle."
7330,transcript,alle,0,PIAT,PIAT,aller,aller,alle,alle,1,1,"Ähm, alle Stationen abklappern, an denen ich bisher war… an dem Tag."
7332,transcript,bitte,0,ADV,VVFIN,bitte,bitte,bitten,bitten,1,1,Ich hätte gern einen schwarzen Kaffee bitte. - Ja.
7333,transcript,ihr,0,PPER,PPER,ihr,ihr,sie,sie,1,1,Den Link findet ihr hier unten und ich wünsche euch einen wunderschönen Abend und sende euch liebe Grüße aus Berlin.
7333,transcript,euch,0,PPER,PPER,euch,euch,ihr,ihr,1,1,Den Link findet ihr hier unten und ich wünsche euch einen wunderschönen Abend und sende euch liebe Grüße aus Berlin.
7333,transcript,euch,0,PRF,PPER,euch,euch,ihr,ihr,1,1,Den Link findet ihr hier unten und ich wünsche euch einen wunderschönen Abend und sende euch liebe Grüße aus Berlin.
7333,transcript,liebe,0,ADJA,ADJA,lieb,lieb,lieben,lieben,1,1,Den Link findet ihr hier unten und ich wünsche euch einen wunderschönen Abend und sende euch liebe Grüße aus Berlin.
7338,transcript,würd,0,VMFIN,VVFIN,werdn,würd,werden,werden,1,1,"Also ich würd' sagen zusammen. - Ja, muss er sagen..."
7339,transcript,würd,0,VMFIN,VMFIN,werdn,würd,werden,werden,1,1,"Würd' ich auch nicht mehr, I wouldn't do that anymore either, würd' ich komplett outsourcen, ähm..."
7341,transcript,Hartkäsesorten,0,NN,NN,Hartkäsesort,hartkäsesort,Hartkäsesorte,Hartkäsesorte,0,1,Dann haben wir eine Käseplatte mit verschiedenen Weichkäse- und Hartkäsesorten.
7343,transcript,Taschentücher,0,NN,NN,Taschentücher,taschentücher,Taschentuch,Taschentuch,1,1,Das sind weiche Taschentücher. Das sind die weichen Taschentücher.
7343,transcript,Taschentücher,0,NN,NN,Taschentücher,taschentücher,Taschentuch,Taschentuch,1,1,Das sind weiche Taschentücher. Das sind die weichen Taschentücher.
7348,transcript,ihr,0,PPER,PPER,ihr,ihr,sie,sie,1,1,"Na, wann habt ihr das letzte Mal Schmetterlinge im Bauch gehabt?"
7348,transcript,letzte,0,ADJA,ADJA,letzter,letzter,letzt,letzt,1,1,"Na, wann habt ihr das letzte Mal Schmetterlinge im Bauch gehabt?"
7348,transcript,im,0,APPRART,ART,in,in,im,imen,1,1,"Na, wann habt ihr das letzte Mal Schmetterlinge im Bauch gehabt?"
7349,transcript,Pfannkuchen,0,NN,NN,Pfannkuch,pfannkuch,Pfannkuchen,Pfannkuchen,0,1,Und was essen Sie mit den Pfannkuchen zusammen?
7350,transcript,nachgefüllt,0,VVPP,VVPP,nachgefüllen,nachgefüllt,nachfüllen,nachfüllen,1,1,Hier ist der Motor. Und hier wird das Öl nachgefüllt und kontrolliert.
7351,transcript,euch,0,PPER,PPER,euch,euch,ihr,ihr,1,1,Nun schaut euch die Beispiele an.
7354,transcript,all,0,PIAT,FM,all,all,alle,alle,1,1,"He's new, yeah? I mean, by all means..."
7359,transcript,mich,0,PPER,PPER,mich,mich,ich,ich,1,1,Der Rest interessiert mich nicht.
7360,transcript,ihm,0,PPER,PPER,ihm,ihm,er,er,1,1,"Doch, ihm hab' ich gestern gesagt, dass ich ihn lieb hab'."
7360,transcript,ihn,0,PPER,PPER,ihn,ihn,er,er,1,1,"Doch, ihm hab' ich gestern gesagt, dass ich ihn lieb hab'."
7363,transcript,Spanischen,0,NN,NN,Spanischen,spanischen,spanisch,spanisch,1,1,"Das weiß ich von ""comprar"" aus dem Spanischen."
7365,transcript,guck,0,VVFIN,VVFIN,guckn,guck,gucken,gucken,1,1,"Immer. Na gut. Dann guck ich mal rein, wie das so aussieht."
7366,transcript,'nen,0,ART,PIAT,'n,'n,'nerer,'nen,0,0,Er macht erst mal 'nen Kaffee und den Kopierer fertig.
7374,transcript,im,0,APPRART,ART,in,in,im,im,1,1,Hier im Prater Garten haben wir im Sommer damit angefangen.
7374,transcript,im,0,APPRART,ART,in,in,im,imen,1,1,Hier im Prater Garten haben wir im Sommer damit angefangen.
7375,transcript,dich,0,PPER,PPER,dich,dich,du,du,1,1,"Mhm, also meine Frage war jetzt: Wie betrifft dich die äh Corona-Krise persönlich?"
7376,transcript,mir,0,PRF,PPER,mir,mir,ich,ich,1,1,"Na ja, der Herr Söder. Genau. Und auch da fällt mir Well, Mr Söder. Exactly. And I..."
7379,transcript,zum,0,APPRART,APPR,zu,zu,zum,zum,1,1,"Das ist manchmal ganz schön peinlich, also, zum Glück gibt's mittlerweile so, bei Facebook so Nachrichten: """"Achtung, irgendjemand hat in 10 Tagen Geburtstag."""", aber sonst..."
7379,transcript,gibt's,0,VVFIN,VVFIN,gibt's,geben,gibte'n,gibten,1,0,"Das ist manchmal ganz schön peinlich, also, zum Glück gibt's mittlerweile so, bei Facebook so Nachrichten: """"Achtung, irgendjemand hat in 10 Tagen Geburtstag."""", aber sonst..."
7380,transcript,zum,0,APPRART,ART,zu,zu,zum,zum,1,1,"Liebling zum Beispiel, mein Liebling."
7385,transcript,clatter,0,NN,FM,Clatter,clatter,clatt,Klatter,1,0,scheppern to clatter Das Geschirr scheppert in der Umzugskiste. Ups!
7385,transcript,scheppert,0,VVFIN,VVFIN,schepperen,scheppert,scheppern,scheppern,1,1,scheppern to clatter Das Geschirr scheppert in der Umzugskiste. Ups!
7389,transcript,Danke,1,NN,PTKANT,Danke,danke,Dank,Dank,1,1,"Danke, Janusz, für dieses schöne Experiment mit den schönen Wörtern. - Sehr gerne, das... es ist aber noch nicht zu Ende."
7391,transcript,Neues,0,NN,NN,neue,neue,Neu,Neu,1,1,"wenn man nichts Neues erleben möchte, when you don't want to experience anything new weil dann wird's irgendwann langweilig."
7391,transcript,wird's,0,VAFIN,VAFIN,wird's,wird's,werd'en,wird'ss,0,0,"wenn man nichts Neues erleben möchte, when you don't want to experience anything new weil dann wird's irgendwann langweilig."
7396,transcript,Würden,0,VAFIN,VAFIN,werden,werden,Würde,Würde,1,1,Natürlich hab ich Macken. - Würden Sie uns das erzählen?
7396,transcript,uns,0,PPER,PRF,uns,uns,wir,wir,1,1,Natürlich hab ich Macken. - Würden Sie uns das erzählen?
7397,transcript,im,0,APPRART,ART,in,in,im,imen,1,1,kommen die ein Mal im Jahr und was machen die dann?
7398,transcript,zeig,0,VVFIN,VVFIN,zeign,zeig,zeigen,zeigen,1,1,"Und ich zeig' euch jetzt mal, wie das hier aussieht."
7398,transcript,euch,0,PPER,PPER,euch,euch,ihr,ihr,1,1,"Und ich zeig' euch jetzt mal, wie das hier aussieht."
7399,transcript,stehst,0,VVFIN,VVFIN,stehsen,stehst,stehen,stehen,1,1,Du stehst auch nicht mitten auf der Straße und guckst einfach so rum und suchst etwas.
7399,transcript,suchst,0,ADV,VVFIN,Suchst,suchst,suchen,suchen,1,1,Du stehst auch nicht mitten auf der Straße und guckst einfach so rum und suchst etwas.
7401,transcript,ihr,0,PPER,PPER,ihr,ihr,sie,sie,1,1,"Wenn ihr ein Mitglied werdet, dann unterstützt ihr unsere Arbeit, wir machen nämlich unsere Videos gerne weiterhin umsonst, aber mit eurer Unterstützung."
7401,transcript,ihr,0,PPER,PPER,ihr,ihr,sie,sie,1,1,"Wenn ihr ein Mitglied werdet, dann unterstützt ihr unsere Arbeit, wir machen nämlich unsere Videos gerne weiterhin umsonst, aber mit eurer Unterstützung."
7401,transcript,eurer,0,PPOSAT,PPOSAT,eurer,eurer,euer,euer,1,1,"Wenn ihr ein Mitglied werdet, dann unterstützt ihr unsere Arbeit, wir machen nämlich unsere Videos gerne weiterhin umsonst, aber mit eurer Unterstützung."
7404,transcript,zur,0,APPRART,ART,zu,zu,zur,zur,1,1,"Ja, ich dusche erst einmal, bevor ich (zur) Arbeit (gehe), und frühstück' auch."
7404,transcript,frühstück,0,NN,NN,Frühstück,frühstück,frühstücken,frühstücken,1,1,"Ja, ich dusche erst einmal, bevor ich (zur) Arbeit (gehe), und frühstück' auch."
7406,transcript,zum,0,APPRART,ART,zu,zu,zum,zum,1,1,Janusz hat zum Beispiel neulich gesagt: Ich setze mal Kaffee (auf).
7407,transcript,Teilnehmenden,0,NN,NN,Teilnehmenden,teilnehmenden,Teilnehmend,Teilnehmend,1,1,"Janusz, das haben unsere Summer School Teilnehmenden Janusz, our Summer School participants have ganz gut gemacht mit den Interviews, ne?"
7410,transcript,dich,0,PRF,PPER,dich,dich,du,du,1,1,"Ja du hast dich für uns vorbereitet, ne? - Was, was ist das Cari?"
7410,transcript,uns,0,PPER,PPER,uns,uns,wir,wir,1,1,"Ja du hast dich für uns vorbereitet, ne? - Was, was ist das Cari?"
7412,transcript,Betonwüsten,0,NN,NN,Betonwüsten,betonwüsten,Betonwüste,Betonwüste,1,1,"äh mit nicht die Betonwüsten vorstellen, die..."
7414,transcript,ihr,0,PPER,PPER,ihr,ihr,sie,sie,1,1,Wo wollt ihr überhaupt hin? - Zum Schnitzelessen.
7414,transcript,Zum,0,APPRART,ART,zu,zu,zum,zum,1,1,Wo wollt ihr überhaupt hin? - Zum Schnitzelessen.
7414,transcript,Schnitzelessen,0,NN,NN,Schnitzelessen,schnitzelessen,Schnitzelesse,Schnitzelessen,1,0,Wo wollt ihr überhaupt hin? - Zum Schnitzelessen.
7415,transcript,meisten,0,PIS,PIS,meister,meister,meist,meist,1,1,Einfach ehrlich sein. Das schätze ich am meisten.
7421,transcript,einen,0,PIS,PIS,einer,einer,ein,ein,1,1,"Ok Janusz, jetzt musst du noch einen richtig machen."
7427,transcript,uns,0,PPER,PRF,sich,sich,wir,wir,1,1,Jetzt verstecken wir uns alle hinter diesem Auto.
7429,transcript,braucht's,0,VVFIN,VVFIN,braucht's,braucht's,braucht'enen,braucht's,0,0,"Du, warum braucht's a Pride überhaupt?"
7435,transcript,geht's,0,VVFIN,VVFIN,geht's,gehen,gehe'en,geht's,1,0,"Ich spreche Standarddeutsch, Sie sprechen I'll speak Standard German, you'll speak Düsseldorfer Platt, los geht's. - Fang an."
7436,transcript,Alleskönner,0,NN,NN,Alleskönner,alleskönner,Alleskonn,Alleskönner,1,0,"Also, klar, und 'n paar Alleskönner I mean, sure, and a few jack-of-all-trades dazwischen ist auch noch gut."
7437,transcript,vierte,0,ADJA,ADJA,vierter,vierter,viert,viert,1,1,Das wäre ein Beispiel für die vierte Funktion.
7440,transcript,einen,0,PIS,PIS,einer,einer,ein,ein,1,1,Hä? Du hast doch einen.
7442,transcript,'m,0,ART,ADJA,'r,'r,'m,'m,0,0,"Joa, auf'm Flohmarkt, bei TK Maxx, im Angebot oder, ja, also günstig und muss halt den Zweck erfüllen, also, ja."
7442,transcript,im,0,APPRART,ART,in,in,im,im,1,1,"Joa, auf'm Flohmarkt, bei TK Maxx, im Angebot oder, ja, also günstig und muss halt den Zweck erfüllen, also, ja."
7444,transcript,Pizzen,0,NN,NN,Pizze,pizze,Pizza,Pizza,0,1,"Drei Pizzen und...? - Ein Salat, den hatte ich auch noch nicht genannt. Das war die Nummer 14. - Eine Nummer 14, ok."
7446,transcript,früher,0,ADJD,ADV,früh,früh,früher,früher,1,1,"Hier haben wir wieder eine Passivkonstruktion, aber anders als früher, wissen wir diesmal, wer das Subjekt ist, nämlich Janusz' Freunde."
7449,transcript,dir,0,PPER,PPER,dir,dir,du,dir,1,1,"Und was dir da so aufgefallen in den letzten, in letzter Zeit? - Ist das 'n Quiz? - Nee."
7449,transcript,letzten,0,ADJA,ADJA,letzter,letzter,letzt,letzt,1,1,"Und was dir da so aufgefallen in den letzten, in letzter Zeit? - Ist das 'n Quiz? - Nee."
7449,transcript,letzter,0,ADJA,ADJA,letzter,letzter,letzt,letzt,1,1,"Und was dir da so aufgefallen in den letzten, in letzter Zeit? - Ist das 'n Quiz? - Nee."
7450,transcript,'nem,0,ART,ADJA,'n,'n,'nem,syl,0,0,Ja selbst wenn man irgendwo hinkommt zu 'nem Meeting oder… also es ist nichts für Vegetarier geplant.
7451,transcript,Zum,1,APPRART,ART,zu,zu,zum,zum,1,1,"Zum Beispiel wenn ich Geburtstag habe, lade ich alle meine Freunde ein, und die meisten meiner Freunde machen das auch so."
7451,transcript,alle,0,PIS,PIAT,aller,aller,alle,alle,1,1,"Zum Beispiel wenn ich Geburtstag habe, lade ich alle meine Freunde ein, und die meisten meiner Freunde machen das auch so."
7451,transcript,meisten,0,PIS,PIS,meister,meister,meist,meist,1,1,"Zum Beispiel wenn ich Geburtstag habe, lade ich alle meine Freunde ein, und die meisten meiner Freunde machen das auch so."
7453,transcript,Let's,0,NN,FM,Let's,let's,Let',Let's,0,0,"Interesting topic, let's go. - Let's go."
7454,transcript,Philosophen-Festivals,0,NN,NN,Philosophen-Festivals,philosophen-festivals,Philosophen-Festival,Philosophen-Festival,1,1,bin ich zu Rockfestivals gefahren und jetzt ist die Zeit für die Philosophen-Festivals. Aber gesoffen wird's genauso.
7454,transcript,gesoffen,0,VVPP,VVPP,gesoffen,gesoffen,saufen,saufen,1,1,bin ich zu Rockfestivals gefahren und jetzt ist die Zeit für die Philosophen-Festivals. Aber gesoffen wird's genauso.
7454,transcript,wird's,0,VAFIN,VAFIN,wird's,wird's,werd'en,wird'ss,0,0,bin ich zu Rockfestivals gefahren und jetzt ist die Zeit für die Philosophen-Festivals. Aber gesoffen wird's genauso.
7456,transcript,letzte,0,ADJA,ADJA,letzter,letzter,letzt,letzt,1,1,der Koffer packen Wie immer packt Janusz seinen Koffer auf die letzte Minute.
7458,transcript,zum,0,APPRART,ART,zu,zu,zum,zum,1,1,"In unserer App Seedlang haben wir dafür zum Beispiel einen Gender-Trainer gebaut, um das etwas spielerischer zu machen."
7464,transcript,euch,0,PRF,PRF,euch,euch,ihr,ihr,1,1,"Das verlinken wir euch gleich hier vorne im Bild, da könnt ihr nämlich ein Mitglied werden von Easy German."
7464,transcript,im,0,APPRART,ART,in,in,im,im,1,1,"Das verlinken wir euch gleich hier vorne im Bild, da könnt ihr nämlich ein Mitglied werden von Easy German."
7464,transcript,ihr,0,PPER,PPER,ihr,ihr,sie,sie,1,1,"Das verlinken wir euch gleich hier vorne im Bild, da könnt ihr nämlich ein Mitglied werden von Easy German."
7466,transcript,mir,0,PPER,PPER,mir,mir,ich,ich,1,1,Es lag mir jetzt auch auf der Zunge. - Okay.
7467,transcript,Zum,1,APPRART,ART,zu,zu,zum,zum,1,1,Zum Beispiel 'nen Bungeejump von 'ner Brücke.
7467,transcript,'nen,0,ART,ART,'n,'n,'nerer,'nen,0,0,Zum Beispiel 'nen Bungeejump von 'ner Brücke.
7468,transcript,allen,0,PIAT,PIAT,aller,aller,alle,alle,1,1,"In allen Ländern Europas wird zur gleichen Zeit gewählt und wir haben dann Abgeordnete aus unserer Region, die wir ins Europäische Parlament schicken."
7468,transcript,zur,0,APPRART,ART,zu,zu,zur,zur,1,1,"In allen Ländern Europas wird zur gleichen Zeit gewählt und wir haben dann Abgeordnete aus unserer Region, die wir ins Europäische Parlament schicken."
7468,transcript,Abgeordnete,0,NN,NN,abgeordneter,abgeordneter,Abgeordnete,Abgeordnete,1,1,"In allen Ländern Europas wird zur gleichen Zeit gewählt und wir haben dann Abgeordnete aus unserer Region, die wir ins Europäische Parlament schicken."
7468,transcript,ins,0,APPRART,ART,in,in,ecser,ins,1,0,"In allen Ländern Europas wird zur gleichen Zeit gewählt und wir haben dann Abgeordnete aus unserer Region, die wir ins Europäische Parlament schicken."
7469,transcript,mehreren,0,PIAT,PIAT,mehrere,mehrere,mehr,mehr,1,1,"Diese modale Bestimmung kann aus mehreren Wörtern bestehen, wie in diesem Beispiel."
7471,transcript,am,0,APPRART,ART,an,an,am,am,1,1,Er hat ein Haus am Meer.
7472,transcript,am,0,APPRART,ART,an,an,am,am,1,1,Und warum passiert das am 11.11. um 11:11 Uhr?
7475,transcript,mich,0,PPER,PPER,mich,mich,ich,ich,1,1,"Das hat mich jetzt ein bisschen motiviert. - Ja, ja."
7477,transcript,uns,0,PPER,PRF,uns,uns,wir,wir,1,1,Ja? Kannst du uns mal so'n bisschen deine Kanzlei zeigen?
7478,transcript,Brote,0,NN,NN,Brote,brote,Brot,Brot,1,1,In der Bäckerei kauft man Brote und Brötchen.
7481,transcript,mir,0,PPER,PRF,sich,sich,ich,ich,1,1,"So, ich hole mir einen Kaffee."
7482,transcript,zur,0,APPRART,ART,zu,zu,zur,zu,1,1,"Bis zur nächsten Woche. Danke, dass du dabei warst."
7482,transcript,nächsten,0,ADJA,ADJA,nächster,nächster,nah,nah,1,1,"Bis zur nächsten Woche. Danke, dass du dabei warst."
7482,transcript,Danke,0,NN,ITJ,Danke,danke,Dank,Dank,1,1,"Bis zur nächsten Woche. Danke, dass du dabei warst."
7484,transcript,uns,0,PPER,PPER,uns,uns,wir,wir,1,1,"Sharmaine, es tut uns leid!"
7485,transcript,letzter,0,ADJA,ADJA,letzter,letzter,letzt,letzt,1,1,"Ah, in letzter Zeit koche ich gerne und backe ich gerne."
7487,transcript,geht's,0,VVFIN,VVFIN,geht's,gehen,gehe'en,gehten,1,0,Und heute fragen wir: Was vermisst du an Deutschland? - Los geht's.
7490,transcript,'ne,0,ART,ART,'ne,'ne,'ner,'ne,0,0,"Was macht er jetzt? Oh, ja. Ja, das ist 'ne Möglichkeit."
7491,transcript,Kosenamen,0,NN,NN,Kosenamen,kosenamen,Kosename,Kosename,1,1,"Benutzt ihr Kosenamen? - Äh nein, nicht wirklich."
7494,transcript,ihr,0,PPER,PPER,ihr,ihr,sie,sie,1,1,"Habt ihr gerade gemerkt, dass ich in dem Intro sogar schon eine Kombination mit dem Verb ""stellen"" genutzt habe?"
7498,transcript,Nichte,0,NN,NN,Nicht,nicht,Nichte,Nichte,1,1,Das ist meine Nichte und meine zweite Tochter.
7498,transcript,zweite,0,ADJA,ADJA,zweiter,zweiter,zweit,zweit,1,1,Das ist meine Nichte und meine zweite Tochter.
7500,transcript,allerliebsten,0,NN,NN,allerliebsten,allerliebsten,allerlieb,allerlieb,1,1,"Ähm, am allerliebsten trinke ich Kaffee mit meiner Freundin."
7502,transcript,im,0,APPRART,ART,in,in,im,imen,1,1,Also im Süden unten und viel Müll.
7503,transcript,Gutes,0,NN,NN,gute,gute,Gut,Gut,1,1,"Ich hab' gute Freunde in Schwaben, I have good friends in Swabia, nur Gutes, keine Ahnung."
7504,transcript,guck,0,VVFIN,VVFIN,guckn,guck,gucken,gucken,1,1,Ich guck mal in den Kalender.
7505,transcript,uns,0,PPER,PPER,uns,uns,wir,wir,1,1,Hat uns sehr gefreut. - Danke.
7505,transcript,Danke,0,NN,PTKANT,Danke,danke,Dank,Dank,1,1,Hat uns sehr gefreut. - Danke.
7506,transcript,Ja-/Nein-Fragen,1,VVFIN,NN,Ja-/Nein-Fragen,ja-/nein-fragen,Ja-/Nein-Frage,Ja-Nein-Frage,1,1,"Ja-/Nein-Fragen, heißen Ja-/Nein-Fragen, weil man sie mit ""ja"" oder ""nein"" beantworten kann und sie beginnen meistens mit einem Verb."
7506,transcript,Ja-/Nein-Fragen,0,VVFIN,NN,Ja-/Nein-Fragen,ja-/nein-fragen,Ja-/Nein-Frage,Ja-Nein-Frage,1,1,"Ja-/Nein-Fragen, heißen Ja-/Nein-Fragen, weil man sie mit ""ja"" oder ""nein"" beantworten kann und sie beginnen meistens mit einem Verb."
7507,transcript,händ,0,VVFIN,VVFIN,händ,händ,hinden,händen,1,0,Was händ Sie hüt zum Zmorgä gha?
7507,transcript,hüt,0,PPER,VVFIN,hüt,hüt,hüten,hüten,1,1,Was händ Sie hüt zum Zmorgä gha?
7507,transcript,zum,0,APPRART,ART,zu,zu,zum,zum,1,1,Was händ Sie hüt zum Zmorgä gha?
7512,transcript,'ne,0,ART,ART,'ne,'ne,'ner,'ne,0,0,"Und es ist schon, denke ich, mehr 'ne gewisse And it's definitely more of a certain rheinische Zugewandtheit da, ne?"
7514,transcript,uns,0,PPER,PRF,uns,uns,wir,wir,1,1,"Probiert das mal aus, wir würden uns wirklich freuen, wenn ihr dabei seid: easygerman.org/membership ist unser Link. Und ich fahre jetzt ins Büro. Tschüss!"
7514,transcript,ihr,0,PPER,PPER,ihr,ihr,sie,sie,1,1,"Probiert das mal aus, wir würden uns wirklich freuen, wenn ihr dabei seid: easygerman.org/membership ist unser Link. Und ich fahre jetzt ins Büro. Tschüss!"
7514,transcript,ins,0,APPRART,ART,in,in,ecser,ins,1,0,"Probiert das mal aus, wir würden uns wirklich freuen, wenn ihr dabei seid: easygerman.org/membership ist unser Link. Und ich fahre jetzt ins Büro. Tschüss!"
7515,transcript,kann's,0,VMFIN,VMFIN,kann'sen,kann's,könne'n,kann'esen,0,0,Ich kann's noch nicht mal richtig aussprechen. - Ja.
7518,transcript,'ne,0,ART,ART,'ne,'ne,'ner,'ne,0,0,"Äh, in 'ne Gaststätte gehen."
7519,transcript,erste,0,PIS,ADJA,erster,erster,erst,erst,1,1,"Das erste, was uns auffällt, ist ja, dass die Farbe sich verändert. - Ja. - Die werden rot, ne?"
7519,transcript,was,0,PRELS,PWS,wer,wer,was,was,1,1,"Das erste, was uns auffällt, ist ja, dass die Farbe sich verändert. - Ja. - Die werden rot, ne?"
7519,transcript,uns,0,PPER,PPER,uns,uns,wir,wir,1,1,"Das erste, was uns auffällt, ist ja, dass die Farbe sich verändert. - Ja. - Die werden rot, ne?"
7520,transcript,Dass,1,KOUS,KOUS,dass,dass,daß,daß,1,1,Dass es kein perfektes Leben erstens gibt... ähm...
7522,transcript,viele,0,PIAT,PIAT,vieler,vieler,viel,viel,1,1,In unseren Sprachen allesamt gibt es ganz viele Sprache...
7523,transcript,Im,1,APPRART,ART,in,in,im,im,1,1,Im Deutschen gibt es trennbare Verben und in vielen anderen Sprachen nicht.
7523,transcript,Deutschen,0,NN,NN,deutsche,deutsche,deutsch,deutsch,1,1,Im Deutschen gibt es trennbare Verben und in vielen anderen Sprachen nicht.
7523,transcript,Verben,0,NN,NN,Verbe,verbe,Verb,Verb,1,1,Im Deutschen gibt es trennbare Verben und in vielen anderen Sprachen nicht.
7523,transcript,vielen,0,PIAT,PIAT,vieler,vieler,viel,viel,1,1,Im Deutschen gibt es trennbare Verben und in vielen anderen Sprachen nicht.
7525,transcript,mich,0,PPER,PPER,mich,mich,ich,ich,1,1,Weil ich genug andere Sachen habe und die für mich dann wichtiger sind.
7527,transcript,mir,0,PPER,PPER,mir,mir,ich,ich,1,1,"Ja, bring mir etwas Erfrischendes."
7527,transcript,Erfrischendes,0,NN,NN,erfrischendes,erfrischendes,Erfrischend,Erfrischend,1,1,"Ja, bring mir etwas Erfrischendes."
7528,transcript,viele,0,PIAT,PIAT,vieler,vieler,viel,viel,1,1,"Ähm, ganz viele Leute fragen!"
7530,transcript,Trau,1,NN,VVFIN,Trau,trau,trauen,Trau,1,1,"Trau dich und sprich mit ihnen, in ihrer Muttersprache, dort, wo sie toben und lärmen, wenn du Deutsch lernen... willst."
7530,transcript,dich,0,PRF,PPER,dich,dich,du,du,1,1,"Trau dich und sprich mit ihnen, in ihrer Muttersprache, dort, wo sie toben und lärmen, wenn du Deutsch lernen... willst."
7530,transcript,ihnen,0,PPER,PPER,ihnen,ihnen,sie,sie,1,1,"Trau dich und sprich mit ihnen, in ihrer Muttersprache, dort, wo sie toben und lärmen, wenn du Deutsch lernen... willst."
7531,transcript,im,0,APPRART,ART,in,in,im,im,1,1,Wir sind heute in Lübbenau. Das ist eine Stadt im Spreewald.
7532,transcript,zum,0,APPRART,ART,zu,zu,zum,zum,1,1,"Entschuldigung, ich muss dringend zum Hauptbahnhof."
7533,transcript,euch,0,PPER,PPER,euch,euch,ihr,ihr,1,1,- Ähm. Ich wollte euch fragen... Was macht ihr denn gerade in der Bib?
7533,transcript,ihr,0,PPER,PPER,ihr,ihr,sie,sie,1,1,- Ähm. Ich wollte euch fragen... Was macht ihr denn gerade in der Bib?
7535,transcript,gab's,0,VVFIN,VVFIN,gab's,gab's,gabe'n,gab'en,0,0,"Insgesamt gab's fünf Stadttore und die wurden jeweils von einem Turm geschützt, und einer davon, eben der Tiergärtnertorturm, hier jetzt hinter uns zu sehen."
7535,transcript,Stadttore,0,NN,NN,Stadttore,stadttore,Stadttor,Stadttor,1,0,"Insgesamt gab's fünf Stadttore und die wurden jeweils von einem Turm geschützt, und einer davon, eben der Tiergärtnertorturm, hier jetzt hinter uns zu sehen."
7535,transcript,einer,0,PIS,PIS,einer,einer,ein,ein,1,1,"Insgesamt gab's fünf Stadttore und die wurden jeweils von einem Turm geschützt, und einer davon, eben der Tiergärtnertorturm, hier jetzt hinter uns zu sehen."
7535,transcript,uns,0,PPER,PPER,uns,uns,wir,wir,1,1,"Insgesamt gab's fünf Stadttore und die wurden jeweils von einem Turm geschützt, und einer davon, eben der Tiergärtnertorturm, hier jetzt hinter uns zu sehen."
7537,transcript,Fründe,0,NN,NN,Frund,frund,Fründe,Fründe,0,1,"Also die eigenen Fründe (Freunde) zu sichern, das darf... oder das ist dem deutschen Volk sehr schle... schlecht zu verkaufen. - Ja."
7537,transcript,schle,0,ADJA,ADJD,schl,schl,schle,schle,1,1,"Also die eigenen Fründe (Freunde) zu sichern, das darf... oder das ist dem deutschen Volk sehr schle... schlecht zu verkaufen. - Ja."
7539,transcript,viele,0,PIAT,PIAT,vieler,vieler,viel,viel,1,1,Und du hast schon perfekt gesagt: Ich werde viele Fehler machen.
7540,transcript,ihn,0,PPER,PPER,ihn,ihn,er,er,1,1,"Oh, man kann ihn schon gar nicht mehr sehen. - Nee."
7543,transcript,verabschieden,0,VVFIN,VVFIN,verabschieden,verabschieden,verabscheiden,verabschieden,1,1,Und wir verabschieden uns. Tschüüß.
7543,transcript,uns,0,PPER,PRF,sich,sich,wir,wir,1,1,Und wir verabschieden uns. Tschüüß.
7546,transcript,uns,0,PPER,PPER,uns,uns,wir,wir,1,1,"So, Manuel! Lass uns Bier holen! - Nee, wir arbeiten doch gerade!"
7547,transcript,Dativpronomen,0,NN,NN,Dativpronom,dativpronom,Dativpronomen,Dativpronomen,0,1,"Wenn man dieses Wort mit einer Person benutzt, dann muss man jedoch ein Dativpronomen benutzen und das ist wichtig zu wissen."
7550,transcript,ihn,0,PPER,PPER,ihn,ihn,er,er,1,1,Ich werde ihn auch füttern. - Unterschätz das nicht.
7551,transcript,konjugierten,0,ADJA,ADJA,konjugiert,konjugiert,konjugieren,konjugieren,1,1,"Und dieses ""aus"", das Präfix, wird getrennt in der konjugierten Form und wird ans Ende des Satzes gestellt."
7551,transcript,ans,0,APPRART,APPR,an,an,ans,ans,1,1,"Und dieses ""aus"", das Präfix, wird getrennt in der konjugierten Form und wird ans Ende des Satzes gestellt."
7554,transcript,Welche,0,PWS,PWAT,Welche,welche,welcher,welcher,1,1,Als Kind? Süßigkeiten. - Welche?
7556,transcript,ihr,0,PPER,PPER,ihr,ihr,sie,sie,1,1,"Wenn ihr jetzt noch einige Übungen zu diesem Thema und anderen Themenfeldern machen wollt, schaut doch mal bei Patreon vorbei."
7556,transcript,einige,0,PIAT,PIAT,einiger,einiger,einige,einige,1,1,"Wenn ihr jetzt noch einige Übungen zu diesem Thema und anderen Themenfeldern machen wollt, schaut doch mal bei Patreon vorbei."
7556,transcript,Themenfeldern,0,NN,NN,Themenfelder,themenfelder,Themenfeld,Themenfeld,0,1,"Wenn ihr jetzt noch einige Übungen zu diesem Thema und anderen Themenfeldern machen wollt, schaut doch mal bei Patreon vorbei."
7558,transcript,mir,0,PPER,PPER,sich,sich,ich,ich,1,1,"Du hast mir erzählt, dass viele Leute in deiner Klasse schon gut sprechen konnten und bei dir ging es am Anfang noch nicht so schnell."
7558,transcript,viele,0,PIAT,PIAT,vieler,vieler,viel,viel,1,1,"Du hast mir erzählt, dass viele Leute in deiner Klasse schon gut sprechen konnten und bei dir ging es am Anfang noch nicht so schnell."
7558,transcript,dir,0,PPER,PPER,dir,dir,du,dir,1,1,"Du hast mir erzählt, dass viele Leute in deiner Klasse schon gut sprechen konnten und bei dir ging es am Anfang noch nicht so schnell."
7558,transcript,am,0,APPRART,ART,an,an,am,am,1,1,"Du hast mir erzählt, dass viele Leute in deiner Klasse schon gut sprechen konnten und bei dir ging es am Anfang noch nicht so schnell."
7560,transcript,ihr,0,PPER,PPER,ihr,ihr,sie,sie,1,1,"Podcast, da könnt ihr hören, während ihr was anderes macht, Fahrradfahren, Abspülen, Wohnung putzen."
7560,transcript,ihr,0,PPER,PPER,ihr,ihr,sie,sie,1,1,"Podcast, da könnt ihr hören, während ihr was anderes macht, Fahrradfahren, Abspülen, Wohnung putzen."
7560,transcript,Abspülen,0,NN,NN,Abspüle,abspüle,Abspülen,Abspülen,1,1,"Podcast, da könnt ihr hören, während ihr was anderes macht, Fahrradfahren, Abspülen, Wohnung putzen."
7562,transcript,geht's,0,VVFIN,VVFIN,geht's,gehen,gehe'en,gehten,1,0,"Okay, los geht's! Jetzt geht's erstmal los."
7562,transcript,geht's,0,VVFIN,VVFIN,geht's,gehen,gehe'en,gehten,1,0,"Okay, los geht's! Jetzt geht's erstmal los."
7563,transcript,uns,0,PPER,PPER,uns,uns,wir,wir,1,1,"Chris, du bist schon, ähm, seit fast zwei Jahren bei uns im Team. - Fast, ja. - Na ja. - Genau."
7563,transcript,im,0,APPRART,ART,in,in,im,imen,1,1,"Chris, du bist schon, ähm, seit fast zwei Jahren bei uns im Team. - Fast, ja. - Na ja. - Genau."
7564,transcript,Vielen,1,PIAT,PIAT,vieler,vieler,viel,viel,1,1,"Vielen Dank! Wie das geht, steht unten."
7566,transcript,uns,0,PRF,PRF,sich,sich,wir,wir,1,1,"Wenn Janusz und ich uns verabreden, dann sagen wir zum Beispiel: Treffen wir uns um drei? - Ja."
7566,transcript,zum,0,APPRART,ART,zu,zu,zum,zum,1,1,"Wenn Janusz und ich uns verabreden, dann sagen wir zum Beispiel: Treffen wir uns um drei? - Ja."
7566,transcript,uns,0,PRF,PRF,sich,sich,wir,wir,1,1,"Wenn Janusz und ich uns verabreden, dann sagen wir zum Beispiel: Treffen wir uns um drei? - Ja."
7569,transcript,ne,0,NN,NE,ne,ne,ein,ein,1,1,"Ja, gut, es geht ja über Skype oder über Zoom, ne."
7570,transcript,gespannt,0,ADJD,ADJD,gespannt,gespannt,spannen,spannen,1,1,"Dazu werden wir bald noch ein weiteres Video veröffentlichen, We'll publish another video about that soon, also seid gespannt."
7571,transcript,mich,0,PPER,PPER,mich,mich,ich,ich,1,1,Er/Sie/Es mag He/she/it likes Sie mag mich.
7572,transcript,was,0,PRELS,PWS,wer,wer,was,was,1,1,"Ja, ist schon einiges, was Sie verstehen. - Okay."
7573,transcript,dir,0,PPER,PPER,dir,dir,du,dir,1,1,Äh welche Sorten kann man denn bei dir am Eisstand kaufen?
7573,transcript,am,0,APPRART,APPR,an,an,am,am,1,1,Äh welche Sorten kann man denn bei dir am Eisstand kaufen?
7579,transcript,Im,1,APPRART,ART,in,in,im,im,1,1,Im… in Wien im 1. Bezirk wahrscheinlich. - Ja.
7579,transcript,im,0,APPRART,ART,in,in,im,im,1,1,Im… in Wien im 1. Bezirk wahrscheinlich. - Ja.
7581,transcript,euch,0,PRF,PRF,euch,euch,ihr,ihr,1,1,Heute möchten wir euch mal ein paar weitere Dialekte vorstellen.
7582,transcript,Wart,0,VVFIN,VVIMP,Wart,sein,Wart,Wart,1,1,Hallo! Wart ihr schon mal bei der Post und wolltet ein Paket verschicken?
7582,transcript,ihr,0,PPER,PPER,ihr,ihr,sie,sie,1,1,Hallo! Wart ihr schon mal bei der Post und wolltet ein Paket verschicken?
7582,transcript,wolltet,0,VMFIN,VMFIN,wollten,wolltet,wollen,wollen,1,1,Hallo! Wart ihr schon mal bei der Post und wolltet ein Paket verschicken?
7584,transcript,früher,0,ADJD,ADV,früh,früh,früher,früher,1,1,"Und so früher, haben sie (sich) gewünscht, ihren Namen zu wechseln? - Ja, unbedingt. - Zu was?"
7587,transcript,allen,0,PIAT,PIAT,aller,aller,alle,alle,1,1,Vor allen Dingen das Flair ne... ne?
7588,transcript,viele,0,PIS,PIS,viele,viele,viel,viel,1,1,"Janusz, viele von unseren Zuschauern wissen nicht, dass auch du vor über 30 Jahren nach Deutschland geflüchtet bist."
7590,transcript,aufgezogen,0,NN,VVPP,aufgezog,aufgezog,aufziehen,aufziehen,0,1,"'n bisschen kitschiger, ja, und, äh, etwas pompöser aufgezogen ist, ja."
7592,transcript,Im,0,APPRART,ART,in,in,im,im,1,1,"Allerdings aus Südengland. - Im Ernst, ja? Ah, okay."
7594,transcript,Tipp,0,NN,NN,Tipp,tipp,Tip,Tip,1,1,"Was würden Sie den Menschen mitgeben, jungen Menschen, die noch vor der Berufswahl stehen, auf... Was für'n Tipp würden Sie geben, vielleicht?"
7597,transcript,alle,0,PIAT,PIAT,aller,aller,alle,alle,1,1,"Und was denkst du, wenn man sich alle Länder der Welt anguckt, äh, trinken die Deutschen eher viel oder eher wenig Kaffee?"
7597,transcript,anguckt,0,VVFIN,VVFIN,angucken,anguckt,angucken,angucken,1,1,"Und was denkst du, wenn man sich alle Länder der Welt anguckt, äh, trinken die Deutschen eher viel oder eher wenig Kaffee?"
7598,transcript,vom,0,APPRART,APPR,von,von,vom,vom,1,1,Hier sehen wir ein Poster vom Goethe-Institut zum Deutschlernen.
7598,transcript,zum,0,APPRART,APPR,zu,zu,zum,zum,1,1,Hier sehen wir ein Poster vom Goethe-Institut zum Deutschlernen.
7598,transcript,Deutschlernen,0,NN,NN,Deutschlern,deutschlernen,Deutschlerne,Deutschlernen,1,0,Hier sehen wir ein Poster vom Goethe-Institut zum Deutschlernen.
7599,transcript,im,0,APPRART,ART,in,in,im,imen,1,1,"Ähh, im Moment nicht, äh. - Ja. - Ich brauche einen neuen und war noch nicht einkaufen."
7601,transcript,könntest,0,VVFIN,VMFIN,könntestn,könntest,können,können,1,1,Und dann könntest du... dann könntest du bei uns im Podcast dabei sein und auch antworten.
7601,transcript,könntest,0,VVFIN,VMFIN,könntestn,könntest,können,können,1,1,Und dann könntest du... dann könntest du bei uns im Podcast dabei sein und auch antworten.
7601,transcript,uns,0,PPER,PPER,uns,uns,wir,wir,1,1,Und dann könntest du... dann könntest du bei uns im Podcast dabei sein und auch antworten.
7601,transcript,im,0,APPRART,ART,in,in,im,imen,1,1,Und dann könntest du... dann könntest du bei uns im Podcast dabei sein und auch antworten.
7602,transcript,studier,0,VVFIN,NE,studi,studier,studieren,studieren,1,1,Was machen Sie in ihrem Beruf? - Ich studier Medizin.
7604,transcript,im,0,APPRART,ART,in,in,im,im,1,1,Seedlang gibt es im App Store und im Google Play Store und dort stellen wir euch unter anderem die 6000 wichtigsten deutschen Vokabeln vor.
7604,transcript,im,0,APPRART,ART,in,in,im,im,1,1,Seedlang gibt es im App Store und im Google Play Store und dort stellen wir euch unter anderem die 6000 wichtigsten deutschen Vokabeln vor.
7604,transcript,euch,0,PRF,PRF,euch,euch,ihr,ihr,1,1,Seedlang gibt es im App Store und im Google Play Store und dort stellen wir euch unter anderem die 6000 wichtigsten deutschen Vokabeln vor.
7606,transcript,letztes,0,ADJA,ADJA,letzter,letzter,letzt,letzt,1,1,"Mathias, wann bist du denn letztes Mal in ein Fettnäpfchen getreten? - Uhh."
7609,transcript,Zum,0,APPRART,ART,zu,zu,zum,zum,1,1,"Ja? - Zum Beispiel. Sie sagt, was sie denkt."
7610,transcript,gefällt,0,VVFIN,VVFIN,fällen,fällen,gefallen,gefallen,1,1,Und was gefällt Ihnen nicht an Düsseldorf?
7610,transcript,Ihnen,0,PPER,PPER,ihnen,ihnen,Sie,Sie,1,1,Und was gefällt Ihnen nicht an Düsseldorf?
7611,transcript,zum,0,APPRART,ART,zu,zu,zum,zum,1,1,"Und was ist mit, ähm, zum Beispiel, And what about, erm, for example, wenn du jetzt 'n Geburtstag hast... - Mhm."
7612,transcript,leg,0,VVFIN,VVFIN,leg,leg,legen,legen,1,1,"Äh, ich leg' Geld zur Seite."
7612,transcript,zur,0,APPRART,APPR,zu,zu,zur,zur,1,1,"Äh, ich leg' Geld zur Seite."
7613,transcript,mir,0,PPER,PPER,mir,mir,ich,ich,1,1,"Ich glaube, es gibt unterschiedliche Dinge, äh, die ich () in (mir) verändert habe."
7614,transcript,Rahime,0,NN,NE,Rahim,rahim,Rahime,Rahime,0,1,"Alles klar, wir geben Rahime gleich mal das Mikrofon, ich glaub' das wird 'ne Menge Spaß hier heute."
7614,transcript,glaub,0,ADV,VVFIN,glaub,glaub,glauben,glauben,1,1,"Alles klar, wir geben Rahime gleich mal das Mikrofon, ich glaub' das wird 'ne Menge Spaß hier heute."
7614,transcript,'ne,0,ART,PIAT,'ne,'ne,'ner,'ne,0,0,"Alles klar, wir geben Rahime gleich mal das Mikrofon, ich glaub' das wird 'ne Menge Spaß hier heute."
7615,transcript,bitte,0,ADV,VVINF,bitte,bitte,bitten,bitten,1,1,Dazu nehm' ich auch noch drei Mehrkornbrötchen bitte.
7617,transcript,vergisst,0,VVFIN,VVFIN,vergisst,vergisst,vergessen,vergessen,1,1,"Ähm... Also so was vergisst man nie, äh, weil..."
7620,transcript,Erste,0,NN,ADJA,erste,erste,erst,erst,1,1,"Guten Morgen! Es ist acht Uhr, ich bin grade aufgestanden und das Erste, was ich morgens mache, ist zu meditieren."
7620,transcript,was,0,PRELS,PWS,wer,wer,was,was,1,1,"Guten Morgen! Es ist acht Uhr, ich bin grade aufgestanden und das Erste, was ich morgens mache, ist zu meditieren."
7622,transcript,würd's,0,VMFIN,VMFIN,würd's,würd's,werden,werd',0,1,"Nee, ich würd's auf jeden Fall auch machen, ja."
7623,transcript,ne,0,ADJA,ART,n,n,ein,ein,1,1,"Wir fahren noch nach Budapest morgen, Plattensee, dann Zagreb, Plitvice, Slowenien, Italien noch ne Ecke und dann geht's wieder nach Hause. - Eurotrip!"
7623,transcript,geht's,0,VVFIN,VVFIN,geht's,gehen,gehe'en,gehten,1,0,"Wir fahren noch nach Budapest morgen, Plattensee, dann Zagreb, Plitvice, Slowenien, Italien noch ne Ecke und dann geht's wieder nach Hause. - Eurotrip!"
7625,transcript,Da-Wörter,1,NN,NN,da-Wörter,da-wörter,Da-Wort,Da-Wort,1,1,"Da-Wörter benutzt man mit Verben, die mit Präpositionen genutzt werden."
7625,transcript,Verben,0,NN,NN,Verbe,verbe,Verb,Verb,1,1,"Da-Wörter benutzt man mit Verben, die mit Präpositionen genutzt werden."
7629,transcript,find,0,VVFIN,VVFIN,find,find,finden,finden,1,1,"Ja? - Ja, find' ich schon."
7631,transcript,gibt's,0,VVFIN,VVFIN,gibt's,geben,gibte'n,gibten,1,0,"außer Brot und Schokolade. Schokolade ist, ähm, gibt's zwar hier auch mittlerweile, ähm, aber sehr teuer. Sehr überteuert und dann..."
7631,transcript,überteuert,0,ADJD,ADJD,überteuert,überteuert,überteuern,überteuern,1,0,"außer Brot und Schokolade. Schokolade ist, ähm, gibt's zwar hier auch mittlerweile, ähm, aber sehr teuer. Sehr überteuert und dann..."
7633,transcript,Früher,1,ADJD,ADV,früh,früh,früher,früher,1,1,"Früher geteilt und jetzt nicht mehr und, ähm..."
7634,transcript,Neues,0,NN,NN,neue,neue,Neu,Neu,1,1,"wenn man nichts Neues erleben möchte, weil dann wird's irgendwann langweilig."
7634,transcript,wird's,0,VAFIN,VAFIN,wird's,wird's,werd'en,wird'ss,0,0,"wenn man nichts Neues erleben möchte, weil dann wird's irgendwann langweilig."
7635,transcript,würdest,0,VMFIN,VMFIN,würdeen,würdest,werden,werden,1,1,"OK, welchen Bösewicht würdest du in einem James Bond Film spielen? Oder vielleicht in einem ganz bestimmen James Bond Film?"
7636,transcript,zum,0,APPRART,ART,zu,zu,zum,zum,1,1,"'Ne Steuererklärung zum Beispiel, quäl' mich da durch, um das einmal zu verstehen, und dann kann ich es wieder loslassen."
7636,transcript,quäl,0,NN,VVFIN,quäl,quäl,quälen,quälen,1,1,"'Ne Steuererklärung zum Beispiel, quäl' mich da durch, um das einmal zu verstehen, und dann kann ich es wieder loslassen."
7636,transcript,mich,0,PPER,PPER,mich,mich,ich,ich,1,1,"'Ne Steuererklärung zum Beispiel, quäl' mich da durch, um das einmal zu verstehen, und dann kann ich es wieder loslassen."
7638,transcript,allen,0,PIAT,PIAT,aller,aller,alle,alle,1,1,"Meine Nachrichten, also ich erhalte meine Nachrichten vor allen Dingen übers Internet, über Nachrichten-Websites wie zum Beispiel die Tagesschau."
7638,transcript,übers,0,APPRART,APPR,über,über,übers,übers,1,1,"Meine Nachrichten, also ich erhalte meine Nachrichten vor allen Dingen übers Internet, über Nachrichten-Websites wie zum Beispiel die Tagesschau."
7638,transcript,Nachrichten-Websites,0,NN,NN,Nachrichten-Websit,nachrichten-websit,Nachrichten-Website,Nachrichten-Website,0,1,"Meine Nachrichten, also ich erhalte meine Nachrichten vor allen Dingen übers Internet, über Nachrichten-Websites wie zum Beispiel die Tagesschau."
7638,transcript,zum,0,APPRART,ART,zu,zu,zum,zum,1,1,"Meine Nachrichten, also ich erhalte meine Nachrichten vor allen Dingen übers Internet, über Nachrichten-Websites wie zum Beispiel die Tagesschau."
7641,transcript,seh,0,VVFIN,VVFIN,seh,seh,sehen,sehen,1,1,"Mhm. - Ich seh schon, Sie sind ein sehr positiver Mensch. - Joa!"
7642,transcript,uns,0,PPER,PPER,uns,uns,wir,wir,1,1,Schreibt uns mal einen Kommentar hier auf Deutsch.
7643,transcript,Dass,1,KOUS,KOUS,dass,dass,daß,daß,1,1,"Dass der Verkehr beruhigt war, keine Autos, keine Flugzeuge..."
7644,transcript,zur,0,APPRART,APPR,zu,zu,zur,zur,1,1,"vielleicht gehe (ich) zur Arbeit, vielleicht treffe ich (mich) heute mit meinem Freund, also, die meisten haben gar keinen Plan."
7644,transcript,mich,0,PPER,PPER,mich,mich,ich,ich,1,1,"vielleicht gehe (ich) zur Arbeit, vielleicht treffe ich (mich) heute mit meinem Freund, also, die meisten haben gar keinen Plan."
7644,transcript,meisten,0,PIS,PIS,meister,meister,meist,meist,1,1,"vielleicht gehe (ich) zur Arbeit, vielleicht treffe ich (mich) heute mit meinem Freund, also, die meisten haben gar keinen Plan."
7647,transcript,Sag,0,VVIMP,VVFIN,sag,sagen,sag,Sagen,1,1,"Ja. - Sag mal ein Beispiel. - Ähm... wenn bei meinem Fahrrad was nicht stimmt, frag' ich ihn."
7647,transcript,frag,0,VVFIN,VVFIN,frag,frag,fragen,fragen,1,1,"Ja. - Sag mal ein Beispiel. - Ähm... wenn bei meinem Fahrrad was nicht stimmt, frag' ich ihn."
7647,transcript,ihn,0,PPER,PPER,ihn,ihn,er,er,1,1,"Ja. - Sag mal ein Beispiel. - Ähm... wenn bei meinem Fahrrad was nicht stimmt, frag' ich ihn."
7649,transcript,viele,0,PIAT,PIAT,vieler,vieler,viel,viel,1,1,"Meine Eltern kommen aus dem früheren Westen und haben schon beschrieben, dass es auch ziemlich viele Vorurteile noch gab."
7650,transcript,kompostiertbarer,0,ADJA,ADJA,kompostiertbarer,kompostiertbarer,kompostiertbar,kompostiertbar,1,0,"In die Biotonne kommt eigentlich kompostiertbarer Müll, also alles, was von der Erde aufgenommen und verarbeitet werden kann, zum Beispiel Fischgräten und Apfelkitschen."
7650,transcript,was,0,PRELS,PRELS,wer,wer,was,was,1,1,"In die Biotonne kommt eigentlich kompostiertbarer Müll, also alles, was von der Erde aufgenommen und verarbeitet werden kann, zum Beispiel Fischgräten und Apfelkitschen."
7650,transcript,zum,0,APPRART,APPR,zu,zu,zum,zum,1,1,"In die Biotonne kommt eigentlich kompostiertbarer Müll, also alles, was von der Erde aufgenommen und verarbeitet werden kann, zum Beispiel Fischgräten und Apfelkitschen."
7650,transcript,Fischgräten,0,NN,NN,Fischgrät,fischgrät,Fischgräte,Fischgräte,0,1,"In die Biotonne kommt eigentlich kompostiertbarer Müll, also alles, was von der Erde aufgenommen und verarbeitet werden kann, zum Beispiel Fischgräten und Apfelkitschen."
7650,transcript,Apfelkitschen,0,NN,NN,Apfelkitschen,apfelkitschen,Apfelkitsche,Apfelkitsche,1,0,"In die Biotonne kommt eigentlich kompostiertbarer Müll, also alles, was von der Erde aufgenommen und verarbeitet werden kann, zum Beispiel Fischgräten und Apfelkitschen."
7651,transcript,letzten,0,ADJA,ADJA,letzter,letzter,letzt,letzt,1,1,"Ja. - ...die letzten Jahre, also wär' ja auch schon mal 'n erster Schritt vielleicht."
7651,transcript,wär,0,VAFIN,VAFIN,sin,wär,sein,sern,1,1,"Ja. - ...die letzten Jahre, also wär' ja auch schon mal 'n erster Schritt vielleicht."
7651,transcript,erster,0,ADJA,ADJA,erster,erster,erst,erst,1,1,"Ja. - ...die letzten Jahre, also wär' ja auch schon mal 'n erster Schritt vielleicht."
7652,transcript,im,0,APPRART,ART,in,in,im,imen,1,1,"Easy German soll im neuen Jahr lustiger werden, das ist doch schon mal ein guter Vorsatz."
7654,transcript,mich,0,PPER,PPER,mich,mich,ich,ich,1,1,"Ja, ich verdiene genug, aber mich interessiert am meisten, was davon übrig bleibt für mein Taschengeld, weil das gebe ich dann wirklich mit Freude aus."
7654,transcript,interessiert,0,ADJD,VVFIN,interessiert,interessiert,interessieren,interessieren,1,1,"Ja, ich verdiene genug, aber mich interessiert am meisten, was davon übrig bleibt für mein Taschengeld, weil das gebe ich dann wirklich mit Freude aus."
7654,transcript,meisten,0,PIS,PIS,meister,meister,meist,meist,1,1,"Ja, ich verdiene genug, aber mich interessiert am meisten, was davon übrig bleibt für mein Taschengeld, weil das gebe ich dann wirklich mit Freude aus."
7654,transcript,was,0,PRELS,PWS,wer,wer,was,was,1,1,"Ja, ich verdiene genug, aber mich interessiert am meisten, was davon übrig bleibt für mein Taschengeld, weil das gebe ich dann wirklich mit Freude aus."
7655,transcript,im,0,APPRART,ART,in,in,im,imen,1,1,"Na, sagen Sie mal, im Durchschnitt."
7657,transcript,Danke,1,NN,PTKANT,Danke,danke,Dank,Dank,1,1,Danke für's Zuschauen und bis nächste Woche. Tschüüß!
7657,transcript,Zuschauen,0,NN,NN,Zuschauen,Zuschauen,Zuschaue,Zuschauen,1,1,Danke für's Zuschauen und bis nächste Woche. Tschüüß!
7657,transcript,nächste,0,ADJA,ADJA,nächster,nächster,nah,nah,1,1,Danke für's Zuschauen und bis nächste Woche. Tschüüß!
7661,transcript,mir,0,PPER,PPER,mir,mir,ich,ich,1,1,Hier hinter mir sieht man die Charité.
7663,transcript,Franken,0,NN,NN,Franken,franken,Franke,Franke,1,1,Was machen die Franken gut? - Bratwürste.
7663,transcript,Bratwürste,0,NN,NN,Bratwürste,bratwürste,Bratwurst,Bratwurst,1,1,Was machen die Franken gut? - Bratwürste.
7664,transcript,interessiert,0,ADJD,VVFIN,interessiert,interessiert,interessieren,interessieren,1,1,"Und jetzt interessiert mich natürlich: And now I'm obviously interested in: Was ist euer ""guilty pleasure"", euer kleines Alltagslaster?"
7664,transcript,mich,0,PPER,PPER,mich,mich,ich,ich,1,1,"Und jetzt interessiert mich natürlich: And now I'm obviously interested in: Was ist euer ""guilty pleasure"", euer kleines Alltagslaster?"
7664,transcript,euer,0,PPOSAT,PPER,euer,euer,ein,euer,1,1,"Und jetzt interessiert mich natürlich: And now I'm obviously interested in: Was ist euer ""guilty pleasure"", euer kleines Alltagslaster?"
7667,transcript,Vielen,0,PIAT,PIAT,vieler,vieler,viel,viel,1,1,"Dann fangen wir an, wir haben auch eine kleine Liste gemacht und daran hat unter anderem auch unsere Zuschauerin Birte mitgearbeitet. Vielen Dank!"
7668,transcript,im,0,APPRART,ART,in,in,im,im,1,1,"Nie wieder. - Nie wieder. - Das testen wir jetzt gleich im Restaurant, wenn wir zusammen essen gehen. - Oh nein."
7672,transcript,nächsten,0,ADJA,ADJA,nächster,nächster,nah,nah,1,1,"Aber da sind wir auch geübt, das räumen wir schnell wieder auf und dann dürfen die nächsten kommen."
7673,transcript,früher,0,ADJD,ADV,früh,früh,früher,früher,1,1,"Sie war früher Familienministerin, aber sie ist..."
7676,transcript,reingekommen,0,VVPP,VVPP,reingekommen,reingekommen,reinkommen,reinkommen,1,1,"Essen kann man das auf jeden Fall. Ich hoffe nur, dass nicht zu viel Eiweiß da jetzt mit reingekommen ist. Aber das seh..."
7676,transcript,seh,0,VVFIN,VVFIN,seh,seh,sehen,sehen,1,1,"Essen kann man das auf jeden Fall. Ich hoffe nur, dass nicht zu viel Eiweiß da jetzt mit reingekommen ist. Aber das seh..."
7678,transcript,'m,0,ART,$(,'r,'r,'m,'m,0,0,"Ich komm' nicht aus Berlin. Das kennt man hier schon lange, aber wir auf'm Dorf sind 'n bisschen hinterher."
7679,transcript,Im,0,APPRART,ART,in,in,im,im,1,1,"Das ist ein Aktenschrank. Im Aktenschrank befinden sich ganz viele Ordner, zum Beispiel die Bilanz 2014."
7679,transcript,viele,0,PIAT,PIAT,vieler,vieler,viel,viel,1,1,"Das ist ein Aktenschrank. Im Aktenschrank befinden sich ganz viele Ordner, zum Beispiel die Bilanz 2014."
7679,transcript,zum,0,APPRART,APPR,zu,zu,zum,zum,1,1,"Das ist ein Aktenschrank. Im Aktenschrank befinden sich ganz viele Ordner, zum Beispiel die Bilanz 2014."
7680,transcript,expensive,0,VVFIN,FM,expensiv,expensiv,expensive,expensive,1,1,"Err here in Berlin, especially Mitte, it's obviously very, very expensive."
7683,transcript,Plattenbauten,0,NN,NN,Plattenbaut,plattenbaut,Plattenbau,Plattenbau,0,1,Hmmm ich mag diese Plattenbauten nicht.
7684,transcript,am,0,APPRART,ART,an,an,am,am,1,1,"Wir denken eigentlich immer, rund um die Uhr, We basically always think about you, auch am Wochenende, immer an euch."
7684,transcript,euch,0,PPER,PPER,euch,euch,ihr,ihr,1,1,"Wir denken eigentlich immer, rund um die Uhr, We basically always think about you, auch am Wochenende, immer an euch."
7685,transcript,wem,0,PWS,PWS,wem,wem,wer,wer,1,1,Mit wem fahren Sie Auto? - Auch mit meiner Frau.
7686,transcript,ins,0,APPRART,FM,in,in,ins,ins,1,1,Wann essen sie Mittag? Und wann gehen sie When do they eat lunch? And when do they go ins Bett? Das wollen wir heute rausfinden.
7688,transcript,was,0,PRELS,PWS,wer,wer,was,was,1,1,"Und gibt es auch irgendwas, was ihr nicht mögt an Göttingen?"
7688,transcript,ihr,0,PPER,PPER,ihr,ihr,sie,sie,1,1,"Und gibt es auch irgendwas, was ihr nicht mögt an Göttingen?"
7690,transcript,würd,0,VMFIN,VMFIN,werdn,würd,werden,werden,1,1,"Ja, schon. - An sich würd' ich uns schon so einstufen, aber net, also, anlassbezogen, wenn's fremdinduziert ist... - Okay."
7690,transcript,uns,0,PRF,PRF,sich,sich,wir,wir,1,1,"Ja, schon. - An sich würd' ich uns schon so einstufen, aber net, also, anlassbezogen, wenn's fremdinduziert ist... - Okay."
7692,transcript,ihr,0,PPER,PPER,ihr,ihr,sie,sie,1,1,"Das geht hier bei Patreon, wenn ihr das Chat-Tier auswählt, und dort gibt es auch einige andere Mitgliedschaften."
7692,transcript,einige,0,PIAT,PIAT,einiger,einiger,einige,einige,1,1,"Das geht hier bei Patreon, wenn ihr das Chat-Tier auswählt, und dort gibt es auch einige andere Mitgliedschaften."
7693,transcript,written,0,ADJD,FM,written,written,wreiten,written,1,0,You slip back into... written German.
7694,transcript,ihr,0,PPER,PPER,ihr,ihr,sie,sie,1,1,"Habt ihr schon was gekauft heute? - Äh, nee noch nicht."
7695,transcript,Lieber,1,ADJA,ADV,lieb,lieb,gern,gern,1,1,"Lieber fall' ich mit der Wahrheit, I'd rather fall with the truth als dass ich mit der Lüge aufsteige und..."
7695,transcript,fall,0,NN,VVFIN,Fall,fall,fallen,fallen,1,1,"Lieber fall' ich mit der Wahrheit, I'd rather fall with the truth als dass ich mit der Lüge aufsteige und..."
7695,transcript,aufsteige,0,ADJA,VVFIN,aufsteig,aufsteig,aufsteigen,aufsteigen,1,1,"Lieber fall' ich mit der Wahrheit, I'd rather fall with the truth als dass ich mit der Lüge aufsteige und..."
7697,transcript,Waren,1,VAFIN,VAFIN,sein,sein,Ware,Ware,1,1,"Waren Sie schon öfters in Israel? - Leider hab ich's noch nicht geschafft, ist aber mein nächstes Reiseziel."
7697,transcript,nächstes,0,ADJA,ADJA,nächster,nächster,nah,nah,1,1,"Waren Sie schon öfters in Israel? - Leider hab ich's noch nicht geschafft, ist aber mein nächstes Reiseziel."
7698,transcript,Deutsche,1,NN,NN,deutsche,deutsche,deutsch,deutsch,1,1,Deutsche haben ja bekanntlich keinen Humor.
7699,transcript,lieber,0,ADV,ADV,lieber,lieber,lieb,lieb,1,1,OK. - Und lieber jeder selber. - OK. - Und vielleicht vorher ausmachen.
7702,transcript,uns,0,PPER,PPER,uns,uns,wir,wir,1,1,"Er ruiniert uns die Folge, aber okay."
7705,transcript,Ihnen,0,PPER,PPER,ihnen,ihnen,Sie,Sie,1,1,"Okay! Und wenn jetzt jemand Ihnen ein Geheimnis anvertraut, OK! And if somebody confides in you with a secret..."
7710,transcript,im,0,APPRART,ART,in,in,im,im,1,1,"Außerdem steht die Zeitangabe Also, the time stated nach ""vor"" immer im Dativ."
7712,transcript,zum,0,APPRART,ART,zu,zu,zum,zum,1,1,"Das hat also ursprünglich einen religiösen Kontext und man hat dann zum Mittagessen gesagt ""Gesegnete Mahlzeit""."
7712,transcript,Gesegnete,0,ADJA,ADJA,Gesegnete,gesegnete,gesegnet,gesegnen,1,1,"Das hat also ursprünglich einen religiösen Kontext und man hat dann zum Mittagessen gesagt ""Gesegnete Mahlzeit""."
7713,transcript,einem,0,ART,PIS,einer,einer,ein,ein,1,1,"es wird einem schon Angst und Bange, wenn man das so hört, Das verstehe ich auch nicht. Nein, keine Ahnung."
7715,transcript,ersten,0,ADJA,ADJA,erster,erster,erst,erst,1,1,"Nach den, äh, ersten Abenden, die wir zu zweit zusammen verbracht haben, ne? - Ja. - Ja."
7715,transcript,ne,0,NN,ADV,ne,ne,ein,ein,1,1,"Nach den, äh, ersten Abenden, die wir zu zweit zusammen verbracht haben, ne? - Ja. - Ja."
7717,transcript,'ne,0,ART,PIAT,'ne,'ne,'ner,'ne,0,0,"also es wirkt nicht anders als 'ne andere Großstadt, aber..."
7719,transcript,geht's,0,VVFIN,VVFIN,geht's,gehen,gehe'en,gehten,1,0,"Das ist gut, Janusz, dann geh' mal los! - Los geht's!"
7720,transcript,zum,0,APPRART,APPR,zu,zu,zum,zum,1,1,"In einer WG teilt man sich manche Dinge, zum Beispiel Lebensmittel oder auch Hygieneartikel."
7722,transcript,gibt's,0,VVFIN,VVFIN,gibt's,geben,gibte'n,gibten,1,0,"also, Unterschiede gibt's schon noch. Doch, doch."
7723,transcript,Gucken,1,VVFIN,VVFIN,Gucken,gucken,Gucke,Gucke,1,1,"Gucken wir mal, was die Leute auf der Straße sagen."
7725,transcript,was,0,PRELS,PRELS,wer,wer,was,was,1,1,"Genau das, was hier im Stadtteil passiert ist äh..."
7725,transcript,im,0,APPRART,ART,in,in,im,imen,1,1,"Genau das, was hier im Stadtteil passiert ist äh..."
7726,transcript,was,0,PWS,PWS,wer,wer,was,was,1,1,"Hi, ja, gerne. - Es ist ja gerade Lockdown, was machst 'n du auf der Straße?"
7727,transcript,versteh,0,VVFIN,VVFIN,versteh,versteh,verstehen,verstehen,1,1,"Mir selbst noch nie. - Jetzt weiß i, warum du Angst hast. Ich versteh' das."
7729,transcript,zum,0,APPRART,ART,zu,zu,zum,zum,1,1,"Also ja, zum Beispiel jetzt in der Maximilianstraße I mean, yeah, for example on Maximilianstraße oder so, da ist schon teurer, ja."
7730,transcript,einige,0,PIAT,PIAT,einiger,einiger,einige,einige,1,1,"Ja, ich hab' einige leckere Tomaten als Snacks."
7730,transcript,leckere,0,ADJA,ADJA,leck,leck,lecker,lecker,1,1,"Ja, ich hab' einige leckere Tomaten als Snacks."
7730,transcript,Snacks,0,NN,NN,Snack,snack,Snacks,Snacks,1,1,"Ja, ich hab' einige leckere Tomaten als Snacks."
7731,transcript,Weiß,0,VVFIN,VVFIN,weiße,weiße,Weiß,Weiß,1,1,"Ebbert. - Wenn ich jetzt sage ""Weiß jemand die Antwort auf die Frage?"", sagst du..."
7733,transcript,mich,0,PRF,PRF,sich,sich,ich,ich,1,1,Ich freue mich schon da drauf. - Wir freuen uns auch.
7733,transcript,uns,0,PPER,PRF,uns,uns,wir,wir,1,1,Ich freue mich schon da drauf. - Wir freuen uns auch.
7734,transcript,im,0,APPRART,ART,in,in,im,imen,1,1,"Also bei Klaus im Haus bin ich ja immer richtig gerne Martin, ne?"
7735,transcript,was,0,PWS,PWS,wer,wer,was,was,1,1,"So Klaus, was machst du jetzt? - Jetzt legen wir das Grillgut drauf."
7736,transcript,Morgen,1,NN,NN,Morge,morge,Morgen,Morgen,1,1,"Morgen früh werden wir schon wissen, ob wir die neue Wohnung bekommen."
7737,transcript,euch,0,PPER,PPER,euch,euch,ihr,ihr,1,1,Ihr müsst euch dieses Video angucken. - Unbedingt.
7738,transcript,Privatsendern,0,NN,NN,Privatsendern,privatsendern,Privatsender,Privatsender,1,1,Ich vertraue diesen Nachrichten mehr I trust this news more als irgendwelchen Privatsendern.
7739,transcript,anzustarren,0,VVINF,VVIZU,anzustarren,anzustarren,anstarren,anstarren,1,1,"Und... äh... haben Sie sich schon einmal damal... dabei ertappt, jemanden anzustarren und dann denken, ui?"
7741,transcript,viele,0,PIS,PIS,viele,viele,viel,viel,1,1,"Manchmal werden diese Indefinitpronomen auch dekliniert, wie in diesem Beispiel: Mitch liebt Tarantino-Filme. Er hat viele gesehen."
7744,transcript,ihr,0,PPER,PPER,ihr,ihr,sie,sie,1,1,"""Ups"" kennt ihr vielleicht, weil es das auch im Englischen gibt und es dort eigentlich genauso klingt."
7744,transcript,im,0,APPRART,ART,in,in,im,imen,1,1,"""Ups"" kennt ihr vielleicht, weil es das auch im Englischen gibt und es dort eigentlich genauso klingt."
7744,transcript,Englischen,0,NN,NN,englische,englische,englisch,englisch,1,1,"""Ups"" kennt ihr vielleicht, weil es das auch im Englischen gibt und es dort eigentlich genauso klingt."
7745,transcript,korrespondiert,0,VVPP,VVFIN,korrespondieren,korrespondiert,korrespondieren,korrespondieren,1,0,Aber das korrespondiert mit meinem Gehirn sehr gut.
7748,transcript,gespannt,0,ADJD,ADJD,gespannt,gespannt,spannen,spannen,1,1,"Janusz, ich bin gespannt wie ein Flitzebogen, was du jetzt auf dein Brötchen draufmachst."
7748,transcript,draufmachst,0,PROAV,VVFIN,draufmachst,draufmachst,draufmachen,draufmachen,1,1,"Janusz, ich bin gespannt wie ein Flitzebogen, was du jetzt auf dein Brötchen draufmachst."
7750,transcript,well,0,ADJD,FM,well,well,wellen,wellen,1,1,"Und ja, also nach(dem) ich also in Deutschland gewohnt habe, And yeah, well, after I lived in Germany habe ich nicht wirklich auf Deutsch gesprochen."
7751,transcript,ihr,0,PPER,PPER,ihr,ihr,sie,sie,1,1,Ja die Motivation ist ganz einfach: Das seid ihr!
7752,transcript,besonderes,0,ADJA,NN,besonderer,besonderer,besonder,besonder,1,1,Gibt es da etwas besonderes? - Tschüss. Mach's gut.
7752,transcript,Tschüss,0,NN,NN,Tschüss,tschüss,Tschuß,Tschüss,1,0,Gibt es da etwas besonderes? - Tschüss. Mach's gut.
7752,transcript,Mach's,0,VVIMP,NE,Mach's,mach's,Mach',Mach's,0,0,Gibt es da etwas besonderes? - Tschüss. Mach's gut.
7756,transcript,am,0,APPRART,ART,an,an,am,am,1,1,"Was ist, die die perfekte Menge am (an) Alkohol an einem Abend?"
7759,transcript,am,0,APPRART,APPR,an,an,am,am,1,1,"Also, Wissenschaftler gehen ja davon aus, Well, scientists (estimate) dass jeder Mensch circa fünfundzwanzig Mal am Tag lügt."
7762,transcript,am,0,APPRART,FM,an,an,am,am,1,1,"I am very impressed. Look, everything is wet."
7764,transcript,im,0,APPRART,ART,in,in,im,imen,1,1,"Das heißt, sie ist die wichtigste Frau im Staat, sie leitet die Regierung."
7765,transcript,Keine,0,PIS,PIS,keiner,keiner,kein,kein,1,1,Keine Freunde gefunden? – Ja. Keine.
7769,transcript,Schönen,0,ADJA,ADJA,schöne,schöne,schön,schön,1,1,Dankeschön! Schönen Abend. - Tschüss. - Bye.
7771,transcript,dich,0,PPER,PPER,dich,dich,du,du,1,1,Es ist vor allem für dich sehr peinlich.
7772,transcript,im,0,APPRART,ART,in,in,im,imen,1,1,"Wahrscheinlich steht im Reiseführer """"Dom besichtigen""""."
7775,transcript,Dass,0,KOUS,KOUS,dass,dass,daß,daß,1,1,Gute Frage. Highlight der Woche? Dass meine Mutter gestern zu Besuch war. - Und was habt ihr gemacht?
7775,transcript,ihr,0,PPER,PPER,ihr,ihr,sie,sie,1,1,Gute Frage. Highlight der Woche? Dass meine Mutter gestern zu Besuch war. - Und was habt ihr gemacht?
7776,transcript,würd,0,VMFIN,VMFIN,werdn,würd,werden,werden,1,1,Ich würd' auch nicht wahrscheinlich die FD(P)...
7777,transcript,früher,0,ADJD,ADV,früh,früh,früher,früher,1,1,"Ja aber auch… weiß gar nicht, weil ich das schöner fand früher, ja."
7778,transcript,dir,0,PPER,PPER,dir,dir,du,dir,1,1,"Oh, da hast du dir aber viel Mühe gegeben."
7780,transcript,danke,0,VVFIN,VVFIN,danke,danke,danken,danken,1,1,"Ja, danke schön! - Ist extrem cool."
7783,transcript,was,0,PRELS,PWS,wer,wer,was,was,1,1,"Ich mache Videos auf Youtube, was machen - jeden Tag!"
7785,transcript,mir,0,PPER,PPER,mir,mir,ich,ich,1,1,"Ähm, weil mir der Staat sowieso zu viel wegnimmt."
7789,transcript,uns,0,PPER,PRF,uns,uns,wir,wir,1,1,"Und ähm, wir haben uns einen Gag ausgedach... ausgedacht."
7791,transcript,gegessen,0,VVPP,VVPP,gegessen,gegessen,essen,essen,1,1,"Spargel ist ein längliches Gemüse, das in ganz Deutschland angebaut wird und vor allem zwischen April und Juni, der so genannten Spargelzeit, gegessen wird."
7792,transcript,geht's,0,VVFIN,VVFIN,geht's,gehen,gehe'en,gehten,1,0,"Hey, Sara. Wie geht's dir?"
7792,transcript,dir,0,PPER,PPER,dir,dir,du,dir,1,1,"Hey, Sara. Wie geht's dir?"
7794,transcript,viele,0,PIAT,PIAT,vieler,vieler,viel,viel,1,1,Da sind zu viele Links.
7796,transcript,'n,0,ART,$(,en,en,'n,'n,1,0,Obwohl fünf Jahre schon 'n bis...
7799,transcript,ne,0,NN,NE,ne,ne,ein,ein,1,1,"Ach seh'n Sie, ne? Naja. Man tut, was man kann, ne? In diesen Zeiten."
7800,transcript,interviewt,0,VVPP,VVPP,interviewen,interviewt,interviewen,interviewen,1,1,"Ja. - Das Gute is, i hab' den Nikolaus vorher schon interviewt, das heißt, i werd' ihn zu dir schicken, okay?"
7800,transcript,ihn,0,PPER,PPER,ihn,ihn,er,er,1,1,"Ja. - Das Gute is, i hab' den Nikolaus vorher schon interviewt, das heißt, i werd' ihn zu dir schicken, okay?"
7800,transcript,dir,0,PPER,PPER,dir,dir,du,dir,1,1,"Ja. - Das Gute is, i hab' den Nikolaus vorher schon interviewt, das heißt, i werd' ihn zu dir schicken, okay?"
7801,transcript,ihm,0,PPER,PPER,ihm,ihm,er,er,1,1,"Äh, und ich hab' ihm die gleiche Frage gestellt und er hat gesagt, er findet das total in Ordnung."
7804,transcript,ihr,0,PPER,PPER,ihr,ihr,sie,sie,1,1,"Dazu gibt es auch noch andere Calls in der Woche, wo ihr euch mit anderen Deutschlernern zusammen treffen könnt, bei Discord in einem Audiokanal."
7804,transcript,euch,0,PRF,PPER,euch,euch,ihr,ihr,1,1,"Dazu gibt es auch noch andere Calls in der Woche, wo ihr euch mit anderen Deutschlernern zusammen treffen könnt, bei Discord in einem Audiokanal."
7805,transcript,lern,0,VVFIN,VVFIN,lern,lern,lernen,lernen,1,1,Das ist so a Kaas! - Ich lern jetzt auch Österreichisch.
7806,transcript,im,0,APPRART,ART,in,in,im,im,1,1,Und im Schrank: viele alte.
7806,transcript,viele,0,PIAT,PIAT,vieler,vieler,viel,viel,1,1,Und im Schrank: viele alte.
7807,transcript,euch,0,PPER,PPER,euch,euch,ihr,ihr,1,1,"Jede Woche bereiten wir für euch Transkripte, Vokabellisten und interaktive Übungen zu all unseren Videos vor."
7807,transcript,Vokabellisten,0,NN,NN,Vokabelliste,vokabelliste,Vokabellist,Vokabellist,1,0,"Jede Woche bereiten wir für euch Transkripte, Vokabellisten und interaktive Übungen zu all unseren Videos vor."
7807,transcript,all,0,PIAT,PIAT,all,all,alle,alle,1,1,"Jede Woche bereiten wir für euch Transkripte, Vokabellisten und interaktive Übungen zu all unseren Videos vor."
7808,transcript,alle,0,PIAT,PIAT,aller,aller,alle,alle,1,1,"Für alle anderen Verben braucht ihr entweder """"zu"""" oder """"um zu""""."
7808,transcript,Verben,0,NN,NN,Verbe,verbe,Verb,Verb,1,1,"Für alle anderen Verben braucht ihr entweder """"zu"""" oder """"um zu""""."
7808,transcript,ihr,0,PPER,PPER,ihr,ihr,sie,sie,1,1,"Für alle anderen Verben braucht ihr entweder """"zu"""" oder """"um zu""""."
7811,transcript,euch,0,PPER,PPER,euch,euch,ihr,ihr,1,1,"Cari und ich sind in Kyoto, in Japan - und wir wollen heute mit euch darüber reden, was typisch deutsch an uns ist."
7811,transcript,was,0,PRELS,PWS,wer,wer,was,was,1,1,"Cari und ich sind in Kyoto, in Japan - und wir wollen heute mit euch darüber reden, was typisch deutsch an uns ist."
7811,transcript,uns,0,PPER,PPER,uns,uns,wir,wir,1,1,"Cari und ich sind in Kyoto, in Japan - und wir wollen heute mit euch darüber reden, was typisch deutsch an uns ist."
7812,transcript,antut,0,VVFIN,VVFIN,antun,antut,antun,antun,1,1,"Man muss ja irgendwie auch mal sehen, dass es immerhin noch Gift ist, was man sich da antut."
7819,transcript,überprüf,0,VVPP,VVFIN,überprüf,überprüf,überprüfen,überprüfen,1,1,"Ja Isi, überprüf mal die Speichen."
7820,transcript,Danke,1,NN,ITJ,Danke,danke,Dank,Dank,1,1,Danke für's Zuschauen. Bis bald!
7820,transcript,Zuschauen,0,NN,NN,Zuschauen,Zuschauen,Zuschaue,Zuschauen,1,1,Danke für's Zuschauen. Bis bald!
7823,transcript,letzte,0,ADJA,ADJA,letzter,letzter,letzt,letzt,1,1,"Dürfen wir die letzte Nachricht sehen, die du verschickt hast?"
7825,transcript,Tipp,0,NN,NN,Tipp,tipp,Tip,Tip,1,1,Dann wird man ja warm. - Das ist ein guter Tipp.
7830,transcript,Lieber,1,ADJD,ADV,lieber,lieber,gern,gern,1,1,"Lieber konstant dranbleiben, als über 'nen kurzen Zeitraum superintensiv lernen."
7830,transcript,'nen,0,ART,PIAT,'n,'n,'nerer,'nen,0,0,"Lieber konstant dranbleiben, als über 'nen kurzen Zeitraum superintensiv lernen."
7832,transcript,bitte,0,PTKANT,ITJ,bitte,bitte,bitten,bitten,1,1,"Oh, bitte gib mir noch fünf Minuten."
7832,transcript,mir,0,PRF,PPER,sich,sich,ich,ich,1,1,"Oh, bitte gib mir noch fünf Minuten."
7834,transcript,Zum,1,APPRART,APPR,zu,zu,zum,zum,1,1,"Zum Beispiel gibt es einige Verben, die haben in der zweiten Person Singular ein ""i""."
7834,transcript,einige,0,PIAT,PIAT,einiger,einiger,einige,einige,1,1,"Zum Beispiel gibt es einige Verben, die haben in der zweiten Person Singular ein ""i""."
7834,transcript,Verben,0,NN,NN,Verbe,verbe,Verb,Verb,1,1,"Zum Beispiel gibt es einige Verben, die haben in der zweiten Person Singular ein ""i""."
7834,transcript,zweiten,0,ADJA,ADJA,zweiter,zweiter,zweit,zweit,1,1,"Zum Beispiel gibt es einige Verben, die haben in der zweiten Person Singular ein ""i""."
7835,transcript,mich,0,PPER,PPER,mich,mich,ich,ich,1,1,"Äh, mein Wunsch? Ähm, mich frei zu fühlen, Erm, my wish? Erm, to feel free, im Allgemeinen mich sehr frei zu fühlen, ja."
7835,transcript,im,0,APPRART,ART,in,in,im,im,1,1,"Äh, mein Wunsch? Ähm, mich frei zu fühlen, Erm, my wish? Erm, to feel free, im Allgemeinen mich sehr frei zu fühlen, ja."
7835,transcript,Allgemeinen,0,ADJA,NN,allgemein,allgemein,Allgemeine,Allgemeine,1,1,"Äh, mein Wunsch? Ähm, mich frei zu fühlen, Erm, my wish? Erm, to feel free, im Allgemeinen mich sehr frei zu fühlen, ja."
7835,transcript,mich,0,PPER,PPER,mich,mich,ich,ich,1,1,"Äh, mein Wunsch? Ähm, mich frei zu fühlen, Erm, my wish? Erm, to feel free, im Allgemeinen mich sehr frei zu fühlen, ja."
7836,transcript,uns,0,PPER,PPER,uns,uns,wir,wir,1,1,Magst du uns vielleicht einen deiner Lieblingsorte oder Lieblingsstraßen in Neukölln verraten?
7836,transcript,einen,0,PIS,PIS,einer,einer,ein,ein,1,1,Magst du uns vielleicht einen deiner Lieblingsorte oder Lieblingsstraßen in Neukölln verraten?
7836,transcript,Lieblingsorte,0,NN,NN,Lieblingsorte,lieblingsorte,Lieblingsort,Lieblingsort,1,1,Magst du uns vielleicht einen deiner Lieblingsorte oder Lieblingsstraßen in Neukölln verraten?
7836,transcript,Lieblingsstraßen,0,NN,NN,Lieblingsstraßen,lieblingsstraßen,Lieblingsstraße,Lieblingsstraße,1,1,Magst du uns vielleicht einen deiner Lieblingsorte oder Lieblingsstraßen in Neukölln verraten?
7837,transcript,im,0,APPRART,ART,in,in,im,imen,1,1,"was so im Norden ist, da merkt man schon auch den Untschied."
7839,transcript,uns,0,PPER,PPER,uns,uns,wir,wir,1,1,Schreibt uns gerne einen Kommentar.
7841,transcript,zum,0,APPRART,ART,zu,zu,zum,zum,1,1,"'n ökologisches, soziales Projekt zu gründen und das würde es halt zum Beispiel viel einfacher machen."
7842,transcript,euch,0,PRF,PRF,euch,euch,ihr,ihr,1,1,Wir stellen euch heute beide vor.
7844,transcript,mir,0,PPER,PPER,mir,mir,ich,ich,1,1,"Puh, so viel Arbeit. Das wird mir alles zu viel."
7845,transcript,durchs,0,APPRART,APPR,durch,durch,durchs,durchs,1,1,"Scherz, die geht natürlich durchs Internet und ist dort öffentlich sichtbar."
7849,transcript,ergattert,0,VVFIN,VVPP,ergattern,ergattert,ergattern,ergattern,1,1,"Denn das ist achtundvierzig Mal. Äh, aber, ähm, Cari, du hast einen weiteren Punkt ergattert."
7850,transcript,well,0,ADJD,FM,well,well,wellen,wellen,1,1,"yeah, I was welcomed really well wurde ich sehr gut aufgenommen, deswegen by the family, therefore vermiss' ich tatsächlich überhaupt nichts."
7852,transcript,Muss,1,VMFIN,VMFIN,Muss,müssen,Muss,Muss,1,1,"Muss man ja. Aber Sie auch, wenn Sie so'n Job machen hier, das finde ich toll! - Danke schön!"
7857,transcript,euch,0,PRF,PPER,euch,euch,ihr,ihr,1,1,"Wir hoffen, euch hat es gefallen."
7858,transcript,dich,0,PRF,PRF,dich,dich,du,du,1,1,"Das ist ja witzig, dass ich dich jetzt über Zoom interviewe. - Total witzig."
7860,transcript,besuch,0,NN,VVFIN,Besuch,besuch,besuchen,besuchen,1,1,Meine Schulfreundin ist noch da und die besuch' ich manchmal.
7864,transcript,hätt,0,VAFIN,VAFIN,hättn,hätt,haben,haben,1,1,Krass hätt' ich jetzt auch nicht gesagt.
7865,transcript,dir,0,PPER,PPER,dir,dir,du,dir,1,1,"Ich mach dir Komplimente. - Ja, immer, immer. - Das ist schön!"
7865,transcript,Komplimente,0,NN,NN,Komplimente,komplimente,Kompliment,Kompliment,1,1,"Ich mach dir Komplimente. - Ja, immer, immer. - Das ist schön!"
7867,transcript,mich,0,PPER,PPER,mich,mich,ich,ich,1,1,"Ich... ich, äh, kann mich nur... nur entschuldigen, entschuldigen, nicht... nicht was."
7869,transcript,glaub,0,ADJD,VVFIN,glaub,glaub,glauben,glauben,1,1,"Ich glaub' bei meinem Freund als erstes, dem würd' ich danken. Und meinen Freunden."
7869,transcript,erstes,0,ADJA,ADJA,erster,erster,erst,erst,1,1,"Ich glaub' bei meinem Freund als erstes, dem würd' ich danken. Und meinen Freunden."
7873,transcript,äh,0,ITJ,VVPP,äh,äh,ähen,äh,1,0,"...während ihrer Periode, sagt man so, immer während ihrer Periode, äh, sich waschen mussten oder einfach hingingen, traditionell. Oder die jüdischen..."
7878,transcript,Danke,1,NN,PTKANT,Danke,danke,Dank,Dank,1,1,"Danke, dass du zu Besuch warst und wir sehen uns Thanks for visiting and we'll see each other schon nächste Woche wieder. Tschüss!"
7878,transcript,uns,0,PRF,PRF,uns,uns,wir,wir,1,1,"Danke, dass du zu Besuch warst und wir sehen uns Thanks for visiting and we'll see each other schon nächste Woche wieder. Tschüss!"
7878,transcript,nächste,0,ADJA,ADJA,nächster,nächster,nah,nah,1,1,"Danke, dass du zu Besuch warst und wir sehen uns Thanks for visiting and we'll see each other schon nächste Woche wieder. Tschüss!"
7879,transcript,zur,0,APPRART,APPR,zu,zu,zur,zur,1,1,"Aber Lebkuchenheisl ist super, passt auch zur Jahreszeit in Wirklichkeit. - Ja genau so ist das. - Ja."
7880,transcript,ihr,0,PPER,PPER,ihr,ihr,sie,sie,1,1,"Und wenn ihr noch mehr üben möchtet mit dieser Episode, dann werdet doch ein Mitglied von Easy German."
7885,transcript,erste,0,ADJA,ADJA,erster,erster,erst,erst,1,1,Sind Sie das erste Mal hier?
7886,transcript,genervt,0,ADJD,ADJD,genervt,genervt,nerven,nerven,1,1,"Hat total genervt, weil die haben immer dieselbe Melodie gespielt: Was so annoying because they always played the same melody: Düdüdüdüdüdüdüdüdü. Düdüdüdü..."
7887,transcript,Habe,1,VAFIN,VAFIN,Habe,habe,haben,haben,1,1,Habe ich genug Trinkgeld gegeben?
7888,transcript,ihr,0,PPER,PPER,ihr,ihr,sie,sie,1,1,In dieser Szene habt ihr die Pluralform des Imperativ kennengelernt.
7889,transcript,euch,0,PPER,PPER,euch,euch,ihr,ihr,1,1,Hallo Leute. Wir sind heute in Freiburg und stellen euch diese wunderschöne Stadt vor.
7890,transcript,viele,0,PIAT,PIAT,vieler,vieler,viel,viel,1,1,In meiner Rolle als Vorstand des Wanderclubs durfte ich dieses Jahr viele neue Erfahrungen sammeln und euch allen das Wandern näherbringen.
7890,transcript,euch,0,PPER,PPER,euch,euch,ihr,ihr,1,1,In meiner Rolle als Vorstand des Wanderclubs durfte ich dieses Jahr viele neue Erfahrungen sammeln und euch allen das Wandern näherbringen.
7893,transcript,einem,0,PIS,PIS,einer,einer,ein,ein,1,1,"Wie's einem geht, wie's den Eltern so geht, was sie grade so machen. - Ja."
7895,transcript,denk,0,VVFIN,VVFIN,denk,denk,denken,denken,1,1,"Wenn ich schon das Wort """"deppert"""" höre, dann denk an... dich! - Wollt sagen... na super!"
7895,transcript,dich,0,PRF,PPER,dich,dich,du,du,1,1,"Wenn ich schon das Wort """"deppert"""" höre, dann denk an... dich! - Wollt sagen... na super!"
7895,transcript,Wollt,0,VMFIN,VVFIN,wollen,wollen,wollt,wollen,1,1,"Wenn ich schon das Wort """"deppert"""" höre, dann denk an... dich! - Wollt sagen... na super!"
7904,transcript,uns,0,PPER,PPER,uns,uns,wir,wir,1,1,"Also, jemand hat für uns deutsch gekocht, und zwar mit der Bratwurst und die Bratwurst ist nicht irgendwo gekauft, sondern er hat sie selber gemacht."
7909,transcript,ihr,0,PPER,PPER,ihr,ihr,sie,sie,1,1,"Heute hatten wir ein Festival in Pankow und da waren wir heute mit den Kindern. - Ok, und was habt ihr dort gemacht?"
7910,transcript,'s,0,PPER,PPER,'s,'s,es,es,0,1,"Äh, weil ich's andersrum gemacht habe und, äh..."
7914,transcript,Wusstet,0,VVFIN,VVFIN,Wussten,wusstet,Wissen,sitzen,1,1,"Übrigens: Wusstet ihr, dass wir zu all() unseren Videos Übungen machen, mit denen ihr euer Deutsch üben und verbessern könnt?"
7914,transcript,ihr,0,PPER,PPER,ihr,ihr,sie,sie,1,1,"Übrigens: Wusstet ihr, dass wir zu all() unseren Videos Übungen machen, mit denen ihr euer Deutsch üben und verbessern könnt?"
7914,transcript,all,0,PIAT,PIS,all,all,alle,alle,1,1,"Übrigens: Wusstet ihr, dass wir zu all() unseren Videos Übungen machen, mit denen ihr euer Deutsch üben und verbessern könnt?"
7914,transcript,ihr,0,PPER,PPER,ihr,ihr,sie,sie,1,1,"Übrigens: Wusstet ihr, dass wir zu all() unseren Videos Übungen machen, mit denen ihr euer Deutsch üben und verbessern könnt?"
7915,transcript,mich,0,PPER,PPER,mich,mich,ich,ich,1,1,Salat? - Supergut. - Salat ist für mich?
7917,transcript,issä,0,ADV,VVFIN,Issä,issä,essen,issen,1,1,"Äh so halb Stund, ich issä mega langsam."
7919,transcript,heut,0,ADV,ADV,heut,heut,heuen,heuen,1,0,"Und wegen meines Portemonnaies, das ich verloren hatte, bin ich heut Morgen zu spät gekommen."
7921,transcript,Mir,1,PPER,PPER,mir,mir,ich,ich,1,1,"Mir fällt dazu was ein. - Ja, na dann?"
7923,transcript,was,0,PRELS,PWS,wer,wer,was,was,1,1,"Ähm... und ich weiß nicht, ob ich sagen würde, dass es generell was gibt, was mich nervt... weil das gibt es bestimmt überall."
7923,transcript,mich,0,PPER,PPER,mich,mich,ich,ich,1,1,"Ähm... und ich weiß nicht, ob ich sagen würde, dass es generell was gibt, was mich nervt... weil das gibt es bestimmt überall."
7923,transcript,bestimmt,0,VVFIN,ADV,bestimmen,bestimmen,bestimmt,bestimmt,1,1,"Ähm... und ich weiß nicht, ob ich sagen würde, dass es generell was gibt, was mich nervt... weil das gibt es bestimmt überall."
7925,transcript,wär,0,VAFIN,VAFIN,wär,wär,sein,sein,1,1,"Jetzt noch eine Gurke dabei, wär perfekt."
7926,transcript,konjugierte,0,ADJA,ADJA,konjugiert,konjugiert,konjugieren,konjugieren,1,1,"Und sie ist ganz einfach zu merken, denn sie ist eigentlich genau so wie die normale konjugierte Form in der zweiten Person Plural."
7926,transcript,zweiten,0,ADJA,ADJA,zweiter,zweiter,zweit,zweit,1,1,"Und sie ist ganz einfach zu merken, denn sie ist eigentlich genau so wie die normale konjugierte Form in der zweiten Person Plural."
7930,transcript,uns,0,PPER,PPER,uns,uns,wir,wir,1,1,"Also sie sagen uns die Easy German Videos sind immer die Highlights der Deutschstunde, das ist nicht so'n Kompliment für uns, aber für euch."
7930,transcript,uns,0,PPER,PPER,uns,uns,wir,wir,1,1,"Also sie sagen uns die Easy German Videos sind immer die Highlights der Deutschstunde, das ist nicht so'n Kompliment für uns, aber für euch."
7930,transcript,euch,0,PPER,PPER,euch,euch,ihr,ihr,1,1,"Also sie sagen uns die Easy German Videos sind immer die Highlights der Deutschstunde, das ist nicht so'n Kompliment für uns, aber für euch."
7931,transcript,euch,0,PRF,PRF,euch,euch,ihr,ihr,1,1,Wir stellen euch heute einen interessanten deutschen Ausdruck vor.
7931,transcript,interessanten,0,ADJA,ADJA,interessant,interessant,interessanten,interessant,1,1,Wir stellen euch heute einen interessanten deutschen Ausdruck vor.
7932,transcript,würd,0,VMFIN,VMFIN,werdn,würd,werden,werden,1,1,"Ich würd' wahrscheinlich Fahrrad fahren, weil ich hab' ja total viel Zeit."
7934,transcript,was,0,PRELS,PWS,wer,wer,was,was,1,1,"Ja, genau, alles, was Zahlen ist und so, das geb' ich gerne ab."
7935,transcript,zum,0,APPRART,ART,zu,zu,zum,zum,1,1,Pfeffi ist ein Likör zum Trinken.
7937,transcript,ischt,0,VVFIN,VVFIN,ischen,ischt,ischen,ischen,1,1,Er/sie ist. - Er/sie/es ischt.
7938,transcript,sicht,0,NN,VVFIN,Sicht,sicht,sichten,sichten,1,1,"Wie soll man sagen? Unabhängig jetzt von meiner politische(n) (An)sicht, äh, opportunistisch, würde ich sagen. - Aha."
7940,transcript,Bin,1,VAFIN,VAFIN,Bin,bin,sein,sein,1,1,"Bin ich unzufrieden, gebe ich weniger Trinkgeld."
7940,transcript,weniger,0,PIAT,PIAT,weniger,weniger,wenig,wenig,1,1,"Bin ich unzufrieden, gebe ich weniger Trinkgeld."
7941,transcript,ihr,0,PPER,PPER,ihr,ihr,sie,sie,1,1,Und wie lange kennt ihr euch jetzt?
7941,transcript,euch,0,PPER,PPER,euch,euch,ihr,ihr,1,1,Und wie lange kennt ihr euch jetzt?
7942,transcript,mir,0,PPER,PPER,mir,mir,ich,ich,1,1,"Aiaiai, also wirklich nicht, nein, tut mir leid."
7944,transcript,euch,0,PPER,PPER,euch,euch,ihr,ihr,1,1,Und ich setze… ich sag' euch jetzt 'nen richtig geilen Witz.
7944,transcript,'nen,0,ART,PIAT,'n,'n,'nerer,'nen,0,0,Und ich setze… ich sag' euch jetzt 'nen richtig geilen Witz.
7945,transcript,Pilzen,0,NN,NN,Pilzen,pilzen,Pilz,Pilz,1,1,"Wir haben hier Schnitzel. Das ist ein Jägerschnitzel mit Pilzen, Bratkartoffeln und halt eben Schnitzel."
7946,transcript,'nen,0,ART,PIAT,'n,'n,'nerer,'nen,0,0,"Martin, woran erkennt man eigentlich 'nen deutschen Touristen?"
7948,transcript,vom,1,APPRART,APPR,von,von,vom,vom,1,1,"vom Gefühl her, und es ist sehr bunt, das hat vielleicht Düsseldorf auch nicht so, äh, viele vegane Restaurants und so. - Ja."
7948,transcript,viele,0,PIAT,PIAT,vieler,vieler,viel,viel,1,1,"vom Gefühl her, und es ist sehr bunt, das hat vielleicht Düsseldorf auch nicht so, äh, viele vegane Restaurants und so. - Ja."
7949,transcript,allen,0,PIAT,PIAT,aller,aller,alle,alle,1,1,"Aber irgendwie war er mit allen Methoden, die er ausprobierte, unzufrieden."
7950,transcript,mir,0,PPER,PPER,mir,mir,ich,ich,1,1,"Oh… Manuel, Manuel, echt scheiße. Es tut mir so leid."
7953,transcript,Verben,0,NN,NN,Verbe,verbe,Verb,Verb,1,1,Und auch die Verben aus unserem heutigen Video sind dabei.
7956,transcript,Wär,1,VAFIN,VAFIN,Wär,wär,sein,sein,1,1,"Wär auch meine Antwort gewesen. - Ja? - Ja, der, der mehr Geld hat."
7965,transcript,mir,0,PPER,PPER,mir,mir,ich,ich,1,1,"An mir? - Alles. Ja, ich geh' mal jetzt einkaufen."
7970,transcript,lieber,0,ADV,ADV,lieber,lieber,lieb,lieb,1,1,Also da bin ich dann oft lieber im Ausland und... und genieß' die Sonne ein bisschen mehr.
7970,transcript,im,0,APPRART,ART,in,in,im,imen,1,1,Also da bin ich dann oft lieber im Ausland und... und genieß' die Sonne ein bisschen mehr.
7970,transcript,genieß,0,VVFIN,VVFIN,genieß,genieß,genießen,genießen,1,1,Also da bin ich dann oft lieber im Ausland und... und genieß' die Sonne ein bisschen mehr.
7971,transcript,uns,0,PPER,PPER,uns,uns,wir,wir,1,1,"Und bei uns war das so, dass wir wirklich Glück hatten."
7975,transcript,mir,0,PPER,PPER,mir,mir,ich,ich,1,1,"Ja, bei mir, in meinem Fall lieber nur einmal pro Jahr Haare waschen."
7975,transcript,lieber,0,ADV,ADV,lieber,lieber,lieb,lieb,1,1,"Ja, bei mir, in meinem Fall lieber nur einmal pro Jahr Haare waschen."
7976,transcript,im,0,APPRART,ART,in,in,im,imen,1,1,"Das klingt im Deutschen optimal höflich und es klingt viel höflicher als wenn ich sagen würde: ""Kannst du mir bitte helfen?""."
7976,transcript,mir,0,PPER,PPER,mir,mir,ich,ich,1,1,"Das klingt im Deutschen optimal höflich und es klingt viel höflicher als wenn ich sagen würde: ""Kannst du mir bitte helfen?""."
7976,transcript,bitte,0,ADV,ADV,bitte,bitte,bitten,bitten,1,1,"Das klingt im Deutschen optimal höflich und es klingt viel höflicher als wenn ich sagen würde: ""Kannst du mir bitte helfen?""."
7977,transcript,mich,0,PRF,PRF,sich,sich,ich,ich,1,1,"Ja, sorge ich mich sehr."
7978,transcript,mich,0,PPER,PPER,mich,mich,ich,ich,1,1,"Ähm, tja, das ist... interessiert mich einfach."
7981,transcript,schläfst,0,VVFIN,VVFIN,schläfen,schläfst,schlafen,schlafen,1,1,"Viktoria, schläfst du wohl im Unterricht?"
7981,transcript,im,0,APPRART,ART,in,in,im,imen,1,1,"Viktoria, schläfst du wohl im Unterricht?"
7982,transcript,geh,0,ADV,VVFIN,geh,geh,gehen,gehen,1,1,Ja und ich glaube als Müllmann hat man so (einen) richtig angenehmen Feierabend so... jetzt geh' ich nach Hause... - Ja.
7983,transcript,Frühstücken,1,VVFIN,VVFIN,Frühstücken,frühstücken,Frühstück,Frühstück,1,1,Frühstücken Sie immer so gesund?
7984,transcript,uns,0,PPER,PPER,uns,uns,wir,wir,1,1,Ihr dürft auch gerne wieder ein Mitglied werden von uns.
7987,transcript,uns,0,PPER,PRF,uns,uns,wir,wir,1,1,"Wir können und wollen uns gar nicht die tausenden Informationen merken, die wir jeden Tag aufnehmen."
7987,transcript,tausenden,0,ADJA,ADJA,tausend,tausend,tausenden,tausenden,1,1,"Wir können und wollen uns gar nicht die tausenden Informationen merken, die wir jeden Tag aufnehmen."
7989,transcript,meisten,0,PIS,PIS,meister,meister,meist,meist,1,1,"Richtig, genau. - Und die meisten davon hast du über Musik gelernt. - Genau, ja."
7992,transcript,vielen,0,PIAT,PIAT,vieler,vieler,viel,viel,1,1,"Sehr einfache Frage ja, vielen Dank. Hehehehe."
7995,transcript,Danke,1,NN,ITJ,Danke,danke,Dank,Dank,1,1,"Danke dir Walt, dass du dabei warst. - Ja, Dankeschön."
7995,transcript,dir,0,PPER,PPER,dir,dir,du,dir,1,1,"Danke dir Walt, dass du dabei warst. - Ja, Dankeschön."
7998,transcript,ihr,0,PPER,PPER,ihr,ihr,sie,sie,1,1,"Die könnt ihr hier unten schreiben, gerne auch auf Deutsch, dann könnt ihr Deutsch üben."
7999,transcript,mich,0,PPER,PPER,mich,mich,ich,ich,1,1,"Ich glaube, es gibt immer Dinge, an denen man arbeiten kann, und ich glaube, für mich ist..."
